ISO-10303-21;
HEADER;
/* Generated by software containing ST-Developer
 * from STEP Tools, Inc. (www.steptools.com) 
 */
/* OPTION: using custom renumber hook */

FILE_DESCRIPTION(
/* description */ ('STEP AP242 Edition 2',
'CAx-IF Rec.Pracs.---Representation and Presentation of Product Manufa
cturing Information (PMI)---4.0---2014-10-13',
'CAx-IF Rec.Pracs.---3D Tessellated Geometry---0.4---2014-09-14','2;1',
'CAx-IF Rec.Pracs.---User Defined Attributes---1.5---2016-08-15'),
/* implementation_level */ '2;1');

FILE_NAME(
/* name */ 'Part Studio 1',
/* time_stamp */ '2026-08-26T16:49:37Z',
/* author */ (''),
/* organization */ (''),
/* preprocessor_version */ 'ST-DEVELOPER v20',
/* originating_system */ 'ONSHAPE BY PTC INC, 1.219',
/* authorisation */ '  ');

FILE_SCHEMA (('AP242_MANAGED_MODEL_BASED_3D_ENGINEERING_MIM_LF { 1 0 10303 442 3 1 4 }'));
ENDSEC;

DATA;
#10=ELLIPSE('',#6780,0.0224101662201943,0.0150111595479368);
#11=ELLIPSE('',#6781,0.0224101662201943,0.0150111595479368);
#12=ELLIPSE('',#6791,0.0224101662200884,0.0150111595478297);
#13=ELLIPSE('',#6792,0.0224101662200884,0.0150111595478297);
#14=B_SPLINE_CURVE_WITH_KNOTS('',3,(#9236,#9237,#9238,#9239),
 .UNSPECIFIED.,.F.,.F.,(4,4),(0.,0.195941762753936),
 .PIECEWISE_BEZIER_KNOTS.);
#15=B_SPLINE_CURVE_WITH_KNOTS('',3,(#9244,#9245,#9246,#9247),
 .UNSPECIFIED.,.F.,.F.,(4,4),(0.,0.195941762753936),
 .PIECEWISE_BEZIER_KNOTS.);
#16=B_SPLINE_CURVE_WITH_KNOTS('',3,(#9258,#9259,#9260,#9261),
 .UNSPECIFIED.,.F.,.F.,(4,4),(0.,1.),.PIECEWISE_BEZIER_KNOTS.);
#17=B_SPLINE_CURVE_WITH_KNOTS('',3,(#9266,#9267,#9268,#9269),
 .UNSPECIFIED.,.F.,.F.,(4,4),(0.,1.),.PIECEWISE_BEZIER_KNOTS.);
#18=B_SPLINE_CURVE_WITH_KNOTS('',3,(#9280,#9281,#9282,#9283),
 .UNSPECIFIED.,.F.,.F.,(4,4),(0.,0.195941762750865),
 .PIECEWISE_BEZIER_KNOTS.);
#19=B_SPLINE_CURVE_WITH_KNOTS('',3,(#9288,#9289,#9290,#9291),
 .UNSPECIFIED.,.F.,.F.,(4,4),(0.,0.195941762750865),
 .PIECEWISE_BEZIER_KNOTS.);
#20=B_SPLINE_CURVE_WITH_KNOTS('',3,(#9302,#9303,#9304,#9305),
 .UNSPECIFIED.,.F.,.F.,(4,4),(0.,1.),.PIECEWISE_BEZIER_KNOTS.);
#21=B_SPLINE_CURVE_WITH_KNOTS('',3,(#9310,#9311,#9312,#9313),
 .UNSPECIFIED.,.F.,.F.,(4,4),(0.,1.),.PIECEWISE_BEZIER_KNOTS.);
#22=B_SPLINE_CURVE_WITH_KNOTS('',3,(#9393,#9394,#9395,#9396),
 .UNSPECIFIED.,.F.,.F.,(4,4),(0.,0.363921801041467),
 .PIECEWISE_BEZIER_KNOTS.);
#23=B_SPLINE_CURVE_WITH_KNOTS('',3,(#9401,#9402,#9403,#9404),
 .UNSPECIFIED.,.F.,.F.,(4,4),(0.,0.363921801041467),
 .PIECEWISE_BEZIER_KNOTS.);
#24=B_SPLINE_CURVE_WITH_KNOTS('',3,(#9421,#9422,#9423,#9424),
 .UNSPECIFIED.,.F.,.F.,(4,4),(0.,0.363921801036774),
 .PIECEWISE_BEZIER_KNOTS.);
#25=B_SPLINE_CURVE_WITH_KNOTS('',3,(#9429,#9430,#9431,#9432),
 .UNSPECIFIED.,.F.,.F.,(4,4),(0.,0.363921801036774),
 .PIECEWISE_BEZIER_KNOTS.);
#26=B_SPLINE_CURVE_WITH_KNOTS('',3,(#9443,#9444,#9445,#9446),
 .UNSPECIFIED.,.F.,.F.,(4,4),(0.0722491098554317,0.358056621583256),
 .PIECEWISE_BEZIER_KNOTS.);
#27=B_SPLINE_CURVE_WITH_KNOTS('',3,(#9447,#9448,#9449,#9450),
 .UNSPECIFIED.,.F.,.F.,(4,4),(0.0722491098554317,0.358056621583256),
 .PIECEWISE_BEZIER_KNOTS.);
#28=B_SPLINE_CURVE_WITH_KNOTS('',3,(#9459,#9460,#9461,#9462),
 .UNSPECIFIED.,.F.,.F.,(4,4),(0.,1.),.PIECEWISE_BEZIER_KNOTS.);
#29=B_SPLINE_CURVE_WITH_KNOTS('',3,(#9467,#9468,#9469,#9470),
 .UNSPECIFIED.,.F.,.F.,(4,4),(0.,1.),.PIECEWISE_BEZIER_KNOTS.);
#30=B_SPLINE_CURVE_WITH_KNOTS('',3,(#9481,#9482,#9483,#9484),
 .UNSPECIFIED.,.F.,.F.,(4,4),(0.,1.),.PIECEWISE_BEZIER_KNOTS.);
#31=B_SPLINE_CURVE_WITH_KNOTS('',3,(#9488,#9489,#9490,#9491),
 .UNSPECIFIED.,.F.,.F.,(4,4),(0.,1.),.PIECEWISE_BEZIER_KNOTS.);
#32=B_SPLINE_CURVE_WITH_KNOTS('',3,(#9500,#9501,#9502,#9503),
 .UNSPECIFIED.,.F.,.F.,(4,4),(0.0722491099739679,0.358056621032705),
 .PIECEWISE_BEZIER_KNOTS.);
#33=B_SPLINE_CURVE_WITH_KNOTS('',3,(#9504,#9505,#9506,#9507),
 .UNSPECIFIED.,.F.,.F.,(4,4),(0.0722491099739679,0.358056621032705),
 .PIECEWISE_BEZIER_KNOTS.);
#34=B_SPLINE_CURVE_WITH_KNOTS('',3,(#9516,#9517,#9518,#9519),
 .UNSPECIFIED.,.F.,.F.,(4,4),(0.404033924540749,1.),
 .PIECEWISE_BEZIER_KNOTS.);
#35=B_SPLINE_CURVE_WITH_KNOTS('',3,(#9523,#9524,#9525,#9526),
 .UNSPECIFIED.,.F.,.F.,(4,4),(0.404033924540749,1.),
 .PIECEWISE_BEZIER_KNOTS.);
#36=B_SPLINE_CURVE_WITH_KNOTS('',3,(#9535,#9536,#9537,#9538),
 .UNSPECIFIED.,.F.,.F.,(4,4),(0.,0.526332651207605),
 .PIECEWISE_BEZIER_KNOTS.);
#37=B_SPLINE_CURVE_WITH_KNOTS('',3,(#9539,#9540,#9541,#9542),
 .UNSPECIFIED.,.F.,.F.,(4,4),(0.,0.526332651207605),
 .PIECEWISE_BEZIER_KNOTS.);
#38=B_SPLINE_CURVE_WITH_KNOTS('',3,(#9551,#9552,#9553,#9554),
 .UNSPECIFIED.,.F.,.F.,(4,4),(0.,0.494225064059572),
 .PIECEWISE_BEZIER_KNOTS.);
#39=B_SPLINE_CURVE_WITH_KNOTS('',3,(#9558,#9559,#9560,#9561),
 .UNSPECIFIED.,.F.,.F.,(4,4),(0.,0.494225064059572),
 .PIECEWISE_BEZIER_KNOTS.);
#40=B_SPLINE_CURVE_WITH_KNOTS('',3,(#9570,#9571,#9572,#9573),
 .UNSPECIFIED.,.F.,.F.,(4,4),(0.233323656059907,1.),
 .PIECEWISE_BEZIER_KNOTS.);
#41=B_SPLINE_CURVE_WITH_KNOTS('',3,(#9577,#9578,#9579,#9580),
 .UNSPECIFIED.,.F.,.F.,(4,4),(0.233323656059907,1.),
 .PIECEWISE_BEZIER_KNOTS.);
#42=B_SPLINE_CURVE_WITH_KNOTS('',3,(#9589,#9590,#9591,#9592),
 .UNSPECIFIED.,.F.,.F.,(4,4),(0.750639566702473,1.),
 .PIECEWISE_BEZIER_KNOTS.);
#43=B_SPLINE_CURVE_WITH_KNOTS('',3,(#9596,#9597,#9598,#9599),
 .UNSPECIFIED.,.F.,.F.,(4,4),(0.750639566702473,1.),
 .PIECEWISE_BEZIER_KNOTS.);
#44=B_SPLINE_CURVE_WITH_KNOTS('',3,(#9608,#9609,#9610,#9611),
 .UNSPECIFIED.,.F.,.F.,(4,4),(0.750639566702474,1.),
 .PIECEWISE_BEZIER_KNOTS.);
#45=B_SPLINE_CURVE_WITH_KNOTS('',3,(#9612,#9613,#9614,#9615),
 .UNSPECIFIED.,.F.,.F.,(4,4),(0.750639566702474,1.),
 .PIECEWISE_BEZIER_KNOTS.);
#46=B_SPLINE_CURVE_WITH_KNOTS('',3,(#9624,#9625,#9626,#9627),
 .UNSPECIFIED.,.F.,.F.,(4,4),(0.233323656059896,1.),
 .PIECEWISE_BEZIER_KNOTS.);
#47=B_SPLINE_CURVE_WITH_KNOTS('',3,(#9632,#9633,#9634,#9635),
 .UNSPECIFIED.,.F.,.F.,(4,4),(0.233323656059896,1.),
 .PIECEWISE_BEZIER_KNOTS.);
#48=B_SPLINE_CURVE_WITH_KNOTS('',3,(#9646,#9647,#9648,#9649),
 .UNSPECIFIED.,.F.,.F.,(4,4),(0.,0.494225064059572),
 .PIECEWISE_BEZIER_KNOTS.);
#49=B_SPLINE_CURVE_WITH_KNOTS('',3,(#9650,#9651,#9652,#9653),
 .UNSPECIFIED.,.F.,.F.,(4,4),(0.,0.494225064059572),
 .PIECEWISE_BEZIER_KNOTS.);
#50=B_SPLINE_CURVE_WITH_KNOTS('',3,(#9662,#9663,#9664,#9665),
 .UNSPECIFIED.,.F.,.F.,(4,4),(0.,0.526332650724961),
 .PIECEWISE_BEZIER_KNOTS.);
#51=B_SPLINE_CURVE_WITH_KNOTS('',3,(#9669,#9670,#9671,#9672),
 .UNSPECIFIED.,.F.,.F.,(4,4),(0.,0.526332650724961),
 .PIECEWISE_BEZIER_KNOTS.);
#52=B_SPLINE_CURVE_WITH_KNOTS('',3,(#9681,#9682,#9683,#9684),
 .UNSPECIFIED.,.F.,.F.,(4,4),(0.404033924540746,1.),
 .PIECEWISE_BEZIER_KNOTS.);
#53=B_SPLINE_CURVE_WITH_KNOTS('',3,(#9685,#9686,#9687,#9688),
 .UNSPECIFIED.,.F.,.F.,(4,4),(0.404033924540746,1.),
 .PIECEWISE_BEZIER_KNOTS.);
#54=B_SPLINE_CURVE_WITH_KNOTS('',3,(#9738,#9739,#9740,#9741),
 .UNSPECIFIED.,.F.,.F.,(4,4),(0.78529768387132,1.),
 .PIECEWISE_BEZIER_KNOTS.);
#55=B_SPLINE_CURVE_WITH_KNOTS('',3,(#9746,#9747,#9748,#9749),
 .UNSPECIFIED.,.F.,.F.,(4,4),(0.78529768387132,1.),
 .PIECEWISE_BEZIER_KNOTS.);
#56=B_SPLINE_CURVE_WITH_KNOTS('',3,(#9778,#9779,#9780,#9781),
 .UNSPECIFIED.,.F.,.F.,(4,4),(0.785297683871323,1.),
 .PIECEWISE_BEZIER_KNOTS.);
#57=B_SPLINE_CURVE_WITH_KNOTS('',3,(#9786,#9787,#9788,#9789),
 .UNSPECIFIED.,.F.,.F.,(4,4),(0.785297683871323,1.),
 .PIECEWISE_BEZIER_KNOTS.);
#58=B_SPLINE_CURVE_WITH_KNOTS('',3,(#9800,#9801,#9802,#9803),
 .UNSPECIFIED.,.F.,.F.,(4,4),(0.,0.346338486474826),
 .PIECEWISE_BEZIER_KNOTS.);
#59=B_SPLINE_CURVE_WITH_KNOTS('',3,(#9807,#9808,#9809,#9810),
 .UNSPECIFIED.,.F.,.F.,(4,4),(0.,0.346338486474826),
 .PIECEWISE_BEZIER_KNOTS.);
#60=B_SPLINE_CURVE_WITH_KNOTS('',3,(#9819,#9820,#9821,#9822),
 .UNSPECIFIED.,.F.,.F.,(4,4),(0.,0.34633848647482),
 .PIECEWISE_BEZIER_KNOTS.);
#61=B_SPLINE_CURVE_WITH_KNOTS('',3,(#9823,#9824,#9825,#9826),
 .UNSPECIFIED.,.F.,.F.,(4,4),(0.,0.34633848647482),
 .PIECEWISE_BEZIER_KNOTS.);
#62=B_SPLINE_CURVE_WITH_KNOTS('',3,(#9835,#9836,#9837,#9838),
 .UNSPECIFIED.,.F.,.F.,(4,4),(0.690111851517585,1.),
 .PIECEWISE_BEZIER_KNOTS.);
#63=B_SPLINE_CURVE_WITH_KNOTS('',3,(#9843,#9844,#9845,#9846),
 .UNSPECIFIED.,.F.,.F.,(4,4),(0.690111851517585,1.),
 .PIECEWISE_BEZIER_KNOTS.);
#64=B_SPLINE_CURVE_WITH_KNOTS('',3,(#9857,#9858,#9859,#9860),
 .UNSPECIFIED.,.F.,.F.,(4,4),(0.,0.334334208045967),
 .PIECEWISE_BEZIER_KNOTS.);
#65=B_SPLINE_CURVE_WITH_KNOTS('',3,(#9861,#9862,#9863,#9864),
 .UNSPECIFIED.,.F.,.F.,(4,4),(0.,0.334334208045967),
 .PIECEWISE_BEZIER_KNOTS.);
#66=B_SPLINE_CURVE_WITH_KNOTS('',3,(#9876,#9877,#9878,#9879),
 .UNSPECIFIED.,.F.,.F.,(4,4),(0.5277383483406,1.),
 .PIECEWISE_BEZIER_KNOTS.);
#67=B_SPLINE_CURVE_WITH_KNOTS('',3,(#9883,#9884,#9885,#9886),
 .UNSPECIFIED.,.F.,.F.,(4,4),(0.5277383483406,1.),
 .PIECEWISE_BEZIER_KNOTS.);
#68=B_SPLINE_CURVE_WITH_KNOTS('',3,(#9895,#9896,#9897,#9898),
 .UNSPECIFIED.,.F.,.F.,(4,4),(0.527738348340593,1.),
 .PIECEWISE_BEZIER_KNOTS.);
#69=B_SPLINE_CURVE_WITH_KNOTS('',3,(#9899,#9900,#9901,#9902),
 .UNSPECIFIED.,.F.,.F.,(4,4),(0.527738348340593,1.),
 .PIECEWISE_BEZIER_KNOTS.);
#70=B_SPLINE_CURVE_WITH_KNOTS('',3,(#9914,#9915,#9916,#9917),
 .UNSPECIFIED.,.F.,.F.,(4,4),(0.,0.334334208045969),
 .PIECEWISE_BEZIER_KNOTS.);
#71=B_SPLINE_CURVE_WITH_KNOTS('',3,(#9921,#9922,#9923,#9924),
 .UNSPECIFIED.,.F.,.F.,(4,4),(0.,0.334334208045969),
 .PIECEWISE_BEZIER_KNOTS.);
#72=B_SPLINE_CURVE_WITH_KNOTS('',3,(#9945,#9946,#9947,#9948),
 .UNSPECIFIED.,.F.,.F.,(4,4),(0.690111851541293,1.),
 .PIECEWISE_BEZIER_KNOTS.);
#73=B_SPLINE_CURVE_WITH_KNOTS('',3,(#9952,#9953,#9954,#9955),
 .UNSPECIFIED.,.F.,.F.,(4,4),(0.690111851541293,1.),
 .PIECEWISE_BEZIER_KNOTS.);
#74=B_SPLINE_CURVE_WITH_KNOTS('',3,(#9964,#9965,#9966,#9967),
 .UNSPECIFIED.,.F.,.F.,(4,4),(0.536464547799019,1.),
 .PIECEWISE_BEZIER_KNOTS.);
#75=B_SPLINE_CURVE_WITH_KNOTS('',3,(#9969,#9970,#9971,#9972),
 .UNSPECIFIED.,.F.,.F.,(4,4),(0.536464547799019,1.),
 .PIECEWISE_BEZIER_KNOTS.);
#76=B_SPLINE_CURVE_WITH_KNOTS('',3,(#9983,#9984,#9985,#9986),
 .UNSPECIFIED.,.F.,.F.,(4,4),(0.,0.510307688921304),
 .PIECEWISE_BEZIER_KNOTS.);
#77=B_SPLINE_CURVE_WITH_KNOTS('',3,(#9987,#9988,#9989,#9990),
 .UNSPECIFIED.,.F.,.F.,(4,4),(0.,0.510307688921304),
 .PIECEWISE_BEZIER_KNOTS.);
#78=B_SPLINE_CURVE_WITH_KNOTS('',3,(#9999,#10000,#10001,#10002),
 .UNSPECIFIED.,.F.,.F.,(4,4),(0.536464547799025,1.),
 .PIECEWISE_BEZIER_KNOTS.);
#79=B_SPLINE_CURVE_WITH_KNOTS('',3,(#10006,#10007,#10008,#10009),
 .UNSPECIFIED.,.F.,.F.,(4,4),(0.536464547799025,1.),
 .PIECEWISE_BEZIER_KNOTS.);
#80=B_SPLINE_CURVE_WITH_KNOTS('',3,(#10018,#10019,#10020,#10021),
 .UNSPECIFIED.,.F.,.F.,(4,4),(0.,0.510307688768418),
 .PIECEWISE_BEZIER_KNOTS.);
#81=B_SPLINE_CURVE_WITH_KNOTS('',3,(#10022,#10023,#10024,#10025),
 .UNSPECIFIED.,.F.,.F.,(4,4),(0.,0.510307688768418),
 .PIECEWISE_BEZIER_KNOTS.);
#82=B_SPLINE_CURVE_WITH_KNOTS('',3,(#10053,#10054,#10055,#10056,#10057),
 .UNSPECIFIED.,.F.,.F.,(4,1,4),(0.514722415916661,0.945584109594446,0.994623291164609),
 .UNSPECIFIED.);
#83=B_SPLINE_CURVE_WITH_KNOTS('',3,(#10058,#10059,#10060,#10061,#10062),
 .UNSPECIFIED.,.F.,.F.,(4,1,4),(0.514722415916661,0.945584109594446,0.994623291164609),
 .UNSPECIFIED.);
#84=B_SPLINE_CURVE_WITH_KNOTS('',3,(#10064,#10065,#10066,#10067,#10068),
 .UNSPECIFIED.,.F.,.F.,(4,1,4),(0.514722415916662,0.945584109594448,0.994623291164165),
 .UNSPECIFIED.);
#85=B_SPLINE_CURVE_WITH_KNOTS('',3,(#10073,#10074,#10075,#10076,#10077),
 .UNSPECIFIED.,.F.,.F.,(4,1,4),(0.514722415916662,0.945584109594448,0.994623291164165),
 .UNSPECIFIED.);
#86=B_SPLINE_CURVE_WITH_KNOTS('',3,(#10137,#10138,#10139,#10140,#10141,
#10142,#10143,#10144,#10145,#10146,#10147,#10148,#10149,#10150,#10151),
 .UNSPECIFIED.,.F.,.F.,(4,1,1,1,1,1,1,1,1,1,1,1,4),(0.,0.0966357919891684,
0.19135653254328,0.282730546069074,0.376829672541693,0.478021598432308,
0.571199337015056,0.645858550951207,0.729440455028429,0.812171413889378,
0.891645829057947,0.95810744600281,1.),.UNSPECIFIED.);
#87=B_SPLINE_CURVE_WITH_KNOTS('',3,(#10156,#10157,#10158,#10159,#10160,
#10161,#10162,#10163,#10164,#10165,#10166,#10167,#10168,#10169,#10170),
 .UNSPECIFIED.,.F.,.F.,(4,1,1,1,1,1,1,1,1,1,1,1,4),(0.,0.0966357919891684,
0.19135653254328,0.282730546069074,0.376829672541693,0.478021598432308,
0.571199337015056,0.645858550951207,0.729440455028429,0.812171413889378,
0.891645829057947,0.95810744600281,1.),.UNSPECIFIED.);
#88=B_SPLINE_CURVE_WITH_KNOTS('',3,(#10217,#10218,#10219,#10220,#10221,
#10222,#10223,#10224,#10225,#10226,#10227,#10228,#10229),.UNSPECIFIED.,
 .F.,.F.,(4,1,1,1,1,1,1,1,1,1,4),(0.,0.0828728144905596,0.199574778598328,
0.307881184610687,0.418655865230117,0.531757310394126,0.633669204058191,
0.729210730450199,0.828472826349076,0.914258065581281,1.),.UNSPECIFIED.);
#89=B_SPLINE_CURVE_WITH_KNOTS('',3,(#10233,#10234,#10235,#10236,#10237,
#10238,#10239,#10240,#10241,#10242,#10243,#10244,#10245),.UNSPECIFIED.,
 .F.,.F.,(4,1,1,1,1,1,1,1,1,1,4),(0.,0.0828728144905596,0.199574778598328,
0.307881184610687,0.418655865230117,0.531757310394126,0.633669204058191,
0.729210730450199,0.828472826349076,0.914258065581281,1.),.UNSPECIFIED.);
#90=B_SPLINE_CURVE_WITH_KNOTS('',3,(#10292,#10293,#10294,#10295,#10296,
#10297,#10298,#10299,#10300,#10301,#10302,#10303,#10304,#10305,#10306),
 .UNSPECIFIED.,.F.,.F.,(4,1,1,1,1,1,1,1,1,1,1,1,4),(0.,0.0441982455106832,
0.116380687518362,0.209434864954513,0.312051436863323,0.415452639414015,
0.518592843931296,0.614566742476388,0.706073566618351,0.806283520642756,
0.893221031391341,0.957657720430019,1.),.UNSPECIFIED.);
#91=B_SPLINE_CURVE_WITH_KNOTS('',3,(#10310,#10311,#10312,#10313,#10314,
#10315,#10316,#10317,#10318,#10319,#10320,#10321,#10322,#10323,#10324),
 .UNSPECIFIED.,.F.,.F.,(4,1,1,1,1,1,1,1,1,1,1,1,4),(0.,0.0441982455106832,
0.116380687518362,0.209434864954513,0.312051436863323,0.415452639414015,
0.518592843931296,0.614566742476388,0.706073566618351,0.806283520642756,
0.893221031391341,0.957657720430019,1.),.UNSPECIFIED.);
#92=B_SPLINE_CURVE_WITH_KNOTS('',3,(#10353,#10354,#10355,#10356,#10357,
#10358,#10359,#10360,#10361,#10362,#10363,#10364),.UNSPECIFIED.,.F.,.F.,
(4,1,1,1,1,1,1,1,1,4),(0.,0.124711218237854,0.25886521321088,0.395225006193776,
0.531095335946399,0.654110754423108,0.756572316209671,0.861166206443745,
0.940041248434893,1.),.UNSPECIFIED.);
#93=B_SPLINE_CURVE_WITH_KNOTS('',3,(#10369,#10370,#10371,#10372,#10373,
#10374,#10375,#10376,#10377,#10378,#10379,#10380),.UNSPECIFIED.,.F.,.F.,
(4,1,1,1,1,1,1,1,1,4),(0.,0.124711218237854,0.25886521321088,0.395225006193776,
0.531095335946399,0.654110754423108,0.756572316209671,0.861166206443745,
0.940041248434893,1.),.UNSPECIFIED.);
#94=B_SPLINE_CURVE_WITH_KNOTS('',3,(#10397,#10398,#10399,#10400),
 .UNSPECIFIED.,.F.,.F.,(4,4),(0.,1.),.PIECEWISE_BEZIER_KNOTS.);
#95=B_SPLINE_CURVE_WITH_KNOTS('',3,(#10404,#10405,#10406,#10407),
 .UNSPECIFIED.,.F.,.F.,(4,4),(0.,1.),.PIECEWISE_BEZIER_KNOTS.);
#96=B_SPLINE_CURVE_WITH_KNOTS('',3,(#10440,#10441,#10442,#10443,#10444,
#10445,#10446,#10447,#10448,#10449),.UNSPECIFIED.,.F.,.F.,(4,1,1,1,1,1,
1,4),(0.,0.127578331379324,0.284928591464268,0.45262297431215,0.611529009651857,
0.770731005567243,0.88765124647549,1.),.UNSPECIFIED.);
#97=B_SPLINE_CURVE_WITH_KNOTS('',3,(#10453,#10454,#10455,#10456,#10457,
#10458,#10459,#10460,#10461,#10462),.UNSPECIFIED.,.F.,.F.,(4,1,1,1,1,1,
1,4),(0.,0.127578331379324,0.284928591464268,0.45262297431215,0.611529009651857,
0.770731005567243,0.88765124647549,1.),.UNSPECIFIED.);
#98=B_SPLINE_CURVE_WITH_KNOTS('',3,(#10497,#10498,#10499,#10500,#10501),
 .UNSPECIFIED.,.F.,.F.,(4,1,4),(0.,0.494367284534962,1.),.UNSPECIFIED.);
#99=B_SPLINE_CURVE_WITH_KNOTS('',3,(#10506,#10507,#10508,#10509,#10510),
 .UNSPECIFIED.,.F.,.F.,(4,1,4),(0.,0.494367284534962,1.),.UNSPECIFIED.);
#100=B_SPLINE_CURVE_WITH_KNOTS('',3,(#10521,#10522,#10523,#10524),
 .UNSPECIFIED.,.F.,.F.,(4,4),(0.,1.),.PIECEWISE_BEZIER_KNOTS.);
#101=B_SPLINE_CURVE_WITH_KNOTS('',3,(#10528,#10529,#10530,#10531),
 .UNSPECIFIED.,.F.,.F.,(4,4),(0.,1.),.PIECEWISE_BEZIER_KNOTS.);
#102=B_SPLINE_CURVE_WITH_KNOTS('',3,(#10554,#10555,#10556,#10557,#10558),
 .UNSPECIFIED.,.F.,.F.,(4,1,4),(0.00181528849021032,0.494367284534962,1.),
 .UNSPECIFIED.);
#103=B_SPLINE_CURVE_WITH_KNOTS('',3,(#10562,#10563,#10564,#10565,#10566),
 .UNSPECIFIED.,.F.,.F.,(4,1,4),(0.00181528849021032,0.494367284534962,1.),
 .UNSPECIFIED.);
#104=B_SPLINE_CURVE_WITH_KNOTS('',3,(#10575,#10576,#10577,#10578),
 .UNSPECIFIED.,.F.,.F.,(4,4),(0.,1.),.PIECEWISE_BEZIER_KNOTS.);
#105=B_SPLINE_CURVE_WITH_KNOTS('',3,(#10582,#10583,#10584,#10585),
 .UNSPECIFIED.,.F.,.F.,(4,4),(0.,1.),.PIECEWISE_BEZIER_KNOTS.);
#106=B_SPLINE_CURVE_WITH_KNOTS('',3,(#10610,#10611,#10612,#10613,#10614),
 .UNSPECIFIED.,.F.,.F.,(4,1,4),(0.116667271176936,0.494367284534961,1.),
 .UNSPECIFIED.);
#107=B_SPLINE_CURVE_WITH_KNOTS('',3,(#10618,#10619,#10620,#10621,#10622),
 .UNSPECIFIED.,.F.,.F.,(4,1,4),(0.116667271176936,0.494367284534961,1.),
 .UNSPECIFIED.);
#108=B_SPLINE_CURVE_WITH_KNOTS('',3,(#10631,#10632,#10633,#10634),
 .UNSPECIFIED.,.F.,.F.,(4,4),(0.,1.),.PIECEWISE_BEZIER_KNOTS.);
#109=B_SPLINE_CURVE_WITH_KNOTS('',3,(#10638,#10639,#10640,#10641),
 .UNSPECIFIED.,.F.,.F.,(4,4),(0.,1.),.PIECEWISE_BEZIER_KNOTS.);
#110=B_SPLINE_CURVE_WITH_KNOTS('',3,(#10704,#10705,#10706,#10707),
 .UNSPECIFIED.,.F.,.F.,(4,4),(0.,1.),.PIECEWISE_BEZIER_KNOTS.);
#111=B_SPLINE_CURVE_WITH_KNOTS('',3,(#10712,#10713,#10714,#10715),
 .UNSPECIFIED.,.F.,.F.,(4,4),(0.,1.),.PIECEWISE_BEZIER_KNOTS.);
#112=B_SPLINE_CURVE_WITH_KNOTS('',3,(#10732,#10733,#10734,#10735),
 .UNSPECIFIED.,.F.,.F.,(4,4),(0.,1.),.PIECEWISE_BEZIER_KNOTS.);
#113=B_SPLINE_CURVE_WITH_KNOTS('',3,(#10739,#10740,#10741,#10742),
 .UNSPECIFIED.,.F.,.F.,(4,4),(0.,1.),.PIECEWISE_BEZIER_KNOTS.);
#114=B_SPLINE_CURVE_WITH_KNOTS('',3,(#10760,#10761,#10762,#10763),
 .UNSPECIFIED.,.F.,.F.,(4,4),(0.,1.),.PIECEWISE_BEZIER_KNOTS.);
#115=B_SPLINE_CURVE_WITH_KNOTS('',3,(#10767,#10768,#10769,#10770),
 .UNSPECIFIED.,.F.,.F.,(4,4),(0.,1.),.PIECEWISE_BEZIER_KNOTS.);
#116=B_SPLINE_CURVE_WITH_KNOTS('',3,(#10794,#10795,#10796,#10797),
 .UNSPECIFIED.,.F.,.F.,(4,4),(0.,1.),.PIECEWISE_BEZIER_KNOTS.);
#117=B_SPLINE_CURVE_WITH_KNOTS('',3,(#10801,#10802,#10803,#10804),
 .UNSPECIFIED.,.F.,.F.,(4,4),(0.,1.),.PIECEWISE_BEZIER_KNOTS.);
#118=B_SPLINE_CURVE_WITH_KNOTS('',3,(#10828,#10829,#10830,#10831),
 .UNSPECIFIED.,.F.,.F.,(4,4),(0.,1.),.PIECEWISE_BEZIER_KNOTS.);
#119=B_SPLINE_CURVE_WITH_KNOTS('',3,(#10835,#10836,#10837,#10838),
 .UNSPECIFIED.,.F.,.F.,(4,4),(0.,1.),.PIECEWISE_BEZIER_KNOTS.);
#120=B_SPLINE_CURVE_WITH_KNOTS('',3,(#10862,#10863,#10864,#10865),
 .UNSPECIFIED.,.F.,.F.,(4,4),(0.,1.),.PIECEWISE_BEZIER_KNOTS.);
#121=B_SPLINE_CURVE_WITH_KNOTS('',3,(#10869,#10870,#10871,#10872),
 .UNSPECIFIED.,.F.,.F.,(4,4),(0.,1.),.PIECEWISE_BEZIER_KNOTS.);
#122=B_SPLINE_CURVE_WITH_KNOTS('',3,(#10896,#10897,#10898,#10899),
 .UNSPECIFIED.,.F.,.F.,(4,4),(0.,1.),.PIECEWISE_BEZIER_KNOTS.);
#123=B_SPLINE_CURVE_WITH_KNOTS('',3,(#10903,#10904,#10905,#10906),
 .UNSPECIFIED.,.F.,.F.,(4,4),(0.,1.),.PIECEWISE_BEZIER_KNOTS.);
#124=B_SPLINE_CURVE_WITH_KNOTS('',3,(#10929,#10930,#10931,#10932),
 .UNSPECIFIED.,.F.,.F.,(4,4),(0.,1.),.PIECEWISE_BEZIER_KNOTS.);
#125=B_SPLINE_CURVE_WITH_KNOTS('',3,(#10933,#10934,#10935,#10936),
 .UNSPECIFIED.,.F.,.F.,(4,4),(0.,1.),.PIECEWISE_BEZIER_KNOTS.);
#126=B_SPLINE_CURVE_WITH_KNOTS('',3,(#10945,#10946,#10947,#10948),
 .UNSPECIFIED.,.F.,.F.,(4,4),(0.,1.),.PIECEWISE_BEZIER_KNOTS.);
#127=B_SPLINE_CURVE_WITH_KNOTS('',3,(#10949,#10950,#10951,#10952),
 .UNSPECIFIED.,.F.,.F.,(4,4),(0.,1.),.PIECEWISE_BEZIER_KNOTS.);
#128=B_SPLINE_CURVE_WITH_KNOTS('',3,(#10961,#10962,#10963,#10964),
 .UNSPECIFIED.,.F.,.F.,(4,4),(0.,1.),.PIECEWISE_BEZIER_KNOTS.);
#129=B_SPLINE_CURVE_WITH_KNOTS('',3,(#10965,#10966,#10967,#10968),
 .UNSPECIFIED.,.F.,.F.,(4,4),(0.,1.),.PIECEWISE_BEZIER_KNOTS.);
#130=B_SPLINE_CURVE_WITH_KNOTS('',3,(#10977,#10978,#10979,#10980),
 .UNSPECIFIED.,.F.,.F.,(4,4),(0.,1.),.PIECEWISE_BEZIER_KNOTS.);
#131=B_SPLINE_CURVE_WITH_KNOTS('',3,(#10981,#10982,#10983,#10984),
 .UNSPECIFIED.,.F.,.F.,(4,4),(0.,1.),.PIECEWISE_BEZIER_KNOTS.);
#132=B_SPLINE_CURVE_WITH_KNOTS('',3,(#10993,#10994,#10995,#10996),
 .UNSPECIFIED.,.F.,.F.,(4,4),(0.,1.),.PIECEWISE_BEZIER_KNOTS.);
#133=B_SPLINE_CURVE_WITH_KNOTS('',3,(#10997,#10998,#10999,#11000),
 .UNSPECIFIED.,.F.,.F.,(4,4),(0.,1.),.PIECEWISE_BEZIER_KNOTS.);
#134=B_SPLINE_CURVE_WITH_KNOTS('',3,(#11272,#11273,#11274,#11275,#11276,
#11277,#11278,#11279,#11280,#11281,#11282,#11283,#11284,#11285,#11286,#11287,
#11288,#11289,#11290,#11291,#11292,#11293,#11294,#11295,#11296,#11297,#11298,
#11299,#11300,#11301,#11302,#11303,#11304,#11305,#11306,#11307,#11308,#11309,
#11310,#11311,#11312,#11313,#11314,#11315,#11316,#11317,#11318,#11319,#11320,
#11321,#11322,#11323,#11324,#11325,#11326,#11327,#11328,#11329,#11330,#11331,
#11332,#11333,#11334,#11335,#11336,#11337,#11338,#11339,#11340,#11341,#11342,
#11343,#11344,#11345,#11346,#11347,#11348,#11349,#11350),.UNSPECIFIED.,
 .F.,.F.,(4,1,1,1,1,1,1,1,1,1,1,1,1,1,1,1,1,1,1,1,1,1,1,1,1,1,1,1,1,1,1,
1,1,1,1,1,1,1,1,1,1,1,1,1,1,1,1,1,1,1,1,1,1,1,1,1,1,1,1,1,1,1,1,1,1,1,1,
1,1,1,1,1,1,1,1,1,4),(0.,0.0200762279602278,0.0342747512981528,0.0531278999537553,
0.0690611717103638,0.0857799788169527,0.0984831760436326,0.112633390469539,
0.125518217434286,0.145041721437894,0.161289542816062,0.181879543925227,
0.201312963691084,0.222121362103722,0.245160733151539,0.26364319112386,
0.281210445232483,0.302194927017719,0.320277010202882,0.337083734933131,
0.354729185140099,0.370554027115594,0.386818427158327,0.401789216272338,
0.414960552240448,0.431079516040231,0.44659799720943,0.461387277328509,
0.476257319418443,0.49197548274779,0.503937711982688,0.520343430819248,
0.536642634406411,0.550949320917596,0.564444386625385,0.580701794438609,
0.596827572603567,0.61395802933886,0.628516206398062,0.64326396848438,0.656916664851979,
0.669010579436439,0.681345256687579,0.694610959864488,0.705867793550909,
0.719379318477724,0.729430560463173,0.741253034378589,0.752666353590703,
0.763609742040338,0.775347282030293,0.785983964657895,0.79556506747044,
0.805790360185715,0.81472834906339,0.823885810801386,0.833181701632054,
0.843183494796834,0.851198362692274,0.859518799507094,0.867765200442118,
0.876054710151405,0.884572198039624,0.893166770029368,0.901971556078282,
0.910800547803972,0.918904428968883,0.927899995019008,0.936875680695365,
0.945040104437534,0.953235170111852,0.961414511422763,0.970191385765018,
0.978828041526093,0.98602089424363,0.993630578289233,1.),.UNSPECIFIED.);
#135=B_SPLINE_CURVE_WITH_KNOTS('',3,(#11354,#11355,#11356,#11357,#11358,
#11359,#11360,#11361,#11362,#11363,#11364,#11365,#11366,#11367,#11368,#11369,
#11370,#11371,#11372,#11373,#11374,#11375,#11376,#11377,#11378,#11379,#11380,
#11381,#11382,#11383,#11384,#11385,#11386,#11387,#11388,#11389,#11390,#11391,
#11392,#11393,#11394,#11395,#11396,#11397,#11398,#11399,#11400,#11401,#11402,
#11403,#11404,#11405,#11406,#11407,#11408,#11409,#11410,#11411,#11412,#11413,
#11414,#11415,#11416,#11417,#11418,#11419,#11420,#11421,#11422,#11423,#11424,
#11425,#11426,#11427,#11428,#11429,#11430,#11431,#11432),.UNSPECIFIED.,
 .F.,.F.,(4,1,1,1,1,1,1,1,1,1,1,1,1,1,1,1,1,1,1,1,1,1,1,1,1,1,1,1,1,1,1,
1,1,1,1,1,1,1,1,1,1,1,1,1,1,1,1,1,1,1,1,1,1,1,1,1,1,1,1,1,1,1,1,1,1,1,1,
1,1,1,1,1,1,1,1,1,4),(0.,0.0200762279602278,0.0342747512981528,0.0531278999537553,
0.0690611717103638,0.0857799788169527,0.0984831760436326,0.112633390469539,
0.125518217434286,0.145041721437894,0.161289542816062,0.181879543925227,
0.201312963691084,0.222121362103722,0.245160733151539,0.26364319112386,
0.281210445232483,0.302194927017719,0.320277010202882,0.337083734933131,
0.354729185140099,0.370554027115594,0.386818427158327,0.401789216272338,
0.414960552240448,0.431079516040231,0.44659799720943,0.461387277328509,
0.476257319418443,0.49197548274779,0.503937711982688,0.520343430819248,
0.536642634406411,0.550949320917596,0.564444386625385,0.580701794438609,
0.596827572603567,0.61395802933886,0.628516206398062,0.64326396848438,0.656916664851979,
0.669010579436439,0.681345256687579,0.694610959864488,0.705867793550909,
0.719379318477724,0.729430560463173,0.741253034378589,0.752666353590703,
0.763609742040338,0.775347282030293,0.785983964657895,0.79556506747044,
0.805790360185715,0.81472834906339,0.823885810801386,0.833181701632054,
0.843183494796834,0.851198362692274,0.859518799507094,0.867765200442118,
0.876054710151405,0.884572198039624,0.893166770029368,0.901971556078282,
0.910800547803972,0.918904428968883,0.927899995019008,0.936875680695365,
0.945040104437534,0.953235170111852,0.961414511422763,0.970191385765018,
0.978828041526093,0.98602089424363,0.993630578289233,1.),.UNSPECIFIED.);
#136=B_SPLINE_CURVE_WITH_KNOTS('',3,(#11807,#11808,#11809,#11810,#11811,
#11812,#11813,#11814,#11815,#11816,#11817,#11818,#11819,#11820,#11821,#11822,
#11823,#11824,#11825,#11826,#11827,#11828,#11829,#11830,#11831,#11832,#11833,
#11834,#11835,#11836,#11837,#11838,#11839,#11840,#11841,#11842,#11843,#11844,
#11845,#11846,#11847,#11848,#11849,#11850,#11851,#11852,#11853,#11854,#11855,
#11856,#11857,#11858,#11859,#11860,#11861,#11862,#11863,#11864,#11865,#11866,
#11867,#11868,#11869,#11870,#11871,#11872,#11873,#11874,#11875,#11876,#11877,
#11878,#11879,#11880,#11881,#11882,#11883,#11884,#11885,#11886,#11887,#11888,
#11889,#11890,#11891,#11892,#11893,#11894,#11895,#11896,#11897,#11898,#11899,
#11900,#11901,#11902,#11903,#11904,#11905,#11906,#11907,#11908,#11909,#11910,
#11911,#11912,#11913,#11914,#11915,#11916,#11917,#11918,#11919,#11920,#11921,
#11922,#11923,#11924,#11925,#11926,#11927,#11928,#11929,#11930,#11931,#11932,
#11933,#11934,#11935,#11936),.UNSPECIFIED.,.F.,.F.,(4,1,1,1,1,1,1,1,1,1,
1,1,1,1,1,1,1,1,1,1,1,1,1,1,1,1,1,1,1,1,1,1,1,1,1,1,1,1,1,1,1,1,1,1,1,1,
1,1,1,1,1,1,1,1,1,1,1,1,1,1,1,1,1,1,1,1,1,1,1,1,1,1,1,1,1,1,1,1,1,1,1,1,
1,1,1,1,1,1,1,1,1,1,1,1,1,1,1,1,1,1,1,1,1,1,1,1,1,1,1,1,1,1,1,1,1,1,1,1,
1,1,1,1,1,1,1,1,1,4),(0.,0.00717810605876052,0.0150904353058333,0.0240161674462784,
0.0315193114494947,0.0393273391568936,0.0474250805196809,0.0550392903822982,
0.0631125619877531,0.0720992469037098,0.0811746367214142,0.093083163985119,
0.103822486460431,0.114876057011672,0.125279921524773,0.134763308425799,
0.144701075131599,0.155245399824194,0.166163401824858,0.176163350635281,
0.186602296736342,0.197879305083173,0.207499790801644,0.216930155515817,
0.225467999245,0.234405288331469,0.243380082793061,0.251984241927202,0.260217980258796,
0.268790899101579,0.275553722266379,0.28330067507241,0.291085813090432,
0.298054893140699,0.304839982536803,0.312040226489333,0.319412256975581,
0.326156590153192,0.334297445843128,0.34292416402171,0.35134603836444,0.35930882615267,
0.367447673876394,0.375549826465731,0.38359375710763,0.39109259991185,0.399006484556649,
0.406059133414938,0.411969063721305,0.418864695678126,0.427849092684718,
0.436063393136656,0.443782832945506,0.452147817392456,0.460446242748202,
0.46757063679493,0.474636159436437,0.482022837514756,0.48892954295062,0.494845802359801,
0.501462639330933,0.509191357997553,0.516368808830788,0.523377550967067,
0.532429330052248,0.54086452812621,0.549393846893812,0.557593533344386,
0.564795169179934,0.57474862883547,0.584240456608991,0.592761117348874,
0.601443472730532,0.609113766797447,0.616746713721388,0.624999683129111,
0.632591789467611,0.639724167424163,0.647179824196512,0.655235061836119,
0.662196428755083,0.669773331008166,0.677177510695143,0.684927608367421,
0.691054623704508,0.698317804063331,0.705539968583631,0.712969085938802,
0.721337255948493,0.729430613579433,0.738664327993358,0.747114164629417,
0.754536497039426,0.762417789460741,0.770121340203418,0.777598277342116,
0.785246093795208,0.791992600523424,0.798679769514874,0.805677485532097,
0.812115018697407,0.819296225556944,0.825443005188223,0.832921382277389,
0.839937618748919,0.84744293605726,0.854668053289382,0.861500529563544,
0.868102925045758,0.875745258557724,0.885002121447656,0.894080816648846,
0.903077208583108,0.911451813790915,0.919401936569138,0.927284733867141,
0.934750000766731,0.940895388230826,0.947874816032123,0.95414033395253,
0.960908140246932,0.96744262594169,0.974422050024757,0.980317754189252,
0.986486567856936,0.992588801951857,0.997381827832181,1.),.UNSPECIFIED.);
#137=B_SPLINE_CURVE_WITH_KNOTS('',3,(#11937,#11938,#11939,#11940,#11941,
#11942,#11943,#11944,#11945,#11946,#11947,#11948,#11949,#11950,#11951,#11952,
#11953,#11954,#11955,#11956,#11957,#11958,#11959,#11960,#11961,#11962,#11963,
#11964,#11965,#11966,#11967,#11968,#11969,#11970,#11971,#11972,#11973,#11974,
#11975,#11976,#11977,#11978,#11979,#11980,#11981,#11982,#11983,#11984,#11985,
#11986,#11987,#11988,#11989,#11990,#11991,#11992,#11993,#11994,#11995,#11996,
#11997,#11998,#11999,#12000,#12001,#12002,#12003,#12004,#12005,#12006,#12007,
#12008,#12009,#12010,#12011,#12012,#12013,#12014,#12015,#12016,#12017,#12018,
#12019,#12020,#12021,#12022,#12023,#12024,#12025,#12026,#12027,#12028,#12029,
#12030,#12031,#12032,#12033,#12034,#12035,#12036,#12037,#12038,#12039,#12040,
#12041,#12042,#12043,#12044,#12045,#12046,#12047,#12048,#12049,#12050,#12051,
#12052,#12053,#12054,#12055,#12056,#12057,#12058,#12059,#12060,#12061,#12062,
#12063,#12064,#12065,#12066),.UNSPECIFIED.,.F.,.F.,(4,1,1,1,1,1,1,1,1,1,
1,1,1,1,1,1,1,1,1,1,1,1,1,1,1,1,1,1,1,1,1,1,1,1,1,1,1,1,1,1,1,1,1,1,1,1,
1,1,1,1,1,1,1,1,1,1,1,1,1,1,1,1,1,1,1,1,1,1,1,1,1,1,1,1,1,1,1,1,1,1,1,1,
1,1,1,1,1,1,1,1,1,1,1,1,1,1,1,1,1,1,1,1,1,1,1,1,1,1,1,1,1,1,1,1,1,1,1,1,
1,1,1,1,1,1,1,1,1,4),(0.,0.00717810605876052,0.0150904353058333,0.0240161674462784,
0.0315193114494947,0.0393273391568936,0.0474250805196809,0.0550392903822982,
0.0631125619877531,0.0720992469037098,0.0811746367214142,0.093083163985119,
0.103822486460431,0.114876057011672,0.125279921524773,0.134763308425799,
0.144701075131599,0.155245399824194,0.166163401824858,0.176163350635281,
0.186602296736342,0.197879305083173,0.207499790801644,0.216930155515817,
0.225467999245,0.234405288331469,0.243380082793061,0.251984241927202,0.260217980258796,
0.268790899101579,0.275553722266379,0.28330067507241,0.291085813090432,
0.298054893140699,0.304839982536803,0.312040226489333,0.319412256975581,
0.326156590153192,0.334297445843128,0.34292416402171,0.35134603836444,0.35930882615267,
0.367447673876394,0.375549826465731,0.38359375710763,0.39109259991185,0.399006484556649,
0.406059133414938,0.411969063721305,0.418864695678126,0.427849092684718,
0.436063393136656,0.443782832945506,0.452147817392456,0.460446242748202,
0.46757063679493,0.474636159436437,0.482022837514756,0.48892954295062,0.494845802359801,
0.501462639330933,0.509191357997553,0.516368808830788,0.523377550967067,
0.532429330052248,0.54086452812621,0.549393846893812,0.557593533344386,
0.564795169179934,0.57474862883547,0.584240456608991,0.592761117348874,
0.601443472730532,0.609113766797447,0.616746713721388,0.624999683129111,
0.632591789467611,0.639724167424163,0.647179824196512,0.655235061836119,
0.662196428755083,0.669773331008166,0.677177510695143,0.684927608367421,
0.691054623704508,0.698317804063331,0.705539968583631,0.712969085938802,
0.721337255948493,0.729430613579433,0.738664327993358,0.747114164629417,
0.754536497039426,0.762417789460741,0.770121340203418,0.777598277342116,
0.785246093795208,0.791992600523424,0.798679769514874,0.805677485532097,
0.812115018697407,0.819296225556944,0.825443005188223,0.832921382277389,
0.839937618748919,0.84744293605726,0.854668053289382,0.861500529563544,
0.868102925045758,0.875745258557724,0.885002121447656,0.894080816648846,
0.903077208583108,0.911451813790915,0.919401936569138,0.927284733867141,
0.934750000766731,0.940895388230826,0.947874816032123,0.95414033395253,
0.960908140246932,0.96744262594169,0.974422050024757,0.980317754189252,
0.986486567856936,0.992588801951857,0.997381827832181,1.),.UNSPECIFIED.);
#138=B_SPLINE_CURVE_WITH_KNOTS('',3,(#12083,#12084,#12085,#12086),
 .UNSPECIFIED.,.F.,.F.,(4,4),(0.,1.),.PIECEWISE_BEZIER_KNOTS.);
#139=B_SPLINE_CURVE_WITH_KNOTS('',3,(#12091,#12092,#12093,#12094),
 .UNSPECIFIED.,.F.,.F.,(4,4),(0.,1.),.PIECEWISE_BEZIER_KNOTS.);
#140=B_SPLINE_CURVE_WITH_KNOTS('',3,(#12105,#12106,#12107,#12108),
 .UNSPECIFIED.,.F.,.F.,(4,4),(0.,0.59841840395371),
 .PIECEWISE_BEZIER_KNOTS.);
#141=B_SPLINE_CURVE_WITH_KNOTS('',3,(#12112,#12113,#12114,#12115),
 .UNSPECIFIED.,.F.,.F.,(4,4),(0.,0.59841840395371),
 .PIECEWISE_BEZIER_KNOTS.);
#142=B_SPLINE_CURVE_WITH_KNOTS('',3,(#12124,#12125,#12126,#12127),
 .UNSPECIFIED.,.F.,.F.,(4,4),(0.,1.),.PIECEWISE_BEZIER_KNOTS.);
#143=B_SPLINE_CURVE_WITH_KNOTS('',3,(#12132,#12133,#12134,#12135),
 .UNSPECIFIED.,.F.,.F.,(4,4),(0.,1.),.PIECEWISE_BEZIER_KNOTS.);
#144=B_SPLINE_CURVE_WITH_KNOTS('',3,(#12146,#12147,#12148,#12149),
 .UNSPECIFIED.,.F.,.F.,(4,4),(0.419481373756598,1.),
 .PIECEWISE_BEZIER_KNOTS.);
#145=B_SPLINE_CURVE_WITH_KNOTS('',3,(#12153,#12154,#12155,#12156),
 .UNSPECIFIED.,.F.,.F.,(4,4),(0.419481373756598,1.),
 .PIECEWISE_BEZIER_KNOTS.);
#146=B_SPLINE_CURVE_WITH_KNOTS('',3,(#12165,#12166,#12167,#12168),
 .UNSPECIFIED.,.F.,.F.,(4,4),(0.,1.),.PIECEWISE_BEZIER_KNOTS.);
#147=B_SPLINE_CURVE_WITH_KNOTS('',3,(#12173,#12174,#12175,#12176),
 .UNSPECIFIED.,.F.,.F.,(4,4),(0.,1.),.PIECEWISE_BEZIER_KNOTS.);
#148=B_SPLINE_CURVE_WITH_KNOTS('',3,(#12187,#12188,#12189,#12190),
 .UNSPECIFIED.,.F.,.F.,(4,4),(0.,0.610207059861272),
 .PIECEWISE_BEZIER_KNOTS.);
#149=B_SPLINE_CURVE_WITH_KNOTS('',3,(#12194,#12195,#12196,#12197),
 .UNSPECIFIED.,.F.,.F.,(4,4),(0.,0.610207059861272),
 .PIECEWISE_BEZIER_KNOTS.);
#150=B_SPLINE_CURVE_WITH_KNOTS('',3,(#12206,#12207,#12208,#12209),
 .UNSPECIFIED.,.F.,.F.,(4,4),(0.,1.),.PIECEWISE_BEZIER_KNOTS.);
#151=B_SPLINE_CURVE_WITH_KNOTS('',3,(#12214,#12215,#12216,#12217),
 .UNSPECIFIED.,.F.,.F.,(4,4),(0.,1.),.PIECEWISE_BEZIER_KNOTS.);
#152=B_SPLINE_CURVE_WITH_KNOTS('',3,(#12243,#12244,#12245,#12246),
 .UNSPECIFIED.,.F.,.F.,(4,4),(0.,0.350779465411389),
 .PIECEWISE_BEZIER_KNOTS.);
#153=B_SPLINE_CURVE_WITH_KNOTS('',3,(#12250,#12251,#12252,#12253),
 .UNSPECIFIED.,.F.,.F.,(4,4),(0.,0.350779465411389),
 .PIECEWISE_BEZIER_KNOTS.);
#154=B_SPLINE_CURVE_WITH_KNOTS('',3,(#12271,#12272,#12273,#12274),
 .UNSPECIFIED.,.F.,.F.,(4,4),(0.66381660394666,1.),
 .PIECEWISE_BEZIER_KNOTS.);
#155=B_SPLINE_CURVE_WITH_KNOTS('',3,(#12278,#12279,#12280,#12281),
 .UNSPECIFIED.,.F.,.F.,(4,4),(0.66381660394666,1.),
 .PIECEWISE_BEZIER_KNOTS.);
#156=B_SPLINE_CURVE_WITH_KNOTS('',3,(#12307,#12308,#12309,#12310),
 .UNSPECIFIED.,.F.,.F.,(4,4),(0.,1.),.PIECEWISE_BEZIER_KNOTS.);
#157=B_SPLINE_CURVE_WITH_KNOTS('',3,(#12311,#12312,#12313,#12314),
 .UNSPECIFIED.,.F.,.F.,(4,4),(0.,1.),.PIECEWISE_BEZIER_KNOTS.);
#158=B_SPLINE_CURVE_WITH_KNOTS('',3,(#12323,#12324,#12325,#12326),
 .UNSPECIFIED.,.F.,.F.,(4,4),(0.,1.),.PIECEWISE_BEZIER_KNOTS.);
#159=B_SPLINE_CURVE_WITH_KNOTS('',3,(#12327,#12328,#12329,#12330),
 .UNSPECIFIED.,.F.,.F.,(4,4),(0.,1.),.PIECEWISE_BEZIER_KNOTS.);
#160=B_SPLINE_CURVE_WITH_KNOTS('',3,(#12677,#12678,#12679,#12680),
 .UNSPECIFIED.,.F.,.F.,(4,4),(0.,1.),.PIECEWISE_BEZIER_KNOTS.);
#161=B_SPLINE_CURVE_WITH_KNOTS('',3,(#12685,#12686,#12687,#12688),
 .UNSPECIFIED.,.F.,.F.,(4,4),(0.,1.),.PIECEWISE_BEZIER_KNOTS.);
#162=B_SPLINE_CURVE_WITH_KNOTS('',3,(#12714,#12715,#12716,#12717),
 .UNSPECIFIED.,.F.,.F.,(4,4),(0.,1.),.PIECEWISE_BEZIER_KNOTS.);
#163=B_SPLINE_CURVE_WITH_KNOTS('',3,(#12721,#12722,#12723,#12724),
 .UNSPECIFIED.,.F.,.F.,(4,4),(0.,1.),.PIECEWISE_BEZIER_KNOTS.);
#164=B_SPLINE_CURVE_WITH_KNOTS('',3,(#12742,#12743,#12744,#12745),
 .UNSPECIFIED.,.F.,.F.,(4,4),(0.,1.),.PIECEWISE_BEZIER_KNOTS.);
#165=B_SPLINE_CURVE_WITH_KNOTS('',3,(#12749,#12750,#12751,#12752),
 .UNSPECIFIED.,.F.,.F.,(4,4),(0.,1.),.PIECEWISE_BEZIER_KNOTS.);
#166=B_SPLINE_CURVE_WITH_KNOTS('',3,(#12770,#12771,#12772,#12773),
 .UNSPECIFIED.,.F.,.F.,(4,4),(0.,1.),.PIECEWISE_BEZIER_KNOTS.);
#167=B_SPLINE_CURVE_WITH_KNOTS('',3,(#12777,#12778,#12779,#12780),
 .UNSPECIFIED.,.F.,.F.,(4,4),(0.,1.),.PIECEWISE_BEZIER_KNOTS.);
#168=B_SPLINE_CURVE_WITH_KNOTS('',3,(#12794,#12795,#12796,#12797),
 .UNSPECIFIED.,.F.,.F.,(4,4),(0.,1.),.PIECEWISE_BEZIER_KNOTS.);
#169=B_SPLINE_CURVE_WITH_KNOTS('',3,(#12798,#12799,#12800,#12801),
 .UNSPECIFIED.,.F.,.F.,(4,4),(0.,1.),.PIECEWISE_BEZIER_KNOTS.);
#170=B_SPLINE_CURVE_WITH_KNOTS('',3,(#12810,#12811,#12812,#12813),
 .UNSPECIFIED.,.F.,.F.,(4,4),(0.,1.),.PIECEWISE_BEZIER_KNOTS.);
#171=B_SPLINE_CURVE_WITH_KNOTS('',3,(#12814,#12815,#12816,#12817),
 .UNSPECIFIED.,.F.,.F.,(4,4),(0.,1.),.PIECEWISE_BEZIER_KNOTS.);
#172=B_SPLINE_CURVE_WITH_KNOTS('',3,(#12829,#12830,#12831,#12832),
 .UNSPECIFIED.,.F.,.F.,(4,4),(0.,1.),.PIECEWISE_BEZIER_KNOTS.);
#173=B_SPLINE_CURVE_WITH_KNOTS('',3,(#12833,#12834,#12835,#12836),
 .UNSPECIFIED.,.F.,.F.,(4,4),(0.,1.),.PIECEWISE_BEZIER_KNOTS.);
#174=B_SPLINE_CURVE_WITH_KNOTS('',3,(#12881,#12882,#12883,#12884,#12885,
#12886,#12887,#12888,#12889),.UNSPECIFIED.,.F.,.F.,(4,1,1,1,1,1,4),(0.,
0.162043198785207,0.332707448168998,0.493986987828055,0.667460704374032,
0.842711577109491,1.),.UNSPECIFIED.);
#175=B_SPLINE_CURVE_WITH_KNOTS('',3,(#12894,#12895,#12896,#12897,#12898,
#12899,#12900,#12901,#12902),.UNSPECIFIED.,.F.,.F.,(4,1,1,1,1,1,4),(0.,
0.162043198785207,0.332707448168998,0.493986987828055,0.667460704374032,
0.842711577109491,1.),.UNSPECIFIED.);
#176=B_SPLINE_CURVE_WITH_KNOTS('',3,(#12955,#12956,#12957,#12958,#12959,
#12960),.UNSPECIFIED.,.F.,.F.,(4,1,1,4),(0.,0.344538124674264,0.666799327128949,
1.),.UNSPECIFIED.);
#177=B_SPLINE_CURVE_WITH_KNOTS('',3,(#12961,#12962,#12963,#12964,#12965,
#12966),.UNSPECIFIED.,.F.,.F.,(4,1,1,4),(0.,0.344538124674264,0.666799327128949,
1.),.UNSPECIFIED.);
#178=B_SPLINE_CURVE_WITH_KNOTS('',3,(#12993,#12994,#12995,#12996,#12997,
#12998),.UNSPECIFIED.,.F.,.F.,(4,1,1,4),(0.,0.330575804211908,0.652174471950542,
1.),.UNSPECIFIED.);
#179=B_SPLINE_CURVE_WITH_KNOTS('',3,(#12999,#13000,#13001,#13002,#13003,
#13004),.UNSPECIFIED.,.F.,.F.,(4,1,1,4),(0.,0.330575804211908,0.652174471950542,
1.),.UNSPECIFIED.);
#180=B_SPLINE_CURVE_WITH_KNOTS('',3,(#13055,#13056,#13057,#13058,#13059,
#13060,#13061,#13062,#13063,#13064,#13065,#13066,#13067),.UNSPECIFIED.,
 .F.,.F.,(4,1,1,1,1,1,1,1,1,1,4),(0.,0.113657797572059,0.240185195807074,
0.362131131233812,0.478350436759565,0.572889833465719,0.66622579185171,
0.750142296158298,0.83684747940131,0.914500199674812,1.),.UNSPECIFIED.);
#181=B_SPLINE_CURVE_WITH_KNOTS('',3,(#13072,#13073,#13074,#13075,#13076,
#13077,#13078,#13079,#13080,#13081,#13082,#13083,#13084),.UNSPECIFIED.,
 .F.,.F.,(4,1,1,1,1,1,1,1,1,1,4),(0.,0.113657797572059,0.240185195807074,
0.362131131233812,0.478350436759565,0.572889833465719,0.66622579185171,
0.750142296158298,0.83684747940131,0.914500199674812,1.),.UNSPECIFIED.);
#182=B_SPLINE_CURVE_WITH_KNOTS('',3,(#13115,#13116,#13117,#13118,#13119,
#13120,#13121,#13122,#13123,#13124,#13125),.UNSPECIFIED.,.F.,.F.,(4,1,1,
1,1,1,1,1,4),(0.,0.134458085121365,0.249647190118606,0.371866986184169,
0.495292830275798,0.639720975548775,0.758234591793721,0.877404191257457,
1.),.UNSPECIFIED.);
#183=B_SPLINE_CURVE_WITH_KNOTS('',3,(#13129,#13130,#13131,#13132,#13133,
#13134,#13135,#13136,#13137,#13138,#13139),.UNSPECIFIED.,.F.,.F.,(4,1,1,
1,1,1,1,1,4),(0.,0.134458085121365,0.249647190118606,0.371866986184169,
0.495292830275798,0.639720975548775,0.758234591793721,0.877404191257457,
1.),.UNSPECIFIED.);
#184=B_SPLINE_CURVE_WITH_KNOTS('',3,(#13191,#13192,#13193,#13194,#13195,
#13196,#13197,#13198,#13199,#13200,#13201,#13202,#13203,#13204,#13205),
 .UNSPECIFIED.,.F.,.F.,(4,1,1,1,1,1,1,1,1,1,1,1,4),(0.,0.108862147522866,
0.203073107411998,0.292511373769381,0.387124858097147,0.501183891557091,
0.60678825415868,0.684798590931856,0.758376723205643,0.829270260387716,
0.898477134448551,0.952438065459364,1.),.UNSPECIFIED.);
#185=B_SPLINE_CURVE_WITH_KNOTS('',3,(#13206,#13207,#13208,#13209,#13210,
#13211,#13212,#13213,#13214,#13215,#13216,#13217,#13218,#13219,#13220),
 .UNSPECIFIED.,.F.,.F.,(4,1,1,1,1,1,1,1,1,1,1,1,4),(0.,0.108862147522866,
0.203073107411998,0.292511373769381,0.387124858097147,0.501183891557091,
0.60678825415868,0.684798590931856,0.758376723205643,0.829270260387716,
0.898477134448551,0.952438065459364,1.),.UNSPECIFIED.);
#186=B_SPLINE_SURFACE_WITH_KNOTS('',3,1,((#9228,#9229),(#9230,#9231),(#9232,
#9233),(#9234,#9235)),.SURF_OF_LINEAR_EXTRUSION.,.F.,.F.,.F.,(4,4),(2,2),
(0.,0.195941762753936),(0.,1.),.PIECEWISE_BEZIER_KNOTS.);
#187=B_SPLINE_SURFACE_WITH_KNOTS('',3,1,((#9250,#9251),(#9252,#9253),(#9254,
#9255),(#9256,#9257)),.SURF_OF_LINEAR_EXTRUSION.,.F.,.F.,.F.,(4,4),(2,2),
(0.,1.),(0.,1.),.PIECEWISE_BEZIER_KNOTS.);
#188=B_SPLINE_SURFACE_WITH_KNOTS('',3,1,((#9272,#9273),(#9274,#9275),(#9276,
#9277),(#9278,#9279)),.SURF_OF_LINEAR_EXTRUSION.,.F.,.F.,.F.,(4,4),(2,2),
(0.,0.195941762750865),(0.,1.),.PIECEWISE_BEZIER_KNOTS.);
#189=B_SPLINE_SURFACE_WITH_KNOTS('',3,1,((#9294,#9295),(#9296,#9297),(#9298,
#9299),(#9300,#9301)),.SURF_OF_LINEAR_EXTRUSION.,.F.,.F.,.F.,(4,4),(2,2),
(0.,1.),(0.,1.),.PIECEWISE_BEZIER_KNOTS.);
#190=B_SPLINE_SURFACE_WITH_KNOTS('',3,1,((#9385,#9386),(#9387,#9388),(#9389,
#9390),(#9391,#9392)),.SURF_OF_LINEAR_EXTRUSION.,.F.,.F.,.F.,(4,4),(2,2),
(0.,0.363921801041467),(0.,1.),.PIECEWISE_BEZIER_KNOTS.);
#191=B_SPLINE_SURFACE_WITH_KNOTS('',3,1,((#9413,#9414),(#9415,#9416),(#9417,
#9418),(#9419,#9420)),.SURF_OF_LINEAR_EXTRUSION.,.F.,.F.,.F.,(4,4),(2,2),
(0.,0.363921801036774),(0.,1.),.PIECEWISE_BEZIER_KNOTS.);
#192=B_SPLINE_SURFACE_WITH_KNOTS('',3,1,((#9435,#9436),(#9437,#9438),(#9439,
#9440),(#9441,#9442)),.SURF_OF_LINEAR_EXTRUSION.,.F.,.F.,.F.,(4,4),(2,2),
(0.0722491098554317,0.358056621047703),(0.,1.),.PIECEWISE_BEZIER_KNOTS.);
#193=B_SPLINE_SURFACE_WITH_KNOTS('',3,1,((#9451,#9452),(#9453,#9454),(#9455,
#9456),(#9457,#9458)),.SURF_OF_LINEAR_EXTRUSION.,.F.,.F.,.F.,(4,4),(2,2),
(0.,1.),(0.,1.),.PIECEWISE_BEZIER_KNOTS.);
#194=B_SPLINE_SURFACE_WITH_KNOTS('',3,1,((#9473,#9474),(#9475,#9476),(#9477,
#9478),(#9479,#9480)),.SURF_OF_LINEAR_EXTRUSION.,.F.,.F.,.F.,(4,4),(2,2),
(0.,1.),(0.,1.),.PIECEWISE_BEZIER_KNOTS.);
#195=B_SPLINE_SURFACE_WITH_KNOTS('',3,1,((#9492,#9493),(#9494,#9495),(#9496,
#9497),(#9498,#9499)),.SURF_OF_LINEAR_EXTRUSION.,.F.,.F.,.F.,(4,4),(2,2),
(0.0722491099739679,0.358056621032705),(0.,1.),.PIECEWISE_BEZIER_KNOTS.);
#196=B_SPLINE_SURFACE_WITH_KNOTS('',3,1,((#9508,#9509),(#9510,#9511),(#9512,
#9513),(#9514,#9515)),.SURF_OF_LINEAR_EXTRUSION.,.F.,.F.,.F.,(4,4),(2,2),
(0.404033924540749,1.),(0.,1.),.PIECEWISE_BEZIER_KNOTS.);
#197=B_SPLINE_SURFACE_WITH_KNOTS('',3,1,((#9527,#9528),(#9529,#9530),(#9531,
#9532),(#9533,#9534)),.SURF_OF_LINEAR_EXTRUSION.,.F.,.F.,.F.,(4,4),(2,2),
(0.,0.526332650864957),(0.,1.),.PIECEWISE_BEZIER_KNOTS.);
#198=B_SPLINE_SURFACE_WITH_KNOTS('',3,1,((#9543,#9544),(#9545,#9546),(#9547,
#9548),(#9549,#9550)),.SURF_OF_LINEAR_EXTRUSION.,.F.,.F.,.F.,(4,4),(2,2),
(0.,0.494225064059572),(0.,1.),.PIECEWISE_BEZIER_KNOTS.);
#199=B_SPLINE_SURFACE_WITH_KNOTS('',3,1,((#9562,#9563),(#9564,#9565),(#9566,
#9567),(#9568,#9569)),.SURF_OF_LINEAR_EXTRUSION.,.F.,.F.,.F.,(4,4),(2,2),
(0.233323656059907,1.),(0.,1.),.PIECEWISE_BEZIER_KNOTS.);
#200=B_SPLINE_SURFACE_WITH_KNOTS('',3,1,((#9581,#9582),(#9583,#9584),(#9585,
#9586),(#9587,#9588)),.SURF_OF_LINEAR_EXTRUSION.,.F.,.F.,.F.,(4,4),(2,2),
(0.750639566702473,1.),(0.,1.),.PIECEWISE_BEZIER_KNOTS.);
#201=B_SPLINE_SURFACE_WITH_KNOTS('',3,1,((#9600,#9601),(#9602,#9603),(#9604,
#9605),(#9606,#9607)),.SURF_OF_LINEAR_EXTRUSION.,.F.,.F.,.F.,(4,4),(2,2),
(0.750639566702474,1.),(0.,1.),.PIECEWISE_BEZIER_KNOTS.);
#202=B_SPLINE_SURFACE_WITH_KNOTS('',3,1,((#9616,#9617),(#9618,#9619),(#9620,
#9621),(#9622,#9623)),.SURF_OF_LINEAR_EXTRUSION.,.F.,.F.,.F.,(4,4),(2,2),
(0.233323656059896,1.),(0.,1.),.PIECEWISE_BEZIER_KNOTS.);
#203=B_SPLINE_SURFACE_WITH_KNOTS('',3,1,((#9638,#9639),(#9640,#9641),(#9642,
#9643),(#9644,#9645)),.SURF_OF_LINEAR_EXTRUSION.,.F.,.F.,.F.,(4,4),(2,2),
(0.,0.494225064059572),(0.,1.),.PIECEWISE_BEZIER_KNOTS.);
#204=B_SPLINE_SURFACE_WITH_KNOTS('',3,1,((#9654,#9655),(#9656,#9657),(#9658,
#9659),(#9660,#9661)),.SURF_OF_LINEAR_EXTRUSION.,.F.,.F.,.F.,(4,4),(2,2),
(0.,0.526332650724961),(0.,1.),.PIECEWISE_BEZIER_KNOTS.);
#205=B_SPLINE_SURFACE_WITH_KNOTS('',3,1,((#9673,#9674),(#9675,#9676),(#9677,
#9678),(#9679,#9680)),.SURF_OF_LINEAR_EXTRUSION.,.F.,.F.,.F.,(4,4),(2,2),
(0.404033924540746,1.),(0.,1.),.PIECEWISE_BEZIER_KNOTS.);
#206=B_SPLINE_SURFACE_WITH_KNOTS('',3,1,((#9689,#9690),(#9691,#9692),(#9693,
#9694),(#9695,#9696)),.SURF_OF_LINEAR_EXTRUSION.,.F.,.F.,.F.,(4,4),(2,2),
(0.,0.285253425716587),(0.,1.),.PIECEWISE_BEZIER_KNOTS.);
#207=B_SPLINE_SURFACE_WITH_KNOTS('',3,1,((#9720,#9721),(#9722,#9723),(#9724,
#9725),(#9726,#9727)),.SURF_OF_LINEAR_EXTRUSION.,.F.,.F.,.F.,(4,4),(2,2),
(0.,0.285253425716587),(0.,1.),.PIECEWISE_BEZIER_KNOTS.);
#208=B_SPLINE_SURFACE_WITH_KNOTS('',3,1,((#9730,#9731),(#9732,#9733),(#9734,
#9735),(#9736,#9737)),.SURF_OF_LINEAR_EXTRUSION.,.F.,.F.,.F.,(4,4),(2,2),
(0.78529768387132,1.),(0.,1.),.PIECEWISE_BEZIER_KNOTS.);
#209=B_SPLINE_SURFACE_WITH_KNOTS('',3,1,((#9770,#9771),(#9772,#9773),(#9774,
#9775),(#9776,#9777)),.SURF_OF_LINEAR_EXTRUSION.,.F.,.F.,.F.,(4,4),(2,2),
(0.785297683871323,1.),(0.,1.),.PIECEWISE_BEZIER_KNOTS.);
#210=B_SPLINE_SURFACE_WITH_KNOTS('',3,1,((#9792,#9793),(#9794,#9795),(#9796,
#9797),(#9798,#9799)),.SURF_OF_LINEAR_EXTRUSION.,.F.,.F.,.F.,(4,4),(2,2),
(0.,0.346338486474826),(0.,1.),.PIECEWISE_BEZIER_KNOTS.);
#211=B_SPLINE_SURFACE_WITH_KNOTS('',3,1,((#9811,#9812),(#9813,#9814),(#9815,
#9816),(#9817,#9818)),.SURF_OF_LINEAR_EXTRUSION.,.F.,.F.,.F.,(4,4),(2,2),
(0.,0.346338486281999),(0.,1.),.PIECEWISE_BEZIER_KNOTS.);
#212=B_SPLINE_SURFACE_WITH_KNOTS('',3,1,((#9827,#9828),(#9829,#9830),(#9831,
#9832),(#9833,#9834)),.SURF_OF_LINEAR_EXTRUSION.,.F.,.F.,.F.,(4,4),(2,2),
(0.690111851517585,1.),(0.,1.),.PIECEWISE_BEZIER_KNOTS.);
#213=B_SPLINE_SURFACE_WITH_KNOTS('',3,1,((#9849,#9850),(#9851,#9852),(#9853,
#9854),(#9855,#9856)),.SURF_OF_LINEAR_EXTRUSION.,.F.,.F.,.F.,(4,4),(2,2),
(0.,0.334334208045967),(0.,1.),.PIECEWISE_BEZIER_KNOTS.);
#214=B_SPLINE_SURFACE_WITH_KNOTS('',3,1,((#9868,#9869),(#9870,#9871),(#9872,
#9873),(#9874,#9875)),.SURF_OF_LINEAR_EXTRUSION.,.F.,.F.,.F.,(4,4),(2,2),
(0.5277383483406,1.),(0.,1.),.PIECEWISE_BEZIER_KNOTS.);
#215=B_SPLINE_SURFACE_WITH_KNOTS('',3,1,((#9887,#9888),(#9889,#9890),(#9891,
#9892),(#9893,#9894)),.SURF_OF_LINEAR_EXTRUSION.,.F.,.F.,.F.,(4,4),(2,2),
(0.527738348340593,1.),(0.,1.),.PIECEWISE_BEZIER_KNOTS.);
#216=B_SPLINE_SURFACE_WITH_KNOTS('',3,1,((#9906,#9907),(#9908,#9909),(#9910,
#9911),(#9912,#9913)),.SURF_OF_LINEAR_EXTRUSION.,.F.,.F.,.F.,(4,4),(2,2),
(0.,0.334334208045969),(0.,1.),.PIECEWISE_BEZIER_KNOTS.);
#217=B_SPLINE_SURFACE_WITH_KNOTS('',3,1,((#9937,#9938),(#9939,#9940),(#9941,
#9942),(#9943,#9944)),.SURF_OF_LINEAR_EXTRUSION.,.F.,.F.,.F.,(4,4),(2,2),
(0.690111851541293,1.),(0.,1.),.PIECEWISE_BEZIER_KNOTS.);
#218=B_SPLINE_SURFACE_WITH_KNOTS('',3,1,((#9956,#9957),(#9958,#9959),(#9960,
#9961),(#9962,#9963)),.SURF_OF_LINEAR_EXTRUSION.,.F.,.F.,.F.,(4,4),(2,2),
(0.536464547799019,1.),(0.,1.),.PIECEWISE_BEZIER_KNOTS.);
#219=B_SPLINE_SURFACE_WITH_KNOTS('',3,1,((#9975,#9976),(#9977,#9978),(#9979,
#9980),(#9981,#9982)),.SURF_OF_LINEAR_EXTRUSION.,.F.,.F.,.F.,(4,4),(2,2),
(0.,0.510307688921304),(0.,1.),.PIECEWISE_BEZIER_KNOTS.);
#220=B_SPLINE_SURFACE_WITH_KNOTS('',3,1,((#9991,#9992),(#9993,#9994),(#9995,
#9996),(#9997,#9998)),.SURF_OF_LINEAR_EXTRUSION.,.F.,.F.,.F.,(4,4),(2,2),
(0.536464547799025,1.),(0.,1.),.PIECEWISE_BEZIER_KNOTS.);
#221=B_SPLINE_SURFACE_WITH_KNOTS('',3,1,((#10010,#10011),(#10012,#10013),
(#10014,#10015),(#10016,#10017)),.SURF_OF_LINEAR_EXTRUSION.,.F.,.F.,.F.,
(4,4),(2,2),(0.,0.510307688768418),(0.,1.),.PIECEWISE_BEZIER_KNOTS.);
#222=B_SPLINE_SURFACE_WITH_KNOTS('',3,1,((#10041,#10042),(#10043,#10044),
(#10045,#10046),(#10047,#10048),(#10049,#10050),(#10051,#10052)),
 .SURF_OF_LINEAR_EXTRUSION.,.F.,.F.,.F.,(4,1,1,4),(2,2),(0.514722415916661,
0.754672853540635,0.874648072352622,0.994623291164609),(0.,1.),
 .UNSPECIFIED.);
#223=B_SPLINE_SURFACE_WITH_KNOTS('',3,1,((#10084,#10085),(#10086,#10087),
(#10088,#10089),(#10090,#10091),(#10092,#10093),(#10094,#10095)),
 .SURF_OF_LINEAR_EXTRUSION.,.F.,.F.,.F.,(4,1,1,4),(2,2),(0.514722415916662,
0.754672853540413,0.874648072352289,0.994623291164165),(0.,1.),
 .UNSPECIFIED.);
#224=B_SPLINE_SURFACE_WITH_KNOTS('',3,1,((#10097,#10098),(#10099,#10100),
(#10101,#10102),(#10103,#10104),(#10105,#10106),(#10107,#10108),(#10109,
#10110),(#10111,#10112),(#10113,#10114),(#10115,#10116),(#10117,#10118),
(#10119,#10120),(#10121,#10122),(#10123,#10124),(#10125,#10126),(#10127,
#10128),(#10129,#10130),(#10131,#10132),(#10133,#10134),(#10135,#10136)),
 .SURF_OF_LINEAR_EXTRUSION.,.F.,.F.,.F.,(4,1,1,1,1,1,1,1,1,1,1,1,1,1,1,
1,1,4),(2,2),(0.,0.0625,0.125,0.1875,0.25,0.375,0.4375,0.5,0.5625,0.625,
0.6875,0.75,0.8125,0.875,0.90625,0.9375,0.96875,1.),(0.,1.),
 .UNSPECIFIED.);
#225=B_SPLINE_SURFACE_WITH_KNOTS('',3,1,((#10179,#10180),(#10181,#10182),
(#10183,#10184),(#10185,#10186),(#10187,#10188),(#10189,#10190),(#10191,
#10192),(#10193,#10194),(#10195,#10196),(#10197,#10198),(#10199,#10200),
(#10201,#10202),(#10203,#10204),(#10205,#10206),(#10207,#10208),(#10209,
#10210),(#10211,#10212),(#10213,#10214),(#10215,#10216)),
 .SURF_OF_LINEAR_EXTRUSION.,.F.,.F.,.F.,(4,1,1,1,1,1,1,1,1,1,1,1,1,1,1,
1,4),(2,2),(0.,0.0625,0.125,0.1875,0.25,0.3125,0.375,0.4375,0.5,0.5625,
0.625,0.6875,0.75,0.8125,0.875,0.9375,1.),(0.,1.),.UNSPECIFIED.);
#226=B_SPLINE_SURFACE_WITH_KNOTS('',3,1,((#10252,#10253),(#10254,#10255),
(#10256,#10257),(#10258,#10259),(#10260,#10261),(#10262,#10263),(#10264,
#10265),(#10266,#10267),(#10268,#10269),(#10270,#10271),(#10272,#10273),
(#10274,#10275),(#10276,#10277),(#10278,#10279),(#10280,#10281),(#10282,
#10283),(#10284,#10285),(#10286,#10287),(#10288,#10289),(#10290,#10291)),
 .SURF_OF_LINEAR_EXTRUSION.,.F.,.F.,.F.,(4,1,1,1,1,1,1,1,1,1,1,1,1,1,1,
1,1,4),(2,2),(0.,0.0625,0.125,0.1875,0.25,0.3125,0.375,0.4375,0.5,0.5625,
0.625,0.6875,0.75,0.8125,0.875,0.9375,0.96875,1.),(0.,1.),.UNSPECIFIED.);
#227=B_SPLINE_SURFACE_WITH_KNOTS('',3,1,((#10325,#10326),(#10327,#10328),
(#10329,#10330),(#10331,#10332),(#10333,#10334),(#10335,#10336),(#10337,
#10338),(#10339,#10340),(#10341,#10342),(#10343,#10344),(#10345,#10346),
(#10347,#10348),(#10349,#10350),(#10351,#10352)),
 .SURF_OF_LINEAR_EXTRUSION.,.F.,.F.,.F.,(4,1,1,1,1,1,1,1,1,1,1,4),(2,2),
(0.,0.125,0.25,0.375,0.5,0.5625,0.625,0.6875,0.75,0.875,0.9375,1.),(0.,
1.),.UNSPECIFIED.);
#228=B_SPLINE_SURFACE_WITH_KNOTS('',3,1,((#10389,#10390),(#10391,#10392),
(#10393,#10394),(#10395,#10396)),.SURF_OF_LINEAR_EXTRUSION.,.F.,.F.,.F.,
(4,4),(2,2),(0.,1.),(0.,1.),.PIECEWISE_BEZIER_KNOTS.);
#229=B_SPLINE_SURFACE_WITH_KNOTS('',3,1,((#10414,#10415),(#10416,#10417),
(#10418,#10419),(#10420,#10421),(#10422,#10423),(#10424,#10425),(#10426,
#10427),(#10428,#10429),(#10430,#10431),(#10432,#10433),(#10434,#10435),
(#10436,#10437),(#10438,#10439)),.SURF_OF_LINEAR_EXTRUSION.,.F.,.F.,.F.,
(4,1,1,1,1,1,1,1,1,1,4),(2,2),(0.,0.125,0.25,0.375,0.4375,0.5,0.625,0.75,
0.8125,0.875,1.),(0.,1.),.UNSPECIFIED.);
#230=B_SPLINE_SURFACE_WITH_KNOTS('',3,1,((#10487,#10488),(#10489,#10490),
(#10491,#10492),(#10493,#10494),(#10495,#10496)),
 .SURF_OF_LINEAR_EXTRUSION.,.F.,.F.,.F.,(4,1,4),(2,2),(0.,0.5,1.),(0.,1.),
 .UNSPECIFIED.);
#231=B_SPLINE_SURFACE_WITH_KNOTS('',3,1,((#10513,#10514),(#10515,#10516),
(#10517,#10518),(#10519,#10520)),.SURF_OF_LINEAR_EXTRUSION.,.F.,.F.,.F.,
(4,4),(2,2),(0.,1.),(0.,1.),.PIECEWISE_BEZIER_KNOTS.);
#232=B_SPLINE_SURFACE_WITH_KNOTS('',3,1,((#10544,#10545),(#10546,#10547),
(#10548,#10549),(#10550,#10551),(#10552,#10553)),
 .SURF_OF_LINEAR_EXTRUSION.,.F.,.F.,.F.,(4,1,4),(2,2),(0.00181528849021032,
0.500907644245105,1.),(0.,1.),.UNSPECIFIED.);
#233=B_SPLINE_SURFACE_WITH_KNOTS('',3,1,((#10567,#10568),(#10569,#10570),
(#10571,#10572),(#10573,#10574)),.SURF_OF_LINEAR_EXTRUSION.,.F.,.F.,.F.,
(4,4),(2,2),(0.,1.),(0.,1.),.PIECEWISE_BEZIER_KNOTS.);
#234=B_SPLINE_SURFACE_WITH_KNOTS('',3,1,((#10598,#10599),(#10600,#10601),
(#10602,#10603),(#10604,#10605),(#10606,#10607),(#10608,#10609)),
 .SURF_OF_LINEAR_EXTRUSION.,.F.,.F.,.F.,(4,1,1,4),(2,2),(0.116667271176936,
0.337500453382702,0.558333635588468,1.),(0.,1.),.UNSPECIFIED.);
#235=B_SPLINE_SURFACE_WITH_KNOTS('',3,1,((#10623,#10624),(#10625,#10626),
(#10627,#10628),(#10629,#10630)),.SURF_OF_LINEAR_EXTRUSION.,.F.,.F.,.F.,
(4,4),(2,2),(0.,1.),(0.,1.),.PIECEWISE_BEZIER_KNOTS.);
#236=B_SPLINE_SURFACE_WITH_KNOTS('',3,1,((#10696,#10697),(#10698,#10699),
(#10700,#10701),(#10702,#10703)),.SURF_OF_LINEAR_EXTRUSION.,.F.,.F.,.F.,
(4,4),(2,2),(0.,1.),(0.,1.),.PIECEWISE_BEZIER_KNOTS.);
#237=B_SPLINE_SURFACE_WITH_KNOTS('',3,1,((#10724,#10725),(#10726,#10727),
(#10728,#10729),(#10730,#10731)),.SURF_OF_LINEAR_EXTRUSION.,.F.,.F.,.F.,
(4,4),(2,2),(0.,1.),(0.,1.),.PIECEWISE_BEZIER_KNOTS.);
#238=B_SPLINE_SURFACE_WITH_KNOTS('',3,1,((#10752,#10753),(#10754,#10755),
(#10756,#10757),(#10758,#10759)),.SURF_OF_LINEAR_EXTRUSION.,.F.,.F.,.F.,
(4,4),(2,2),(0.,1.),(0.,1.),.PIECEWISE_BEZIER_KNOTS.);
#239=B_SPLINE_SURFACE_WITH_KNOTS('',3,1,((#10786,#10787),(#10788,#10789),
(#10790,#10791),(#10792,#10793)),.SURF_OF_LINEAR_EXTRUSION.,.F.,.F.,.F.,
(4,4),(2,2),(0.,1.),(0.,1.),.PIECEWISE_BEZIER_KNOTS.);
#240=B_SPLINE_SURFACE_WITH_KNOTS('',3,1,((#10820,#10821),(#10822,#10823),
(#10824,#10825),(#10826,#10827)),.SURF_OF_LINEAR_EXTRUSION.,.F.,.F.,.F.,
(4,4),(2,2),(0.,1.),(0.,1.),.PIECEWISE_BEZIER_KNOTS.);
#241=B_SPLINE_SURFACE_WITH_KNOTS('',3,1,((#10854,#10855),(#10856,#10857),
(#10858,#10859),(#10860,#10861)),.SURF_OF_LINEAR_EXTRUSION.,.F.,.F.,.F.,
(4,4),(2,2),(0.,1.),(0.,1.),.PIECEWISE_BEZIER_KNOTS.);
#242=B_SPLINE_SURFACE_WITH_KNOTS('',3,1,((#10888,#10889),(#10890,#10891),
(#10892,#10893),(#10894,#10895)),.SURF_OF_LINEAR_EXTRUSION.,.F.,.F.,.F.,
(4,4),(2,2),(0.,1.),(0.,1.),.PIECEWISE_BEZIER_KNOTS.);
#243=B_SPLINE_SURFACE_WITH_KNOTS('',3,1,((#10921,#10922),(#10923,#10924),
(#10925,#10926),(#10927,#10928)),.SURF_OF_LINEAR_EXTRUSION.,.F.,.F.,.F.,
(4,4),(2,2),(0.,1.),(0.,1.),.PIECEWISE_BEZIER_KNOTS.);
#244=B_SPLINE_SURFACE_WITH_KNOTS('',3,1,((#10937,#10938),(#10939,#10940),
(#10941,#10942),(#10943,#10944)),.SURF_OF_LINEAR_EXTRUSION.,.F.,.F.,.F.,
(4,4),(2,2),(0.,1.),(0.,1.),.PIECEWISE_BEZIER_KNOTS.);
#245=B_SPLINE_SURFACE_WITH_KNOTS('',3,1,((#10953,#10954),(#10955,#10956),
(#10957,#10958),(#10959,#10960)),.SURF_OF_LINEAR_EXTRUSION.,.F.,.F.,.F.,
(4,4),(2,2),(0.,1.),(0.,1.),.PIECEWISE_BEZIER_KNOTS.);
#246=B_SPLINE_SURFACE_WITH_KNOTS('',3,1,((#10969,#10970),(#10971,#10972),
(#10973,#10974),(#10975,#10976)),.SURF_OF_LINEAR_EXTRUSION.,.F.,.F.,.F.,
(4,4),(2,2),(0.,1.),(0.,1.),.PIECEWISE_BEZIER_KNOTS.);
#247=B_SPLINE_SURFACE_WITH_KNOTS('',3,1,((#10985,#10986),(#10987,#10988),
(#10989,#10990),(#10991,#10992)),.SURF_OF_LINEAR_EXTRUSION.,.F.,.F.,.F.,
(4,4),(2,2),(0.,1.),(0.,1.),.PIECEWISE_BEZIER_KNOTS.);
#248=B_SPLINE_SURFACE_WITH_KNOTS('',3,1,((#11018,#11019),(#11020,#11021),
(#11022,#11023),(#11024,#11025),(#11026,#11027),(#11028,#11029),(#11030,
#11031),(#11032,#11033),(#11034,#11035),(#11036,#11037),(#11038,#11039),
(#11040,#11041),(#11042,#11043),(#11044,#11045),(#11046,#11047),(#11048,
#11049),(#11050,#11051),(#11052,#11053),(#11054,#11055),(#11056,#11057),
(#11058,#11059),(#11060,#11061),(#11062,#11063),(#11064,#11065),(#11066,
#11067),(#11068,#11069),(#11070,#11071),(#11072,#11073),(#11074,#11075),
(#11076,#11077),(#11078,#11079),(#11080,#11081),(#11082,#11083),(#11084,
#11085),(#11086,#11087),(#11088,#11089),(#11090,#11091),(#11092,#11093),
(#11094,#11095),(#11096,#11097),(#11098,#11099),(#11100,#11101),(#11102,
#11103),(#11104,#11105),(#11106,#11107),(#11108,#11109),(#11110,#11111),
(#11112,#11113),(#11114,#11115),(#11116,#11117),(#11118,#11119),(#11120,
#11121),(#11122,#11123),(#11124,#11125),(#11126,#11127),(#11128,#11129),
(#11130,#11131),(#11132,#11133),(#11134,#11135),(#11136,#11137),(#11138,
#11139),(#11140,#11141),(#11142,#11143),(#11144,#11145),(#11146,#11147),
(#11148,#11149),(#11150,#11151),(#11152,#11153),(#11154,#11155),(#11156,
#11157),(#11158,#11159),(#11160,#11161),(#11162,#11163),(#11164,#11165),
(#11166,#11167),(#11168,#11169),(#11170,#11171),(#11172,#11173),(#11174,
#11175),(#11176,#11177),(#11178,#11179),(#11180,#11181),(#11182,#11183),
(#11184,#11185),(#11186,#11187),(#11188,#11189),(#11190,#11191),(#11192,
#11193),(#11194,#11195),(#11196,#11197),(#11198,#11199),(#11200,#11201),
(#11202,#11203),(#11204,#11205),(#11206,#11207),(#11208,#11209),(#11210,
#11211),(#11212,#11213),(#11214,#11215),(#11216,#11217),(#11218,#11219),
(#11220,#11221),(#11222,#11223),(#11224,#11225),(#11226,#11227),(#11228,
#11229),(#11230,#11231),(#11232,#11233),(#11234,#11235),(#11236,#11237),
(#11238,#11239),(#11240,#11241),(#11242,#11243),(#11244,#11245),(#11246,
#11247),(#11248,#11249),(#11250,#11251),(#11252,#11253),(#11254,#11255),
(#11256,#11257),(#11258,#11259),(#11260,#11261),(#11262,#11263),(#11264,
#11265),(#11266,#11267),(#11268,#11269),(#11270,#11271)),
 .SURF_OF_LINEAR_EXTRUSION.,.F.,.F.,.F.,(4,1,1,1,1,1,1,1,1,1,1,1,1,1,1,
1,1,1,1,1,1,1,1,1,1,1,1,1,1,1,1,1,1,1,1,1,1,1,1,1,1,1,1,1,1,1,1,1,1,1,1,
1,1,1,1,1,1,1,1,1,1,1,1,1,1,1,1,1,1,1,1,1,1,1,1,1,1,1,1,1,1,1,1,1,1,1,1,
1,1,1,1,1,1,1,1,1,1,1,1,1,1,1,1,1,1,1,1,1,1,1,1,1,1,1,1,1,1,1,1,1,1,1,1,
1,4),(2,2),(0.,0.0078125,0.015625,0.0234375,0.03125,0.0390625,0.046875,
0.0546875,0.0625,0.0703125,0.078125,0.0859375,0.09375,0.1015625,0.109375,
0.1171875,0.125,0.1328125,0.140625,0.1484375,0.15625,0.1640625,0.171875,
0.1796875,0.1875,0.1953125,0.203125,0.21875,0.2265625,0.234375,0.2421875,
0.25,0.2578125,0.265625,0.28125,0.296875,0.3046875,0.3125,0.328125,0.3359375,
0.34375,0.3515625,0.359375,0.3671875,0.375,0.3828125,0.390625,0.3984375,
0.40625,0.4140625,0.421875,0.4296875,0.4375,0.4453125,0.453125,0.4609375,
0.46875,0.4765625,0.484375,0.4921875,0.5,0.5078125,0.515625,0.5234375,0.53125,
0.5390625,0.546875,0.5546875,0.5625,0.5703125,0.578125,0.5859375,0.59375,
0.6015625,0.609375,0.6171875,0.625,0.6328125,0.640625,0.6484375,0.65625,
0.6640625,0.671875,0.6796875,0.6875,0.6953125,0.703125,0.7109375,0.71875,
0.7265625,0.734375,0.7421875,0.75,0.7578125,0.765625,0.7734375,0.78125,
0.7890625,0.796875,0.8046875,0.8125,0.8203125,0.828125,0.8359375,0.84375,
0.8515625,0.859375,0.8671875,0.875,0.8828125,0.890625,0.8984375,0.90625,
0.9140625,0.921875,0.9296875,0.9375,0.9453125,0.953125,0.9609375,0.96875,
0.9765625,0.984375,0.9921875,1.),(0.,1.),.UNSPECIFIED.);
#249=B_SPLINE_SURFACE_WITH_KNOTS('',3,1,((#11433,#11434),(#11435,#11436),
(#11437,#11438),(#11439,#11440),(#11441,#11442),(#11443,#11444),(#11445,
#11446),(#11447,#11448),(#11449,#11450),(#11451,#11452),(#11453,#11454),
(#11455,#11456),(#11457,#11458),(#11459,#11460),(#11461,#11462),(#11463,
#11464),(#11465,#11466),(#11467,#11468),(#11469,#11470),(#11471,#11472),
(#11473,#11474),(#11475,#11476),(#11477,#11478),(#11479,#11480),(#11481,
#11482),(#11483,#11484),(#11485,#11486),(#11487,#11488),(#11489,#11490),
(#11491,#11492),(#11493,#11494),(#11495,#11496),(#11497,#11498),(#11499,
#11500),(#11501,#11502),(#11503,#11504),(#11505,#11506),(#11507,#11508),
(#11509,#11510),(#11511,#11512),(#11513,#11514),(#11515,#11516),(#11517,
#11518),(#11519,#11520),(#11521,#11522),(#11523,#11524),(#11525,#11526),
(#11527,#11528),(#11529,#11530),(#11531,#11532),(#11533,#11534),(#11535,
#11536),(#11537,#11538),(#11539,#11540),(#11541,#11542),(#11543,#11544),
(#11545,#11546),(#11547,#11548),(#11549,#11550),(#11551,#11552),(#11553,
#11554),(#11555,#11556),(#11557,#11558),(#11559,#11560),(#11561,#11562),
(#11563,#11564),(#11565,#11566),(#11567,#11568),(#11569,#11570),(#11571,
#11572),(#11573,#11574),(#11575,#11576),(#11577,#11578),(#11579,#11580),
(#11581,#11582),(#11583,#11584),(#11585,#11586),(#11587,#11588),(#11589,
#11590),(#11591,#11592),(#11593,#11594),(#11595,#11596),(#11597,#11598),
(#11599,#11600),(#11601,#11602),(#11603,#11604),(#11605,#11606),(#11607,
#11608),(#11609,#11610),(#11611,#11612),(#11613,#11614),(#11615,#11616),
(#11617,#11618),(#11619,#11620),(#11621,#11622),(#11623,#11624),(#11625,
#11626),(#11627,#11628),(#11629,#11630),(#11631,#11632),(#11633,#11634),
(#11635,#11636),(#11637,#11638),(#11639,#11640),(#11641,#11642),(#11643,
#11644),(#11645,#11646),(#11647,#11648),(#11649,#11650),(#11651,#11652),
(#11653,#11654),(#11655,#11656),(#11657,#11658),(#11659,#11660),(#11661,
#11662),(#11663,#11664),(#11665,#11666),(#11667,#11668),(#11669,#11670),
(#11671,#11672),(#11673,#11674),(#11675,#11676),(#11677,#11678),(#11679,
#11680),(#11681,#11682),(#11683,#11684),(#11685,#11686),(#11687,#11688),
(#11689,#11690),(#11691,#11692),(#11693,#11694),(#11695,#11696),(#11697,
#11698),(#11699,#11700),(#11701,#11702),(#11703,#11704),(#11705,#11706),
(#11707,#11708),(#11709,#11710),(#11711,#11712),(#11713,#11714),(#11715,
#11716),(#11717,#11718),(#11719,#11720),(#11721,#11722),(#11723,#11724),
(#11725,#11726),(#11727,#11728),(#11729,#11730),(#11731,#11732),(#11733,
#11734),(#11735,#11736),(#11737,#11738),(#11739,#11740),(#11741,#11742),
(#11743,#11744),(#11745,#11746),(#11747,#11748),(#11749,#11750),(#11751,
#11752),(#11753,#11754),(#11755,#11756),(#11757,#11758),(#11759,#11760),
(#11761,#11762),(#11763,#11764),(#11765,#11766),(#11767,#11768),(#11769,
#11770),(#11771,#11772),(#11773,#11774),(#11775,#11776),(#11777,#11778),
(#11779,#11780),(#11781,#11782),(#11783,#11784),(#11785,#11786),(#11787,
#11788),(#11789,#11790),(#11791,#11792),(#11793,#11794),(#11795,#11796),
(#11797,#11798),(#11799,#11800),(#11801,#11802),(#11803,#11804),(#11805,
#11806)),.SURF_OF_LINEAR_EXTRUSION.,.F.,.F.,.F.,(4,1,1,1,1,1,1,1,1,1,1,
1,1,1,1,1,1,1,1,1,1,1,1,1,1,1,1,1,1,1,1,1,1,1,1,1,1,1,1,1,1,1,1,1,1,1,1,
1,1,1,1,1,1,1,1,1,1,1,1,1,1,1,1,1,1,1,1,1,1,1,1,1,1,1,1,1,1,1,1,1,1,1,1,
1,1,1,1,1,1,1,1,1,1,1,1,1,1,1,1,1,1,1,1,1,1,1,1,1,1,1,1,1,1,1,1,1,1,1,1,
1,1,1,1,1,1,1,1,1,1,1,1,1,1,1,1,1,1,1,1,1,1,1,1,1,1,1,1,1,1,1,1,1,1,1,1,
1,1,1,1,1,1,1,1,1,1,1,1,1,1,1,1,1,1,1,1,1,1,1,1,1,1,1,1,1,4),(2,2),(0.,
0.0078125,0.015625,0.0234375,0.03125,0.0390625,0.046875,0.0546875,0.0625,
0.0703125,0.07421875,0.078125,0.08203125,0.0859375,0.09375,0.1015625,0.109375,
0.1171875,0.125,0.1328125,0.140625,0.1484375,0.15625,0.1640625,0.171875,
0.1796875,0.1875,0.1953125,0.19921875,0.203125,0.20703125,0.2109375,0.21484375,
0.21875,0.2265625,0.234375,0.2421875,0.25,0.25390625,0.2578125,0.26171875,
0.265625,0.26953125,0.2734375,0.27734375,0.28125,0.2890625,0.296875,0.3046875,
0.3125,0.3203125,0.32421875,0.328125,0.3359375,0.34375,0.3515625,0.359375,
0.3671875,0.375,0.3828125,0.390625,0.3984375,0.40625,0.41015625,0.4140625,
0.41796875,0.421875,0.42578125,0.4296875,0.4375,0.4453125,0.453125,0.4609375,
0.46484375,0.46875,0.47265625,0.4765625,0.48046875,0.484375,0.48828125,
0.4921875,0.49609375,0.5,0.50390625,0.5078125,0.515625,0.5234375,0.53125,
0.5390625,0.546875,0.55078125,0.5546875,0.55859375,0.5625,0.56640625,0.5703125,
0.57421875,0.578125,0.5859375,0.59375,0.6015625,0.609375,0.6171875,0.625,
0.6328125,0.640625,0.6484375,0.65234375,0.65625,0.66015625,0.6640625,0.66796875,
0.671875,0.67578125,0.6796875,0.68359375,0.6875,0.69140625,0.6953125,0.69921875,
0.703125,0.7109375,0.71484375,0.71875,0.72265625,0.7265625,0.73046875,0.734375,
0.73828125,0.7421875,0.74609375,0.75,0.75390625,0.7578125,0.765625,0.7734375,
0.78125,0.78515625,0.7890625,0.796875,0.8046875,0.8125,0.81640625,0.8203125,
0.82421875,0.828125,0.83203125,0.8359375,0.83984375,0.84375,0.84765625,
0.8515625,0.859375,0.86328125,0.8671875,0.87109375,0.875,0.8828125,0.88671875,
0.890625,0.89453125,0.8984375,0.90625,0.9140625,0.921875,0.92578125,0.9296875,
0.93359375,0.9375,0.94140625,0.9453125,0.94921875,0.953125,0.95703125,0.9609375,
0.96484375,0.96875,0.97265625,0.9765625,0.98046875,0.984375,0.98828125,
0.9921875,0.99609375,1.),(0.,1.),.UNSPECIFIED.);
#250=B_SPLINE_SURFACE_WITH_KNOTS('',3,1,((#12075,#12076),(#12077,#12078),
(#12079,#12080),(#12081,#12082)),.SURF_OF_LINEAR_EXTRUSION.,.F.,.F.,.F.,
(4,4),(2,2),(0.,1.),(0.,1.),.PIECEWISE_BEZIER_KNOTS.);
#251=B_SPLINE_SURFACE_WITH_KNOTS('',3,1,((#12097,#12098),(#12099,#12100),
(#12101,#12102),(#12103,#12104)),.SURF_OF_LINEAR_EXTRUSION.,.F.,.F.,.F.,
(4,4),(2,2),(0.,0.59841840395371),(0.,1.),.PIECEWISE_BEZIER_KNOTS.);
#252=B_SPLINE_SURFACE_WITH_KNOTS('',3,1,((#12116,#12117),(#12118,#12119),
(#12120,#12121),(#12122,#12123)),.SURF_OF_LINEAR_EXTRUSION.,.F.,.F.,.F.,
(4,4),(2,2),(0.,1.),(0.,1.),.PIECEWISE_BEZIER_KNOTS.);
#253=B_SPLINE_SURFACE_WITH_KNOTS('',3,1,((#12138,#12139),(#12140,#12141),
(#12142,#12143),(#12144,#12145)),.SURF_OF_LINEAR_EXTRUSION.,.F.,.F.,.F.,
(4,4),(2,2),(0.419481373756598,1.),(0.,1.),.PIECEWISE_BEZIER_KNOTS.);
#254=B_SPLINE_SURFACE_WITH_KNOTS('',3,1,((#12157,#12158),(#12159,#12160),
(#12161,#12162),(#12163,#12164)),.SURF_OF_LINEAR_EXTRUSION.,.F.,.F.,.F.,
(4,4),(2,2),(0.,1.),(0.,1.),.PIECEWISE_BEZIER_KNOTS.);
#255=B_SPLINE_SURFACE_WITH_KNOTS('',3,1,((#12179,#12180),(#12181,#12182),
(#12183,#12184),(#12185,#12186)),.SURF_OF_LINEAR_EXTRUSION.,.F.,.F.,.F.,
(4,4),(2,2),(0.,0.610207059861272),(0.,1.),.PIECEWISE_BEZIER_KNOTS.);
#256=B_SPLINE_SURFACE_WITH_KNOTS('',3,1,((#12198,#12199),(#12200,#12201),
(#12202,#12203),(#12204,#12205)),.SURF_OF_LINEAR_EXTRUSION.,.F.,.F.,.F.,
(4,4),(2,2),(0.,1.),(0.,1.),.PIECEWISE_BEZIER_KNOTS.);
#257=B_SPLINE_SURFACE_WITH_KNOTS('',3,1,((#12235,#12236),(#12237,#12238),
(#12239,#12240),(#12241,#12242)),.SURF_OF_LINEAR_EXTRUSION.,.F.,.F.,.F.,
(4,4),(2,2),(0.,0.350779465411389),(0.,1.),.PIECEWISE_BEZIER_KNOTS.);
#258=B_SPLINE_SURFACE_WITH_KNOTS('',3,1,((#12263,#12264),(#12265,#12266),
(#12267,#12268),(#12269,#12270)),.SURF_OF_LINEAR_EXTRUSION.,.F.,.F.,.F.,
(4,4),(2,2),(0.66381660394666,1.),(0.,1.),.PIECEWISE_BEZIER_KNOTS.);
#259=B_SPLINE_SURFACE_WITH_KNOTS('',3,1,((#12299,#12300),(#12301,#12302),
(#12303,#12304),(#12305,#12306)),.SURF_OF_LINEAR_EXTRUSION.,.F.,.F.,.F.,
(4,4),(2,2),(0.,1.),(0.,1.),.PIECEWISE_BEZIER_KNOTS.);
#260=B_SPLINE_SURFACE_WITH_KNOTS('',3,1,((#12315,#12316),(#12317,#12318),
(#12319,#12320),(#12321,#12322)),.SURF_OF_LINEAR_EXTRUSION.,.F.,.F.,.F.,
(4,4),(2,2),(0.,1.),(0.,1.),.PIECEWISE_BEZIER_KNOTS.);
#261=B_SPLINE_SURFACE_WITH_KNOTS('',3,1,((#12669,#12670),(#12671,#12672),
(#12673,#12674),(#12675,#12676)),.SURF_OF_LINEAR_EXTRUSION.,.F.,.F.,.F.,
(4,4),(2,2),(0.,1.),(0.,1.),.PIECEWISE_BEZIER_KNOTS.);
#262=B_SPLINE_SURFACE_WITH_KNOTS('',3,1,((#12706,#12707),(#12708,#12709),
(#12710,#12711),(#12712,#12713)),.SURF_OF_LINEAR_EXTRUSION.,.F.,.F.,.F.,
(4,4),(2,2),(0.,1.),(0.,1.),.PIECEWISE_BEZIER_KNOTS.);
#263=B_SPLINE_SURFACE_WITH_KNOTS('',3,1,((#12734,#12735),(#12736,#12737),
(#12738,#12739),(#12740,#12741)),.SURF_OF_LINEAR_EXTRUSION.,.F.,.F.,.F.,
(4,4),(2,2),(0.,1.),(0.,1.),.PIECEWISE_BEZIER_KNOTS.);
#264=B_SPLINE_SURFACE_WITH_KNOTS('',3,1,((#12762,#12763),(#12764,#12765),
(#12766,#12767),(#12768,#12769)),.SURF_OF_LINEAR_EXTRUSION.,.F.,.F.,.F.,
(4,4),(2,2),(0.,1.),(0.,1.),.PIECEWISE_BEZIER_KNOTS.);
#265=B_SPLINE_SURFACE_WITH_KNOTS('',3,1,((#12786,#12787),(#12788,#12789),
(#12790,#12791),(#12792,#12793)),.SURF_OF_LINEAR_EXTRUSION.,.F.,.F.,.F.,
(4,4),(2,2),(0.,1.),(0.,1.),.PIECEWISE_BEZIER_KNOTS.);
#266=B_SPLINE_SURFACE_WITH_KNOTS('',3,1,((#12802,#12803),(#12804,#12805),
(#12806,#12807),(#12808,#12809)),.SURF_OF_LINEAR_EXTRUSION.,.F.,.F.,.F.,
(4,4),(2,2),(0.,1.),(0.,1.),.PIECEWISE_BEZIER_KNOTS.);
#267=B_SPLINE_SURFACE_WITH_KNOTS('',3,1,((#12821,#12822),(#12823,#12824),
(#12825,#12826),(#12827,#12828)),.SURF_OF_LINEAR_EXTRUSION.,.F.,.F.,.F.,
(4,4),(2,2),(0.,1.),(0.,1.),.PIECEWISE_BEZIER_KNOTS.);
#268=B_SPLINE_SURFACE_WITH_KNOTS('',3,1,((#12845,#12846),(#12847,#12848),
(#12849,#12850),(#12851,#12852),(#12853,#12854),(#12855,#12856),(#12857,
#12858),(#12859,#12860),(#12861,#12862),(#12863,#12864),(#12865,#12866),
(#12867,#12868),(#12869,#12870),(#12871,#12872),(#12873,#12874),(#12875,
#12876),(#12877,#12878),(#12879,#12880)),.SURF_OF_LINEAR_EXTRUSION.,.F.,
 .F.,.F.,(4,1,1,1,1,1,1,1,1,1,1,1,1,1,1,4),(2,2),(0.,0.0625,0.125,0.1875,
0.25,0.3125,0.375,0.4375,0.5,0.5625,0.625,0.6875,0.75,0.8125,0.875,1.),
(0.,1.),.UNSPECIFIED.);
#269=B_SPLINE_SURFACE_WITH_KNOTS('',3,1,((#12931,#12932),(#12933,#12934),
(#12935,#12936),(#12937,#12938),(#12939,#12940),(#12941,#12942),(#12943,
#12944),(#12945,#12946),(#12947,#12948),(#12949,#12950),(#12951,#12952),
(#12953,#12954)),.SURF_OF_LINEAR_EXTRUSION.,.F.,.F.,.F.,(4,1,1,1,1,1,1,
1,1,4),(2,2),(0.,0.125,0.25,0.375,0.5,0.625,0.6875,0.75,0.875,1.),(0.,1.),
 .UNSPECIFIED.);
#270=B_SPLINE_SURFACE_WITH_KNOTS('',3,1,((#12967,#12968),(#12969,#12970),
(#12971,#12972),(#12973,#12974),(#12975,#12976),(#12977,#12978),(#12979,
#12980),(#12981,#12982),(#12983,#12984),(#12985,#12986),(#12987,#12988),
(#12989,#12990),(#12991,#12992)),.SURF_OF_LINEAR_EXTRUSION.,.F.,.F.,.F.,
(4,1,1,1,1,1,1,1,1,1,4),(2,2),(0.,0.125,0.25,0.3125,0.375,0.4375,0.5,0.625,
0.75,0.875,1.),(0.,1.),.UNSPECIFIED.);
#271=B_SPLINE_SURFACE_WITH_KNOTS('',3,1,((#13013,#13014),(#13015,#13016),
(#13017,#13018),(#13019,#13020),(#13021,#13022),(#13023,#13024),(#13025,
#13026),(#13027,#13028),(#13029,#13030),(#13031,#13032),(#13033,#13034),
(#13035,#13036),(#13037,#13038),(#13039,#13040),(#13041,#13042),(#13043,
#13044),(#13045,#13046),(#13047,#13048),(#13049,#13050),(#13051,#13052),
(#13053,#13054)),.SURF_OF_LINEAR_EXTRUSION.,.F.,.F.,.F.,(4,1,1,1,1,1,1,
1,1,1,1,1,1,1,1,1,1,1,4),(2,2),(0.,0.0625,0.125,0.1875,0.25,0.3125,0.375,
0.4375,0.5,0.5625,0.625,0.65625,0.6875,0.75,0.8125,0.84375,0.875,0.9375,
1.),(0.,1.),.UNSPECIFIED.);
#272=B_SPLINE_SURFACE_WITH_KNOTS('',3,1,((#13087,#13088),(#13089,#13090),
(#13091,#13092),(#13093,#13094),(#13095,#13096),(#13097,#13098),(#13099,
#13100),(#13101,#13102),(#13103,#13104),(#13105,#13106),(#13107,#13108),
(#13109,#13110),(#13111,#13112),(#13113,#13114)),
 .SURF_OF_LINEAR_EXTRUSION.,.F.,.F.,.F.,(4,1,1,1,1,1,1,1,1,1,1,4),(2,2),
(0.,0.125,0.25,0.375,0.5,0.5625,0.625,0.6875,0.75,0.8125,0.875,1.),(0.,
1.),.UNSPECIFIED.);
#273=B_SPLINE_SURFACE_WITH_KNOTS('',3,1,((#13145,#13146),(#13147,#13148),
(#13149,#13150),(#13151,#13152),(#13153,#13154),(#13155,#13156),(#13157,
#13158),(#13159,#13160),(#13161,#13162),(#13163,#13164),(#13165,#13166),
(#13167,#13168),(#13169,#13170),(#13171,#13172),(#13173,#13174),(#13175,
#13176),(#13177,#13178),(#13179,#13180),(#13181,#13182),(#13183,#13184),
(#13185,#13186),(#13187,#13188),(#13189,#13190)),
 .SURF_OF_LINEAR_EXTRUSION.,.F.,.F.,.F.,(4,1,1,1,1,1,1,1,1,1,1,1,1,1,1,
1,1,1,1,1,4),(2,2),(0.,0.0625,0.09375,0.125,0.1875,0.25,0.3125,0.375,0.4375,
0.5,0.5625,0.59375,0.625,0.6875,0.75,0.8125,0.875,0.90625,0.9375,0.96875,
1.),(0.,1.),.UNSPECIFIED.);
#274=LINE('',#9178,#585);
#275=LINE('',#9182,#586);
#276=LINE('',#9187,#587);
#277=LINE('',#9191,#588);
#278=LINE('',#9196,#589);
#279=LINE('',#9200,#590);
#280=LINE('',#9205,#591);
#281=LINE('',#9209,#592);
#282=LINE('',#9214,#593);
#283=LINE('',#9218,#594);
#284=LINE('',#9223,#595);
#285=LINE('',#9227,#596);
#286=LINE('',#9242,#597);
#287=LINE('',#9249,#598);
#288=LINE('',#9264,#599);
#289=LINE('',#9271,#600);
#290=LINE('',#9286,#601);
#291=LINE('',#9293,#602);
#292=LINE('',#9308,#603);
#293=LINE('',#9315,#604);
#294=LINE('',#9320,#605);
#295=LINE('',#9324,#606);
#296=LINE('',#9328,#607);
#297=LINE('',#9336,#608);
#298=LINE('',#9341,#609);
#299=LINE('',#9345,#610);
#300=LINE('',#9350,#611);
#301=LINE('',#9354,#612);
#302=LINE('',#9360,#613);
#303=LINE('',#9365,#614);
#304=LINE('',#9369,#615);
#305=LINE('',#9373,#616);
#306=LINE('',#9380,#617);
#307=LINE('',#9384,#618);
#308=LINE('',#9399,#619);
#309=LINE('',#9406,#620);
#310=LINE('',#9410,#621);
#311=LINE('',#9427,#622);
#312=LINE('',#9434,#623);
#313=LINE('',#9465,#624);
#314=LINE('',#9472,#625);
#315=LINE('',#9486,#626);
#316=LINE('',#9521,#627);
#317=LINE('',#9556,#628);
#318=LINE('',#9575,#629);
#319=LINE('',#9594,#630);
#320=LINE('',#9630,#631);
#321=LINE('',#9637,#632);
#322=LINE('',#9667,#633);
#323=LINE('',#9699,#634);
#324=LINE('',#9706,#635);
#325=LINE('',#9710,#636);
#326=LINE('',#9714,#637);
#327=LINE('',#9744,#638);
#328=LINE('',#9751,#639);
#329=LINE('',#9756,#640);
#330=LINE('',#9760,#641);
#331=LINE('',#9765,#642);
#332=LINE('',#9769,#643);
#333=LINE('',#9784,#644);
#334=LINE('',#9791,#645);
#335=LINE('',#9805,#646);
#336=LINE('',#9841,#647);
#337=LINE('',#9848,#648);
#338=LINE('',#9881,#649);
#339=LINE('',#9919,#650);
#340=LINE('',#9929,#651);
#341=LINE('',#9933,#652);
#342=LINE('',#9950,#653);
#343=LINE('',#9974,#654);
#344=LINE('',#10004,#655);
#345=LINE('',#10154,#656);
#346=LINE('',#10172,#657);
#347=LINE('',#10176,#658);
#348=LINE('',#10231,#659);
#349=LINE('',#10249,#660);
#350=LINE('',#10308,#661);
#351=LINE('',#10367,#662);
#352=LINE('',#10382,#663);
#353=LINE('',#10386,#664);
#354=LINE('',#10402,#665);
#355=LINE('',#10411,#666);
#356=LINE('',#10451,#667);
#357=LINE('',#10504,#668);
#358=LINE('',#10512,#669);
#359=LINE('',#10526,#670);
#360=LINE('',#10535,#671);
#361=LINE('',#10541,#672);
#362=LINE('',#10560,#673);
#363=LINE('',#10580,#674);
#364=LINE('',#10589,#675);
#365=LINE('',#10595,#676);
#366=LINE('',#10616,#677);
#367=LINE('',#10636,#678);
#368=LINE('',#10645,#679);
#369=LINE('',#10651,#680);
#370=LINE('',#10658,#681);
#371=LINE('',#10662,#682);
#372=LINE('',#10666,#683);
#373=LINE('',#10672,#684);
#374=LINE('',#10678,#685);
#375=LINE('',#10684,#686);
#376=LINE('',#10710,#687);
#377=LINE('',#10717,#688);
#378=LINE('',#10721,#689);
#379=LINE('',#10737,#690);
#380=LINE('',#10747,#691);
#381=LINE('',#10751,#692);
#382=LINE('',#10765,#693);
#383=LINE('',#10774,#694);
#384=LINE('',#10781,#695);
#385=LINE('',#10785,#696);
#386=LINE('',#10799,#697);
#387=LINE('',#10808,#698);
#388=LINE('',#10815,#699);
#389=LINE('',#10819,#700);
#390=LINE('',#10833,#701);
#391=LINE('',#10842,#702);
#392=LINE('',#10849,#703);
#393=LINE('',#10853,#704);
#394=LINE('',#10867,#705);
#395=LINE('',#10876,#706);
#396=LINE('',#10883,#707);
#397=LINE('',#10887,#708);
#398=LINE('',#10901,#709);
#399=LINE('',#10910,#710);
#400=LINE('',#11013,#711);
#401=LINE('',#11017,#712);
#402=LINE('',#11352,#713);
#403=LINE('',#12089,#714);
#404=LINE('',#12096,#715);
#405=LINE('',#12110,#716);
#406=LINE('',#12130,#717);
#407=LINE('',#12137,#718);
#408=LINE('',#12151,#719);
#409=LINE('',#12171,#720);
#410=LINE('',#12178,#721);
#411=LINE('',#12192,#722);
#412=LINE('',#12212,#723);
#413=LINE('',#12219,#724);
#414=LINE('',#12223,#725);
#415=LINE('',#12230,#726);
#416=LINE('',#12234,#727);
#417=LINE('',#12248,#728);
#418=LINE('',#12258,#729);
#419=LINE('',#12262,#730);
#420=LINE('',#12276,#731);
#421=LINE('',#12283,#732);
#422=LINE('',#12284,#733);
#423=LINE('',#12286,#734);
#424=LINE('',#12287,#735);
#425=LINE('',#12289,#736);
#426=LINE('',#12290,#737);
#427=LINE('',#12343,#738);
#428=LINE('',#12347,#739);
#429=LINE('',#12352,#740);
#430=LINE('',#12356,#741);
#431=LINE('',#12361,#742);
#432=LINE('',#12365,#743);
#433=LINE('',#12370,#744);
#434=LINE('',#12374,#745);
#435=LINE('',#12378,#746);
#436=LINE('',#12384,#747);
#437=LINE('',#12391,#748);
#438=LINE('',#12395,#749);
#439=LINE('',#12399,#750);
#440=LINE('',#12405,#751);
#441=LINE('',#12412,#752);
#442=LINE('',#12416,#753);
#443=LINE('',#12420,#754);
#444=LINE('',#12426,#755);
#445=LINE('',#12456,#756);
#446=LINE('',#12459,#757);
#447=LINE('',#12461,#758);
#448=LINE('',#12463,#759);
#449=LINE('',#12467,#760);
#450=LINE('',#12471,#761);
#451=LINE('',#12473,#762);
#452=LINE('',#12475,#763);
#453=LINE('',#12480,#764);
#454=LINE('',#12484,#765);
#455=LINE('',#12486,#766);
#456=LINE('',#12488,#767);
#457=LINE('',#12490,#768);
#458=LINE('',#12492,#769);
#459=LINE('',#12494,#770);
#460=LINE('',#12496,#771);
#461=LINE('',#12500,#772);
#462=LINE('',#12504,#773);
#463=LINE('',#12506,#774);
#464=LINE('',#12508,#775);
#465=LINE('',#12510,#776);
#466=LINE('',#12512,#777);
#467=LINE('',#12514,#778);
#468=LINE('',#12518,#779);
#469=LINE('',#12522,#780);
#470=LINE('',#12524,#781);
#471=LINE('',#12526,#782);
#472=LINE('',#12528,#783);
#473=LINE('',#12531,#784);
#474=LINE('',#12533,#785);
#475=LINE('',#12535,#786);
#476=LINE('',#12539,#787);
#477=LINE('',#12543,#788);
#478=LINE('',#12545,#789);
#479=LINE('',#12547,#790);
#480=LINE('',#12552,#791);
#481=LINE('',#12556,#792);
#482=LINE('',#12558,#793);
#483=LINE('',#12560,#794);
#484=LINE('',#12562,#795);
#485=LINE('',#12566,#796);
#486=LINE('',#12570,#797);
#487=LINE('',#12571,#798);
#488=LINE('',#12576,#799);
#489=LINE('',#12577,#800);
#490=LINE('',#12585,#801);
#491=LINE('',#12588,#802);
#492=LINE('',#12590,#803);
#493=LINE('',#12592,#804);
#494=LINE('',#12596,#805);
#495=LINE('',#12600,#806);
#496=LINE('',#12602,#807);
#497=LINE('',#12604,#808);
#498=LINE('',#12606,#809);
#499=LINE('',#12609,#810);
#500=LINE('',#12611,#811);
#501=LINE('',#12613,#812);
#502=LINE('',#12617,#813);
#503=LINE('',#12621,#814);
#504=LINE('',#12623,#815);
#505=LINE('',#12625,#816);
#506=LINE('',#12630,#817);
#507=LINE('',#12634,#818);
#508=LINE('',#12636,#819);
#509=LINE('',#12638,#820);
#510=LINE('',#12640,#821);
#511=LINE('',#12644,#822);
#512=LINE('',#12659,#823);
#513=LINE('',#12660,#824);
#514=LINE('',#12683,#825);
#515=LINE('',#12690,#826);
#516=LINE('',#12694,#827);
#517=LINE('',#12701,#828);
#518=LINE('',#12705,#829);
#519=LINE('',#12719,#830);
#520=LINE('',#12729,#831);
#521=LINE('',#12733,#832);
#522=LINE('',#12747,#833);
#523=LINE('',#12757,#834);
#524=LINE('',#12761,#835);
#525=LINE('',#12775,#836);
#526=LINE('',#12819,#837);
#527=LINE('',#12820,#838);
#528=LINE('',#12892,#839);
#529=LINE('',#12904,#840);
#530=LINE('',#12909,#841);
#531=LINE('',#12913,#842);
#532=LINE('',#12918,#843);
#533=LINE('',#12922,#844);
#534=LINE('',#13070,#845);
#535=LINE('',#13086,#846);
#536=LINE('',#13127,#847);
#537=LINE('',#13228,#848);
#538=LINE('',#13232,#849);
#539=LINE('',#13236,#850);
#540=LINE('',#13242,#851);
#541=LINE('',#13260,#852);
#542=LINE('',#13264,#853);
#543=LINE('',#13268,#854);
#544=LINE('',#13274,#855);
#545=LINE('',#13292,#856);
#546=LINE('',#13296,#857);
#547=LINE('',#13300,#858);
#548=LINE('',#13306,#859);
#549=LINE('',#13324,#860);
#550=LINE('',#13328,#861);
#551=LINE('',#13332,#862);
#552=LINE('',#13338,#863);
#553=LINE('',#13356,#864);
#554=LINE('',#13360,#865);
#555=LINE('',#13364,#866);
#556=LINE('',#13370,#867);
#557=LINE('',#13388,#868);
#558=LINE('',#13392,#869);
#559=LINE('',#13396,#870);
#560=LINE('',#13402,#871);
#561=LINE('',#13420,#872);
#562=LINE('',#13424,#873);
#563=LINE('',#13428,#874);
#564=LINE('',#13434,#875);
#565=LINE('',#13452,#876);
#566=LINE('',#13456,#877);
#567=LINE('',#13460,#878);
#568=LINE('',#13466,#879);
#569=LINE('',#13484,#880);
#570=LINE('',#13488,#881);
#571=LINE('',#13492,#882);
#572=LINE('',#13498,#883);
#573=LINE('',#13555,#884);
#574=LINE('',#13559,#885);
#575=LINE('',#13563,#886);
#576=LINE('',#13569,#887);
#577=LINE('',#13587,#888);
#578=LINE('',#13591,#889);
#579=LINE('',#13595,#890);
#580=LINE('',#13601,#891);
#581=LINE('',#13619,#892);
#582=LINE('',#13623,#893);
#583=LINE('',#13627,#894);
#584=LINE('',#13633,#895);
#585=VECTOR('',#7471,1.);
#586=VECTOR('',#7474,1.);
#587=VECTOR('',#7479,1.);
#588=VECTOR('',#7482,1.);
#589=VECTOR('',#7487,1.);
#590=VECTOR('',#7490,1.);
#591=VECTOR('',#7495,1.);
#592=VECTOR('',#7498,1.);
#593=VECTOR('',#7503,1.);
#594=VECTOR('',#7506,1.);
#595=VECTOR('',#7511,1.);
#596=VECTOR('',#7514,1.);
#597=VECTOR('',#7515,1.);
#598=VECTOR('',#7516,1.);
#599=VECTOR('',#7517,1.);
#600=VECTOR('',#7518,1.);
#601=VECTOR('',#7519,1.);
#602=VECTOR('',#7520,1.);
#603=VECTOR('',#7521,1.);
#604=VECTOR('',#7522,1.);
#605=VECTOR('',#7527,1.);
#606=VECTOR('',#7530,1.);
#607=VECTOR('',#7535,1.);
#608=VECTOR('',#7544,1.);
#609=VECTOR('',#7549,1.);
#610=VECTOR('',#7552,1.);
#611=VECTOR('',#7557,1.);
#612=VECTOR('',#7560,1.);
#613=VECTOR('',#7567,1.);
#614=VECTOR('',#7572,1.);
#615=VECTOR('',#7575,1.);
#616=VECTOR('',#7580,1.);
#617=VECTOR('',#7587,1.);
#618=VECTOR('',#7590,1.);
#619=VECTOR('',#7591,1.);
#620=VECTOR('',#7592,1.);
#621=VECTOR('',#7597,1.);
#622=VECTOR('',#7600,1.);
#623=VECTOR('',#7601,1.);
#624=VECTOR('',#7602,1.);
#625=VECTOR('',#7603,1.);
#626=VECTOR('',#7604,1.);
#627=VECTOR('',#7605,1.);
#628=VECTOR('',#7606,1.);
#629=VECTOR('',#7607,1.);
#630=VECTOR('',#7608,1.);
#631=VECTOR('',#7609,1.);
#632=VECTOR('',#7610,1.);
#633=VECTOR('',#7611,1.);
#634=VECTOR('',#7614,1.);
#635=VECTOR('',#7621,1.);
#636=VECTOR('',#7624,1.);
#637=VECTOR('',#7629,1.);
#638=VECTOR('',#7642,1.);
#639=VECTOR('',#7643,1.);
#640=VECTOR('',#7648,1.);
#641=VECTOR('',#7651,1.);
#642=VECTOR('',#7656,1.);
#643=VECTOR('',#7659,1.);
#644=VECTOR('',#7660,1.);
#645=VECTOR('',#7661,1.);
#646=VECTOR('',#7662,1.);
#647=VECTOR('',#7663,1.);
#648=VECTOR('',#7664,1.);
#649=VECTOR('',#7671,1.);
#650=VECTOR('',#7678,1.);
#651=VECTOR('',#7683,1.);
#652=VECTOR('',#7686,1.);
#653=VECTOR('',#7693,1.);
#654=VECTOR('',#7694,1.);
#655=VECTOR('',#7695,1.);
#656=VECTOR('',#7750,1.);
#657=VECTOR('',#7751,1.);
#658=VECTOR('',#7756,1.);
#659=VECTOR('',#7759,1.);
#660=VECTOR('',#7764,1.);
#661=VECTOR('',#7767,1.);
#662=VECTOR('',#7768,1.);
#663=VECTOR('',#7769,1.);
#664=VECTOR('',#7774,1.);
#665=VECTOR('',#7777,1.);
#666=VECTOR('',#7782,1.);
#667=VECTOR('',#7785,1.);
#668=VECTOR('',#7822,1.);
#669=VECTOR('',#7823,1.);
#670=VECTOR('',#7824,1.);
#671=VECTOR('',#7829,1.);
#672=VECTOR('',#7836,1.);
#673=VECTOR('',#7839,1.);
#674=VECTOR('',#7840,1.);
#675=VECTOR('',#7845,1.);
#676=VECTOR('',#7852,1.);
#677=VECTOR('',#7855,1.);
#678=VECTOR('',#7856,1.);
#679=VECTOR('',#7861,1.);
#680=VECTOR('',#7868,1.);
#681=VECTOR('',#7875,1.);
#682=VECTOR('',#7878,1.);
#683=VECTOR('',#7883,1.);
#684=VECTOR('',#7890,1.);
#685=VECTOR('',#7897,1.);
#686=VECTOR('',#7904,1.);
#687=VECTOR('',#7925,1.);
#688=VECTOR('',#7926,1.);
#689=VECTOR('',#7931,1.);
#690=VECTOR('',#7934,1.);
#691=VECTOR('',#7939,1.);
#692=VECTOR('',#7942,1.);
#693=VECTOR('',#7943,1.);
#694=VECTOR('',#7948,1.);
#695=VECTOR('',#7955,1.);
#696=VECTOR('',#7958,1.);
#697=VECTOR('',#7959,1.);
#698=VECTOR('',#7964,1.);
#699=VECTOR('',#7971,1.);
#700=VECTOR('',#7974,1.);
#701=VECTOR('',#7975,1.);
#702=VECTOR('',#7980,1.);
#703=VECTOR('',#7987,1.);
#704=VECTOR('',#7990,1.);
#705=VECTOR('',#7991,1.);
#706=VECTOR('',#7996,1.);
#707=VECTOR('',#8003,1.);
#708=VECTOR('',#8006,1.);
#709=VECTOR('',#8007,1.);
#710=VECTOR('',#8012,1.);
#711=VECTOR('',#8043,1.);
#712=VECTOR('',#8046,1.);
#713=VECTOR('',#8047,1.);
#714=VECTOR('',#8060,1.);
#715=VECTOR('',#8061,1.);
#716=VECTOR('',#8062,1.);
#717=VECTOR('',#8063,1.);
#718=VECTOR('',#8064,1.);
#719=VECTOR('',#8065,1.);
#720=VECTOR('',#8066,1.);
#721=VECTOR('',#8067,1.);
#722=VECTOR('',#8068,1.);
#723=VECTOR('',#8069,1.);
#724=VECTOR('',#8070,1.);
#725=VECTOR('',#8075,1.);
#726=VECTOR('',#8082,1.);
#727=VECTOR('',#8085,1.);
#728=VECTOR('',#8086,1.);
#729=VECTOR('',#8091,1.);
#730=VECTOR('',#8094,1.);
#731=VECTOR('',#8095,1.);
#732=VECTOR('',#8098,1.);
#733=VECTOR('',#8099,1.);
#734=VECTOR('',#8102,1.);
#735=VECTOR('',#8103,1.);
#736=VECTOR('',#8106,1.);
#737=VECTOR('',#8107,1.);
#738=VECTOR('',#8136,1.);
#739=VECTOR('',#8139,1.);
#740=VECTOR('',#8144,1.);
#741=VECTOR('',#8147,1.);
#742=VECTOR('',#8152,1.);
#743=VECTOR('',#8155,1.);
#744=VECTOR('',#8160,1.);
#745=VECTOR('',#8163,1.);
#746=VECTOR('',#8168,1.);
#747=VECTOR('',#8175,1.);
#748=VECTOR('',#8182,1.);
#749=VECTOR('',#8185,1.);
#750=VECTOR('',#8190,1.);
#751=VECTOR('',#8197,1.);
#752=VECTOR('',#8204,1.);
#753=VECTOR('',#8207,1.);
#754=VECTOR('',#8212,1.);
#755=VECTOR('',#8219,1.);
#756=VECTOR('',#8272,1.);
#757=VECTOR('',#8273,1.);
#758=VECTOR('',#8274,1.);
#759=VECTOR('',#8275,1.);
#760=VECTOR('',#8280,1.);
#761=VECTOR('',#8285,1.);
#762=VECTOR('',#8286,1.);
#763=VECTOR('',#8287,1.);
#764=VECTOR('',#8292,1.);
#765=VECTOR('',#8295,1.);
#766=VECTOR('',#8298,1.);
#767=VECTOR('',#8299,1.);
#768=VECTOR('',#8300,1.);
#769=VECTOR('',#8303,1.);
#770=VECTOR('',#8304,1.);
#771=VECTOR('',#8305,1.);
#772=VECTOR('',#8310,1.);
#773=VECTOR('',#8315,1.);
#774=VECTOR('',#8316,1.);
#775=VECTOR('',#8317,1.);
#776=VECTOR('',#8320,1.);
#777=VECTOR('',#8321,1.);
#778=VECTOR('',#8322,1.);
#779=VECTOR('',#8327,1.);
#780=VECTOR('',#8332,1.);
#781=VECTOR('',#8333,1.);
#782=VECTOR('',#8334,1.);
#783=VECTOR('',#8337,1.);
#784=VECTOR('',#8338,1.);
#785=VECTOR('',#8339,1.);
#786=VECTOR('',#8340,1.);
#787=VECTOR('',#8345,1.);
#788=VECTOR('',#8350,1.);
#789=VECTOR('',#8351,1.);
#790=VECTOR('',#8352,1.);
#791=VECTOR('',#8357,1.);
#792=VECTOR('',#8360,1.);
#793=VECTOR('',#8363,1.);
#794=VECTOR('',#8364,1.);
#795=VECTOR('',#8365,1.);
#796=VECTOR('',#8370,1.);
#797=VECTOR('',#8375,1.);
#798=VECTOR('',#8376,1.);
#799=VECTOR('',#8385,1.);
#800=VECTOR('',#8386,1.);
#801=VECTOR('',#8401,1.);
#802=VECTOR('',#8402,1.);
#803=VECTOR('',#8403,1.);
#804=VECTOR('',#8404,1.);
#805=VECTOR('',#8409,1.);
#806=VECTOR('',#8414,1.);
#807=VECTOR('',#8415,1.);
#808=VECTOR('',#8416,1.);
#809=VECTOR('',#8419,1.);
#810=VECTOR('',#8420,1.);
#811=VECTOR('',#8421,1.);
#812=VECTOR('',#8422,1.);
#813=VECTOR('',#8427,1.);
#814=VECTOR('',#8432,1.);
#815=VECTOR('',#8433,1.);
#816=VECTOR('',#8434,1.);
#817=VECTOR('',#8439,1.);
#818=VECTOR('',#8442,1.);
#819=VECTOR('',#8445,1.);
#820=VECTOR('',#8446,1.);
#821=VECTOR('',#8447,1.);
#822=VECTOR('',#8452,1.);
#823=VECTOR('',#8475,1.);
#824=VECTOR('',#8476,1.);
#825=VECTOR('',#8489,1.);
#826=VECTOR('',#8490,1.);
#827=VECTOR('',#8495,1.);
#828=VECTOR('',#8502,1.);
#829=VECTOR('',#8505,1.);
#830=VECTOR('',#8506,1.);
#831=VECTOR('',#8511,1.);
#832=VECTOR('',#8514,1.);
#833=VECTOR('',#8515,1.);
#834=VECTOR('',#8520,1.);
#835=VECTOR('',#8523,1.);
#836=VECTOR('',#8524,1.);
#837=VECTOR('',#8533,1.);
#838=VECTOR('',#8534,1.);
#839=VECTOR('',#8547,1.);
#840=VECTOR('',#8548,1.);
#841=VECTOR('',#8553,1.);
#842=VECTOR('',#8556,1.);
#843=VECTOR('',#8561,1.);
#844=VECTOR('',#8564,1.);
#845=VECTOR('',#8589,1.);
#846=VECTOR('',#8590,1.);
#847=VECTOR('',#8591,1.);
#848=VECTOR('',#8608,1.);
#849=VECTOR('',#8611,1.);
#850=VECTOR('',#8616,1.);
#851=VECTOR('',#8623,1.);
#852=VECTOR('',#8648,1.);
#853=VECTOR('',#8651,1.);
#854=VECTOR('',#8656,1.);
#855=VECTOR('',#8663,1.);
#856=VECTOR('',#8688,1.);
#857=VECTOR('',#8691,1.);
#858=VECTOR('',#8696,1.);
#859=VECTOR('',#8703,1.);
#860=VECTOR('',#8728,1.);
#861=VECTOR('',#8731,1.);
#862=VECTOR('',#8736,1.);
#863=VECTOR('',#8743,1.);
#864=VECTOR('',#8768,1.);
#865=VECTOR('',#8771,1.);
#866=VECTOR('',#8776,1.);
#867=VECTOR('',#8783,1.);
#868=VECTOR('',#8808,1.);
#869=VECTOR('',#8811,1.);
#870=VECTOR('',#8816,1.);
#871=VECTOR('',#8823,1.);
#872=VECTOR('',#8848,1.);
#873=VECTOR('',#8851,1.);
#874=VECTOR('',#8856,1.);
#875=VECTOR('',#8863,1.);
#876=VECTOR('',#8888,1.);
#877=VECTOR('',#8891,1.);
#878=VECTOR('',#8896,1.);
#879=VECTOR('',#8903,1.);
#880=VECTOR('',#8928,1.);
#881=VECTOR('',#8931,1.);
#882=VECTOR('',#8936,1.);
#883=VECTOR('',#8943,1.);
#884=VECTOR('',#9022,1.);
#885=VECTOR('',#9025,1.);
#886=VECTOR('',#9030,1.);
#887=VECTOR('',#9037,1.);
#888=VECTOR('',#9062,1.);
#889=VECTOR('',#9065,1.);
#890=VECTOR('',#9070,1.);
#891=VECTOR('',#9077,1.);
#892=VECTOR('',#9102,1.);
#893=VECTOR('',#9105,1.);
#894=VECTOR('',#9110,1.);
#895=VECTOR('',#9117,1.);
#896=SHAPE_REPRESENTATION_RELATIONSHIP('','',#6673,#927);
#897=SHAPE_REPRESENTATION_RELATIONSHIP('','',#6674,#928);
#898=SHAPE_REPRESENTATION_RELATIONSHIP('','',#6675,#929);
#899=SHAPE_REPRESENTATION_RELATIONSHIP('','',#6676,#930);
#900=SHAPE_REPRESENTATION_RELATIONSHIP('','',#6677,#931);
#901=SHAPE_REPRESENTATION_RELATIONSHIP('','',#6678,#932);
#902=SHAPE_REPRESENTATION_RELATIONSHIP('','',#6679,#933);
#903=SHAPE_REPRESENTATION_RELATIONSHIP('','',#6680,#934);
#904=SHAPE_REPRESENTATION_RELATIONSHIP('','',#6681,#935);
#905=SHAPE_REPRESENTATION_RELATIONSHIP('','',#6682,#936);
#906=SHAPE_REPRESENTATION_RELATIONSHIP('','',#6683,#937);
#907=SHAPE_REPRESENTATION_RELATIONSHIP('','',#6684,#938);
#908=SHAPE_REPRESENTATION_RELATIONSHIP('','',#6685,#939);
#909=SHAPE_REPRESENTATION_RELATIONSHIP('','',#6686,#940);
#910=SHAPE_REPRESENTATION_RELATIONSHIP('','',#6687,#941);
#911=SHAPE_REPRESENTATION_RELATIONSHIP('','',#6688,#942);
#912=SHAPE_REPRESENTATION_RELATIONSHIP('','',#6689,#943);
#913=SHAPE_REPRESENTATION_RELATIONSHIP('','',#6690,#944);
#914=SHAPE_REPRESENTATION_RELATIONSHIP('','',#6691,#945);
#915=SHAPE_REPRESENTATION_RELATIONSHIP('','',#6692,#946);
#916=SHAPE_REPRESENTATION_RELATIONSHIP('','',#6693,#947);
#917=SHAPE_REPRESENTATION_RELATIONSHIP('','',#6694,#948);
#918=SHAPE_REPRESENTATION_RELATIONSHIP('','',#6695,#949);
#919=SHAPE_REPRESENTATION_RELATIONSHIP('','',#6696,#950);
#920=SHAPE_REPRESENTATION_RELATIONSHIP('','',#6697,#951);
#921=SHAPE_REPRESENTATION_RELATIONSHIP('','',#6698,#952);
#922=SHAPE_REPRESENTATION_RELATIONSHIP('','',#6699,#953);
#923=SHAPE_REPRESENTATION_RELATIONSHIP('','',#6700,#954);
#924=SHAPE_REPRESENTATION_RELATIONSHIP('','',#6701,#955);
#925=SHAPE_REPRESENTATION_RELATIONSHIP('','',#6702,#956);
#926=SHAPE_REPRESENTATION_RELATIONSHIP('','',#6703,#957);
#927=ADVANCED_BREP_SHAPE_REPRESENTATION('',(#6611),#13677);
#928=ADVANCED_BREP_SHAPE_REPRESENTATION('',(#6612),#13678);
#929=ADVANCED_BREP_SHAPE_REPRESENTATION('',(#6613),#13679);
#930=ADVANCED_BREP_SHAPE_REPRESENTATION('',(#6614),#13680);
#931=ADVANCED_BREP_SHAPE_REPRESENTATION('',(#6615),#13681);
#932=ADVANCED_BREP_SHAPE_REPRESENTATION('',(#6616),#13682);
#933=ADVANCED_BREP_SHAPE_REPRESENTATION('',(#6617),#13683);
#934=ADVANCED_BREP_SHAPE_REPRESENTATION('',(#6618),#13684);
#935=ADVANCED_BREP_SHAPE_REPRESENTATION('',(#6619),#13685);
#936=ADVANCED_BREP_SHAPE_REPRESENTATION('',(#6620),#13686);
#937=ADVANCED_BREP_SHAPE_REPRESENTATION('',(#6621),#13687);
#938=ADVANCED_BREP_SHAPE_REPRESENTATION('',(#6622),#13688);
#939=ADVANCED_BREP_SHAPE_REPRESENTATION('',(#6623),#13689);
#940=ADVANCED_BREP_SHAPE_REPRESENTATION('',(#6624),#13690);
#941=ADVANCED_BREP_SHAPE_REPRESENTATION('',(#6625),#13691);
#942=ADVANCED_BREP_SHAPE_REPRESENTATION('',(#6626),#13692);
#943=ADVANCED_BREP_SHAPE_REPRESENTATION('',(#6627),#13693);
#944=ADVANCED_BREP_SHAPE_REPRESENTATION('',(#6628),#13694);
#945=ADVANCED_BREP_SHAPE_REPRESENTATION('',(#6629),#13695);
#946=ADVANCED_BREP_SHAPE_REPRESENTATION('',(#6630),#13696);
#947=ADVANCED_BREP_SHAPE_REPRESENTATION('',(#6631),#13697);
#948=ADVANCED_BREP_SHAPE_REPRESENTATION('',(#6632),#13698);
#949=ADVANCED_BREP_SHAPE_REPRESENTATION('',(#6633),#13699);
#950=ADVANCED_BREP_SHAPE_REPRESENTATION('',(#6634),#13700);
#951=ADVANCED_BREP_SHAPE_REPRESENTATION('',(#6635),#13701);
#952=ADVANCED_BREP_SHAPE_REPRESENTATION('',(#6636),#13702);
#953=ADVANCED_BREP_SHAPE_REPRESENTATION('',(#6637),#13703);
#954=ADVANCED_BREP_SHAPE_REPRESENTATION('',(#6638),#13704);
#955=ADVANCED_BREP_SHAPE_REPRESENTATION('',(#6639),#13705);
#956=ADVANCED_BREP_SHAPE_REPRESENTATION('',(#6640),#13706);
#957=ADVANCED_BREP_SHAPE_REPRESENTATION('',(#6641),#13707);
#958=PLANE('',#6708);
#959=PLANE('',#6709);
#960=PLANE('',#6717);
#961=PLANE('',#6718);
#962=PLANE('',#6723);
#963=PLANE('',#6724);
#964=PLANE('',#6729);
#965=PLANE('',#6730);
#966=PLANE('',#6826);
#967=PLANE('',#6830);
#968=PLANE('',#6865);
#969=PLANE('',#6866);
#970=PLANE('',#6907);
#971=PLANE('',#6908);
#972=PLANE('',#6952);
#973=PLANE('',#6953);
#974=PLANE('',#6961);
#975=PLANE('',#6962);
#976=PLANE('',#6973);
#977=PLANE('',#6974);
#978=PLANE('',#6975);
#979=PLANE('',#6985);
#980=PLANE('',#6986);
#981=PLANE('',#7045);
#982=PLANE('',#7046);
#983=PLANE('',#7048);
#984=PLANE('',#7052);
#985=PLANE('',#7056);
#986=PLANE('',#7057);
#987=PLANE('',#7061);
#988=PLANE('',#7062);
#989=PLANE('',#7066);
#990=PLANE('',#7067);
#991=PLANE('',#7071);
#992=PLANE('',#7075);
#993=PLANE('',#7079);
#994=PLANE('',#7083);
#995=PLANE('',#7087);
#996=PLANE('',#7088);
#997=PLANE('',#7090);
#998=PLANE('',#7094);
#999=PLANE('',#7095);
#1000=PLANE('',#7099);
#1001=PLANE('',#7103);
#1002=PLANE('',#7116);
#1003=PLANE('',#7120);
#1004=PLANE('',#7121);
#1005=PLANE('',#7138);
#1006=PLANE('',#7142);
#1007=PLANE('',#7143);
#1008=PLANE('',#7160);
#1009=PLANE('',#7161);
#1010=PLANE('',#7166);
#1011=PLANE('',#7167);
#1012=PLANE('',#7184);
#1013=PLANE('',#7185);
#1014=PLANE('',#7202);
#1015=PLANE('',#7203);
#1016=PLANE('',#7220);
#1017=PLANE('',#7221);
#1018=PLANE('',#7238);
#1019=PLANE('',#7239);
#1020=PLANE('',#7256);
#1021=PLANE('',#7257);
#1022=PLANE('',#7274);
#1023=PLANE('',#7275);
#1024=PLANE('',#7292);
#1025=PLANE('',#7293);
#1026=PLANE('',#7310);
#1027=PLANE('',#7311);
#1028=PLANE('',#7328);
#1029=PLANE('',#7329);
#1030=PLANE('',#7337);
#1031=PLANE('',#7338);
#1032=PLANE('',#7346);
#1033=PLANE('',#7347);
#1034=PLANE('',#7355);
#1035=PLANE('',#7356);
#1036=PLANE('',#7373);
#1037=PLANE('',#7374);
#1038=PLANE('',#7391);
#1039=PLANE('',#7392);
#1040=PLANE('',#7409);
#1041=PLANE('',#7410);
#1042=ORIENTED_EDGE('',*,*,#2800,.F.);
#1043=ORIENTED_EDGE('',*,*,#2801,.T.);
#1044=ORIENTED_EDGE('',*,*,#2800,.T.);
#1045=ORIENTED_EDGE('',*,*,#2801,.F.);
#1046=ORIENTED_EDGE('',*,*,#2802,.T.);
#1047=ORIENTED_EDGE('',*,*,#2803,.F.);
#1048=ORIENTED_EDGE('',*,*,#2804,.F.);
#1049=ORIENTED_EDGE('',*,*,#2805,.T.);
#1050=ORIENTED_EDGE('',*,*,#2802,.F.);
#1051=ORIENTED_EDGE('',*,*,#2804,.T.);
#1052=ORIENTED_EDGE('',*,*,#2803,.T.);
#1053=ORIENTED_EDGE('',*,*,#2805,.F.);
#1054=ORIENTED_EDGE('',*,*,#2806,.F.);
#1055=ORIENTED_EDGE('',*,*,#2807,.T.);
#1056=ORIENTED_EDGE('',*,*,#2806,.T.);
#1057=ORIENTED_EDGE('',*,*,#2807,.F.);
#1058=ORIENTED_EDGE('',*,*,#2808,.F.);
#1059=ORIENTED_EDGE('',*,*,#2809,.T.);
#1060=ORIENTED_EDGE('',*,*,#2808,.T.);
#1061=ORIENTED_EDGE('',*,*,#2809,.F.);
#1062=ORIENTED_EDGE('',*,*,#2810,.T.);
#1063=ORIENTED_EDGE('',*,*,#2811,.F.);
#1064=ORIENTED_EDGE('',*,*,#2812,.F.);
#1065=ORIENTED_EDGE('',*,*,#2813,.T.);
#1066=ORIENTED_EDGE('',*,*,#2814,.F.);
#1067=ORIENTED_EDGE('',*,*,#2815,.F.);
#1068=ORIENTED_EDGE('',*,*,#2816,.T.);
#1069=ORIENTED_EDGE('',*,*,#2817,.T.);
#1070=ORIENTED_EDGE('',*,*,#2818,.F.);
#1071=ORIENTED_EDGE('',*,*,#2819,.F.);
#1072=ORIENTED_EDGE('',*,*,#2820,.T.);
#1073=ORIENTED_EDGE('',*,*,#2821,.T.);
#1074=ORIENTED_EDGE('',*,*,#2822,.T.);
#1075=ORIENTED_EDGE('',*,*,#2823,.F.);
#1076=ORIENTED_EDGE('',*,*,#2824,.F.);
#1077=ORIENTED_EDGE('',*,*,#2825,.T.);
#1078=ORIENTED_EDGE('',*,*,#2826,.T.);
#1079=ORIENTED_EDGE('',*,*,#2827,.F.);
#1080=ORIENTED_EDGE('',*,*,#2828,.F.);
#1081=ORIENTED_EDGE('',*,*,#2829,.T.);
#1082=ORIENTED_EDGE('',*,*,#2830,.F.);
#1083=ORIENTED_EDGE('',*,*,#2831,.F.);
#1084=ORIENTED_EDGE('',*,*,#2832,.T.);
#1085=ORIENTED_EDGE('',*,*,#2833,.T.);
#1086=ORIENTED_EDGE('',*,*,#2834,.F.);
#1087=ORIENTED_EDGE('',*,*,#2835,.F.);
#1088=ORIENTED_EDGE('',*,*,#2836,.T.);
#1089=ORIENTED_EDGE('',*,*,#2837,.T.);
#1090=ORIENTED_EDGE('',*,*,#2838,.T.);
#1091=ORIENTED_EDGE('',*,*,#2839,.F.);
#1092=ORIENTED_EDGE('',*,*,#2840,.F.);
#1093=ORIENTED_EDGE('',*,*,#2841,.T.);
#1094=ORIENTED_EDGE('',*,*,#2842,.T.);
#1095=ORIENTED_EDGE('',*,*,#2843,.F.);
#1096=ORIENTED_EDGE('',*,*,#2844,.F.);
#1097=ORIENTED_EDGE('',*,*,#2845,.T.);
#1098=ORIENTED_EDGE('',*,*,#2846,.F.);
#1099=ORIENTED_EDGE('',*,*,#2847,.F.);
#1100=ORIENTED_EDGE('',*,*,#2848,.T.);
#1101=ORIENTED_EDGE('',*,*,#2849,.T.);
#1102=ORIENTED_EDGE('',*,*,#2850,.F.);
#1103=ORIENTED_EDGE('',*,*,#2851,.F.);
#1104=ORIENTED_EDGE('',*,*,#2852,.T.);
#1105=ORIENTED_EDGE('',*,*,#2853,.T.);
#1106=ORIENTED_EDGE('',*,*,#2854,.F.);
#1107=ORIENTED_EDGE('',*,*,#2855,.F.);
#1108=ORIENTED_EDGE('',*,*,#2856,.T.);
#1109=ORIENTED_EDGE('',*,*,#2815,.T.);
#1110=ORIENTED_EDGE('',*,*,#2857,.T.);
#1111=ORIENTED_EDGE('',*,*,#2813,.F.);
#1112=ORIENTED_EDGE('',*,*,#2858,.F.);
#1113=ORIENTED_EDGE('',*,*,#2859,.T.);
#1114=ORIENTED_EDGE('',*,*,#2860,.T.);
#1115=ORIENTED_EDGE('',*,*,#2861,.F.);
#1116=ORIENTED_EDGE('',*,*,#2862,.F.);
#1117=ORIENTED_EDGE('',*,*,#2863,.T.);
#1118=ORIENTED_EDGE('',*,*,#2864,.F.);
#1119=ORIENTED_EDGE('',*,*,#2865,.F.);
#1120=ORIENTED_EDGE('',*,*,#2866,.T.);
#1121=ORIENTED_EDGE('',*,*,#2867,.T.);
#1122=ORIENTED_EDGE('',*,*,#2868,.F.);
#1123=ORIENTED_EDGE('',*,*,#2859,.F.);
#1124=ORIENTED_EDGE('',*,*,#2869,.T.);
#1125=ORIENTED_EDGE('',*,*,#2870,.T.);
#1126=ORIENTED_EDGE('',*,*,#2871,.T.);
#1127=ORIENTED_EDGE('',*,*,#2872,.F.);
#1128=ORIENTED_EDGE('',*,*,#2873,.F.);
#1129=ORIENTED_EDGE('',*,*,#2874,.T.);
#1130=ORIENTED_EDGE('',*,*,#2875,.T.);
#1131=ORIENTED_EDGE('',*,*,#2876,.F.);
#1132=ORIENTED_EDGE('',*,*,#2877,.F.);
#1133=ORIENTED_EDGE('',*,*,#2855,.T.);
#1134=ORIENTED_EDGE('',*,*,#2878,.T.);
#1135=ORIENTED_EDGE('',*,*,#2879,.F.);
#1136=ORIENTED_EDGE('',*,*,#2880,.F.);
#1137=ORIENTED_EDGE('',*,*,#2881,.T.);
#1138=ORIENTED_EDGE('',*,*,#2882,.T.);
#1139=ORIENTED_EDGE('',*,*,#2883,.F.);
#1140=ORIENTED_EDGE('',*,*,#2884,.F.);
#1141=ORIENTED_EDGE('',*,*,#2885,.T.);
#1142=ORIENTED_EDGE('',*,*,#2886,.F.);
#1143=ORIENTED_EDGE('',*,*,#2887,.F.);
#1144=ORIENTED_EDGE('',*,*,#2888,.T.);
#1145=ORIENTED_EDGE('',*,*,#2879,.T.);
#1146=ORIENTED_EDGE('',*,*,#2889,.F.);
#1147=ORIENTED_EDGE('',*,*,#2890,.F.);
#1148=ORIENTED_EDGE('',*,*,#2891,.T.);
#1149=ORIENTED_EDGE('',*,*,#2892,.T.);
#1150=ORIENTED_EDGE('',*,*,#2893,.T.);
#1151=ORIENTED_EDGE('',*,*,#2829,.F.);
#1152=ORIENTED_EDGE('',*,*,#2894,.F.);
#1153=ORIENTED_EDGE('',*,*,#2890,.T.);
#1154=ORIENTED_EDGE('',*,*,#2895,.F.);
#1155=ORIENTED_EDGE('',*,*,#2896,.F.);
#1156=ORIENTED_EDGE('',*,*,#2897,.T.);
#1157=ORIENTED_EDGE('',*,*,#2898,.T.);
#1158=ORIENTED_EDGE('',*,*,#2899,.T.);
#1159=ORIENTED_EDGE('',*,*,#2900,.F.);
#1160=ORIENTED_EDGE('',*,*,#2901,.F.);
#1161=ORIENTED_EDGE('',*,*,#2896,.T.);
#1162=ORIENTED_EDGE('',*,*,#2902,.F.);
#1163=ORIENTED_EDGE('',*,*,#2885,.F.);
#1164=ORIENTED_EDGE('',*,*,#2903,.T.);
#1165=ORIENTED_EDGE('',*,*,#2819,.T.);
#1166=ORIENTED_EDGE('',*,*,#2904,.T.);
#1167=ORIENTED_EDGE('',*,*,#2905,.F.);
#1168=ORIENTED_EDGE('',*,*,#2906,.F.);
#1169=ORIENTED_EDGE('',*,*,#2831,.T.);
#1170=ORIENTED_EDGE('',*,*,#2907,.T.);
#1171=ORIENTED_EDGE('',*,*,#2853,.F.);
#1172=ORIENTED_EDGE('',*,*,#2908,.F.);
#1173=ORIENTED_EDGE('',*,*,#2905,.T.);
#1174=ORIENTED_EDGE('',*,*,#2909,.F.);
#1175=ORIENTED_EDGE('',*,*,#2910,.F.);
#1176=ORIENTED_EDGE('',*,*,#2911,.T.);
#1177=ORIENTED_EDGE('',*,*,#2872,.T.);
#1178=ORIENTED_EDGE('',*,*,#2912,.F.);
#1179=ORIENTED_EDGE('',*,*,#2913,.F.);
#1180=ORIENTED_EDGE('',*,*,#2914,.T.);
#1181=ORIENTED_EDGE('',*,*,#2910,.T.);
#1182=ORIENTED_EDGE('',*,*,#2915,.T.);
#1183=ORIENTED_EDGE('',*,*,#2916,.F.);
#1184=ORIENTED_EDGE('',*,*,#2917,.F.);
#1185=ORIENTED_EDGE('',*,*,#2839,.T.);
#1186=ORIENTED_EDGE('',*,*,#2918,.F.);
#1187=ORIENTED_EDGE('',*,*,#2849,.F.);
#1188=ORIENTED_EDGE('',*,*,#2919,.T.);
#1189=ORIENTED_EDGE('',*,*,#2916,.T.);
#1190=ORIENTED_EDGE('',*,*,#2920,.T.);
#1191=ORIENTED_EDGE('',*,*,#2921,.F.);
#1192=ORIENTED_EDGE('',*,*,#2922,.F.);
#1193=ORIENTED_EDGE('',*,*,#2923,.T.);
#1194=ORIENTED_EDGE('',*,*,#2924,.T.);
#1195=ORIENTED_EDGE('',*,*,#2867,.F.);
#1196=ORIENTED_EDGE('',*,*,#2925,.F.);
#1197=ORIENTED_EDGE('',*,*,#2921,.T.);
#1198=ORIENTED_EDGE('',*,*,#2926,.F.);
#1199=ORIENTED_EDGE('',*,*,#2927,.F.);
#1200=ORIENTED_EDGE('',*,*,#2928,.T.);
#1201=ORIENTED_EDGE('',*,*,#2861,.T.);
#1202=ORIENTED_EDGE('',*,*,#2929,.F.);
#1203=ORIENTED_EDGE('',*,*,#2825,.F.);
#1204=ORIENTED_EDGE('',*,*,#2930,.T.);
#1205=ORIENTED_EDGE('',*,*,#2927,.T.);
#1206=ORIENTED_EDGE('',*,*,#2931,.F.);
#1207=ORIENTED_EDGE('',*,*,#2932,.F.);
#1208=ORIENTED_EDGE('',*,*,#2933,.T.);
#1209=ORIENTED_EDGE('',*,*,#2900,.T.);
#1210=ORIENTED_EDGE('',*,*,#2934,.T.);
#1211=ORIENTED_EDGE('',*,*,#2935,.F.);
#1212=ORIENTED_EDGE('',*,*,#2936,.F.);
#1213=ORIENTED_EDGE('',*,*,#2937,.T.);
#1214=ORIENTED_EDGE('',*,*,#2938,.T.);
#1215=ORIENTED_EDGE('',*,*,#2939,.F.);
#1216=ORIENTED_EDGE('',*,*,#2940,.F.);
#1217=ORIENTED_EDGE('',*,*,#2935,.T.);
#1218=ORIENTED_EDGE('',*,*,#2941,.T.);
#1219=ORIENTED_EDGE('',*,*,#2937,.F.);
#1220=ORIENTED_EDGE('',*,*,#2942,.F.);
#1221=ORIENTED_EDGE('',*,*,#2939,.T.);
#1222=ORIENTED_EDGE('',*,*,#2943,.T.);
#1223=ORIENTED_EDGE('',*,*,#2898,.F.);
#1224=ORIENTED_EDGE('',*,*,#2944,.F.);
#1225=ORIENTED_EDGE('',*,*,#2932,.T.);
#1226=ORIENTED_EDGE('',*,*,#2945,.F.);
#1227=ORIENTED_EDGE('',*,*,#2946,.F.);
#1228=ORIENTED_EDGE('',*,*,#2947,.T.);
#1229=ORIENTED_EDGE('',*,*,#2948,.T.);
#1230=ORIENTED_EDGE('',*,*,#2949,.F.);
#1231=ORIENTED_EDGE('',*,*,#2950,.F.);
#1232=ORIENTED_EDGE('',*,*,#2951,.T.);
#1233=ORIENTED_EDGE('',*,*,#2952,.T.);
#1234=ORIENTED_EDGE('',*,*,#2953,.T.);
#1235=ORIENTED_EDGE('',*,*,#2954,.F.);
#1236=ORIENTED_EDGE('',*,*,#2955,.F.);
#1237=ORIENTED_EDGE('',*,*,#2956,.T.);
#1238=ORIENTED_EDGE('',*,*,#2957,.T.);
#1239=ORIENTED_EDGE('',*,*,#2958,.F.);
#1240=ORIENTED_EDGE('',*,*,#2959,.F.);
#1241=ORIENTED_EDGE('',*,*,#2960,.T.);
#1242=ORIENTED_EDGE('',*,*,#2961,.F.);
#1243=ORIENTED_EDGE('',*,*,#2962,.F.);
#1244=ORIENTED_EDGE('',*,*,#2963,.T.);
#1245=ORIENTED_EDGE('',*,*,#2887,.T.);
#1246=ORIENTED_EDGE('',*,*,#2964,.T.);
#1247=ORIENTED_EDGE('',*,*,#2881,.F.);
#1248=ORIENTED_EDGE('',*,*,#2965,.F.);
#1249=ORIENTED_EDGE('',*,*,#2962,.T.);
#1250=ORIENTED_EDGE('',*,*,#2966,.T.);
#1251=ORIENTED_EDGE('',*,*,#2967,.F.);
#1252=ORIENTED_EDGE('',*,*,#2968,.F.);
#1253=ORIENTED_EDGE('',*,*,#2969,.T.);
#1254=ORIENTED_EDGE('',*,*,#2970,.T.);
#1255=ORIENTED_EDGE('',*,*,#2948,.F.);
#1256=ORIENTED_EDGE('',*,*,#2971,.F.);
#1257=ORIENTED_EDGE('',*,*,#2967,.T.);
#1258=ORIENTED_EDGE('',*,*,#2972,.T.);
#1259=ORIENTED_EDGE('',*,*,#2845,.F.);
#1260=ORIENTED_EDGE('',*,*,#2973,.F.);
#1261=ORIENTED_EDGE('',*,*,#2950,.T.);
#1262=ORIENTED_EDGE('',*,*,#2974,.T.);
#1263=ORIENTED_EDGE('',*,*,#2975,.F.);
#1264=ORIENTED_EDGE('',*,*,#2976,.F.);
#1265=ORIENTED_EDGE('',*,*,#2847,.T.);
#1266=ORIENTED_EDGE('',*,*,#2977,.F.);
#1267=ORIENTED_EDGE('',*,*,#2841,.F.);
#1268=ORIENTED_EDGE('',*,*,#2978,.T.);
#1269=ORIENTED_EDGE('',*,*,#2975,.T.);
#1270=ORIENTED_EDGE('',*,*,#2979,.F.);
#1271=ORIENTED_EDGE('',*,*,#2956,.F.);
#1272=ORIENTED_EDGE('',*,*,#2980,.T.);
#1273=ORIENTED_EDGE('',*,*,#2835,.T.);
#1274=ORIENTED_EDGE('',*,*,#2981,.F.);
#1275=ORIENTED_EDGE('',*,*,#2982,.F.);
#1276=ORIENTED_EDGE('',*,*,#2983,.T.);
#1277=ORIENTED_EDGE('',*,*,#2958,.T.);
#1278=ORIENTED_EDGE('',*,*,#2984,.F.);
#1279=ORIENTED_EDGE('',*,*,#2985,.F.);
#1280=ORIENTED_EDGE('',*,*,#2986,.T.);
#1281=ORIENTED_EDGE('',*,*,#2987,.T.);
#1282=ORIENTED_EDGE('',*,*,#2988,.F.);
#1283=ORIENTED_EDGE('',*,*,#2987,.F.);
#1284=ORIENTED_EDGE('',*,*,#2989,.T.);
#1285=ORIENTED_EDGE('',*,*,#2985,.T.);
#1286=ORIENTED_EDGE('',*,*,#2990,.F.);
#1287=ORIENTED_EDGE('',*,*,#2991,.F.);
#1288=ORIENTED_EDGE('',*,*,#2992,.T.);
#1289=ORIENTED_EDGE('',*,*,#2982,.T.);
#1290=ORIENTED_EDGE('',*,*,#2993,.F.);
#1291=ORIENTED_EDGE('',*,*,#2833,.F.);
#1292=ORIENTED_EDGE('',*,*,#2994,.T.);
#1293=ORIENTED_EDGE('',*,*,#2995,.T.);
#1294=ORIENTED_EDGE('',*,*,#2996,.F.);
#1295=ORIENTED_EDGE('',*,*,#2995,.F.);
#1296=ORIENTED_EDGE('',*,*,#2997,.T.);
#1297=ORIENTED_EDGE('',*,*,#2851,.T.);
#1298=ORIENTED_EDGE('',*,*,#2998,.T.);
#1299=ORIENTED_EDGE('',*,*,#2999,.F.);
#1300=ORIENTED_EDGE('',*,*,#3000,.F.);
#1301=ORIENTED_EDGE('',*,*,#2823,.T.);
#1302=ORIENTED_EDGE('',*,*,#3001,.T.);
#1303=ORIENTED_EDGE('',*,*,#2863,.F.);
#1304=ORIENTED_EDGE('',*,*,#3002,.F.);
#1305=ORIENTED_EDGE('',*,*,#2999,.T.);
#1306=ORIENTED_EDGE('',*,*,#3003,.F.);
#1307=ORIENTED_EDGE('',*,*,#2892,.F.);
#1308=ORIENTED_EDGE('',*,*,#3004,.T.);
#1309=ORIENTED_EDGE('',*,*,#2827,.T.);
#1310=ORIENTED_EDGE('',*,*,#3005,.T.);
#1311=ORIENTED_EDGE('',*,*,#2821,.F.);
#1312=ORIENTED_EDGE('',*,*,#3006,.F.);
#1313=ORIENTED_EDGE('',*,*,#2883,.T.);
#1314=ORIENTED_EDGE('',*,*,#3007,.T.);
#1315=ORIENTED_EDGE('',*,*,#2870,.F.);
#1316=ORIENTED_EDGE('',*,*,#3008,.F.);
#1317=ORIENTED_EDGE('',*,*,#2811,.T.);
#1318=ORIENTED_EDGE('',*,*,#3009,.F.);
#1319=ORIENTED_EDGE('',*,*,#2969,.F.);
#1320=ORIENTED_EDGE('',*,*,#3010,.T.);
#1321=ORIENTED_EDGE('',*,*,#2946,.T.);
#1322=ORIENTED_EDGE('',*,*,#3011,.F.);
#1323=ORIENTED_EDGE('',*,*,#2952,.F.);
#1324=ORIENTED_EDGE('',*,*,#3012,.T.);
#1325=ORIENTED_EDGE('',*,*,#2843,.T.);
#1326=ORIENTED_EDGE('',*,*,#3013,.T.);
#1327=ORIENTED_EDGE('',*,*,#2923,.F.);
#1328=ORIENTED_EDGE('',*,*,#3014,.F.);
#1329=ORIENTED_EDGE('',*,*,#2865,.T.);
#1330=ORIENTED_EDGE('',*,*,#3015,.F.);
#1331=ORIENTED_EDGE('',*,*,#2873,.T.);
#1332=ORIENTED_EDGE('',*,*,#2911,.F.);
#1333=ORIENTED_EDGE('',*,*,#2914,.F.);
#1334=ORIENTED_EDGE('',*,*,#3016,.F.);
#1335=ORIENTED_EDGE('',*,*,#2816,.F.);
#1336=ORIENTED_EDGE('',*,*,#2856,.F.);
#1337=ORIENTED_EDGE('',*,*,#2877,.T.);
#1338=ORIENTED_EDGE('',*,*,#2992,.F.);
#1339=ORIENTED_EDGE('',*,*,#3017,.T.);
#1340=ORIENTED_EDGE('',*,*,#2959,.T.);
#1341=ORIENTED_EDGE('',*,*,#2983,.F.);
#1342=ORIENTED_EDGE('',*,*,#2955,.T.);
#1343=ORIENTED_EDGE('',*,*,#3018,.T.);
#1344=ORIENTED_EDGE('',*,*,#2836,.F.);
#1345=ORIENTED_EDGE('',*,*,#2980,.F.);
#1346=ORIENTED_EDGE('',*,*,#2866,.F.);
#1347=ORIENTED_EDGE('',*,*,#3014,.T.);
#1348=ORIENTED_EDGE('',*,*,#2922,.T.);
#1349=ORIENTED_EDGE('',*,*,#2925,.T.);
#1350=ORIENTED_EDGE('',*,*,#2812,.T.);
#1351=ORIENTED_EDGE('',*,*,#3008,.T.);
#1352=ORIENTED_EDGE('',*,*,#2869,.F.);
#1353=ORIENTED_EDGE('',*,*,#2858,.T.);
#1354=ORIENTED_EDGE('',*,*,#3010,.F.);
#1355=ORIENTED_EDGE('',*,*,#2968,.T.);
#1356=ORIENTED_EDGE('',*,*,#2971,.T.);
#1357=ORIENTED_EDGE('',*,*,#2947,.F.);
#1358=ORIENTED_EDGE('',*,*,#3012,.F.);
#1359=ORIENTED_EDGE('',*,*,#2951,.F.);
#1360=ORIENTED_EDGE('',*,*,#2973,.T.);
#1361=ORIENTED_EDGE('',*,*,#2844,.T.);
#1362=ORIENTED_EDGE('',*,*,#2884,.T.);
#1363=ORIENTED_EDGE('',*,*,#3006,.T.);
#1364=ORIENTED_EDGE('',*,*,#2820,.F.);
#1365=ORIENTED_EDGE('',*,*,#2903,.F.);
#1366=ORIENTED_EDGE('',*,*,#3004,.F.);
#1367=ORIENTED_EDGE('',*,*,#2891,.F.);
#1368=ORIENTED_EDGE('',*,*,#2894,.T.);
#1369=ORIENTED_EDGE('',*,*,#2828,.T.);
#1370=ORIENTED_EDGE('',*,*,#3002,.T.);
#1371=ORIENTED_EDGE('',*,*,#2862,.T.);
#1372=ORIENTED_EDGE('',*,*,#2928,.F.);
#1373=ORIENTED_EDGE('',*,*,#2930,.F.);
#1374=ORIENTED_EDGE('',*,*,#2824,.T.);
#1375=ORIENTED_EDGE('',*,*,#3000,.T.);
#1376=ORIENTED_EDGE('',*,*,#2852,.F.);
#1377=ORIENTED_EDGE('',*,*,#2997,.F.);
#1378=ORIENTED_EDGE('',*,*,#2994,.F.);
#1379=ORIENTED_EDGE('',*,*,#2832,.F.);
#1380=ORIENTED_EDGE('',*,*,#2906,.T.);
#1381=ORIENTED_EDGE('',*,*,#2908,.T.);
#1382=ORIENTED_EDGE('',*,*,#2965,.T.);
#1383=ORIENTED_EDGE('',*,*,#2880,.T.);
#1384=ORIENTED_EDGE('',*,*,#2888,.F.);
#1385=ORIENTED_EDGE('',*,*,#2963,.F.);
#1386=ORIENTED_EDGE('',*,*,#2978,.F.);
#1387=ORIENTED_EDGE('',*,*,#2840,.T.);
#1388=ORIENTED_EDGE('',*,*,#2917,.T.);
#1389=ORIENTED_EDGE('',*,*,#2919,.F.);
#1390=ORIENTED_EDGE('',*,*,#2848,.F.);
#1391=ORIENTED_EDGE('',*,*,#2976,.T.);
#1392=ORIENTED_EDGE('',*,*,#2944,.T.);
#1393=ORIENTED_EDGE('',*,*,#2897,.F.);
#1394=ORIENTED_EDGE('',*,*,#2901,.T.);
#1395=ORIENTED_EDGE('',*,*,#2933,.F.);
#1396=ORIENTED_EDGE('',*,*,#2936,.T.);
#1397=ORIENTED_EDGE('',*,*,#2940,.T.);
#1398=ORIENTED_EDGE('',*,*,#2942,.T.);
#1399=ORIENTED_EDGE('',*,*,#2986,.F.);
#1400=ORIENTED_EDGE('',*,*,#2989,.F.);
#1401=ORIENTED_EDGE('',*,*,#2871,.F.);
#1402=ORIENTED_EDGE('',*,*,#3019,.T.);
#1403=ORIENTED_EDGE('',*,*,#2912,.T.);
#1404=ORIENTED_EDGE('',*,*,#2909,.T.);
#1405=ORIENTED_EDGE('',*,*,#2814,.T.);
#1406=ORIENTED_EDGE('',*,*,#3020,.T.);
#1407=ORIENTED_EDGE('',*,*,#2875,.F.);
#1408=ORIENTED_EDGE('',*,*,#2854,.T.);
#1409=ORIENTED_EDGE('',*,*,#3021,.F.);
#1410=ORIENTED_EDGE('',*,*,#2990,.T.);
#1411=ORIENTED_EDGE('',*,*,#2981,.T.);
#1412=ORIENTED_EDGE('',*,*,#2957,.F.);
#1413=ORIENTED_EDGE('',*,*,#3022,.F.);
#1414=ORIENTED_EDGE('',*,*,#2953,.F.);
#1415=ORIENTED_EDGE('',*,*,#2979,.T.);
#1416=ORIENTED_EDGE('',*,*,#2834,.T.);
#1417=ORIENTED_EDGE('',*,*,#3013,.F.);
#1418=ORIENTED_EDGE('',*,*,#2864,.T.);
#1419=ORIENTED_EDGE('',*,*,#2924,.F.);
#1420=ORIENTED_EDGE('',*,*,#2920,.F.);
#1421=ORIENTED_EDGE('',*,*,#3007,.F.);
#1422=ORIENTED_EDGE('',*,*,#2810,.F.);
#1423=ORIENTED_EDGE('',*,*,#2857,.F.);
#1424=ORIENTED_EDGE('',*,*,#2868,.T.);
#1425=ORIENTED_EDGE('',*,*,#2966,.F.);
#1426=ORIENTED_EDGE('',*,*,#3009,.T.);
#1427=ORIENTED_EDGE('',*,*,#2945,.T.);
#1428=ORIENTED_EDGE('',*,*,#2970,.F.);
#1429=ORIENTED_EDGE('',*,*,#2949,.T.);
#1430=ORIENTED_EDGE('',*,*,#3011,.T.);
#1431=ORIENTED_EDGE('',*,*,#2842,.F.);
#1432=ORIENTED_EDGE('',*,*,#2972,.F.);
#1433=ORIENTED_EDGE('',*,*,#3005,.F.);
#1434=ORIENTED_EDGE('',*,*,#2882,.F.);
#1435=ORIENTED_EDGE('',*,*,#2902,.T.);
#1436=ORIENTED_EDGE('',*,*,#2818,.T.);
#1437=ORIENTED_EDGE('',*,*,#3003,.T.);
#1438=ORIENTED_EDGE('',*,*,#2826,.F.);
#1439=ORIENTED_EDGE('',*,*,#2893,.F.);
#1440=ORIENTED_EDGE('',*,*,#2889,.T.);
#1441=ORIENTED_EDGE('',*,*,#2860,.F.);
#1442=ORIENTED_EDGE('',*,*,#3001,.F.);
#1443=ORIENTED_EDGE('',*,*,#2998,.F.);
#1444=ORIENTED_EDGE('',*,*,#2822,.F.);
#1445=ORIENTED_EDGE('',*,*,#2929,.T.);
#1446=ORIENTED_EDGE('',*,*,#2926,.T.);
#1447=ORIENTED_EDGE('',*,*,#2996,.T.);
#1448=ORIENTED_EDGE('',*,*,#2850,.T.);
#1449=ORIENTED_EDGE('',*,*,#2907,.F.);
#1450=ORIENTED_EDGE('',*,*,#2904,.F.);
#1451=ORIENTED_EDGE('',*,*,#2830,.T.);
#1452=ORIENTED_EDGE('',*,*,#2993,.T.);
#1453=ORIENTED_EDGE('',*,*,#2878,.F.);
#1454=ORIENTED_EDGE('',*,*,#2964,.F.);
#1455=ORIENTED_EDGE('',*,*,#2961,.T.);
#1456=ORIENTED_EDGE('',*,*,#2886,.T.);
#1457=ORIENTED_EDGE('',*,*,#2974,.F.);
#1458=ORIENTED_EDGE('',*,*,#2846,.T.);
#1459=ORIENTED_EDGE('',*,*,#2918,.T.);
#1460=ORIENTED_EDGE('',*,*,#2915,.F.);
#1461=ORIENTED_EDGE('',*,*,#2838,.F.);
#1462=ORIENTED_EDGE('',*,*,#2977,.T.);
#1463=ORIENTED_EDGE('',*,*,#2895,.T.);
#1464=ORIENTED_EDGE('',*,*,#2943,.F.);
#1465=ORIENTED_EDGE('',*,*,#2931,.T.);
#1466=ORIENTED_EDGE('',*,*,#2899,.F.);
#1467=ORIENTED_EDGE('',*,*,#2934,.F.);
#1468=ORIENTED_EDGE('',*,*,#2941,.F.);
#1469=ORIENTED_EDGE('',*,*,#2938,.F.);
#1470=ORIENTED_EDGE('',*,*,#2984,.T.);
#1471=ORIENTED_EDGE('',*,*,#2988,.T.);
#1472=ORIENTED_EDGE('',*,*,#3020,.F.);
#1473=ORIENTED_EDGE('',*,*,#2817,.F.);
#1474=ORIENTED_EDGE('',*,*,#3016,.T.);
#1475=ORIENTED_EDGE('',*,*,#2876,.T.);
#1476=ORIENTED_EDGE('',*,*,#3021,.T.);
#1477=ORIENTED_EDGE('',*,*,#2960,.F.);
#1478=ORIENTED_EDGE('',*,*,#3017,.F.);
#1479=ORIENTED_EDGE('',*,*,#2991,.T.);
#1480=ORIENTED_EDGE('',*,*,#3022,.T.);
#1481=ORIENTED_EDGE('',*,*,#2837,.F.);
#1482=ORIENTED_EDGE('',*,*,#3018,.F.);
#1483=ORIENTED_EDGE('',*,*,#2954,.T.);
#1484=ORIENTED_EDGE('',*,*,#3019,.F.);
#1485=ORIENTED_EDGE('',*,*,#2874,.F.);
#1486=ORIENTED_EDGE('',*,*,#3015,.T.);
#1487=ORIENTED_EDGE('',*,*,#2913,.T.);
#1488=ORIENTED_EDGE('',*,*,#3023,.T.);
#1489=ORIENTED_EDGE('',*,*,#3024,.F.);
#1490=ORIENTED_EDGE('',*,*,#3025,.F.);
#1491=ORIENTED_EDGE('',*,*,#3026,.T.);
#1492=ORIENTED_EDGE('',*,*,#3027,.T.);
#1493=ORIENTED_EDGE('',*,*,#3028,.F.);
#1494=ORIENTED_EDGE('',*,*,#3029,.F.);
#1495=ORIENTED_EDGE('',*,*,#3024,.T.);
#1496=ORIENTED_EDGE('',*,*,#3030,.F.);
#1497=ORIENTED_EDGE('',*,*,#3031,.F.);
#1498=ORIENTED_EDGE('',*,*,#3032,.T.);
#1499=ORIENTED_EDGE('',*,*,#3028,.T.);
#1500=ORIENTED_EDGE('',*,*,#3033,.T.);
#1501=ORIENTED_EDGE('',*,*,#3034,.F.);
#1502=ORIENTED_EDGE('',*,*,#3035,.F.);
#1503=ORIENTED_EDGE('',*,*,#3031,.T.);
#1504=ORIENTED_EDGE('',*,*,#3036,.T.);
#1505=ORIENTED_EDGE('',*,*,#3037,.F.);
#1506=ORIENTED_EDGE('',*,*,#3038,.F.);
#1507=ORIENTED_EDGE('',*,*,#3034,.T.);
#1508=ORIENTED_EDGE('',*,*,#3039,.F.);
#1509=ORIENTED_EDGE('',*,*,#3040,.F.);
#1510=ORIENTED_EDGE('',*,*,#3041,.T.);
#1511=ORIENTED_EDGE('',*,*,#3042,.T.);
#1512=ORIENTED_EDGE('',*,*,#3043,.T.);
#1513=ORIENTED_EDGE('',*,*,#3044,.F.);
#1514=ORIENTED_EDGE('',*,*,#3045,.F.);
#1515=ORIENTED_EDGE('',*,*,#3040,.T.);
#1516=ORIENTED_EDGE('',*,*,#3046,.T.);
#1517=ORIENTED_EDGE('',*,*,#3047,.F.);
#1518=ORIENTED_EDGE('',*,*,#3048,.F.);
#1519=ORIENTED_EDGE('',*,*,#3044,.T.);
#1520=ORIENTED_EDGE('',*,*,#3049,.T.);
#1521=ORIENTED_EDGE('',*,*,#3050,.F.);
#1522=ORIENTED_EDGE('',*,*,#3051,.F.);
#1523=ORIENTED_EDGE('',*,*,#3047,.T.);
#1524=ORIENTED_EDGE('',*,*,#3052,.T.);
#1525=ORIENTED_EDGE('',*,*,#3053,.F.);
#1526=ORIENTED_EDGE('',*,*,#3054,.F.);
#1527=ORIENTED_EDGE('',*,*,#3050,.T.);
#1528=ORIENTED_EDGE('',*,*,#3055,.T.);
#1529=ORIENTED_EDGE('',*,*,#3056,.F.);
#1530=ORIENTED_EDGE('',*,*,#3057,.T.);
#1531=ORIENTED_EDGE('',*,*,#3058,.F.);
#1532=ORIENTED_EDGE('',*,*,#3059,.T.);
#1533=ORIENTED_EDGE('',*,*,#3026,.F.);
#1534=ORIENTED_EDGE('',*,*,#3060,.F.);
#1535=ORIENTED_EDGE('',*,*,#3037,.T.);
#1536=ORIENTED_EDGE('',*,*,#3061,.T.);
#1537=ORIENTED_EDGE('',*,*,#3042,.F.);
#1538=ORIENTED_EDGE('',*,*,#3062,.F.);
#1539=ORIENTED_EDGE('',*,*,#3053,.T.);
#1540=ORIENTED_EDGE('',*,*,#3063,.T.);
#1541=ORIENTED_EDGE('',*,*,#3064,.F.);
#1542=ORIENTED_EDGE('',*,*,#3041,.F.);
#1543=ORIENTED_EDGE('',*,*,#3045,.T.);
#1544=ORIENTED_EDGE('',*,*,#3048,.T.);
#1545=ORIENTED_EDGE('',*,*,#3051,.T.);
#1546=ORIENTED_EDGE('',*,*,#3054,.T.);
#1547=ORIENTED_EDGE('',*,*,#3062,.T.);
#1548=ORIENTED_EDGE('',*,*,#3025,.T.);
#1549=ORIENTED_EDGE('',*,*,#3029,.T.);
#1550=ORIENTED_EDGE('',*,*,#3032,.F.);
#1551=ORIENTED_EDGE('',*,*,#3035,.T.);
#1552=ORIENTED_EDGE('',*,*,#3038,.T.);
#1553=ORIENTED_EDGE('',*,*,#3060,.T.);
#1554=ORIENTED_EDGE('',*,*,#3057,.F.);
#1555=ORIENTED_EDGE('',*,*,#3055,.F.);
#1556=ORIENTED_EDGE('',*,*,#3063,.F.);
#1557=ORIENTED_EDGE('',*,*,#3039,.T.);
#1558=ORIENTED_EDGE('',*,*,#3061,.F.);
#1559=ORIENTED_EDGE('',*,*,#3052,.F.);
#1560=ORIENTED_EDGE('',*,*,#3049,.F.);
#1561=ORIENTED_EDGE('',*,*,#3046,.F.);
#1562=ORIENTED_EDGE('',*,*,#3043,.F.);
#1563=ORIENTED_EDGE('',*,*,#3023,.F.);
#1564=ORIENTED_EDGE('',*,*,#3059,.F.);
#1565=ORIENTED_EDGE('',*,*,#3036,.F.);
#1566=ORIENTED_EDGE('',*,*,#3033,.F.);
#1567=ORIENTED_EDGE('',*,*,#3030,.T.);
#1568=ORIENTED_EDGE('',*,*,#3027,.F.);
#1569=ORIENTED_EDGE('',*,*,#3058,.T.);
#1570=ORIENTED_EDGE('',*,*,#3056,.T.);
#1571=ORIENTED_EDGE('',*,*,#3064,.T.);
#1572=ORIENTED_EDGE('',*,*,#3065,.T.);
#1573=ORIENTED_EDGE('',*,*,#3066,.F.);
#1574=ORIENTED_EDGE('',*,*,#3067,.F.);
#1575=ORIENTED_EDGE('',*,*,#3068,.T.);
#1576=ORIENTED_EDGE('',*,*,#3069,.T.);
#1577=ORIENTED_EDGE('',*,*,#3070,.F.);
#1578=ORIENTED_EDGE('',*,*,#3071,.F.);
#1579=ORIENTED_EDGE('',*,*,#3066,.T.);
#1580=ORIENTED_EDGE('',*,*,#3072,.T.);
#1581=ORIENTED_EDGE('',*,*,#3073,.F.);
#1582=ORIENTED_EDGE('',*,*,#3074,.F.);
#1583=ORIENTED_EDGE('',*,*,#3070,.T.);
#1584=ORIENTED_EDGE('',*,*,#3075,.T.);
#1585=ORIENTED_EDGE('',*,*,#3076,.F.);
#1586=ORIENTED_EDGE('',*,*,#3077,.F.);
#1587=ORIENTED_EDGE('',*,*,#3073,.T.);
#1588=ORIENTED_EDGE('',*,*,#3078,.T.);
#1589=ORIENTED_EDGE('',*,*,#3079,.F.);
#1590=ORIENTED_EDGE('',*,*,#3080,.F.);
#1591=ORIENTED_EDGE('',*,*,#3076,.T.);
#1592=ORIENTED_EDGE('',*,*,#3081,.T.);
#1593=ORIENTED_EDGE('',*,*,#3082,.F.);
#1594=ORIENTED_EDGE('',*,*,#3083,.F.);
#1595=ORIENTED_EDGE('',*,*,#3079,.T.);
#1596=ORIENTED_EDGE('',*,*,#3084,.T.);
#1597=ORIENTED_EDGE('',*,*,#3085,.F.);
#1598=ORIENTED_EDGE('',*,*,#3086,.F.);
#1599=ORIENTED_EDGE('',*,*,#3082,.T.);
#1600=ORIENTED_EDGE('',*,*,#3087,.T.);
#1601=ORIENTED_EDGE('',*,*,#3088,.F.);
#1602=ORIENTED_EDGE('',*,*,#3089,.F.);
#1603=ORIENTED_EDGE('',*,*,#3085,.T.);
#1604=ORIENTED_EDGE('',*,*,#3090,.T.);
#1605=ORIENTED_EDGE('',*,*,#3091,.F.);
#1606=ORIENTED_EDGE('',*,*,#3092,.F.);
#1607=ORIENTED_EDGE('',*,*,#3088,.T.);
#1608=ORIENTED_EDGE('',*,*,#3093,.T.);
#1609=ORIENTED_EDGE('',*,*,#3094,.F.);
#1610=ORIENTED_EDGE('',*,*,#3095,.F.);
#1611=ORIENTED_EDGE('',*,*,#3091,.T.);
#1612=ORIENTED_EDGE('',*,*,#3096,.T.);
#1613=ORIENTED_EDGE('',*,*,#3097,.F.);
#1614=ORIENTED_EDGE('',*,*,#3098,.F.);
#1615=ORIENTED_EDGE('',*,*,#3094,.T.);
#1616=ORIENTED_EDGE('',*,*,#3099,.T.);
#1617=ORIENTED_EDGE('',*,*,#3100,.F.);
#1618=ORIENTED_EDGE('',*,*,#3101,.F.);
#1619=ORIENTED_EDGE('',*,*,#3097,.T.);
#1620=ORIENTED_EDGE('',*,*,#3102,.T.);
#1621=ORIENTED_EDGE('',*,*,#3103,.F.);
#1622=ORIENTED_EDGE('',*,*,#3104,.F.);
#1623=ORIENTED_EDGE('',*,*,#3105,.T.);
#1624=ORIENTED_EDGE('',*,*,#3106,.F.);
#1625=ORIENTED_EDGE('',*,*,#3107,.F.);
#1626=ORIENTED_EDGE('',*,*,#3108,.T.);
#1627=ORIENTED_EDGE('',*,*,#3103,.T.);
#1628=ORIENTED_EDGE('',*,*,#3109,.T.);
#1629=ORIENTED_EDGE('',*,*,#3110,.F.);
#1630=ORIENTED_EDGE('',*,*,#3111,.F.);
#1631=ORIENTED_EDGE('',*,*,#3107,.T.);
#1632=ORIENTED_EDGE('',*,*,#3112,.F.);
#1633=ORIENTED_EDGE('',*,*,#3113,.F.);
#1634=ORIENTED_EDGE('',*,*,#3114,.T.);
#1635=ORIENTED_EDGE('',*,*,#3110,.T.);
#1636=ORIENTED_EDGE('',*,*,#3115,.T.);
#1637=ORIENTED_EDGE('',*,*,#3116,.F.);
#1638=ORIENTED_EDGE('',*,*,#3117,.F.);
#1639=ORIENTED_EDGE('',*,*,#3113,.T.);
#1640=ORIENTED_EDGE('',*,*,#3118,.F.);
#1641=ORIENTED_EDGE('',*,*,#3105,.F.);
#1642=ORIENTED_EDGE('',*,*,#3119,.T.);
#1643=ORIENTED_EDGE('',*,*,#3116,.T.);
#1644=ORIENTED_EDGE('',*,*,#3120,.T.);
#1645=ORIENTED_EDGE('',*,*,#3068,.F.);
#1646=ORIENTED_EDGE('',*,*,#3121,.F.);
#1647=ORIENTED_EDGE('',*,*,#3100,.T.);
#1648=ORIENTED_EDGE('',*,*,#3104,.T.);
#1649=ORIENTED_EDGE('',*,*,#3108,.F.);
#1650=ORIENTED_EDGE('',*,*,#3111,.T.);
#1651=ORIENTED_EDGE('',*,*,#3114,.F.);
#1652=ORIENTED_EDGE('',*,*,#3117,.T.);
#1653=ORIENTED_EDGE('',*,*,#3119,.F.);
#1654=ORIENTED_EDGE('',*,*,#3067,.T.);
#1655=ORIENTED_EDGE('',*,*,#3071,.T.);
#1656=ORIENTED_EDGE('',*,*,#3074,.T.);
#1657=ORIENTED_EDGE('',*,*,#3077,.T.);
#1658=ORIENTED_EDGE('',*,*,#3080,.T.);
#1659=ORIENTED_EDGE('',*,*,#3083,.T.);
#1660=ORIENTED_EDGE('',*,*,#3086,.T.);
#1661=ORIENTED_EDGE('',*,*,#3089,.T.);
#1662=ORIENTED_EDGE('',*,*,#3092,.T.);
#1663=ORIENTED_EDGE('',*,*,#3095,.T.);
#1664=ORIENTED_EDGE('',*,*,#3098,.T.);
#1665=ORIENTED_EDGE('',*,*,#3101,.T.);
#1666=ORIENTED_EDGE('',*,*,#3121,.T.);
#1667=ORIENTED_EDGE('',*,*,#3102,.F.);
#1668=ORIENTED_EDGE('',*,*,#3118,.T.);
#1669=ORIENTED_EDGE('',*,*,#3115,.F.);
#1670=ORIENTED_EDGE('',*,*,#3112,.T.);
#1671=ORIENTED_EDGE('',*,*,#3109,.F.);
#1672=ORIENTED_EDGE('',*,*,#3106,.T.);
#1673=ORIENTED_EDGE('',*,*,#3065,.F.);
#1674=ORIENTED_EDGE('',*,*,#3120,.F.);
#1675=ORIENTED_EDGE('',*,*,#3099,.F.);
#1676=ORIENTED_EDGE('',*,*,#3096,.F.);
#1677=ORIENTED_EDGE('',*,*,#3093,.F.);
#1678=ORIENTED_EDGE('',*,*,#3090,.F.);
#1679=ORIENTED_EDGE('',*,*,#3087,.F.);
#1680=ORIENTED_EDGE('',*,*,#3084,.F.);
#1681=ORIENTED_EDGE('',*,*,#3081,.F.);
#1682=ORIENTED_EDGE('',*,*,#3078,.F.);
#1683=ORIENTED_EDGE('',*,*,#3075,.F.);
#1684=ORIENTED_EDGE('',*,*,#3072,.F.);
#1685=ORIENTED_EDGE('',*,*,#3069,.F.);
#1686=ORIENTED_EDGE('',*,*,#3122,.T.);
#1687=ORIENTED_EDGE('',*,*,#3123,.F.);
#1688=ORIENTED_EDGE('',*,*,#3124,.F.);
#1689=ORIENTED_EDGE('',*,*,#3125,.T.);
#1690=ORIENTED_EDGE('',*,*,#3126,.F.);
#1691=ORIENTED_EDGE('',*,*,#3127,.F.);
#1692=ORIENTED_EDGE('',*,*,#3128,.T.);
#1693=ORIENTED_EDGE('',*,*,#3123,.T.);
#1694=ORIENTED_EDGE('',*,*,#3129,.T.);
#1695=ORIENTED_EDGE('',*,*,#3130,.F.);
#1696=ORIENTED_EDGE('',*,*,#3131,.F.);
#1697=ORIENTED_EDGE('',*,*,#3127,.T.);
#1698=ORIENTED_EDGE('',*,*,#3132,.F.);
#1699=ORIENTED_EDGE('',*,*,#3133,.F.);
#1700=ORIENTED_EDGE('',*,*,#3134,.T.);
#1701=ORIENTED_EDGE('',*,*,#3135,.T.);
#1702=ORIENTED_EDGE('',*,*,#3136,.F.);
#1703=ORIENTED_EDGE('',*,*,#3137,.F.);
#1704=ORIENTED_EDGE('',*,*,#3138,.T.);
#1705=ORIENTED_EDGE('',*,*,#3133,.T.);
#1706=ORIENTED_EDGE('',*,*,#3139,.T.);
#1707=ORIENTED_EDGE('',*,*,#3140,.F.);
#1708=ORIENTED_EDGE('',*,*,#3141,.F.);
#1709=ORIENTED_EDGE('',*,*,#3137,.T.);
#1710=ORIENTED_EDGE('',*,*,#3142,.F.);
#1711=ORIENTED_EDGE('',*,*,#3143,.F.);
#1712=ORIENTED_EDGE('',*,*,#3144,.T.);
#1713=ORIENTED_EDGE('',*,*,#3145,.T.);
#1714=ORIENTED_EDGE('',*,*,#3146,.F.);
#1715=ORIENTED_EDGE('',*,*,#3147,.F.);
#1716=ORIENTED_EDGE('',*,*,#3148,.T.);
#1717=ORIENTED_EDGE('',*,*,#3143,.T.);
#1718=ORIENTED_EDGE('',*,*,#3149,.T.);
#1719=ORIENTED_EDGE('',*,*,#3150,.F.);
#1720=ORIENTED_EDGE('',*,*,#3151,.F.);
#1721=ORIENTED_EDGE('',*,*,#3147,.T.);
#1722=ORIENTED_EDGE('',*,*,#3152,.F.);
#1723=ORIENTED_EDGE('',*,*,#3153,.F.);
#1724=ORIENTED_EDGE('',*,*,#3154,.T.);
#1725=ORIENTED_EDGE('',*,*,#3155,.T.);
#1726=ORIENTED_EDGE('',*,*,#3156,.F.);
#1727=ORIENTED_EDGE('',*,*,#3157,.F.);
#1728=ORIENTED_EDGE('',*,*,#3158,.T.);
#1729=ORIENTED_EDGE('',*,*,#3153,.T.);
#1730=ORIENTED_EDGE('',*,*,#3159,.T.);
#1731=ORIENTED_EDGE('',*,*,#3160,.F.);
#1732=ORIENTED_EDGE('',*,*,#3161,.F.);
#1733=ORIENTED_EDGE('',*,*,#3157,.T.);
#1734=ORIENTED_EDGE('',*,*,#3162,.F.);
#1735=ORIENTED_EDGE('',*,*,#3163,.F.);
#1736=ORIENTED_EDGE('',*,*,#3164,.T.);
#1737=ORIENTED_EDGE('',*,*,#3165,.T.);
#1738=ORIENTED_EDGE('',*,*,#3166,.F.);
#1739=ORIENTED_EDGE('',*,*,#3167,.F.);
#1740=ORIENTED_EDGE('',*,*,#3168,.T.);
#1741=ORIENTED_EDGE('',*,*,#3163,.T.);
#1742=ORIENTED_EDGE('',*,*,#3169,.T.);
#1743=ORIENTED_EDGE('',*,*,#3170,.F.);
#1744=ORIENTED_EDGE('',*,*,#3171,.F.);
#1745=ORIENTED_EDGE('',*,*,#3167,.T.);
#1746=ORIENTED_EDGE('',*,*,#3172,.F.);
#1747=ORIENTED_EDGE('',*,*,#3173,.F.);
#1748=ORIENTED_EDGE('',*,*,#3174,.T.);
#1749=ORIENTED_EDGE('',*,*,#3175,.T.);
#1750=ORIENTED_EDGE('',*,*,#3176,.F.);
#1751=ORIENTED_EDGE('',*,*,#3177,.F.);
#1752=ORIENTED_EDGE('',*,*,#3178,.T.);
#1753=ORIENTED_EDGE('',*,*,#3173,.T.);
#1754=ORIENTED_EDGE('',*,*,#3179,.T.);
#1755=ORIENTED_EDGE('',*,*,#3180,.F.);
#1756=ORIENTED_EDGE('',*,*,#3181,.F.);
#1757=ORIENTED_EDGE('',*,*,#3177,.T.);
#1758=ORIENTED_EDGE('',*,*,#3182,.F.);
#1759=ORIENTED_EDGE('',*,*,#3183,.T.);
#1760=ORIENTED_EDGE('',*,*,#3184,.T.);
#1761=ORIENTED_EDGE('',*,*,#3125,.F.);
#1762=ORIENTED_EDGE('',*,*,#3185,.F.);
#1763=ORIENTED_EDGE('',*,*,#3130,.T.);
#1764=ORIENTED_EDGE('',*,*,#3186,.F.);
#1765=ORIENTED_EDGE('',*,*,#3135,.F.);
#1766=ORIENTED_EDGE('',*,*,#3187,.T.);
#1767=ORIENTED_EDGE('',*,*,#3140,.T.);
#1768=ORIENTED_EDGE('',*,*,#3188,.F.);
#1769=ORIENTED_EDGE('',*,*,#3145,.F.);
#1770=ORIENTED_EDGE('',*,*,#3189,.T.);
#1771=ORIENTED_EDGE('',*,*,#3150,.T.);
#1772=ORIENTED_EDGE('',*,*,#3190,.F.);
#1773=ORIENTED_EDGE('',*,*,#3155,.F.);
#1774=ORIENTED_EDGE('',*,*,#3191,.T.);
#1775=ORIENTED_EDGE('',*,*,#3160,.T.);
#1776=ORIENTED_EDGE('',*,*,#3192,.F.);
#1777=ORIENTED_EDGE('',*,*,#3165,.F.);
#1778=ORIENTED_EDGE('',*,*,#3193,.T.);
#1779=ORIENTED_EDGE('',*,*,#3170,.T.);
#1780=ORIENTED_EDGE('',*,*,#3194,.T.);
#1781=ORIENTED_EDGE('',*,*,#3175,.F.);
#1782=ORIENTED_EDGE('',*,*,#3195,.F.);
#1783=ORIENTED_EDGE('',*,*,#3180,.T.);
#1784=ORIENTED_EDGE('',*,*,#3196,.T.);
#1785=ORIENTED_EDGE('',*,*,#3197,.F.);
#1786=ORIENTED_EDGE('',*,*,#3174,.F.);
#1787=ORIENTED_EDGE('',*,*,#3178,.F.);
#1788=ORIENTED_EDGE('',*,*,#3181,.T.);
#1789=ORIENTED_EDGE('',*,*,#3195,.T.);
#1790=ORIENTED_EDGE('',*,*,#3164,.F.);
#1791=ORIENTED_EDGE('',*,*,#3168,.F.);
#1792=ORIENTED_EDGE('',*,*,#3171,.T.);
#1793=ORIENTED_EDGE('',*,*,#3193,.F.);
#1794=ORIENTED_EDGE('',*,*,#3154,.F.);
#1795=ORIENTED_EDGE('',*,*,#3158,.F.);
#1796=ORIENTED_EDGE('',*,*,#3161,.T.);
#1797=ORIENTED_EDGE('',*,*,#3191,.F.);
#1798=ORIENTED_EDGE('',*,*,#3144,.F.);
#1799=ORIENTED_EDGE('',*,*,#3148,.F.);
#1800=ORIENTED_EDGE('',*,*,#3151,.T.);
#1801=ORIENTED_EDGE('',*,*,#3189,.F.);
#1802=ORIENTED_EDGE('',*,*,#3134,.F.);
#1803=ORIENTED_EDGE('',*,*,#3138,.F.);
#1804=ORIENTED_EDGE('',*,*,#3141,.T.);
#1805=ORIENTED_EDGE('',*,*,#3187,.F.);
#1806=ORIENTED_EDGE('',*,*,#3124,.T.);
#1807=ORIENTED_EDGE('',*,*,#3128,.F.);
#1808=ORIENTED_EDGE('',*,*,#3131,.T.);
#1809=ORIENTED_EDGE('',*,*,#3185,.T.);
#1810=ORIENTED_EDGE('',*,*,#3182,.T.);
#1811=ORIENTED_EDGE('',*,*,#3196,.F.);
#1812=ORIENTED_EDGE('',*,*,#3172,.T.);
#1813=ORIENTED_EDGE('',*,*,#3194,.F.);
#1814=ORIENTED_EDGE('',*,*,#3179,.F.);
#1815=ORIENTED_EDGE('',*,*,#3176,.T.);
#1816=ORIENTED_EDGE('',*,*,#3162,.T.);
#1817=ORIENTED_EDGE('',*,*,#3192,.T.);
#1818=ORIENTED_EDGE('',*,*,#3169,.F.);
#1819=ORIENTED_EDGE('',*,*,#3166,.T.);
#1820=ORIENTED_EDGE('',*,*,#3152,.T.);
#1821=ORIENTED_EDGE('',*,*,#3190,.T.);
#1822=ORIENTED_EDGE('',*,*,#3159,.F.);
#1823=ORIENTED_EDGE('',*,*,#3156,.T.);
#1824=ORIENTED_EDGE('',*,*,#3142,.T.);
#1825=ORIENTED_EDGE('',*,*,#3188,.T.);
#1826=ORIENTED_EDGE('',*,*,#3149,.F.);
#1827=ORIENTED_EDGE('',*,*,#3146,.T.);
#1828=ORIENTED_EDGE('',*,*,#3132,.T.);
#1829=ORIENTED_EDGE('',*,*,#3186,.T.);
#1830=ORIENTED_EDGE('',*,*,#3139,.F.);
#1831=ORIENTED_EDGE('',*,*,#3136,.T.);
#1832=ORIENTED_EDGE('',*,*,#3122,.F.);
#1833=ORIENTED_EDGE('',*,*,#3184,.F.);
#1834=ORIENTED_EDGE('',*,*,#3129,.F.);
#1835=ORIENTED_EDGE('',*,*,#3126,.T.);
#1836=ORIENTED_EDGE('',*,*,#3183,.F.);
#1837=ORIENTED_EDGE('',*,*,#3197,.T.);
#1838=ORIENTED_EDGE('',*,*,#3198,.F.);
#1839=ORIENTED_EDGE('',*,*,#3199,.F.);
#1840=ORIENTED_EDGE('',*,*,#3200,.T.);
#1841=ORIENTED_EDGE('',*,*,#3201,.T.);
#1842=ORIENTED_EDGE('',*,*,#3202,.T.);
#1843=ORIENTED_EDGE('',*,*,#3203,.F.);
#1844=ORIENTED_EDGE('',*,*,#3204,.F.);
#1845=ORIENTED_EDGE('',*,*,#3199,.T.);
#1846=ORIENTED_EDGE('',*,*,#3205,.F.);
#1847=ORIENTED_EDGE('',*,*,#3201,.F.);
#1848=ORIENTED_EDGE('',*,*,#3206,.T.);
#1849=ORIENTED_EDGE('',*,*,#3203,.T.);
#1850=ORIENTED_EDGE('',*,*,#3207,.F.);
#1851=ORIENTED_EDGE('',*,*,#3208,.T.);
#1852=ORIENTED_EDGE('',*,*,#3200,.F.);
#1853=ORIENTED_EDGE('',*,*,#3204,.T.);
#1854=ORIENTED_EDGE('',*,*,#3206,.F.);
#1855=ORIENTED_EDGE('',*,*,#3207,.T.);
#1856=ORIENTED_EDGE('',*,*,#3198,.T.);
#1857=ORIENTED_EDGE('',*,*,#3205,.T.);
#1858=ORIENTED_EDGE('',*,*,#3202,.F.);
#1859=ORIENTED_EDGE('',*,*,#3208,.F.);
#1860=ORIENTED_EDGE('',*,*,#3209,.T.);
#1861=ORIENTED_EDGE('',*,*,#3210,.F.);
#1862=ORIENTED_EDGE('',*,*,#3211,.F.);
#1863=ORIENTED_EDGE('',*,*,#3212,.T.);
#1864=ORIENTED_EDGE('',*,*,#3213,.F.);
#1865=ORIENTED_EDGE('',*,*,#3214,.F.);
#1866=ORIENTED_EDGE('',*,*,#3215,.T.);
#1867=ORIENTED_EDGE('',*,*,#3210,.T.);
#1868=ORIENTED_EDGE('',*,*,#3216,.F.);
#1869=ORIENTED_EDGE('',*,*,#3217,.F.);
#1870=ORIENTED_EDGE('',*,*,#3218,.T.);
#1871=ORIENTED_EDGE('',*,*,#3219,.T.);
#1872=ORIENTED_EDGE('',*,*,#3220,.T.);
#1873=ORIENTED_EDGE('',*,*,#3221,.F.);
#1874=ORIENTED_EDGE('',*,*,#3222,.F.);
#1875=ORIENTED_EDGE('',*,*,#3217,.T.);
#1876=ORIENTED_EDGE('',*,*,#3223,.F.);
#1877=ORIENTED_EDGE('',*,*,#3224,.F.);
#1878=ORIENTED_EDGE('',*,*,#3225,.T.);
#1879=ORIENTED_EDGE('',*,*,#3226,.T.);
#1880=ORIENTED_EDGE('',*,*,#3227,.F.);
#1881=ORIENTED_EDGE('',*,*,#3228,.F.);
#1882=ORIENTED_EDGE('',*,*,#3229,.T.);
#1883=ORIENTED_EDGE('',*,*,#3224,.T.);
#1884=ORIENTED_EDGE('',*,*,#3230,.F.);
#1885=ORIENTED_EDGE('',*,*,#3231,.F.);
#1886=ORIENTED_EDGE('',*,*,#3232,.T.);
#1887=ORIENTED_EDGE('',*,*,#3233,.T.);
#1888=ORIENTED_EDGE('',*,*,#3234,.F.);
#1889=ORIENTED_EDGE('',*,*,#3235,.F.);
#1890=ORIENTED_EDGE('',*,*,#3236,.T.);
#1891=ORIENTED_EDGE('',*,*,#3231,.T.);
#1892=ORIENTED_EDGE('',*,*,#3237,.F.);
#1893=ORIENTED_EDGE('',*,*,#3238,.F.);
#1894=ORIENTED_EDGE('',*,*,#3239,.T.);
#1895=ORIENTED_EDGE('',*,*,#3240,.T.);
#1896=ORIENTED_EDGE('',*,*,#3241,.T.);
#1897=ORIENTED_EDGE('',*,*,#3242,.F.);
#1898=ORIENTED_EDGE('',*,*,#3243,.F.);
#1899=ORIENTED_EDGE('',*,*,#3238,.T.);
#1900=ORIENTED_EDGE('',*,*,#3244,.F.);
#1901=ORIENTED_EDGE('',*,*,#3245,.F.);
#1902=ORIENTED_EDGE('',*,*,#3246,.T.);
#1903=ORIENTED_EDGE('',*,*,#3247,.T.);
#1904=ORIENTED_EDGE('',*,*,#3248,.F.);
#1905=ORIENTED_EDGE('',*,*,#3249,.F.);
#1906=ORIENTED_EDGE('',*,*,#3250,.T.);
#1907=ORIENTED_EDGE('',*,*,#3245,.T.);
#1908=ORIENTED_EDGE('',*,*,#3251,.T.);
#1909=ORIENTED_EDGE('',*,*,#3212,.F.);
#1910=ORIENTED_EDGE('',*,*,#3252,.F.);
#1911=ORIENTED_EDGE('',*,*,#3214,.T.);
#1912=ORIENTED_EDGE('',*,*,#3253,.F.);
#1913=ORIENTED_EDGE('',*,*,#3219,.F.);
#1914=ORIENTED_EDGE('',*,*,#3254,.T.);
#1915=ORIENTED_EDGE('',*,*,#3221,.T.);
#1916=ORIENTED_EDGE('',*,*,#3255,.F.);
#1917=ORIENTED_EDGE('',*,*,#3226,.F.);
#1918=ORIENTED_EDGE('',*,*,#3256,.T.);
#1919=ORIENTED_EDGE('',*,*,#3228,.T.);
#1920=ORIENTED_EDGE('',*,*,#3257,.F.);
#1921=ORIENTED_EDGE('',*,*,#3258,.T.);
#1922=ORIENTED_EDGE('',*,*,#3259,.F.);
#1923=ORIENTED_EDGE('',*,*,#3233,.F.);
#1924=ORIENTED_EDGE('',*,*,#3260,.T.);
#1925=ORIENTED_EDGE('',*,*,#3235,.T.);
#1926=ORIENTED_EDGE('',*,*,#3261,.T.);
#1927=ORIENTED_EDGE('',*,*,#3240,.F.);
#1928=ORIENTED_EDGE('',*,*,#3262,.F.);
#1929=ORIENTED_EDGE('',*,*,#3242,.T.);
#1930=ORIENTED_EDGE('',*,*,#3263,.F.);
#1931=ORIENTED_EDGE('',*,*,#3247,.F.);
#1932=ORIENTED_EDGE('',*,*,#3264,.T.);
#1933=ORIENTED_EDGE('',*,*,#3249,.T.);
#1934=ORIENTED_EDGE('',*,*,#3265,.T.);
#1935=ORIENTED_EDGE('',*,*,#3266,.F.);
#1936=ORIENTED_EDGE('',*,*,#3246,.F.);
#1937=ORIENTED_EDGE('',*,*,#3250,.F.);
#1938=ORIENTED_EDGE('',*,*,#3264,.F.);
#1939=ORIENTED_EDGE('',*,*,#3239,.F.);
#1940=ORIENTED_EDGE('',*,*,#3243,.T.);
#1941=ORIENTED_EDGE('',*,*,#3262,.T.);
#1942=ORIENTED_EDGE('',*,*,#3232,.F.);
#1943=ORIENTED_EDGE('',*,*,#3236,.F.);
#1944=ORIENTED_EDGE('',*,*,#3260,.F.);
#1945=ORIENTED_EDGE('',*,*,#3257,.T.);
#1946=ORIENTED_EDGE('',*,*,#3225,.F.);
#1947=ORIENTED_EDGE('',*,*,#3229,.F.);
#1948=ORIENTED_EDGE('',*,*,#3256,.F.);
#1949=ORIENTED_EDGE('',*,*,#3218,.F.);
#1950=ORIENTED_EDGE('',*,*,#3222,.T.);
#1951=ORIENTED_EDGE('',*,*,#3254,.F.);
#1952=ORIENTED_EDGE('',*,*,#3211,.T.);
#1953=ORIENTED_EDGE('',*,*,#3215,.F.);
#1954=ORIENTED_EDGE('',*,*,#3252,.T.);
#1955=ORIENTED_EDGE('',*,*,#3265,.F.);
#1956=ORIENTED_EDGE('',*,*,#3244,.T.);
#1957=ORIENTED_EDGE('',*,*,#3263,.T.);
#1958=ORIENTED_EDGE('',*,*,#3248,.T.);
#1959=ORIENTED_EDGE('',*,*,#3237,.T.);
#1960=ORIENTED_EDGE('',*,*,#3261,.F.);
#1961=ORIENTED_EDGE('',*,*,#3241,.F.);
#1962=ORIENTED_EDGE('',*,*,#3230,.T.);
#1963=ORIENTED_EDGE('',*,*,#3259,.T.);
#1964=ORIENTED_EDGE('',*,*,#3234,.T.);
#1965=ORIENTED_EDGE('',*,*,#3258,.F.);
#1966=ORIENTED_EDGE('',*,*,#3223,.T.);
#1967=ORIENTED_EDGE('',*,*,#3255,.T.);
#1968=ORIENTED_EDGE('',*,*,#3227,.T.);
#1969=ORIENTED_EDGE('',*,*,#3216,.T.);
#1970=ORIENTED_EDGE('',*,*,#3253,.T.);
#1971=ORIENTED_EDGE('',*,*,#3220,.F.);
#1972=ORIENTED_EDGE('',*,*,#3209,.F.);
#1973=ORIENTED_EDGE('',*,*,#3251,.F.);
#1974=ORIENTED_EDGE('',*,*,#3213,.T.);
#1975=ORIENTED_EDGE('',*,*,#3266,.T.);
#1976=ORIENTED_EDGE('',*,*,#3267,.T.);
#1977=ORIENTED_EDGE('',*,*,#3268,.F.);
#1978=ORIENTED_EDGE('',*,*,#3269,.F.);
#1979=ORIENTED_EDGE('',*,*,#3270,.T.);
#1980=ORIENTED_EDGE('',*,*,#3271,.T.);
#1981=ORIENTED_EDGE('',*,*,#3272,.F.);
#1982=ORIENTED_EDGE('',*,*,#3273,.F.);
#1983=ORIENTED_EDGE('',*,*,#3274,.T.);
#1984=ORIENTED_EDGE('',*,*,#3275,.F.);
#1985=ORIENTED_EDGE('',*,*,#3276,.F.);
#1986=ORIENTED_EDGE('',*,*,#3277,.T.);
#1987=ORIENTED_EDGE('',*,*,#3278,.T.);
#1988=ORIENTED_EDGE('',*,*,#3279,.F.);
#1989=ORIENTED_EDGE('',*,*,#3280,.F.);
#1990=ORIENTED_EDGE('',*,*,#3281,.T.);
#1991=ORIENTED_EDGE('',*,*,#3282,.T.);
#1992=ORIENTED_EDGE('',*,*,#3283,.T.);
#1993=ORIENTED_EDGE('',*,*,#3284,.F.);
#1994=ORIENTED_EDGE('',*,*,#3285,.F.);
#1995=ORIENTED_EDGE('',*,*,#3280,.T.);
#1996=ORIENTED_EDGE('',*,*,#3286,.F.);
#1997=ORIENTED_EDGE('',*,*,#3287,.F.);
#1998=ORIENTED_EDGE('',*,*,#3288,.T.);
#1999=ORIENTED_EDGE('',*,*,#3284,.T.);
#2000=ORIENTED_EDGE('',*,*,#3289,.F.);
#2001=ORIENTED_EDGE('',*,*,#3290,.F.);
#2002=ORIENTED_EDGE('',*,*,#3291,.T.);
#2003=ORIENTED_EDGE('',*,*,#3292,.T.);
#2004=ORIENTED_EDGE('',*,*,#3293,.T.);
#2005=ORIENTED_EDGE('',*,*,#3294,.F.);
#2006=ORIENTED_EDGE('',*,*,#3295,.F.);
#2007=ORIENTED_EDGE('',*,*,#3290,.T.);
#2008=ORIENTED_EDGE('',*,*,#3296,.F.);
#2009=ORIENTED_EDGE('',*,*,#3297,.F.);
#2010=ORIENTED_EDGE('',*,*,#3298,.T.);
#2011=ORIENTED_EDGE('',*,*,#3294,.T.);
#2012=ORIENTED_EDGE('',*,*,#3299,.F.);
#2013=ORIENTED_EDGE('',*,*,#3300,.F.);
#2014=ORIENTED_EDGE('',*,*,#3301,.T.);
#2015=ORIENTED_EDGE('',*,*,#3302,.T.);
#2016=ORIENTED_EDGE('',*,*,#3303,.T.);
#2017=ORIENTED_EDGE('',*,*,#3304,.F.);
#2018=ORIENTED_EDGE('',*,*,#3305,.F.);
#2019=ORIENTED_EDGE('',*,*,#3300,.T.);
#2020=ORIENTED_EDGE('',*,*,#3306,.F.);
#2021=ORIENTED_EDGE('',*,*,#3307,.F.);
#2022=ORIENTED_EDGE('',*,*,#3308,.T.);
#2023=ORIENTED_EDGE('',*,*,#3304,.T.);
#2024=ORIENTED_EDGE('',*,*,#3309,.F.);
#2025=ORIENTED_EDGE('',*,*,#3270,.F.);
#2026=ORIENTED_EDGE('',*,*,#3310,.T.);
#2027=ORIENTED_EDGE('',*,*,#3268,.T.);
#2028=ORIENTED_EDGE('',*,*,#3311,.F.);
#2029=ORIENTED_EDGE('',*,*,#3274,.F.);
#2030=ORIENTED_EDGE('',*,*,#3312,.T.);
#2031=ORIENTED_EDGE('',*,*,#3272,.T.);
#2032=ORIENTED_EDGE('',*,*,#3313,.T.);
#2033=ORIENTED_EDGE('',*,*,#3278,.F.);
#2034=ORIENTED_EDGE('',*,*,#3314,.F.);
#2035=ORIENTED_EDGE('',*,*,#3276,.T.);
#2036=ORIENTED_EDGE('',*,*,#3315,.F.);
#2037=ORIENTED_EDGE('',*,*,#3282,.F.);
#2038=ORIENTED_EDGE('',*,*,#3316,.T.);
#2039=ORIENTED_EDGE('',*,*,#3287,.T.);
#2040=ORIENTED_EDGE('',*,*,#3317,.F.);
#2041=ORIENTED_EDGE('',*,*,#3292,.F.);
#2042=ORIENTED_EDGE('',*,*,#3318,.T.);
#2043=ORIENTED_EDGE('',*,*,#3297,.T.);
#2044=ORIENTED_EDGE('',*,*,#3319,.F.);
#2045=ORIENTED_EDGE('',*,*,#3302,.F.);
#2046=ORIENTED_EDGE('',*,*,#3320,.T.);
#2047=ORIENTED_EDGE('',*,*,#3307,.T.);
#2048=ORIENTED_EDGE('',*,*,#3321,.F.);
#2049=ORIENTED_EDGE('',*,*,#3322,.T.);
#2050=ORIENTED_EDGE('',*,*,#3301,.F.);
#2051=ORIENTED_EDGE('',*,*,#3305,.T.);
#2052=ORIENTED_EDGE('',*,*,#3308,.F.);
#2053=ORIENTED_EDGE('',*,*,#3320,.F.);
#2054=ORIENTED_EDGE('',*,*,#3291,.F.);
#2055=ORIENTED_EDGE('',*,*,#3295,.T.);
#2056=ORIENTED_EDGE('',*,*,#3298,.F.);
#2057=ORIENTED_EDGE('',*,*,#3318,.F.);
#2058=ORIENTED_EDGE('',*,*,#3281,.F.);
#2059=ORIENTED_EDGE('',*,*,#3285,.T.);
#2060=ORIENTED_EDGE('',*,*,#3288,.F.);
#2061=ORIENTED_EDGE('',*,*,#3316,.F.);
#2062=ORIENTED_EDGE('',*,*,#3277,.F.);
#2063=ORIENTED_EDGE('',*,*,#3314,.T.);
#2064=ORIENTED_EDGE('',*,*,#3273,.T.);
#2065=ORIENTED_EDGE('',*,*,#3312,.F.);
#2066=ORIENTED_EDGE('',*,*,#3269,.T.);
#2067=ORIENTED_EDGE('',*,*,#3310,.F.);
#2068=ORIENTED_EDGE('',*,*,#3321,.T.);
#2069=ORIENTED_EDGE('',*,*,#3299,.T.);
#2070=ORIENTED_EDGE('',*,*,#3319,.T.);
#2071=ORIENTED_EDGE('',*,*,#3306,.T.);
#2072=ORIENTED_EDGE('',*,*,#3303,.F.);
#2073=ORIENTED_EDGE('',*,*,#3289,.T.);
#2074=ORIENTED_EDGE('',*,*,#3317,.T.);
#2075=ORIENTED_EDGE('',*,*,#3296,.T.);
#2076=ORIENTED_EDGE('',*,*,#3293,.F.);
#2077=ORIENTED_EDGE('',*,*,#3279,.T.);
#2078=ORIENTED_EDGE('',*,*,#3315,.T.);
#2079=ORIENTED_EDGE('',*,*,#3286,.T.);
#2080=ORIENTED_EDGE('',*,*,#3283,.F.);
#2081=ORIENTED_EDGE('',*,*,#3275,.T.);
#2082=ORIENTED_EDGE('',*,*,#3313,.F.);
#2083=ORIENTED_EDGE('',*,*,#3271,.F.);
#2084=ORIENTED_EDGE('',*,*,#3311,.T.);
#2085=ORIENTED_EDGE('',*,*,#3267,.F.);
#2086=ORIENTED_EDGE('',*,*,#3309,.T.);
#2087=ORIENTED_EDGE('',*,*,#3322,.F.);
#2088=ORIENTED_EDGE('',*,*,#3323,.T.);
#2089=ORIENTED_EDGE('',*,*,#3324,.F.);
#2090=ORIENTED_EDGE('',*,*,#3325,.F.);
#2091=ORIENTED_EDGE('',*,*,#3326,.T.);
#2092=ORIENTED_EDGE('',*,*,#3327,.F.);
#2093=ORIENTED_EDGE('',*,*,#3328,.F.);
#2094=ORIENTED_EDGE('',*,*,#3329,.T.);
#2095=ORIENTED_EDGE('',*,*,#3324,.T.);
#2096=ORIENTED_EDGE('',*,*,#3330,.T.);
#2097=ORIENTED_EDGE('',*,*,#3331,.F.);
#2098=ORIENTED_EDGE('',*,*,#3332,.F.);
#2099=ORIENTED_EDGE('',*,*,#3328,.T.);
#2100=ORIENTED_EDGE('',*,*,#3333,.T.);
#2101=ORIENTED_EDGE('',*,*,#3334,.F.);
#2102=ORIENTED_EDGE('',*,*,#3335,.F.);
#2103=ORIENTED_EDGE('',*,*,#3336,.T.);
#2104=ORIENTED_EDGE('',*,*,#3337,.T.);
#2105=ORIENTED_EDGE('',*,*,#3338,.F.);
#2106=ORIENTED_EDGE('',*,*,#3339,.F.);
#2107=ORIENTED_EDGE('',*,*,#3334,.T.);
#2108=ORIENTED_EDGE('',*,*,#3340,.T.);
#2109=ORIENTED_EDGE('',*,*,#3341,.F.);
#2110=ORIENTED_EDGE('',*,*,#3342,.F.);
#2111=ORIENTED_EDGE('',*,*,#3338,.T.);
#2112=ORIENTED_EDGE('',*,*,#3343,.T.);
#2113=ORIENTED_EDGE('',*,*,#3344,.F.);
#2114=ORIENTED_EDGE('',*,*,#3345,.F.);
#2115=ORIENTED_EDGE('',*,*,#3341,.T.);
#2116=ORIENTED_EDGE('',*,*,#3346,.F.);
#2117=ORIENTED_EDGE('',*,*,#3347,.F.);
#2118=ORIENTED_EDGE('',*,*,#3348,.T.);
#2119=ORIENTED_EDGE('',*,*,#3344,.T.);
#2120=ORIENTED_EDGE('',*,*,#3349,.F.);
#2121=ORIENTED_EDGE('',*,*,#3350,.F.);
#2122=ORIENTED_EDGE('',*,*,#3351,.T.);
#2123=ORIENTED_EDGE('',*,*,#3347,.T.);
#2124=ORIENTED_EDGE('',*,*,#3352,.T.);
#2125=ORIENTED_EDGE('',*,*,#3353,.F.);
#2126=ORIENTED_EDGE('',*,*,#3354,.F.);
#2127=ORIENTED_EDGE('',*,*,#3350,.T.);
#2128=ORIENTED_EDGE('',*,*,#3355,.F.);
#2129=ORIENTED_EDGE('',*,*,#3356,.F.);
#2130=ORIENTED_EDGE('',*,*,#3357,.T.);
#2131=ORIENTED_EDGE('',*,*,#3353,.T.);
#2132=ORIENTED_EDGE('',*,*,#3358,.F.);
#2133=ORIENTED_EDGE('',*,*,#3359,.F.);
#2134=ORIENTED_EDGE('',*,*,#3360,.T.);
#2135=ORIENTED_EDGE('',*,*,#3361,.T.);
#2136=ORIENTED_EDGE('',*,*,#3362,.F.);
#2137=ORIENTED_EDGE('',*,*,#3363,.F.);
#2138=ORIENTED_EDGE('',*,*,#3364,.T.);
#2139=ORIENTED_EDGE('',*,*,#3359,.T.);
#2140=ORIENTED_EDGE('',*,*,#3365,.T.);
#2141=ORIENTED_EDGE('',*,*,#3366,.F.);
#2142=ORIENTED_EDGE('',*,*,#3367,.F.);
#2143=ORIENTED_EDGE('',*,*,#3363,.T.);
#2144=ORIENTED_EDGE('',*,*,#3368,.F.);
#2145=ORIENTED_EDGE('',*,*,#3369,.F.);
#2146=ORIENTED_EDGE('',*,*,#3370,.T.);
#2147=ORIENTED_EDGE('',*,*,#3371,.T.);
#2148=ORIENTED_EDGE('',*,*,#3372,.F.);
#2149=ORIENTED_EDGE('',*,*,#3373,.F.);
#2150=ORIENTED_EDGE('',*,*,#3374,.T.);
#2151=ORIENTED_EDGE('',*,*,#3369,.T.);
#2152=ORIENTED_EDGE('',*,*,#3375,.T.);
#2153=ORIENTED_EDGE('',*,*,#3376,.F.);
#2154=ORIENTED_EDGE('',*,*,#3377,.F.);
#2155=ORIENTED_EDGE('',*,*,#3373,.T.);
#2156=ORIENTED_EDGE('',*,*,#3378,.T.);
#2157=ORIENTED_EDGE('',*,*,#3336,.F.);
#2158=ORIENTED_EDGE('',*,*,#3379,.F.);
#2159=ORIENTED_EDGE('',*,*,#3356,.T.);
#2160=ORIENTED_EDGE('',*,*,#3380,.T.);
#2161=ORIENTED_EDGE('',*,*,#3361,.F.);
#2162=ORIENTED_EDGE('',*,*,#3381,.F.);
#2163=ORIENTED_EDGE('',*,*,#3366,.T.);
#2164=ORIENTED_EDGE('',*,*,#3382,.F.);
#2165=ORIENTED_EDGE('',*,*,#3371,.F.);
#2166=ORIENTED_EDGE('',*,*,#3383,.T.);
#2167=ORIENTED_EDGE('',*,*,#3376,.T.);
#2168=ORIENTED_EDGE('',*,*,#3384,.T.);
#2169=ORIENTED_EDGE('',*,*,#3326,.F.);
#2170=ORIENTED_EDGE('',*,*,#3385,.F.);
#2171=ORIENTED_EDGE('',*,*,#3331,.T.);
#2172=ORIENTED_EDGE('',*,*,#3370,.F.);
#2173=ORIENTED_EDGE('',*,*,#3374,.F.);
#2174=ORIENTED_EDGE('',*,*,#3377,.T.);
#2175=ORIENTED_EDGE('',*,*,#3383,.F.);
#2176=ORIENTED_EDGE('',*,*,#3360,.F.);
#2177=ORIENTED_EDGE('',*,*,#3364,.F.);
#2178=ORIENTED_EDGE('',*,*,#3367,.T.);
#2179=ORIENTED_EDGE('',*,*,#3381,.T.);
#2180=ORIENTED_EDGE('',*,*,#3335,.T.);
#2181=ORIENTED_EDGE('',*,*,#3339,.T.);
#2182=ORIENTED_EDGE('',*,*,#3342,.T.);
#2183=ORIENTED_EDGE('',*,*,#3345,.T.);
#2184=ORIENTED_EDGE('',*,*,#3348,.F.);
#2185=ORIENTED_EDGE('',*,*,#3351,.F.);
#2186=ORIENTED_EDGE('',*,*,#3354,.T.);
#2187=ORIENTED_EDGE('',*,*,#3357,.F.);
#2188=ORIENTED_EDGE('',*,*,#3379,.T.);
#2189=ORIENTED_EDGE('',*,*,#3325,.T.);
#2190=ORIENTED_EDGE('',*,*,#3329,.F.);
#2191=ORIENTED_EDGE('',*,*,#3332,.T.);
#2192=ORIENTED_EDGE('',*,*,#3385,.T.);
#2193=ORIENTED_EDGE('',*,*,#3368,.T.);
#2194=ORIENTED_EDGE('',*,*,#3382,.T.);
#2195=ORIENTED_EDGE('',*,*,#3375,.F.);
#2196=ORIENTED_EDGE('',*,*,#3372,.T.);
#2197=ORIENTED_EDGE('',*,*,#3358,.T.);
#2198=ORIENTED_EDGE('',*,*,#3380,.F.);
#2199=ORIENTED_EDGE('',*,*,#3365,.F.);
#2200=ORIENTED_EDGE('',*,*,#3362,.T.);
#2201=ORIENTED_EDGE('',*,*,#3333,.F.);
#2202=ORIENTED_EDGE('',*,*,#3378,.F.);
#2203=ORIENTED_EDGE('',*,*,#3355,.T.);
#2204=ORIENTED_EDGE('',*,*,#3352,.F.);
#2205=ORIENTED_EDGE('',*,*,#3349,.T.);
#2206=ORIENTED_EDGE('',*,*,#3346,.T.);
#2207=ORIENTED_EDGE('',*,*,#3343,.F.);
#2208=ORIENTED_EDGE('',*,*,#3340,.F.);
#2209=ORIENTED_EDGE('',*,*,#3337,.F.);
#2210=ORIENTED_EDGE('',*,*,#3323,.F.);
#2211=ORIENTED_EDGE('',*,*,#3384,.F.);
#2212=ORIENTED_EDGE('',*,*,#3330,.F.);
#2213=ORIENTED_EDGE('',*,*,#3327,.T.);
#2214=ORIENTED_EDGE('',*,*,#3386,.T.);
#2215=ORIENTED_EDGE('',*,*,#3387,.F.);
#2216=ORIENTED_EDGE('',*,*,#3388,.F.);
#2217=ORIENTED_EDGE('',*,*,#3389,.T.);
#2218=ORIENTED_EDGE('',*,*,#3390,.T.);
#2219=ORIENTED_EDGE('',*,*,#3391,.F.);
#2220=ORIENTED_EDGE('',*,*,#3392,.F.);
#2221=ORIENTED_EDGE('',*,*,#3387,.T.);
#2222=ORIENTED_EDGE('',*,*,#3393,.F.);
#2223=ORIENTED_EDGE('',*,*,#3394,.F.);
#2224=ORIENTED_EDGE('',*,*,#3395,.T.);
#2225=ORIENTED_EDGE('',*,*,#3391,.T.);
#2226=ORIENTED_EDGE('',*,*,#3396,.T.);
#2227=ORIENTED_EDGE('',*,*,#3397,.F.);
#2228=ORIENTED_EDGE('',*,*,#3398,.F.);
#2229=ORIENTED_EDGE('',*,*,#3399,.T.);
#2230=ORIENTED_EDGE('',*,*,#3400,.F.);
#2231=ORIENTED_EDGE('',*,*,#3401,.F.);
#2232=ORIENTED_EDGE('',*,*,#3402,.T.);
#2233=ORIENTED_EDGE('',*,*,#3397,.T.);
#2234=ORIENTED_EDGE('',*,*,#3403,.T.);
#2235=ORIENTED_EDGE('',*,*,#3404,.F.);
#2236=ORIENTED_EDGE('',*,*,#3405,.F.);
#2237=ORIENTED_EDGE('',*,*,#3401,.T.);
#2238=ORIENTED_EDGE('',*,*,#3406,.F.);
#2239=ORIENTED_EDGE('',*,*,#3407,.F.);
#2240=ORIENTED_EDGE('',*,*,#3408,.T.);
#2241=ORIENTED_EDGE('',*,*,#3409,.T.);
#2242=ORIENTED_EDGE('',*,*,#3410,.T.);
#2243=ORIENTED_EDGE('',*,*,#3411,.F.);
#2244=ORIENTED_EDGE('',*,*,#3412,.F.);
#2245=ORIENTED_EDGE('',*,*,#3407,.T.);
#2246=ORIENTED_EDGE('',*,*,#3413,.T.);
#2247=ORIENTED_EDGE('',*,*,#3414,.F.);
#2248=ORIENTED_EDGE('',*,*,#3415,.F.);
#2249=ORIENTED_EDGE('',*,*,#3411,.T.);
#2250=ORIENTED_EDGE('',*,*,#3416,.T.);
#2251=ORIENTED_EDGE('',*,*,#3417,.F.);
#2252=ORIENTED_EDGE('',*,*,#3418,.F.);
#2253=ORIENTED_EDGE('',*,*,#3389,.F.);
#2254=ORIENTED_EDGE('',*,*,#3419,.T.);
#2255=ORIENTED_EDGE('',*,*,#3394,.T.);
#2256=ORIENTED_EDGE('',*,*,#3420,.T.);
#2257=ORIENTED_EDGE('',*,*,#3399,.F.);
#2258=ORIENTED_EDGE('',*,*,#3421,.F.);
#2259=ORIENTED_EDGE('',*,*,#3404,.T.);
#2260=ORIENTED_EDGE('',*,*,#3422,.F.);
#2261=ORIENTED_EDGE('',*,*,#3409,.F.);
#2262=ORIENTED_EDGE('',*,*,#3423,.T.);
#2263=ORIENTED_EDGE('',*,*,#3414,.T.);
#2264=ORIENTED_EDGE('',*,*,#3424,.F.);
#2265=ORIENTED_EDGE('',*,*,#3425,.T.);
#2266=ORIENTED_EDGE('',*,*,#3408,.F.);
#2267=ORIENTED_EDGE('',*,*,#3412,.T.);
#2268=ORIENTED_EDGE('',*,*,#3415,.T.);
#2269=ORIENTED_EDGE('',*,*,#3423,.F.);
#2270=ORIENTED_EDGE('',*,*,#3398,.T.);
#2271=ORIENTED_EDGE('',*,*,#3402,.F.);
#2272=ORIENTED_EDGE('',*,*,#3405,.T.);
#2273=ORIENTED_EDGE('',*,*,#3421,.T.);
#2274=ORIENTED_EDGE('',*,*,#3388,.T.);
#2275=ORIENTED_EDGE('',*,*,#3392,.T.);
#2276=ORIENTED_EDGE('',*,*,#3395,.F.);
#2277=ORIENTED_EDGE('',*,*,#3419,.F.);
#2278=ORIENTED_EDGE('',*,*,#3416,.F.);
#2279=ORIENTED_EDGE('',*,*,#3424,.T.);
#2280=ORIENTED_EDGE('',*,*,#3406,.T.);
#2281=ORIENTED_EDGE('',*,*,#3422,.T.);
#2282=ORIENTED_EDGE('',*,*,#3413,.F.);
#2283=ORIENTED_EDGE('',*,*,#3410,.F.);
#2284=ORIENTED_EDGE('',*,*,#3396,.F.);
#2285=ORIENTED_EDGE('',*,*,#3420,.F.);
#2286=ORIENTED_EDGE('',*,*,#3403,.F.);
#2287=ORIENTED_EDGE('',*,*,#3400,.T.);
#2288=ORIENTED_EDGE('',*,*,#3386,.F.);
#2289=ORIENTED_EDGE('',*,*,#3418,.T.);
#2290=ORIENTED_EDGE('',*,*,#3393,.T.);
#2291=ORIENTED_EDGE('',*,*,#3390,.F.);
#2292=ORIENTED_EDGE('',*,*,#3417,.T.);
#2293=ORIENTED_EDGE('',*,*,#3425,.F.);
#2294=ORIENTED_EDGE('',*,*,#3426,.F.);
#2295=ORIENTED_EDGE('',*,*,#3427,.F.);
#2296=ORIENTED_EDGE('',*,*,#3428,.T.);
#2297=ORIENTED_EDGE('',*,*,#3429,.T.);
#2298=ORIENTED_EDGE('',*,*,#3430,.F.);
#2299=ORIENTED_EDGE('',*,*,#3431,.F.);
#2300=ORIENTED_EDGE('',*,*,#3432,.T.);
#2301=ORIENTED_EDGE('',*,*,#3427,.T.);
#2302=ORIENTED_EDGE('',*,*,#3433,.F.);
#2303=ORIENTED_EDGE('',*,*,#3434,.F.);
#2304=ORIENTED_EDGE('',*,*,#3435,.T.);
#2305=ORIENTED_EDGE('',*,*,#3436,.T.);
#2306=ORIENTED_EDGE('',*,*,#3437,.F.);
#2307=ORIENTED_EDGE('',*,*,#3438,.F.);
#2308=ORIENTED_EDGE('',*,*,#3439,.T.);
#2309=ORIENTED_EDGE('',*,*,#3434,.T.);
#2310=ORIENTED_EDGE('',*,*,#3440,.F.);
#2311=ORIENTED_EDGE('',*,*,#3441,.F.);
#2312=ORIENTED_EDGE('',*,*,#3442,.T.);
#2313=ORIENTED_EDGE('',*,*,#3443,.T.);
#2314=ORIENTED_EDGE('',*,*,#3444,.F.);
#2315=ORIENTED_EDGE('',*,*,#3445,.F.);
#2316=ORIENTED_EDGE('',*,*,#3446,.T.);
#2317=ORIENTED_EDGE('',*,*,#3441,.T.);
#2318=ORIENTED_EDGE('',*,*,#3447,.F.);
#2319=ORIENTED_EDGE('',*,*,#3448,.F.);
#2320=ORIENTED_EDGE('',*,*,#3449,.T.);
#2321=ORIENTED_EDGE('',*,*,#3450,.T.);
#2322=ORIENTED_EDGE('',*,*,#3451,.F.);
#2323=ORIENTED_EDGE('',*,*,#3452,.F.);
#2324=ORIENTED_EDGE('',*,*,#3453,.T.);
#2325=ORIENTED_EDGE('',*,*,#3448,.T.);
#2326=ORIENTED_EDGE('',*,*,#3454,.F.);
#2327=ORIENTED_EDGE('',*,*,#3455,.T.);
#2328=ORIENTED_EDGE('',*,*,#3456,.F.);
#2329=ORIENTED_EDGE('',*,*,#3429,.F.);
#2330=ORIENTED_EDGE('',*,*,#3457,.T.);
#2331=ORIENTED_EDGE('',*,*,#3431,.T.);
#2332=ORIENTED_EDGE('',*,*,#3458,.F.);
#2333=ORIENTED_EDGE('',*,*,#3436,.F.);
#2334=ORIENTED_EDGE('',*,*,#3459,.T.);
#2335=ORIENTED_EDGE('',*,*,#3438,.T.);
#2336=ORIENTED_EDGE('',*,*,#3460,.F.);
#2337=ORIENTED_EDGE('',*,*,#3443,.F.);
#2338=ORIENTED_EDGE('',*,*,#3461,.T.);
#2339=ORIENTED_EDGE('',*,*,#3445,.T.);
#2340=ORIENTED_EDGE('',*,*,#3462,.F.);
#2341=ORIENTED_EDGE('',*,*,#3450,.F.);
#2342=ORIENTED_EDGE('',*,*,#3463,.T.);
#2343=ORIENTED_EDGE('',*,*,#3452,.T.);
#2344=ORIENTED_EDGE('',*,*,#3464,.T.);
#2345=ORIENTED_EDGE('',*,*,#3465,.F.);
#2346=ORIENTED_EDGE('',*,*,#3449,.F.);
#2347=ORIENTED_EDGE('',*,*,#3453,.F.);
#2348=ORIENTED_EDGE('',*,*,#3463,.F.);
#2349=ORIENTED_EDGE('',*,*,#3442,.F.);
#2350=ORIENTED_EDGE('',*,*,#3446,.F.);
#2351=ORIENTED_EDGE('',*,*,#3461,.F.);
#2352=ORIENTED_EDGE('',*,*,#3435,.F.);
#2353=ORIENTED_EDGE('',*,*,#3439,.F.);
#2354=ORIENTED_EDGE('',*,*,#3459,.F.);
#2355=ORIENTED_EDGE('',*,*,#3428,.F.);
#2356=ORIENTED_EDGE('',*,*,#3432,.F.);
#2357=ORIENTED_EDGE('',*,*,#3457,.F.);
#2358=ORIENTED_EDGE('',*,*,#3454,.T.);
#2359=ORIENTED_EDGE('',*,*,#3464,.F.);
#2360=ORIENTED_EDGE('',*,*,#3447,.T.);
#2361=ORIENTED_EDGE('',*,*,#3462,.T.);
#2362=ORIENTED_EDGE('',*,*,#3451,.T.);
#2363=ORIENTED_EDGE('',*,*,#3440,.T.);
#2364=ORIENTED_EDGE('',*,*,#3460,.T.);
#2365=ORIENTED_EDGE('',*,*,#3444,.T.);
#2366=ORIENTED_EDGE('',*,*,#3433,.T.);
#2367=ORIENTED_EDGE('',*,*,#3458,.T.);
#2368=ORIENTED_EDGE('',*,*,#3437,.T.);
#2369=ORIENTED_EDGE('',*,*,#3426,.T.);
#2370=ORIENTED_EDGE('',*,*,#3456,.T.);
#2371=ORIENTED_EDGE('',*,*,#3430,.T.);
#2372=ORIENTED_EDGE('',*,*,#3455,.F.);
#2373=ORIENTED_EDGE('',*,*,#3465,.T.);
#2374=ORIENTED_EDGE('',*,*,#3466,.F.);
#2375=ORIENTED_EDGE('',*,*,#3467,.F.);
#2376=ORIENTED_EDGE('',*,*,#3468,.T.);
#2377=ORIENTED_EDGE('',*,*,#3469,.T.);
#2378=ORIENTED_EDGE('',*,*,#3470,.F.);
#2379=ORIENTED_EDGE('',*,*,#3471,.F.);
#2380=ORIENTED_EDGE('',*,*,#3472,.T.);
#2381=ORIENTED_EDGE('',*,*,#3473,.T.);
#2382=ORIENTED_EDGE('',*,*,#3474,.F.);
#2383=ORIENTED_EDGE('',*,*,#3475,.F.);
#2384=ORIENTED_EDGE('',*,*,#3476,.T.);
#2385=ORIENTED_EDGE('',*,*,#3477,.T.);
#2386=ORIENTED_EDGE('',*,*,#3478,.T.);
#2387=ORIENTED_EDGE('',*,*,#3479,.F.);
#2388=ORIENTED_EDGE('',*,*,#3480,.F.);
#2389=ORIENTED_EDGE('',*,*,#3469,.F.);
#2390=ORIENTED_EDGE('',*,*,#3481,.T.);
#2391=ORIENTED_EDGE('',*,*,#3467,.T.);
#2392=ORIENTED_EDGE('',*,*,#3482,.F.);
#2393=ORIENTED_EDGE('',*,*,#3473,.F.);
#2394=ORIENTED_EDGE('',*,*,#3483,.T.);
#2395=ORIENTED_EDGE('',*,*,#3471,.T.);
#2396=ORIENTED_EDGE('',*,*,#3484,.F.);
#2397=ORIENTED_EDGE('',*,*,#3477,.F.);
#2398=ORIENTED_EDGE('',*,*,#3485,.T.);
#2399=ORIENTED_EDGE('',*,*,#3475,.T.);
#2400=ORIENTED_EDGE('',*,*,#3486,.F.);
#2401=ORIENTED_EDGE('',*,*,#3487,.T.);
#2402=ORIENTED_EDGE('',*,*,#3476,.F.);
#2403=ORIENTED_EDGE('',*,*,#3485,.F.);
#2404=ORIENTED_EDGE('',*,*,#3472,.F.);
#2405=ORIENTED_EDGE('',*,*,#3483,.F.);
#2406=ORIENTED_EDGE('',*,*,#3468,.F.);
#2407=ORIENTED_EDGE('',*,*,#3481,.F.);
#2408=ORIENTED_EDGE('',*,*,#3478,.F.);
#2409=ORIENTED_EDGE('',*,*,#3486,.T.);
#2410=ORIENTED_EDGE('',*,*,#3474,.T.);
#2411=ORIENTED_EDGE('',*,*,#3484,.T.);
#2412=ORIENTED_EDGE('',*,*,#3470,.T.);
#2413=ORIENTED_EDGE('',*,*,#3482,.T.);
#2414=ORIENTED_EDGE('',*,*,#3466,.T.);
#2415=ORIENTED_EDGE('',*,*,#3480,.T.);
#2416=ORIENTED_EDGE('',*,*,#3479,.T.);
#2417=ORIENTED_EDGE('',*,*,#3487,.F.);
#2418=ORIENTED_EDGE('',*,*,#3488,.F.);
#2419=ORIENTED_EDGE('',*,*,#3489,.F.);
#2420=ORIENTED_EDGE('',*,*,#3490,.T.);
#2421=ORIENTED_EDGE('',*,*,#3491,.T.);
#2422=ORIENTED_EDGE('',*,*,#3492,.T.);
#2423=ORIENTED_EDGE('',*,*,#3493,.F.);
#2424=ORIENTED_EDGE('',*,*,#3494,.F.);
#2425=ORIENTED_EDGE('',*,*,#3489,.T.);
#2426=ORIENTED_EDGE('',*,*,#3495,.F.);
#2427=ORIENTED_EDGE('',*,*,#3496,.T.);
#2428=ORIENTED_EDGE('',*,*,#3497,.F.);
#2429=ORIENTED_EDGE('',*,*,#3491,.F.);
#2430=ORIENTED_EDGE('',*,*,#3498,.T.);
#2431=ORIENTED_EDGE('',*,*,#3493,.T.);
#2432=ORIENTED_EDGE('',*,*,#3495,.T.);
#2433=ORIENTED_EDGE('',*,*,#3490,.F.);
#2434=ORIENTED_EDGE('',*,*,#3494,.T.);
#2435=ORIENTED_EDGE('',*,*,#3498,.F.);
#2436=ORIENTED_EDGE('',*,*,#3496,.F.);
#2437=ORIENTED_EDGE('',*,*,#3488,.T.);
#2438=ORIENTED_EDGE('',*,*,#3497,.T.);
#2439=ORIENTED_EDGE('',*,*,#3492,.F.);
#2440=ORIENTED_EDGE('',*,*,#3499,.F.);
#2441=ORIENTED_EDGE('',*,*,#3500,.F.);
#2442=ORIENTED_EDGE('',*,*,#3501,.T.);
#2443=ORIENTED_EDGE('',*,*,#3502,.T.);
#2444=ORIENTED_EDGE('',*,*,#3503,.T.);
#2445=ORIENTED_EDGE('',*,*,#3504,.F.);
#2446=ORIENTED_EDGE('',*,*,#3505,.F.);
#2447=ORIENTED_EDGE('',*,*,#3500,.T.);
#2448=ORIENTED_EDGE('',*,*,#3506,.F.);
#2449=ORIENTED_EDGE('',*,*,#3507,.F.);
#2450=ORIENTED_EDGE('',*,*,#3508,.T.);
#2451=ORIENTED_EDGE('',*,*,#3504,.T.);
#2452=ORIENTED_EDGE('',*,*,#3509,.T.);
#2453=ORIENTED_EDGE('',*,*,#3502,.F.);
#2454=ORIENTED_EDGE('',*,*,#3510,.F.);
#2455=ORIENTED_EDGE('',*,*,#3507,.T.);
#2456=ORIENTED_EDGE('',*,*,#3511,.T.);
#2457=ORIENTED_EDGE('',*,*,#3512,.F.);
#2458=ORIENTED_EDGE('',*,*,#3501,.F.);
#2459=ORIENTED_EDGE('',*,*,#3505,.T.);
#2460=ORIENTED_EDGE('',*,*,#3508,.F.);
#2461=ORIENTED_EDGE('',*,*,#3510,.T.);
#2462=ORIENTED_EDGE('',*,*,#3511,.F.);
#2463=ORIENTED_EDGE('',*,*,#3499,.T.);
#2464=ORIENTED_EDGE('',*,*,#3509,.F.);
#2465=ORIENTED_EDGE('',*,*,#3506,.T.);
#2466=ORIENTED_EDGE('',*,*,#3503,.F.);
#2467=ORIENTED_EDGE('',*,*,#3512,.T.);
#2468=ORIENTED_EDGE('',*,*,#3513,.T.);
#2469=ORIENTED_EDGE('',*,*,#3514,.F.);
#2470=ORIENTED_EDGE('',*,*,#3515,.F.);
#2471=ORIENTED_EDGE('',*,*,#3516,.T.);
#2472=ORIENTED_EDGE('',*,*,#3517,.F.);
#2473=ORIENTED_EDGE('',*,*,#3518,.F.);
#2474=ORIENTED_EDGE('',*,*,#3519,.T.);
#2475=ORIENTED_EDGE('',*,*,#3514,.T.);
#2476=ORIENTED_EDGE('',*,*,#3520,.T.);
#2477=ORIENTED_EDGE('',*,*,#3521,.F.);
#2478=ORIENTED_EDGE('',*,*,#3522,.F.);
#2479=ORIENTED_EDGE('',*,*,#3518,.T.);
#2480=ORIENTED_EDGE('',*,*,#3523,.F.);
#2481=ORIENTED_EDGE('',*,*,#3516,.F.);
#2482=ORIENTED_EDGE('',*,*,#3524,.T.);
#2483=ORIENTED_EDGE('',*,*,#3521,.T.);
#2484=ORIENTED_EDGE('',*,*,#3525,.T.);
#2485=ORIENTED_EDGE('',*,*,#3526,.F.);
#2486=ORIENTED_EDGE('',*,*,#3515,.T.);
#2487=ORIENTED_EDGE('',*,*,#3519,.F.);
#2488=ORIENTED_EDGE('',*,*,#3522,.T.);
#2489=ORIENTED_EDGE('',*,*,#3524,.F.);
#2490=ORIENTED_EDGE('',*,*,#3525,.F.);
#2491=ORIENTED_EDGE('',*,*,#3513,.F.);
#2492=ORIENTED_EDGE('',*,*,#3523,.T.);
#2493=ORIENTED_EDGE('',*,*,#3520,.F.);
#2494=ORIENTED_EDGE('',*,*,#3517,.T.);
#2495=ORIENTED_EDGE('',*,*,#3526,.T.);
#2496=ORIENTED_EDGE('',*,*,#3527,.F.);
#2497=ORIENTED_EDGE('',*,*,#3528,.F.);
#2498=ORIENTED_EDGE('',*,*,#3529,.T.);
#2499=ORIENTED_EDGE('',*,*,#3530,.T.);
#2500=ORIENTED_EDGE('',*,*,#3531,.T.);
#2501=ORIENTED_EDGE('',*,*,#3532,.F.);
#2502=ORIENTED_EDGE('',*,*,#3533,.F.);
#2503=ORIENTED_EDGE('',*,*,#3528,.T.);
#2504=ORIENTED_EDGE('',*,*,#3534,.F.);
#2505=ORIENTED_EDGE('',*,*,#3535,.F.);
#2506=ORIENTED_EDGE('',*,*,#3536,.T.);
#2507=ORIENTED_EDGE('',*,*,#3532,.T.);
#2508=ORIENTED_EDGE('',*,*,#3537,.T.);
#2509=ORIENTED_EDGE('',*,*,#3530,.F.);
#2510=ORIENTED_EDGE('',*,*,#3538,.F.);
#2511=ORIENTED_EDGE('',*,*,#3535,.T.);
#2512=ORIENTED_EDGE('',*,*,#3539,.T.);
#2513=ORIENTED_EDGE('',*,*,#3540,.F.);
#2514=ORIENTED_EDGE('',*,*,#3529,.F.);
#2515=ORIENTED_EDGE('',*,*,#3533,.T.);
#2516=ORIENTED_EDGE('',*,*,#3536,.F.);
#2517=ORIENTED_EDGE('',*,*,#3538,.T.);
#2518=ORIENTED_EDGE('',*,*,#3539,.F.);
#2519=ORIENTED_EDGE('',*,*,#3527,.T.);
#2520=ORIENTED_EDGE('',*,*,#3537,.F.);
#2521=ORIENTED_EDGE('',*,*,#3534,.T.);
#2522=ORIENTED_EDGE('',*,*,#3531,.F.);
#2523=ORIENTED_EDGE('',*,*,#3540,.T.);
#2524=ORIENTED_EDGE('',*,*,#3541,.F.);
#2525=ORIENTED_EDGE('',*,*,#3542,.F.);
#2526=ORIENTED_EDGE('',*,*,#3543,.T.);
#2527=ORIENTED_EDGE('',*,*,#3544,.T.);
#2528=ORIENTED_EDGE('',*,*,#3545,.T.);
#2529=ORIENTED_EDGE('',*,*,#3546,.F.);
#2530=ORIENTED_EDGE('',*,*,#3547,.F.);
#2531=ORIENTED_EDGE('',*,*,#3542,.T.);
#2532=ORIENTED_EDGE('',*,*,#3548,.F.);
#2533=ORIENTED_EDGE('',*,*,#3549,.F.);
#2534=ORIENTED_EDGE('',*,*,#3550,.T.);
#2535=ORIENTED_EDGE('',*,*,#3546,.T.);
#2536=ORIENTED_EDGE('',*,*,#3551,.T.);
#2537=ORIENTED_EDGE('',*,*,#3544,.F.);
#2538=ORIENTED_EDGE('',*,*,#3552,.F.);
#2539=ORIENTED_EDGE('',*,*,#3549,.T.);
#2540=ORIENTED_EDGE('',*,*,#3553,.T.);
#2541=ORIENTED_EDGE('',*,*,#3554,.F.);
#2542=ORIENTED_EDGE('',*,*,#3543,.F.);
#2543=ORIENTED_EDGE('',*,*,#3547,.T.);
#2544=ORIENTED_EDGE('',*,*,#3550,.F.);
#2545=ORIENTED_EDGE('',*,*,#3552,.T.);
#2546=ORIENTED_EDGE('',*,*,#3553,.F.);
#2547=ORIENTED_EDGE('',*,*,#3541,.T.);
#2548=ORIENTED_EDGE('',*,*,#3551,.F.);
#2549=ORIENTED_EDGE('',*,*,#3548,.T.);
#2550=ORIENTED_EDGE('',*,*,#3545,.F.);
#2551=ORIENTED_EDGE('',*,*,#3554,.T.);
#2552=ORIENTED_EDGE('',*,*,#3555,.F.);
#2553=ORIENTED_EDGE('',*,*,#3556,.F.);
#2554=ORIENTED_EDGE('',*,*,#3557,.T.);
#2555=ORIENTED_EDGE('',*,*,#3558,.T.);
#2556=ORIENTED_EDGE('',*,*,#3559,.T.);
#2557=ORIENTED_EDGE('',*,*,#3560,.F.);
#2558=ORIENTED_EDGE('',*,*,#3561,.F.);
#2559=ORIENTED_EDGE('',*,*,#3556,.T.);
#2560=ORIENTED_EDGE('',*,*,#3562,.F.);
#2561=ORIENTED_EDGE('',*,*,#3563,.F.);
#2562=ORIENTED_EDGE('',*,*,#3564,.T.);
#2563=ORIENTED_EDGE('',*,*,#3560,.T.);
#2564=ORIENTED_EDGE('',*,*,#3565,.T.);
#2565=ORIENTED_EDGE('',*,*,#3566,.F.);
#2566=ORIENTED_EDGE('',*,*,#3567,.T.);
#2567=ORIENTED_EDGE('',*,*,#3558,.F.);
#2568=ORIENTED_EDGE('',*,*,#3568,.F.);
#2569=ORIENTED_EDGE('',*,*,#3563,.T.);
#2570=ORIENTED_EDGE('',*,*,#3565,.F.);
#2571=ORIENTED_EDGE('',*,*,#3557,.F.);
#2572=ORIENTED_EDGE('',*,*,#3561,.T.);
#2573=ORIENTED_EDGE('',*,*,#3564,.F.);
#2574=ORIENTED_EDGE('',*,*,#3568,.T.);
#2575=ORIENTED_EDGE('',*,*,#3566,.T.);
#2576=ORIENTED_EDGE('',*,*,#3555,.T.);
#2577=ORIENTED_EDGE('',*,*,#3567,.F.);
#2578=ORIENTED_EDGE('',*,*,#3562,.T.);
#2579=ORIENTED_EDGE('',*,*,#3559,.F.);
#2580=ORIENTED_EDGE('',*,*,#3569,.F.);
#2581=ORIENTED_EDGE('',*,*,#3570,.F.);
#2582=ORIENTED_EDGE('',*,*,#3571,.T.);
#2583=ORIENTED_EDGE('',*,*,#3572,.T.);
#2584=ORIENTED_EDGE('',*,*,#3573,.T.);
#2585=ORIENTED_EDGE('',*,*,#3574,.F.);
#2586=ORIENTED_EDGE('',*,*,#3575,.F.);
#2587=ORIENTED_EDGE('',*,*,#3570,.T.);
#2588=ORIENTED_EDGE('',*,*,#3576,.F.);
#2589=ORIENTED_EDGE('',*,*,#3577,.F.);
#2590=ORIENTED_EDGE('',*,*,#3578,.T.);
#2591=ORIENTED_EDGE('',*,*,#3574,.T.);
#2592=ORIENTED_EDGE('',*,*,#3579,.T.);
#2593=ORIENTED_EDGE('',*,*,#3572,.F.);
#2594=ORIENTED_EDGE('',*,*,#3580,.F.);
#2595=ORIENTED_EDGE('',*,*,#3577,.T.);
#2596=ORIENTED_EDGE('',*,*,#3581,.T.);
#2597=ORIENTED_EDGE('',*,*,#3582,.F.);
#2598=ORIENTED_EDGE('',*,*,#3571,.F.);
#2599=ORIENTED_EDGE('',*,*,#3575,.T.);
#2600=ORIENTED_EDGE('',*,*,#3578,.F.);
#2601=ORIENTED_EDGE('',*,*,#3580,.T.);
#2602=ORIENTED_EDGE('',*,*,#3581,.F.);
#2603=ORIENTED_EDGE('',*,*,#3569,.T.);
#2604=ORIENTED_EDGE('',*,*,#3579,.F.);
#2605=ORIENTED_EDGE('',*,*,#3576,.T.);
#2606=ORIENTED_EDGE('',*,*,#3573,.F.);
#2607=ORIENTED_EDGE('',*,*,#3582,.T.);
#2608=ORIENTED_EDGE('',*,*,#3583,.F.);
#2609=ORIENTED_EDGE('',*,*,#3584,.F.);
#2610=ORIENTED_EDGE('',*,*,#3585,.T.);
#2611=ORIENTED_EDGE('',*,*,#3586,.T.);
#2612=ORIENTED_EDGE('',*,*,#3587,.T.);
#2613=ORIENTED_EDGE('',*,*,#3588,.F.);
#2614=ORIENTED_EDGE('',*,*,#3589,.F.);
#2615=ORIENTED_EDGE('',*,*,#3584,.T.);
#2616=ORIENTED_EDGE('',*,*,#3590,.F.);
#2617=ORIENTED_EDGE('',*,*,#3591,.F.);
#2618=ORIENTED_EDGE('',*,*,#3592,.T.);
#2619=ORIENTED_EDGE('',*,*,#3588,.T.);
#2620=ORIENTED_EDGE('',*,*,#3593,.T.);
#2621=ORIENTED_EDGE('',*,*,#3594,.F.);
#2622=ORIENTED_EDGE('',*,*,#3595,.T.);
#2623=ORIENTED_EDGE('',*,*,#3586,.F.);
#2624=ORIENTED_EDGE('',*,*,#3596,.F.);
#2625=ORIENTED_EDGE('',*,*,#3591,.T.);
#2626=ORIENTED_EDGE('',*,*,#3593,.F.);
#2627=ORIENTED_EDGE('',*,*,#3585,.F.);
#2628=ORIENTED_EDGE('',*,*,#3589,.T.);
#2629=ORIENTED_EDGE('',*,*,#3592,.F.);
#2630=ORIENTED_EDGE('',*,*,#3596,.T.);
#2631=ORIENTED_EDGE('',*,*,#3594,.T.);
#2632=ORIENTED_EDGE('',*,*,#3583,.T.);
#2633=ORIENTED_EDGE('',*,*,#3595,.F.);
#2634=ORIENTED_EDGE('',*,*,#3590,.T.);
#2635=ORIENTED_EDGE('',*,*,#3587,.F.);
#2636=ORIENTED_EDGE('',*,*,#3597,.F.);
#2637=ORIENTED_EDGE('',*,*,#3598,.F.);
#2638=ORIENTED_EDGE('',*,*,#3599,.T.);
#2639=ORIENTED_EDGE('',*,*,#3600,.T.);
#2640=ORIENTED_EDGE('',*,*,#3601,.T.);
#2641=ORIENTED_EDGE('',*,*,#3602,.F.);
#2642=ORIENTED_EDGE('',*,*,#3603,.F.);
#2643=ORIENTED_EDGE('',*,*,#3598,.T.);
#2644=ORIENTED_EDGE('',*,*,#3604,.F.);
#2645=ORIENTED_EDGE('',*,*,#3605,.F.);
#2646=ORIENTED_EDGE('',*,*,#3606,.T.);
#2647=ORIENTED_EDGE('',*,*,#3602,.T.);
#2648=ORIENTED_EDGE('',*,*,#3607,.T.);
#2649=ORIENTED_EDGE('',*,*,#3600,.F.);
#2650=ORIENTED_EDGE('',*,*,#3608,.F.);
#2651=ORIENTED_EDGE('',*,*,#3605,.T.);
#2652=ORIENTED_EDGE('',*,*,#3609,.T.);
#2653=ORIENTED_EDGE('',*,*,#3610,.F.);
#2654=ORIENTED_EDGE('',*,*,#3599,.F.);
#2655=ORIENTED_EDGE('',*,*,#3603,.T.);
#2656=ORIENTED_EDGE('',*,*,#3606,.F.);
#2657=ORIENTED_EDGE('',*,*,#3608,.T.);
#2658=ORIENTED_EDGE('',*,*,#3609,.F.);
#2659=ORIENTED_EDGE('',*,*,#3597,.T.);
#2660=ORIENTED_EDGE('',*,*,#3607,.F.);
#2661=ORIENTED_EDGE('',*,*,#3604,.T.);
#2662=ORIENTED_EDGE('',*,*,#3601,.F.);
#2663=ORIENTED_EDGE('',*,*,#3610,.T.);
#2664=ORIENTED_EDGE('',*,*,#3611,.F.);
#2665=ORIENTED_EDGE('',*,*,#3612,.F.);
#2666=ORIENTED_EDGE('',*,*,#3613,.T.);
#2667=ORIENTED_EDGE('',*,*,#3614,.T.);
#2668=ORIENTED_EDGE('',*,*,#3615,.T.);
#2669=ORIENTED_EDGE('',*,*,#3616,.F.);
#2670=ORIENTED_EDGE('',*,*,#3617,.F.);
#2671=ORIENTED_EDGE('',*,*,#3612,.T.);
#2672=ORIENTED_EDGE('',*,*,#3618,.F.);
#2673=ORIENTED_EDGE('',*,*,#3619,.F.);
#2674=ORIENTED_EDGE('',*,*,#3620,.T.);
#2675=ORIENTED_EDGE('',*,*,#3616,.T.);
#2676=ORIENTED_EDGE('',*,*,#3621,.T.);
#2677=ORIENTED_EDGE('',*,*,#3614,.F.);
#2678=ORIENTED_EDGE('',*,*,#3622,.F.);
#2679=ORIENTED_EDGE('',*,*,#3619,.T.);
#2680=ORIENTED_EDGE('',*,*,#3623,.T.);
#2681=ORIENTED_EDGE('',*,*,#3624,.F.);
#2682=ORIENTED_EDGE('',*,*,#3613,.F.);
#2683=ORIENTED_EDGE('',*,*,#3617,.T.);
#2684=ORIENTED_EDGE('',*,*,#3620,.F.);
#2685=ORIENTED_EDGE('',*,*,#3622,.T.);
#2686=ORIENTED_EDGE('',*,*,#3623,.F.);
#2687=ORIENTED_EDGE('',*,*,#3611,.T.);
#2688=ORIENTED_EDGE('',*,*,#3621,.F.);
#2689=ORIENTED_EDGE('',*,*,#3618,.T.);
#2690=ORIENTED_EDGE('',*,*,#3615,.F.);
#2691=ORIENTED_EDGE('',*,*,#3624,.T.);
#2692=ORIENTED_EDGE('',*,*,#3625,.T.);
#2693=ORIENTED_EDGE('',*,*,#3626,.F.);
#2694=ORIENTED_EDGE('',*,*,#3627,.F.);
#2695=ORIENTED_EDGE('',*,*,#3628,.T.);
#2696=ORIENTED_EDGE('',*,*,#3625,.F.);
#2697=ORIENTED_EDGE('',*,*,#3627,.T.);
#2698=ORIENTED_EDGE('',*,*,#3626,.T.);
#2699=ORIENTED_EDGE('',*,*,#3628,.F.);
#2700=ORIENTED_EDGE('',*,*,#3629,.T.);
#2701=ORIENTED_EDGE('',*,*,#3630,.F.);
#2702=ORIENTED_EDGE('',*,*,#3631,.F.);
#2703=ORIENTED_EDGE('',*,*,#3632,.T.);
#2704=ORIENTED_EDGE('',*,*,#3629,.F.);
#2705=ORIENTED_EDGE('',*,*,#3631,.T.);
#2706=ORIENTED_EDGE('',*,*,#3630,.T.);
#2707=ORIENTED_EDGE('',*,*,#3632,.F.);
#2708=ORIENTED_EDGE('',*,*,#3633,.T.);
#2709=ORIENTED_EDGE('',*,*,#3634,.F.);
#2710=ORIENTED_EDGE('',*,*,#3635,.F.);
#2711=ORIENTED_EDGE('',*,*,#3636,.T.);
#2712=ORIENTED_EDGE('',*,*,#3633,.F.);
#2713=ORIENTED_EDGE('',*,*,#3635,.T.);
#2714=ORIENTED_EDGE('',*,*,#3634,.T.);
#2715=ORIENTED_EDGE('',*,*,#3636,.F.);
#2716=ORIENTED_EDGE('',*,*,#3637,.F.);
#2717=ORIENTED_EDGE('',*,*,#3638,.F.);
#2718=ORIENTED_EDGE('',*,*,#3639,.T.);
#2719=ORIENTED_EDGE('',*,*,#3640,.T.);
#2720=ORIENTED_EDGE('',*,*,#3641,.T.);
#2721=ORIENTED_EDGE('',*,*,#3642,.F.);
#2722=ORIENTED_EDGE('',*,*,#3643,.F.);
#2723=ORIENTED_EDGE('',*,*,#3638,.T.);
#2724=ORIENTED_EDGE('',*,*,#3644,.F.);
#2725=ORIENTED_EDGE('',*,*,#3645,.F.);
#2726=ORIENTED_EDGE('',*,*,#3646,.T.);
#2727=ORIENTED_EDGE('',*,*,#3642,.T.);
#2728=ORIENTED_EDGE('',*,*,#3647,.T.);
#2729=ORIENTED_EDGE('',*,*,#3640,.F.);
#2730=ORIENTED_EDGE('',*,*,#3648,.F.);
#2731=ORIENTED_EDGE('',*,*,#3645,.T.);
#2732=ORIENTED_EDGE('',*,*,#3649,.T.);
#2733=ORIENTED_EDGE('',*,*,#3650,.F.);
#2734=ORIENTED_EDGE('',*,*,#3639,.F.);
#2735=ORIENTED_EDGE('',*,*,#3643,.T.);
#2736=ORIENTED_EDGE('',*,*,#3646,.F.);
#2737=ORIENTED_EDGE('',*,*,#3648,.T.);
#2738=ORIENTED_EDGE('',*,*,#3649,.F.);
#2739=ORIENTED_EDGE('',*,*,#3637,.T.);
#2740=ORIENTED_EDGE('',*,*,#3647,.F.);
#2741=ORIENTED_EDGE('',*,*,#3644,.T.);
#2742=ORIENTED_EDGE('',*,*,#3641,.F.);
#2743=ORIENTED_EDGE('',*,*,#3650,.T.);
#2744=ORIENTED_EDGE('',*,*,#3651,.F.);
#2745=ORIENTED_EDGE('',*,*,#3652,.F.);
#2746=ORIENTED_EDGE('',*,*,#3653,.T.);
#2747=ORIENTED_EDGE('',*,*,#3654,.T.);
#2748=ORIENTED_EDGE('',*,*,#3655,.T.);
#2749=ORIENTED_EDGE('',*,*,#3656,.F.);
#2750=ORIENTED_EDGE('',*,*,#3657,.F.);
#2751=ORIENTED_EDGE('',*,*,#3652,.T.);
#2752=ORIENTED_EDGE('',*,*,#3658,.F.);
#2753=ORIENTED_EDGE('',*,*,#3659,.F.);
#2754=ORIENTED_EDGE('',*,*,#3660,.T.);
#2755=ORIENTED_EDGE('',*,*,#3656,.T.);
#2756=ORIENTED_EDGE('',*,*,#3661,.T.);
#2757=ORIENTED_EDGE('',*,*,#3654,.F.);
#2758=ORIENTED_EDGE('',*,*,#3662,.F.);
#2759=ORIENTED_EDGE('',*,*,#3659,.T.);
#2760=ORIENTED_EDGE('',*,*,#3663,.T.);
#2761=ORIENTED_EDGE('',*,*,#3664,.F.);
#2762=ORIENTED_EDGE('',*,*,#3653,.F.);
#2763=ORIENTED_EDGE('',*,*,#3657,.T.);
#2764=ORIENTED_EDGE('',*,*,#3660,.F.);
#2765=ORIENTED_EDGE('',*,*,#3662,.T.);
#2766=ORIENTED_EDGE('',*,*,#3663,.F.);
#2767=ORIENTED_EDGE('',*,*,#3651,.T.);
#2768=ORIENTED_EDGE('',*,*,#3661,.F.);
#2769=ORIENTED_EDGE('',*,*,#3658,.T.);
#2770=ORIENTED_EDGE('',*,*,#3655,.F.);
#2771=ORIENTED_EDGE('',*,*,#3664,.T.);
#2772=ORIENTED_EDGE('',*,*,#3665,.F.);
#2773=ORIENTED_EDGE('',*,*,#3666,.F.);
#2774=ORIENTED_EDGE('',*,*,#3667,.T.);
#2775=ORIENTED_EDGE('',*,*,#3668,.T.);
#2776=ORIENTED_EDGE('',*,*,#3669,.T.);
#2777=ORIENTED_EDGE('',*,*,#3670,.F.);
#2778=ORIENTED_EDGE('',*,*,#3671,.F.);
#2779=ORIENTED_EDGE('',*,*,#3666,.T.);
#2780=ORIENTED_EDGE('',*,*,#3672,.F.);
#2781=ORIENTED_EDGE('',*,*,#3673,.F.);
#2782=ORIENTED_EDGE('',*,*,#3674,.T.);
#2783=ORIENTED_EDGE('',*,*,#3670,.T.);
#2784=ORIENTED_EDGE('',*,*,#3675,.T.);
#2785=ORIENTED_EDGE('',*,*,#3668,.F.);
#2786=ORIENTED_EDGE('',*,*,#3676,.F.);
#2787=ORIENTED_EDGE('',*,*,#3673,.T.);
#2788=ORIENTED_EDGE('',*,*,#3677,.T.);
#2789=ORIENTED_EDGE('',*,*,#3678,.F.);
#2790=ORIENTED_EDGE('',*,*,#3667,.F.);
#2791=ORIENTED_EDGE('',*,*,#3671,.T.);
#2792=ORIENTED_EDGE('',*,*,#3674,.F.);
#2793=ORIENTED_EDGE('',*,*,#3676,.T.);
#2794=ORIENTED_EDGE('',*,*,#3677,.F.);
#2795=ORIENTED_EDGE('',*,*,#3665,.T.);
#2796=ORIENTED_EDGE('',*,*,#3675,.F.);
#2797=ORIENTED_EDGE('',*,*,#3672,.T.);
#2798=ORIENTED_EDGE('',*,*,#3669,.F.);
#2799=ORIENTED_EDGE('',*,*,#3678,.T.);
#2800=EDGE_CURVE('',#3679,#3679,#4291,.T.);
#2801=EDGE_CURVE('',#3680,#3680,#4292,.T.);
#2802=EDGE_CURVE('',#3681,#3681,#4293,.T.);
#2803=EDGE_CURVE('',#3682,#3682,#4294,.T.);
#2804=EDGE_CURVE('',#3683,#3683,#4295,.T.);
#2805=EDGE_CURVE('',#3684,#3684,#4296,.T.);
#2806=EDGE_CURVE('',#3685,#3685,#4297,.T.);
#2807=EDGE_CURVE('',#3686,#3686,#4298,.T.);
#2808=EDGE_CURVE('',#3687,#3687,#4299,.T.);
#2809=EDGE_CURVE('',#3688,#3688,#4300,.T.);
#2810=EDGE_CURVE('',#3689,#3690,#4301,.T.);
#2811=EDGE_CURVE('',#3691,#3690,#274,.T.);
#2812=EDGE_CURVE('',#3692,#3691,#4302,.T.);
#2813=EDGE_CURVE('',#3692,#3689,#275,.T.);
#2814=EDGE_CURVE('',#3693,#3694,#4303,.T.);
#2815=EDGE_CURVE('',#3695,#3693,#276,.T.);
#2816=EDGE_CURVE('',#3695,#3696,#4304,.T.);
#2817=EDGE_CURVE('',#3696,#3694,#277,.T.);
#2818=EDGE_CURVE('',#3697,#3698,#4305,.F.);
#2819=EDGE_CURVE('',#3699,#3697,#278,.T.);
#2820=EDGE_CURVE('',#3699,#3700,#4306,.F.);
#2821=EDGE_CURVE('',#3700,#3698,#279,.T.);
#2822=EDGE_CURVE('',#3701,#3702,#4307,.F.);
#2823=EDGE_CURVE('',#3703,#3702,#280,.T.);
#2824=EDGE_CURVE('',#3704,#3703,#4308,.F.);
#2825=EDGE_CURVE('',#3704,#3701,#281,.T.);
#2826=EDGE_CURVE('',#3705,#3706,#4309,.T.);
#2827=EDGE_CURVE('',#3707,#3706,#282,.T.);
#2828=EDGE_CURVE('',#3708,#3707,#4310,.T.);
#2829=EDGE_CURVE('',#3708,#3705,#283,.T.);
#2830=EDGE_CURVE('',#3709,#3710,#4311,.T.);
#2831=EDGE_CURVE('',#3711,#3709,#284,.T.);
#2832=EDGE_CURVE('',#3711,#3712,#4312,.T.);
#2833=EDGE_CURVE('',#3712,#3710,#285,.T.);
#2834=EDGE_CURVE('',#3713,#3714,#14,.T.);
#2835=EDGE_CURVE('',#3715,#3713,#286,.T.);
#2836=EDGE_CURVE('',#3715,#3716,#15,.T.);
#2837=EDGE_CURVE('',#3716,#3714,#287,.T.);
#2838=EDGE_CURVE('',#3717,#3718,#16,.T.);
#2839=EDGE_CURVE('',#3719,#3718,#288,.T.);
#2840=EDGE_CURVE('',#3720,#3719,#17,.T.);
#2841=EDGE_CURVE('',#3720,#3717,#289,.T.);
#2842=EDGE_CURVE('',#3721,#3722,#18,.T.);
#2843=EDGE_CURVE('',#3723,#3722,#290,.T.);
#2844=EDGE_CURVE('',#3724,#3723,#19,.T.);
#2845=EDGE_CURVE('',#3724,#3721,#291,.T.);
#2846=EDGE_CURVE('',#3725,#3726,#20,.T.);
#2847=EDGE_CURVE('',#3727,#3725,#292,.T.);
#2848=EDGE_CURVE('',#3727,#3728,#21,.T.);
#2849=EDGE_CURVE('',#3728,#3726,#293,.T.);
#2850=EDGE_CURVE('',#3729,#3730,#4313,.T.);
#2851=EDGE_CURVE('',#3731,#3729,#294,.T.);
#2852=EDGE_CURVE('',#3731,#3732,#4314,.T.);
#2853=EDGE_CURVE('',#3732,#3730,#295,.T.);
#2854=EDGE_CURVE('',#3733,#3693,#4315,.F.);
#2855=EDGE_CURVE('',#3734,#3733,#296,.T.);
#2856=EDGE_CURVE('',#3734,#3695,#4316,.F.);
#2857=EDGE_CURVE('',#3735,#3689,#4317,.T.);
#2858=EDGE_CURVE('',#3736,#3692,#4318,.T.);
#2859=EDGE_CURVE('',#3736,#3735,#297,.T.);
#2860=EDGE_CURVE('',#3737,#3738,#4319,.F.);
#2861=EDGE_CURVE('',#3739,#3738,#298,.T.);
#2862=EDGE_CURVE('',#3740,#3739,#4320,.F.);
#2863=EDGE_CURVE('',#3740,#3737,#299,.T.);
#2864=EDGE_CURVE('',#3741,#3742,#4321,.T.);
#2865=EDGE_CURVE('',#3743,#3741,#300,.T.);
#2866=EDGE_CURVE('',#3743,#3744,#4322,.T.);
#2867=EDGE_CURVE('',#3744,#3742,#301,.T.);
#2868=EDGE_CURVE('',#3735,#3745,#4323,.F.);
#2869=EDGE_CURVE('',#3736,#3746,#4324,.F.);
#2870=EDGE_CURVE('',#3746,#3745,#302,.T.);
#2871=EDGE_CURVE('',#3747,#3748,#4325,.F.);
#2872=EDGE_CURVE('',#3749,#3748,#303,.T.);
#2873=EDGE_CURVE('',#3750,#3749,#4326,.F.);
#2874=EDGE_CURVE('',#3750,#3747,#304,.T.);
#2875=EDGE_CURVE('',#3733,#3751,#4327,.T.);
#2876=EDGE_CURVE('',#3752,#3751,#305,.T.);
#2877=EDGE_CURVE('',#3734,#3752,#4328,.T.);
#2878=EDGE_CURVE('',#3753,#3754,#4329,.T.);
#2879=EDGE_CURVE('',#3755,#3754,#306,.T.);
#2880=EDGE_CURVE('',#3756,#3755,#4330,.T.);
#2881=EDGE_CURVE('',#3756,#3753,#307,.T.);
#2882=EDGE_CURVE('',#3757,#3758,#22,.T.);
#2883=EDGE_CURVE('',#3759,#3758,#308,.T.);
#2884=EDGE_CURVE('',#3760,#3759,#23,.T.);
#2885=EDGE_CURVE('',#3760,#3757,#309,.T.);
#2886=EDGE_CURVE('',#3761,#3754,#4331,.F.);
#2887=EDGE_CURVE('',#3762,#3761,#310,.T.);
#2888=EDGE_CURVE('',#3762,#3755,#4332,.F.);
#2889=EDGE_CURVE('',#3763,#3764,#24,.T.);
#2890=EDGE_CURVE('',#3765,#3763,#311,.T.);
#2891=EDGE_CURVE('',#3765,#3766,#25,.T.);
#2892=EDGE_CURVE('',#3766,#3764,#312,.T.);
#2893=EDGE_CURVE('',#3763,#3705,#26,.T.);
#2894=EDGE_CURVE('',#3765,#3708,#27,.T.);
#2895=EDGE_CURVE('',#3767,#3768,#28,.T.);
#2896=EDGE_CURVE('',#3769,#3767,#313,.T.);
#2897=EDGE_CURVE('',#3769,#3770,#29,.T.);
#2898=EDGE_CURVE('',#3770,#3768,#314,.T.);
#2899=EDGE_CURVE('',#3767,#3771,#30,.T.);
#2900=EDGE_CURVE('',#3772,#3771,#315,.T.);
#2901=EDGE_CURVE('',#3769,#3772,#31,.T.);
#2902=EDGE_CURVE('',#3757,#3697,#32,.T.);
#2903=EDGE_CURVE('',#3760,#3699,#33,.T.);
#2904=EDGE_CURVE('',#3709,#3773,#34,.T.);
#2905=EDGE_CURVE('',#3774,#3773,#316,.T.);
#2906=EDGE_CURVE('',#3711,#3774,#35,.T.);
#2907=EDGE_CURVE('',#3773,#3730,#36,.T.);
#2908=EDGE_CURVE('',#3774,#3732,#37,.T.);
#2909=EDGE_CURVE('',#3775,#3748,#38,.T.);
#2910=EDGE_CURVE('',#3776,#3775,#317,.T.);
#2911=EDGE_CURVE('',#3776,#3749,#39,.T.);
#2912=EDGE_CURVE('',#3777,#3775,#40,.T.);
#2913=EDGE_CURVE('',#3778,#3777,#318,.T.);
#2914=EDGE_CURVE('',#3778,#3776,#41,.T.);
#2915=EDGE_CURVE('',#3718,#3779,#42,.T.);
#2916=EDGE_CURVE('',#3780,#3779,#319,.T.);
#2917=EDGE_CURVE('',#3719,#3780,#43,.T.);
#2918=EDGE_CURVE('',#3726,#3779,#44,.T.);
#2919=EDGE_CURVE('',#3728,#3780,#45,.T.);
#2920=EDGE_CURVE('',#3781,#3782,#46,.T.);
#2921=EDGE_CURVE('',#3783,#3782,#320,.T.);
#2922=EDGE_CURVE('',#3784,#3783,#47,.T.);
#2923=EDGE_CURVE('',#3784,#3781,#321,.T.);
#2924=EDGE_CURVE('',#3782,#3742,#48,.T.);
#2925=EDGE_CURVE('',#3783,#3744,#49,.T.);
#2926=EDGE_CURVE('',#3785,#3738,#50,.T.);
#2927=EDGE_CURVE('',#3786,#3785,#322,.T.);
#2928=EDGE_CURVE('',#3786,#3739,#51,.T.);
#2929=EDGE_CURVE('',#3701,#3785,#52,.T.);
#2930=EDGE_CURVE('',#3704,#3786,#53,.T.);
#2931=EDGE_CURVE('',#3787,#3771,#10,.T.);
#2932=EDGE_CURVE('',#3788,#3787,#323,.T.);
#2933=EDGE_CURVE('',#3788,#3772,#11,.T.);
#2934=EDGE_CURVE('',#3789,#3790,#4333,.T.);
#2935=EDGE_CURVE('',#3791,#3790,#324,.T.);
#2936=EDGE_CURVE('',#3792,#3791,#4334,.T.);
#2937=EDGE_CURVE('',#3792,#3789,#325,.T.);
#2938=EDGE_CURVE('',#3790,#3793,#4335,.T.);
#2939=EDGE_CURVE('',#3794,#3793,#326,.T.);
#2940=EDGE_CURVE('',#3791,#3794,#4336,.T.);
#2941=EDGE_CURVE('',#3793,#3789,#4337,.T.);
#2942=EDGE_CURVE('',#3794,#3792,#4338,.T.);
#2943=EDGE_CURVE('',#3787,#3768,#12,.T.);
#2944=EDGE_CURVE('',#3788,#3770,#13,.T.);
#2945=EDGE_CURVE('',#3795,#3796,#54,.T.);
#2946=EDGE_CURVE('',#3797,#3795,#327,.T.);
#2947=EDGE_CURVE('',#3797,#3798,#55,.T.);
#2948=EDGE_CURVE('',#3798,#3796,#328,.T.);
#2949=EDGE_CURVE('',#3799,#3800,#4339,.T.);
#2950=EDGE_CURVE('',#3801,#3799,#329,.T.);
#2951=EDGE_CURVE('',#3801,#3802,#4340,.T.);
#2952=EDGE_CURVE('',#3802,#3800,#330,.T.);
#2953=EDGE_CURVE('',#3803,#3804,#4341,.F.);
#2954=EDGE_CURVE('',#3805,#3804,#331,.T.);
#2955=EDGE_CURVE('',#3806,#3805,#4342,.F.);
#2956=EDGE_CURVE('',#3806,#3803,#332,.T.);
#2957=EDGE_CURVE('',#3807,#3808,#56,.T.);
#2958=EDGE_CURVE('',#3809,#3808,#333,.T.);
#2959=EDGE_CURVE('',#3810,#3809,#57,.T.);
#2960=EDGE_CURVE('',#3810,#3807,#334,.T.);
#2961=EDGE_CURVE('',#3811,#3761,#58,.T.);
#2962=EDGE_CURVE('',#3812,#3811,#335,.T.);
#2963=EDGE_CURVE('',#3812,#3762,#59,.T.);
#2964=EDGE_CURVE('',#3811,#3753,#60,.T.);
#2965=EDGE_CURVE('',#3812,#3756,#61,.T.);
#2966=EDGE_CURVE('',#3813,#3814,#62,.T.);
#2967=EDGE_CURVE('',#3815,#3814,#336,.T.);
#2968=EDGE_CURVE('',#3816,#3815,#63,.T.);
#2969=EDGE_CURVE('',#3816,#3813,#337,.T.);
#2970=EDGE_CURVE('',#3814,#3796,#64,.T.);
#2971=EDGE_CURVE('',#3815,#3798,#65,.T.);
#2972=EDGE_CURVE('',#3799,#3721,#4343,.F.);
#2973=EDGE_CURVE('',#3801,#3724,#4344,.F.);
#2974=EDGE_CURVE('',#3725,#3817,#66,.T.);
#2975=EDGE_CURVE('',#3818,#3817,#338,.T.);
#2976=EDGE_CURVE('',#3727,#3818,#67,.T.);
#2977=EDGE_CURVE('',#3717,#3817,#68,.T.);
#2978=EDGE_CURVE('',#3720,#3818,#69,.T.);
#2979=EDGE_CURVE('',#3803,#3713,#4345,.T.);
#2980=EDGE_CURVE('',#3806,#3715,#4346,.T.);
#2981=EDGE_CURVE('',#3819,#3808,#70,.T.);
#2982=EDGE_CURVE('',#3820,#3819,#339,.T.);
#2983=EDGE_CURVE('',#3820,#3809,#71,.T.);
#2984=EDGE_CURVE('',#3821,#3822,#4347,.T.);
#2985=EDGE_CURVE('',#3823,#3821,#340,.T.);
#2986=EDGE_CURVE('',#3823,#3824,#4348,.T.);
#2987=EDGE_CURVE('',#3824,#3822,#341,.T.);
#2988=EDGE_CURVE('',#3822,#3821,#4349,.T.);
#2989=EDGE_CURVE('',#3824,#3823,#4350,.T.);
#2990=EDGE_CURVE('',#3825,#3819,#72,.T.);
#2991=EDGE_CURVE('',#3826,#3825,#342,.T.);
#2992=EDGE_CURVE('',#3826,#3820,#73,.T.);
#2993=EDGE_CURVE('',#3710,#3827,#74,.T.);
#2994=EDGE_CURVE('',#3712,#3828,#75,.T.);
#2995=EDGE_CURVE('',#3828,#3827,#343,.T.);
#2996=EDGE_CURVE('',#3827,#3729,#76,.T.);
#2997=EDGE_CURVE('',#3828,#3731,#77,.T.);
#2998=EDGE_CURVE('',#3702,#3829,#78,.T.);
#2999=EDGE_CURVE('',#3830,#3829,#344,.T.);
#3000=EDGE_CURVE('',#3703,#3830,#79,.T.);
#3001=EDGE_CURVE('',#3829,#3737,#80,.T.);
#3002=EDGE_CURVE('',#3830,#3740,#81,.T.);
#3003=EDGE_CURVE('',#3764,#3706,#4351,.T.);
#3004=EDGE_CURVE('',#3766,#3707,#4352,.T.);
#3005=EDGE_CURVE('',#3758,#3698,#4353,.F.);
#3006=EDGE_CURVE('',#3759,#3700,#4354,.F.);
#3007=EDGE_CURVE('',#3690,#3745,#4355,.F.);
#3008=EDGE_CURVE('',#3691,#3746,#4356,.F.);
#3009=EDGE_CURVE('',#3813,#3795,#4357,.F.);
#3010=EDGE_CURVE('',#3816,#3797,#4358,.F.);
#3011=EDGE_CURVE('',#3800,#3722,#4359,.F.);
#3012=EDGE_CURVE('',#3802,#3723,#4360,.F.);
#3013=EDGE_CURVE('',#3741,#3781,#82,.T.);
#3014=EDGE_CURVE('',#3743,#3784,#83,.T.);
#3015=EDGE_CURVE('',#3750,#3778,#84,.T.);
#3016=EDGE_CURVE('',#3696,#3752,#4361,.T.);
#3017=EDGE_CURVE('',#3826,#3810,#4362,.T.);
#3018=EDGE_CURVE('',#3805,#3716,#4363,.T.);
#3019=EDGE_CURVE('',#3747,#3777,#85,.T.);
#3020=EDGE_CURVE('',#3694,#3751,#4364,.T.);
#3021=EDGE_CURVE('',#3825,#3807,#4365,.T.);
#3022=EDGE_CURVE('',#3804,#3714,#4366,.T.);
#3023=EDGE_CURVE('',#3831,#3832,#86,.T.);
#3024=EDGE_CURVE('',#3833,#3832,#345,.T.);
#3025=EDGE_CURVE('',#3834,#3833,#87,.T.);
#3026=EDGE_CURVE('',#3834,#3831,#346,.T.);
#3027=EDGE_CURVE('',#3832,#3835,#4367,.T.);
#3028=EDGE_CURVE('',#3836,#3835,#347,.T.);
#3029=EDGE_CURVE('',#3833,#3836,#4368,.T.);
#3030=EDGE_CURVE('',#3837,#3835,#88,.T.);
#3031=EDGE_CURVE('',#3838,#3837,#348,.T.);
#3032=EDGE_CURVE('',#3838,#3836,#89,.T.);
#3033=EDGE_CURVE('',#3837,#3839,#4369,.T.);
#3034=EDGE_CURVE('',#3840,#3839,#349,.T.);
#3035=EDGE_CURVE('',#3838,#3840,#4370,.T.);
#3036=EDGE_CURVE('',#3839,#3841,#90,.T.);
#3037=EDGE_CURVE('',#3842,#3841,#350,.T.);
#3038=EDGE_CURVE('',#3840,#3842,#91,.T.);
#3039=EDGE_CURVE('',#3843,#3844,#92,.T.);
#3040=EDGE_CURVE('',#3845,#3843,#351,.T.);
#3041=EDGE_CURVE('',#3845,#3846,#93,.T.);
#3042=EDGE_CURVE('',#3846,#3844,#352,.T.);
#3043=EDGE_CURVE('',#3843,#3847,#4371,.T.);
#3044=EDGE_CURVE('',#3848,#3847,#353,.T.);
#3045=EDGE_CURVE('',#3845,#3848,#4372,.T.);
#3046=EDGE_CURVE('',#3847,#3849,#94,.T.);
#3047=EDGE_CURVE('',#3850,#3849,#354,.T.);
#3048=EDGE_CURVE('',#3848,#3850,#95,.T.);
#3049=EDGE_CURVE('',#3849,#3851,#4373,.T.);
#3050=EDGE_CURVE('',#3852,#3851,#355,.T.);
#3051=EDGE_CURVE('',#3850,#3852,#4374,.T.);
#3052=EDGE_CURVE('',#3851,#3853,#96,.T.);
#3053=EDGE_CURVE('',#3854,#3853,#356,.T.);
#3054=EDGE_CURVE('',#3852,#3854,#97,.T.);
#3055=EDGE_CURVE('',#3855,#3855,#4375,.T.);
#3056=EDGE_CURVE('',#3856,#3856,#4376,.T.);
#3057=EDGE_CURVE('',#3857,#3857,#4377,.T.);
#3058=EDGE_CURVE('',#3858,#3858,#4378,.T.);
#3059=EDGE_CURVE('',#3841,#3831,#4379,.T.);
#3060=EDGE_CURVE('',#3842,#3834,#4380,.T.);
#3061=EDGE_CURVE('',#3853,#3844,#4381,.T.);
#3062=EDGE_CURVE('',#3854,#3846,#4382,.T.);
#3063=EDGE_CURVE('',#3859,#3859,#4383,.T.);
#3064=EDGE_CURVE('',#3860,#3860,#4384,.T.);
#3065=EDGE_CURVE('',#3861,#3862,#98,.T.);
#3066=EDGE_CURVE('',#3863,#3862,#357,.T.);
#3067=EDGE_CURVE('',#3864,#3863,#99,.T.);
#3068=EDGE_CURVE('',#3864,#3861,#358,.T.);
#3069=EDGE_CURVE('',#3862,#3865,#100,.T.);
#3070=EDGE_CURVE('',#3866,#3865,#359,.T.);
#3071=EDGE_CURVE('',#3863,#3866,#101,.T.);
#3072=EDGE_CURVE('',#3865,#3867,#4385,.T.);
#3073=EDGE_CURVE('',#3868,#3867,#360,.T.);
#3074=EDGE_CURVE('',#3866,#3868,#4386,.T.);
#3075=EDGE_CURVE('',#3867,#3869,#4387,.T.);
#3076=EDGE_CURVE('',#3870,#3869,#361,.T.);
#3077=EDGE_CURVE('',#3868,#3870,#4388,.T.);
#3078=EDGE_CURVE('',#3869,#3871,#102,.T.);
#3079=EDGE_CURVE('',#3872,#3871,#362,.T.);
#3080=EDGE_CURVE('',#3870,#3872,#103,.T.);
#3081=EDGE_CURVE('',#3871,#3873,#104,.T.);
#3082=EDGE_CURVE('',#3874,#3873,#363,.T.);
#3083=EDGE_CURVE('',#3872,#3874,#105,.T.);
#3084=EDGE_CURVE('',#3873,#3875,#4389,.T.);
#3085=EDGE_CURVE('',#3876,#3875,#364,.T.);
#3086=EDGE_CURVE('',#3874,#3876,#4390,.T.);
#3087=EDGE_CURVE('',#3875,#3877,#4391,.T.);
#3088=EDGE_CURVE('',#3878,#3877,#365,.T.);
#3089=EDGE_CURVE('',#3876,#3878,#4392,.T.);
#3090=EDGE_CURVE('',#3877,#3879,#106,.T.);
#3091=EDGE_CURVE('',#3880,#3879,#366,.T.);
#3092=EDGE_CURVE('',#3878,#3880,#107,.T.);
#3093=EDGE_CURVE('',#3879,#3881,#108,.T.);
#3094=EDGE_CURVE('',#3882,#3881,#367,.T.);
#3095=EDGE_CURVE('',#3880,#3882,#109,.T.);
#3096=EDGE_CURVE('',#3881,#3883,#4393,.T.);
#3097=EDGE_CURVE('',#3884,#3883,#368,.T.);
#3098=EDGE_CURVE('',#3882,#3884,#4394,.T.);
#3099=EDGE_CURVE('',#3883,#3885,#4395,.T.);
#3100=EDGE_CURVE('',#3886,#3885,#369,.T.);
#3101=EDGE_CURVE('',#3884,#3886,#4396,.T.);
#3102=EDGE_CURVE('',#3887,#3888,#4397,.T.);
#3103=EDGE_CURVE('',#3889,#3888,#370,.T.);
#3104=EDGE_CURVE('',#3890,#3889,#4398,.T.);
#3105=EDGE_CURVE('',#3890,#3887,#371,.T.);
#3106=EDGE_CURVE('',#3891,#3888,#4399,.T.);
#3107=EDGE_CURVE('',#3892,#3891,#372,.T.);
#3108=EDGE_CURVE('',#3892,#3889,#4400,.T.);
#3109=EDGE_CURVE('',#3891,#3893,#4401,.T.);
#3110=EDGE_CURVE('',#3894,#3893,#373,.T.);
#3111=EDGE_CURVE('',#3892,#3894,#4402,.T.);
#3112=EDGE_CURVE('',#3895,#3893,#4403,.T.);
#3113=EDGE_CURVE('',#3896,#3895,#374,.T.);
#3114=EDGE_CURVE('',#3896,#3894,#4404,.T.);
#3115=EDGE_CURVE('',#3895,#3897,#4405,.T.);
#3116=EDGE_CURVE('',#3898,#3897,#375,.T.);
#3117=EDGE_CURVE('',#3896,#3898,#4406,.T.);
#3118=EDGE_CURVE('',#3887,#3897,#4407,.T.);
#3119=EDGE_CURVE('',#3890,#3898,#4408,.T.);
#3120=EDGE_CURVE('',#3885,#3861,#4409,.T.);
#3121=EDGE_CURVE('',#3886,#3864,#4410,.T.);
#3122=EDGE_CURVE('',#3899,#3900,#110,.T.);
#3123=EDGE_CURVE('',#3901,#3900,#376,.T.);
#3124=EDGE_CURVE('',#3902,#3901,#111,.T.);
#3125=EDGE_CURVE('',#3902,#3899,#377,.T.);
#3126=EDGE_CURVE('',#3903,#3900,#4411,.T.);
#3127=EDGE_CURVE('',#3904,#3903,#378,.T.);
#3128=EDGE_CURVE('',#3904,#3901,#4412,.T.);
#3129=EDGE_CURVE('',#3903,#3905,#112,.T.);
#3130=EDGE_CURVE('',#3906,#3905,#379,.T.);
#3131=EDGE_CURVE('',#3904,#3906,#113,.T.);
#3132=EDGE_CURVE('',#3907,#3908,#4413,.T.);
#3133=EDGE_CURVE('',#3909,#3907,#380,.T.);
#3134=EDGE_CURVE('',#3909,#3910,#4414,.T.);
#3135=EDGE_CURVE('',#3910,#3908,#381,.T.);
#3136=EDGE_CURVE('',#3911,#3907,#114,.T.);
#3137=EDGE_CURVE('',#3912,#3911,#382,.T.);
#3138=EDGE_CURVE('',#3912,#3909,#115,.T.);
#3139=EDGE_CURVE('',#3911,#3913,#4415,.T.);
#3140=EDGE_CURVE('',#3914,#3913,#383,.T.);
#3141=EDGE_CURVE('',#3912,#3914,#4416,.T.);
#3142=EDGE_CURVE('',#3915,#3916,#4417,.T.);
#3143=EDGE_CURVE('',#3917,#3915,#384,.T.);
#3144=EDGE_CURVE('',#3917,#3918,#4418,.T.);
#3145=EDGE_CURVE('',#3918,#3916,#385,.T.);
#3146=EDGE_CURVE('',#3919,#3915,#116,.T.);
#3147=EDGE_CURVE('',#3920,#3919,#386,.T.);
#3148=EDGE_CURVE('',#3920,#3917,#117,.T.);
#3149=EDGE_CURVE('',#3919,#3921,#4419,.T.);
#3150=EDGE_CURVE('',#3922,#3921,#387,.T.);
#3151=EDGE_CURVE('',#3920,#3922,#4420,.T.);
#3152=EDGE_CURVE('',#3923,#3924,#4421,.T.);
#3153=EDGE_CURVE('',#3925,#3923,#388,.T.);
#3154=EDGE_CURVE('',#3925,#3926,#4422,.T.);
#3155=EDGE_CURVE('',#3926,#3924,#389,.T.);
#3156=EDGE_CURVE('',#3927,#3923,#118,.T.);
#3157=EDGE_CURVE('',#3928,#3927,#390,.T.);
#3158=EDGE_CURVE('',#3928,#3925,#119,.T.);
#3159=EDGE_CURVE('',#3927,#3929,#4423,.T.);
#3160=EDGE_CURVE('',#3930,#3929,#391,.T.);
#3161=EDGE_CURVE('',#3928,#3930,#4424,.T.);
#3162=EDGE_CURVE('',#3931,#3932,#4425,.T.);
#3163=EDGE_CURVE('',#3933,#3931,#392,.T.);
#3164=EDGE_CURVE('',#3933,#3934,#4426,.T.);
#3165=EDGE_CURVE('',#3934,#3932,#393,.T.);
#3166=EDGE_CURVE('',#3935,#3931,#120,.T.);
#3167=EDGE_CURVE('',#3936,#3935,#394,.T.);
#3168=EDGE_CURVE('',#3936,#3933,#121,.T.);
#3169=EDGE_CURVE('',#3935,#3937,#4427,.T.);
#3170=EDGE_CURVE('',#3938,#3937,#395,.T.);
#3171=EDGE_CURVE('',#3936,#3938,#4428,.T.);
#3172=EDGE_CURVE('',#3939,#3940,#4429,.T.);
#3173=EDGE_CURVE('',#3941,#3939,#396,.T.);
#3174=EDGE_CURVE('',#3941,#3942,#4430,.T.);
#3175=EDGE_CURVE('',#3942,#3940,#397,.T.);
#3176=EDGE_CURVE('',#3943,#3939,#122,.T.);
#3177=EDGE_CURVE('',#3944,#3943,#398,.T.);
#3178=EDGE_CURVE('',#3944,#3941,#123,.T.);
#3179=EDGE_CURVE('',#3943,#3945,#4431,.T.);
#3180=EDGE_CURVE('',#3946,#3945,#399,.T.);
#3181=EDGE_CURVE('',#3944,#3946,#4432,.T.);
#3182=EDGE_CURVE('',#3947,#3947,#4433,.T.);
#3183=EDGE_CURVE('',#3948,#3948,#4434,.T.);
#3184=EDGE_CURVE('',#3905,#3899,#4435,.T.);
#3185=EDGE_CURVE('',#3906,#3902,#4436,.T.);
#3186=EDGE_CURVE('',#3908,#3913,#124,.T.);
#3187=EDGE_CURVE('',#3910,#3914,#125,.T.);
#3188=EDGE_CURVE('',#3916,#3921,#126,.T.);
#3189=EDGE_CURVE('',#3918,#3922,#127,.T.);
#3190=EDGE_CURVE('',#3924,#3929,#128,.T.);
#3191=EDGE_CURVE('',#3926,#3930,#129,.T.);
#3192=EDGE_CURVE('',#3932,#3937,#130,.T.);
#3193=EDGE_CURVE('',#3934,#3938,#131,.T.);
#3194=EDGE_CURVE('',#3945,#3940,#132,.T.);
#3195=EDGE_CURVE('',#3946,#3942,#133,.T.);
#3196=EDGE_CURVE('',#3949,#3949,#4437,.T.);
#3197=EDGE_CURVE('',#3950,#3950,#4438,.T.);
#3198=EDGE_CURVE('',#3951,#3952,#4439,.T.);
#3199=EDGE_CURVE('',#3953,#3951,#400,.T.);
#3200=EDGE_CURVE('',#3953,#3954,#4440,.T.);
#3201=EDGE_CURVE('',#3954,#3952,#401,.T.);
#3202=EDGE_CURVE('',#3951,#3955,#134,.T.);
#3203=EDGE_CURVE('',#3956,#3955,#402,.T.);
#3204=EDGE_CURVE('',#3953,#3956,#135,.T.);
#3205=EDGE_CURVE('',#3952,#3955,#136,.T.);
#3206=EDGE_CURVE('',#3954,#3956,#137,.T.);
#3207=EDGE_CURVE('',#3957,#3957,#4441,.T.);
#3208=EDGE_CURVE('',#3958,#3958,#4442,.T.);
#3209=EDGE_CURVE('',#3959,#3960,#138,.T.);
#3210=EDGE_CURVE('',#3961,#3960,#403,.T.);
#3211=EDGE_CURVE('',#3962,#3961,#139,.T.);
#3212=EDGE_CURVE('',#3962,#3959,#404,.T.);
#3213=EDGE_CURVE('',#3963,#3960,#140,.T.);
#3214=EDGE_CURVE('',#3964,#3963,#405,.T.);
#3215=EDGE_CURVE('',#3964,#3961,#141,.T.);
#3216=EDGE_CURVE('',#3965,#3966,#142,.T.);
#3217=EDGE_CURVE('',#3967,#3965,#406,.T.);
#3218=EDGE_CURVE('',#3967,#3968,#143,.T.);
#3219=EDGE_CURVE('',#3968,#3966,#407,.T.);
#3220=EDGE_CURVE('',#3965,#3969,#144,.T.);
#3221=EDGE_CURVE('',#3970,#3969,#408,.T.);
#3222=EDGE_CURVE('',#3967,#3970,#145,.T.);
#3223=EDGE_CURVE('',#3971,#3972,#146,.T.);
#3224=EDGE_CURVE('',#3973,#3971,#409,.T.);
#3225=EDGE_CURVE('',#3973,#3974,#147,.T.);
#3226=EDGE_CURVE('',#3974,#3972,#410,.T.);
#3227=EDGE_CURVE('',#3975,#3971,#148,.T.);
#3228=EDGE_CURVE('',#3976,#3975,#411,.T.);
#3229=EDGE_CURVE('',#3976,#3973,#149,.T.);
#3230=EDGE_CURVE('',#3977,#3978,#150,.T.);
#3231=EDGE_CURVE('',#3979,#3977,#412,.T.);
#3232=EDGE_CURVE('',#3979,#3980,#151,.T.);
#3233=EDGE_CURVE('',#3980,#3978,#413,.T.);
#3234=EDGE_CURVE('',#3981,#3977,#4443,.T.);
#3235=EDGE_CURVE('',#3982,#3981,#414,.T.);
#3236=EDGE_CURVE('',#3982,#3979,#4444,.T.);
#3237=EDGE_CURVE('',#3983,#3984,#4445,.T.);
#3238=EDGE_CURVE('',#3985,#3983,#415,.T.);
#3239=EDGE_CURVE('',#3985,#3986,#4446,.T.);
#3240=EDGE_CURVE('',#3986,#3984,#416,.T.);
#3241=EDGE_CURVE('',#3983,#3987,#152,.T.);
#3242=EDGE_CURVE('',#3988,#3987,#417,.T.);
#3243=EDGE_CURVE('',#3985,#3988,#153,.T.);
#3244=EDGE_CURVE('',#3989,#3990,#4447,.T.);
#3245=EDGE_CURVE('',#3991,#3989,#418,.T.);
#3246=EDGE_CURVE('',#3991,#3992,#4448,.T.);
#3247=EDGE_CURVE('',#3992,#3990,#419,.T.);
#3248=EDGE_CURVE('',#3993,#3989,#154,.T.);
#3249=EDGE_CURVE('',#3994,#3993,#420,.T.);
#3250=EDGE_CURVE('',#3994,#3991,#155,.T.);
#3251=EDGE_CURVE('',#3963,#3959,#421,.T.);
#3252=EDGE_CURVE('',#3964,#3962,#422,.T.);
#3253=EDGE_CURVE('',#3966,#3969,#423,.T.);
#3254=EDGE_CURVE('',#3968,#3970,#424,.T.);
#3255=EDGE_CURVE('',#3972,#3975,#425,.T.);
#3256=EDGE_CURVE('',#3974,#3976,#426,.T.);
#3257=EDGE_CURVE('',#3995,#3995,#4449,.T.);
#3258=EDGE_CURVE('',#3996,#3996,#4450,.T.);
#3259=EDGE_CURVE('',#3978,#3981,#4451,.T.);
#3260=EDGE_CURVE('',#3980,#3982,#4452,.T.);
#3261=EDGE_CURVE('',#3987,#3984,#156,.T.);
#3262=EDGE_CURVE('',#3988,#3986,#157,.T.);
#3263=EDGE_CURVE('',#3990,#3993,#158,.T.);
#3264=EDGE_CURVE('',#3992,#3994,#159,.T.);
#3265=EDGE_CURVE('',#3997,#3997,#4453,.T.);
#3266=EDGE_CURVE('',#3998,#3998,#4454,.T.);
#3267=EDGE_CURVE('',#3999,#4000,#4455,.T.);
#3268=EDGE_CURVE('',#4001,#4000,#427,.T.);
#3269=EDGE_CURVE('',#4002,#4001,#4456,.T.);
#3270=EDGE_CURVE('',#4002,#3999,#428,.T.);
#3271=EDGE_CURVE('',#4003,#4004,#4457,.T.);
#3272=EDGE_CURVE('',#4005,#4004,#429,.T.);
#3273=EDGE_CURVE('',#4006,#4005,#4458,.T.);
#3274=EDGE_CURVE('',#4006,#4003,#430,.T.);
#3275=EDGE_CURVE('',#4007,#4008,#4459,.T.);
#3276=EDGE_CURVE('',#4009,#4007,#431,.T.);
#3277=EDGE_CURVE('',#4009,#4010,#4460,.T.);
#3278=EDGE_CURVE('',#4010,#4008,#432,.T.);
#3279=EDGE_CURVE('',#4011,#4012,#4461,.T.);
#3280=EDGE_CURVE('',#4013,#4011,#433,.T.);
#3281=EDGE_CURVE('',#4013,#4014,#4462,.T.);
#3282=EDGE_CURVE('',#4014,#4012,#434,.T.);
#3283=EDGE_CURVE('',#4011,#4015,#4463,.T.);
#3284=EDGE_CURVE('',#4016,#4015,#435,.T.);
#3285=EDGE_CURVE('',#4013,#4016,#4464,.T.);
#3286=EDGE_CURVE('',#4017,#4015,#4465,.T.);
#3287=EDGE_CURVE('',#4018,#4017,#436,.T.);
#3288=EDGE_CURVE('',#4018,#4016,#4466,.T.);
#3289=EDGE_CURVE('',#4019,#4020,#4467,.T.);
#3290=EDGE_CURVE('',#4021,#4019,#437,.T.);
#3291=EDGE_CURVE('',#4021,#4022,#4468,.T.);
#3292=EDGE_CURVE('',#4022,#4020,#438,.T.);
#3293=EDGE_CURVE('',#4019,#4023,#4469,.T.);
#3294=EDGE_CURVE('',#4024,#4023,#439,.T.);
#3295=EDGE_CURVE('',#4021,#4024,#4470,.T.);
#3296=EDGE_CURVE('',#4025,#4023,#4471,.T.);
#3297=EDGE_CURVE('',#4026,#4025,#440,.T.);
#3298=EDGE_CURVE('',#4026,#4024,#4472,.T.);
#3299=EDGE_CURVE('',#4027,#4028,#4473,.T.);
#3300=EDGE_CURVE('',#4029,#4027,#441,.T.);
#3301=EDGE_CURVE('',#4029,#4030,#4474,.T.);
#3302=EDGE_CURVE('',#4030,#4028,#442,.T.);
#3303=EDGE_CURVE('',#4027,#4031,#4475,.T.);
#3304=EDGE_CURVE('',#4032,#4031,#443,.T.);
#3305=EDGE_CURVE('',#4029,#4032,#4476,.T.);
#3306=EDGE_CURVE('',#4033,#4031,#4477,.T.);
#3307=EDGE_CURVE('',#4034,#4033,#444,.T.);
#3308=EDGE_CURVE('',#4034,#4032,#4478,.T.);
#3309=EDGE_CURVE('',#3999,#4000,#4479,.T.);
#3310=EDGE_CURVE('',#4002,#4001,#4480,.T.);
#3311=EDGE_CURVE('',#4003,#4004,#4481,.T.);
#3312=EDGE_CURVE('',#4006,#4005,#4482,.T.);
#3313=EDGE_CURVE('',#4007,#4008,#4483,.T.);
#3314=EDGE_CURVE('',#4009,#4010,#4484,.T.);
#3315=EDGE_CURVE('',#4012,#4017,#4485,.T.);
#3316=EDGE_CURVE('',#4014,#4018,#4486,.T.);
#3317=EDGE_CURVE('',#4020,#4025,#4487,.T.);
#3318=EDGE_CURVE('',#4022,#4026,#4488,.T.);
#3319=EDGE_CURVE('',#4028,#4033,#4489,.T.);
#3320=EDGE_CURVE('',#4030,#4034,#4490,.T.);
#3321=EDGE_CURVE('',#4035,#4035,#4491,.T.);
#3322=EDGE_CURVE('',#4036,#4036,#4492,.T.);
#3323=EDGE_CURVE('',#4037,#4038,#445,.T.);
#3324=EDGE_CURVE('',#4039,#4038,#446,.T.);
#3325=EDGE_CURVE('',#4040,#4039,#447,.T.);
#3326=EDGE_CURVE('',#4040,#4037,#448,.T.);
#3327=EDGE_CURVE('',#4041,#4038,#4493,.T.);
#3328=EDGE_CURVE('',#4042,#4041,#449,.T.);
#3329=EDGE_CURVE('',#4042,#4039,#4494,.T.);
#3330=EDGE_CURVE('',#4041,#4043,#450,.T.);
#3331=EDGE_CURVE('',#4044,#4043,#451,.T.);
#3332=EDGE_CURVE('',#4042,#4044,#452,.T.);
#3333=EDGE_CURVE('',#4045,#4046,#4495,.T.);
#3334=EDGE_CURVE('',#4047,#4046,#453,.T.);
#3335=EDGE_CURVE('',#4048,#4047,#4496,.T.);
#3336=EDGE_CURVE('',#4048,#4045,#454,.T.);
#3337=EDGE_CURVE('',#4046,#4049,#455,.T.);
#3338=EDGE_CURVE('',#4050,#4049,#456,.T.);
#3339=EDGE_CURVE('',#4047,#4050,#457,.T.);
#3340=EDGE_CURVE('',#4049,#4051,#458,.T.);
#3341=EDGE_CURVE('',#4052,#4051,#459,.T.);
#3342=EDGE_CURVE('',#4050,#4052,#460,.T.);
#3343=EDGE_CURVE('',#4051,#4053,#4497,.T.);
#3344=EDGE_CURVE('',#4054,#4053,#461,.T.);
#3345=EDGE_CURVE('',#4052,#4054,#4498,.T.);
#3346=EDGE_CURVE('',#4055,#4053,#462,.T.);
#3347=EDGE_CURVE('',#4056,#4055,#463,.T.);
#3348=EDGE_CURVE('',#4056,#4054,#464,.T.);
#3349=EDGE_CURVE('',#4057,#4055,#465,.T.);
#3350=EDGE_CURVE('',#4058,#4057,#466,.T.);
#3351=EDGE_CURVE('',#4058,#4056,#467,.T.);
#3352=EDGE_CURVE('',#4057,#4059,#4499,.T.);
#3353=EDGE_CURVE('',#4060,#4059,#468,.T.);
#3354=EDGE_CURVE('',#4058,#4060,#4500,.T.);
#3355=EDGE_CURVE('',#4061,#4059,#469,.T.);
#3356=EDGE_CURVE('',#4062,#4061,#470,.T.);
#3357=EDGE_CURVE('',#4062,#4060,#471,.T.);
#3358=EDGE_CURVE('',#4063,#4064,#472,.T.);
#3359=EDGE_CURVE('',#4065,#4063,#473,.T.);
#3360=EDGE_CURVE('',#4065,#4066,#474,.T.);
#3361=EDGE_CURVE('',#4066,#4064,#475,.T.);
#3362=EDGE_CURVE('',#4067,#4063,#4501,.T.);
#3363=EDGE_CURVE('',#4068,#4067,#476,.T.);
#3364=EDGE_CURVE('',#4068,#4065,#4502,.T.);
#3365=EDGE_CURVE('',#4067,#4069,#477,.T.);
#3366=EDGE_CURVE('',#4070,#4069,#478,.T.);
#3367=EDGE_CURVE('',#4068,#4070,#479,.T.);
#3368=EDGE_CURVE('',#4071,#4072,#4503,.T.);
#3369=EDGE_CURVE('',#4073,#4071,#480,.T.);
#3370=EDGE_CURVE('',#4073,#4074,#4504,.T.);
#3371=EDGE_CURVE('',#4074,#4072,#481,.T.);
#3372=EDGE_CURVE('',#4075,#4071,#482,.T.);
#3373=EDGE_CURVE('',#4076,#4075,#483,.T.);
#3374=EDGE_CURVE('',#4076,#4073,#484,.T.);
#3375=EDGE_CURVE('',#4075,#4077,#4505,.T.);
#3376=EDGE_CURVE('',#4078,#4077,#485,.T.);
#3377=EDGE_CURVE('',#4076,#4078,#4506,.T.);
#3378=EDGE_CURVE('',#4061,#4045,#486,.T.);
#3379=EDGE_CURVE('',#4062,#4048,#487,.T.);
#3380=EDGE_CURVE('',#4069,#4064,#4507,.T.);
#3381=EDGE_CURVE('',#4070,#4066,#4508,.T.);
#3382=EDGE_CURVE('',#4072,#4077,#488,.T.);
#3383=EDGE_CURVE('',#4074,#4078,#489,.T.);
#3384=EDGE_CURVE('',#4043,#4037,#4509,.T.);
#3385=EDGE_CURVE('',#4044,#4040,#4510,.T.);
#3386=EDGE_CURVE('',#4079,#4080,#490,.T.);
#3387=EDGE_CURVE('',#4081,#4080,#491,.T.);
#3388=EDGE_CURVE('',#4082,#4081,#492,.T.);
#3389=EDGE_CURVE('',#4082,#4079,#493,.T.);
#3390=EDGE_CURVE('',#4080,#4083,#4511,.T.);
#3391=EDGE_CURVE('',#4084,#4083,#494,.T.);
#3392=EDGE_CURVE('',#4081,#4084,#4512,.T.);
#3393=EDGE_CURVE('',#4085,#4083,#495,.T.);
#3394=EDGE_CURVE('',#4086,#4085,#496,.T.);
#3395=EDGE_CURVE('',#4086,#4084,#497,.T.);
#3396=EDGE_CURVE('',#4087,#4088,#498,.T.);
#3397=EDGE_CURVE('',#4089,#4088,#499,.T.);
#3398=EDGE_CURVE('',#4090,#4089,#500,.T.);
#3399=EDGE_CURVE('',#4090,#4087,#501,.T.);
#3400=EDGE_CURVE('',#4091,#4088,#4513,.T.);
#3401=EDGE_CURVE('',#4092,#4091,#502,.T.);
#3402=EDGE_CURVE('',#4092,#4089,#4514,.T.);
#3403=EDGE_CURVE('',#4091,#4093,#503,.T.);
#3404=EDGE_CURVE('',#4094,#4093,#504,.T.);
#3405=EDGE_CURVE('',#4092,#4094,#505,.T.);
#3406=EDGE_CURVE('',#4095,#4096,#4515,.T.);
#3407=EDGE_CURVE('',#4097,#4095,#506,.T.);
#3408=EDGE_CURVE('',#4097,#4098,#4516,.T.);
#3409=EDGE_CURVE('',#4098,#4096,#507,.T.);
#3410=EDGE_CURVE('',#4095,#4099,#508,.T.);
#3411=EDGE_CURVE('',#4100,#4099,#509,.T.);
#3412=EDGE_CURVE('',#4097,#4100,#510,.T.);
#3413=EDGE_CURVE('',#4099,#4101,#4517,.T.);
#3414=EDGE_CURVE('',#4102,#4101,#511,.T.);
#3415=EDGE_CURVE('',#4100,#4102,#4518,.T.);
#3416=EDGE_CURVE('',#4103,#4103,#4519,.T.);
#3417=EDGE_CURVE('',#4104,#4104,#4520,.T.);
#3418=EDGE_CURVE('',#4079,#4085,#4521,.T.);
#3419=EDGE_CURVE('',#4082,#4086,#4522,.T.);
#3420=EDGE_CURVE('',#4093,#4087,#4523,.T.);
#3421=EDGE_CURVE('',#4094,#4090,#4524,.T.);
#3422=EDGE_CURVE('',#4096,#4101,#512,.T.);
#3423=EDGE_CURVE('',#4098,#4102,#513,.T.);
#3424=EDGE_CURVE('',#4105,#4105,#4525,.T.);
#3425=EDGE_CURVE('',#4106,#4106,#4526,.T.);
#3426=EDGE_CURVE('',#4107,#4108,#160,.T.);
#3427=EDGE_CURVE('',#4109,#4107,#514,.T.);
#3428=EDGE_CURVE('',#4109,#4110,#161,.T.);
#3429=EDGE_CURVE('',#4110,#4108,#515,.T.);
#3430=EDGE_CURVE('',#4111,#4107,#4527,.T.);
#3431=EDGE_CURVE('',#4112,#4111,#516,.T.);
#3432=EDGE_CURVE('',#4112,#4109,#4528,.T.);
#3433=EDGE_CURVE('',#4113,#4114,#4529,.T.);
#3434=EDGE_CURVE('',#4115,#4113,#517,.T.);
#3435=EDGE_CURVE('',#4115,#4116,#4530,.T.);
#3436=EDGE_CURVE('',#4116,#4114,#518,.T.);
#3437=EDGE_CURVE('',#4117,#4113,#162,.T.);
#3438=EDGE_CURVE('',#4118,#4117,#519,.T.);
#3439=EDGE_CURVE('',#4118,#4115,#163,.T.);
#3440=EDGE_CURVE('',#4119,#4120,#4531,.T.);
#3441=EDGE_CURVE('',#4121,#4119,#520,.T.);
#3442=EDGE_CURVE('',#4121,#4122,#4532,.T.);
#3443=EDGE_CURVE('',#4122,#4120,#521,.T.);
#3444=EDGE_CURVE('',#4123,#4119,#164,.T.);
#3445=EDGE_CURVE('',#4124,#4123,#522,.T.);
#3446=EDGE_CURVE('',#4124,#4121,#165,.T.);
#3447=EDGE_CURVE('',#4125,#4126,#4533,.T.);
#3448=EDGE_CURVE('',#4127,#4125,#523,.T.);
#3449=EDGE_CURVE('',#4127,#4128,#4534,.T.);
#3450=EDGE_CURVE('',#4128,#4126,#524,.T.);
#3451=EDGE_CURVE('',#4129,#4125,#166,.T.);
#3452=EDGE_CURVE('',#4130,#4129,#525,.T.);
#3453=EDGE_CURVE('',#4130,#4127,#167,.T.);
#3454=EDGE_CURVE('',#4131,#4131,#4535,.T.);
#3455=EDGE_CURVE('',#4132,#4132,#4536,.T.);
#3456=EDGE_CURVE('',#4108,#4111,#168,.T.);
#3457=EDGE_CURVE('',#4110,#4112,#169,.T.);
#3458=EDGE_CURVE('',#4114,#4117,#170,.T.);
#3459=EDGE_CURVE('',#4116,#4118,#171,.T.);
#3460=EDGE_CURVE('',#4120,#4123,#526,.T.);
#3461=EDGE_CURVE('',#4122,#4124,#527,.F.);
#3462=EDGE_CURVE('',#4126,#4129,#172,.T.);
#3463=EDGE_CURVE('',#4128,#4130,#173,.T.);
#3464=EDGE_CURVE('',#4133,#4133,#4537,.T.);
#3465=EDGE_CURVE('',#4134,#4134,#4538,.T.);
#3466=EDGE_CURVE('',#4135,#4136,#174,.T.);
#3467=EDGE_CURVE('',#4137,#4135,#528,.T.);
#3468=EDGE_CURVE('',#4137,#4138,#175,.T.);
#3469=EDGE_CURVE('',#4138,#4136,#529,.T.);
#3470=EDGE_CURVE('',#4139,#4140,#4539,.T.);
#3471=EDGE_CURVE('',#4141,#4139,#530,.T.);
#3472=EDGE_CURVE('',#4141,#4142,#4540,.T.);
#3473=EDGE_CURVE('',#4142,#4140,#531,.T.);
#3474=EDGE_CURVE('',#4143,#4144,#4541,.T.);
#3475=EDGE_CURVE('',#4145,#4143,#532,.T.);
#3476=EDGE_CURVE('',#4145,#4146,#4542,.T.);
#3477=EDGE_CURVE('',#4146,#4144,#533,.T.);
#3478=EDGE_CURVE('',#4147,#4147,#4543,.T.);
#3479=EDGE_CURVE('',#4148,#4148,#4544,.T.);
#3480=EDGE_CURVE('',#4136,#4135,#4545,.T.);
#3481=EDGE_CURVE('',#4138,#4137,#4546,.T.);
#3482=EDGE_CURVE('',#4140,#4139,#176,.T.);
#3483=EDGE_CURVE('',#4142,#4141,#177,.T.);
#3484=EDGE_CURVE('',#4144,#4143,#178,.T.);
#3485=EDGE_CURVE('',#4146,#4145,#179,.T.);
#3486=EDGE_CURVE('',#4149,#4149,#4547,.T.);
#3487=EDGE_CURVE('',#4150,#4150,#4548,.T.);
#3488=EDGE_CURVE('',#4151,#4152,#180,.T.);
#3489=EDGE_CURVE('',#4153,#4151,#534,.T.);
#3490=EDGE_CURVE('',#4153,#4154,#181,.T.);
#3491=EDGE_CURVE('',#4154,#4152,#535,.T.);
#3492=EDGE_CURVE('',#4151,#4155,#182,.T.);
#3493=EDGE_CURVE('',#4156,#4155,#536,.T.);
#3494=EDGE_CURVE('',#4153,#4156,#183,.T.);
#3495=EDGE_CURVE('',#4157,#4157,#4549,.T.);
#3496=EDGE_CURVE('',#4158,#4158,#4550,.T.);
#3497=EDGE_CURVE('',#4152,#4155,#184,.T.);
#3498=EDGE_CURVE('',#4154,#4156,#185,.T.);
#3499=EDGE_CURVE('',#4159,#4160,#4551,.T.);
#3500=EDGE_CURVE('',#4161,#4159,#537,.T.);
#3501=EDGE_CURVE('',#4161,#4162,#4552,.T.);
#3502=EDGE_CURVE('',#4162,#4160,#538,.T.);
#3503=EDGE_CURVE('',#4159,#4163,#4553,.T.);
#3504=EDGE_CURVE('',#4164,#4163,#539,.T.);
#3505=EDGE_CURVE('',#4161,#4164,#4554,.T.);
#3506=EDGE_CURVE('',#4165,#4163,#4555,.T.);
#3507=EDGE_CURVE('',#4166,#4165,#540,.T.);
#3508=EDGE_CURVE('',#4166,#4164,#4556,.T.);
#3509=EDGE_CURVE('',#4165,#4160,#4557,.T.);
#3510=EDGE_CURVE('',#4166,#4162,#4558,.T.);
#3511=EDGE_CURVE('',#4167,#4167,#4559,.T.);
#3512=EDGE_CURVE('',#4168,#4168,#4560,.T.);
#3513=EDGE_CURVE('',#4169,#4170,#4561,.T.);
#3514=EDGE_CURVE('',#4171,#4170,#541,.T.);
#3515=EDGE_CURVE('',#4172,#4171,#4562,.T.);
#3516=EDGE_CURVE('',#4172,#4169,#542,.T.);
#3517=EDGE_CURVE('',#4173,#4170,#4563,.T.);
#3518=EDGE_CURVE('',#4174,#4173,#543,.T.);
#3519=EDGE_CURVE('',#4174,#4171,#4564,.T.);
#3520=EDGE_CURVE('',#4173,#4175,#4565,.T.);
#3521=EDGE_CURVE('',#4176,#4175,#544,.T.);
#3522=EDGE_CURVE('',#4174,#4176,#4566,.T.);
#3523=EDGE_CURVE('',#4169,#4175,#4567,.T.);
#3524=EDGE_CURVE('',#4172,#4176,#4568,.T.);
#3525=EDGE_CURVE('',#4177,#4177,#4569,.T.);
#3526=EDGE_CURVE('',#4178,#4178,#4570,.T.);
#3527=EDGE_CURVE('',#4179,#4180,#4571,.T.);
#3528=EDGE_CURVE('',#4181,#4179,#545,.T.);
#3529=EDGE_CURVE('',#4181,#4182,#4572,.T.);
#3530=EDGE_CURVE('',#4182,#4180,#546,.T.);
#3531=EDGE_CURVE('',#4179,#4183,#4573,.T.);
#3532=EDGE_CURVE('',#4184,#4183,#547,.T.);
#3533=EDGE_CURVE('',#4181,#4184,#4574,.T.);
#3534=EDGE_CURVE('',#4185,#4183,#4575,.T.);
#3535=EDGE_CURVE('',#4186,#4185,#548,.T.);
#3536=EDGE_CURVE('',#4186,#4184,#4576,.T.);
#3537=EDGE_CURVE('',#4185,#4180,#4577,.T.);
#3538=EDGE_CURVE('',#4186,#4182,#4578,.T.);
#3539=EDGE_CURVE('',#4187,#4187,#4579,.T.);
#3540=EDGE_CURVE('',#4188,#4188,#4580,.T.);
#3541=EDGE_CURVE('',#4189,#4190,#4581,.T.);
#3542=EDGE_CURVE('',#4191,#4189,#549,.T.);
#3543=EDGE_CURVE('',#4191,#4192,#4582,.T.);
#3544=EDGE_CURVE('',#4192,#4190,#550,.T.);
#3545=EDGE_CURVE('',#4189,#4193,#4583,.T.);
#3546=EDGE_CURVE('',#4194,#4193,#551,.T.);
#3547=EDGE_CURVE('',#4191,#4194,#4584,.T.);
#3548=EDGE_CURVE('',#4195,#4193,#4585,.T.);
#3549=EDGE_CURVE('',#4196,#4195,#552,.T.);
#3550=EDGE_CURVE('',#4196,#4194,#4586,.T.);
#3551=EDGE_CURVE('',#4195,#4190,#4587,.T.);
#3552=EDGE_CURVE('',#4196,#4192,#4588,.T.);
#3553=EDGE_CURVE('',#4197,#4197,#4589,.T.);
#3554=EDGE_CURVE('',#4198,#4198,#4590,.T.);
#3555=EDGE_CURVE('',#4199,#4200,#4591,.T.);
#3556=EDGE_CURVE('',#4201,#4199,#553,.T.);
#3557=EDGE_CURVE('',#4201,#4202,#4592,.T.);
#3558=EDGE_CURVE('',#4202,#4200,#554,.T.);
#3559=EDGE_CURVE('',#4199,#4203,#4593,.T.);
#3560=EDGE_CURVE('',#4204,#4203,#555,.T.);
#3561=EDGE_CURVE('',#4201,#4204,#4594,.T.);
#3562=EDGE_CURVE('',#4205,#4203,#4595,.T.);
#3563=EDGE_CURVE('',#4206,#4205,#556,.T.);
#3564=EDGE_CURVE('',#4206,#4204,#4596,.T.);
#3565=EDGE_CURVE('',#4207,#4207,#4597,.T.);
#3566=EDGE_CURVE('',#4208,#4208,#4598,.T.);
#3567=EDGE_CURVE('',#4205,#4200,#4599,.T.);
#3568=EDGE_CURVE('',#4206,#4202,#4600,.T.);
#3569=EDGE_CURVE('',#4209,#4210,#4601,.T.);
#3570=EDGE_CURVE('',#4211,#4209,#557,.T.);
#3571=EDGE_CURVE('',#4211,#4212,#4602,.T.);
#3572=EDGE_CURVE('',#4212,#4210,#558,.T.);
#3573=EDGE_CURVE('',#4209,#4213,#4603,.T.);
#3574=EDGE_CURVE('',#4214,#4213,#559,.T.);
#3575=EDGE_CURVE('',#4211,#4214,#4604,.T.);
#3576=EDGE_CURVE('',#4215,#4213,#4605,.T.);
#3577=EDGE_CURVE('',#4216,#4215,#560,.T.);
#3578=EDGE_CURVE('',#4216,#4214,#4606,.T.);
#3579=EDGE_CURVE('',#4215,#4210,#4607,.T.);
#3580=EDGE_CURVE('',#4216,#4212,#4608,.T.);
#3581=EDGE_CURVE('',#4217,#4217,#4609,.T.);
#3582=EDGE_CURVE('',#4218,#4218,#4610,.T.);
#3583=EDGE_CURVE('',#4219,#4220,#4611,.T.);
#3584=EDGE_CURVE('',#4221,#4219,#561,.T.);
#3585=EDGE_CURVE('',#4221,#4222,#4612,.T.);
#3586=EDGE_CURVE('',#4222,#4220,#562,.T.);
#3587=EDGE_CURVE('',#4219,#4223,#4613,.T.);
#3588=EDGE_CURVE('',#4224,#4223,#563,.T.);
#3589=EDGE_CURVE('',#4221,#4224,#4614,.T.);
#3590=EDGE_CURVE('',#4225,#4223,#4615,.T.);
#3591=EDGE_CURVE('',#4226,#4225,#564,.T.);
#3592=EDGE_CURVE('',#4226,#4224,#4616,.T.);
#3593=EDGE_CURVE('',#4227,#4227,#4617,.T.);
#3594=EDGE_CURVE('',#4228,#4228,#4618,.T.);
#3595=EDGE_CURVE('',#4225,#4220,#4619,.T.);
#3596=EDGE_CURVE('',#4226,#4222,#4620,.T.);
#3597=EDGE_CURVE('',#4229,#4230,#4621,.T.);
#3598=EDGE_CURVE('',#4231,#4229,#565,.T.);
#3599=EDGE_CURVE('',#4231,#4232,#4622,.T.);
#3600=EDGE_CURVE('',#4232,#4230,#566,.T.);
#3601=EDGE_CURVE('',#4229,#4233,#4623,.T.);
#3602=EDGE_CURVE('',#4234,#4233,#567,.T.);
#3603=EDGE_CURVE('',#4231,#4234,#4624,.T.);
#3604=EDGE_CURVE('',#4235,#4233,#4625,.T.);
#3605=EDGE_CURVE('',#4236,#4235,#568,.T.);
#3606=EDGE_CURVE('',#4236,#4234,#4626,.T.);
#3607=EDGE_CURVE('',#4235,#4230,#4627,.T.);
#3608=EDGE_CURVE('',#4236,#4232,#4628,.T.);
#3609=EDGE_CURVE('',#4237,#4237,#4629,.T.);
#3610=EDGE_CURVE('',#4238,#4238,#4630,.T.);
#3611=EDGE_CURVE('',#4239,#4240,#4631,.T.);
#3612=EDGE_CURVE('',#4241,#4239,#569,.T.);
#3613=EDGE_CURVE('',#4241,#4242,#4632,.T.);
#3614=EDGE_CURVE('',#4242,#4240,#570,.T.);
#3615=EDGE_CURVE('',#4239,#4243,#4633,.T.);
#3616=EDGE_CURVE('',#4244,#4243,#571,.T.);
#3617=EDGE_CURVE('',#4241,#4244,#4634,.T.);
#3618=EDGE_CURVE('',#4245,#4243,#4635,.T.);
#3619=EDGE_CURVE('',#4246,#4245,#572,.T.);
#3620=EDGE_CURVE('',#4246,#4244,#4636,.T.);
#3621=EDGE_CURVE('',#4245,#4240,#4637,.T.);
#3622=EDGE_CURVE('',#4246,#4242,#4638,.T.);
#3623=EDGE_CURVE('',#4247,#4247,#4639,.T.);
#3624=EDGE_CURVE('',#4248,#4248,#4640,.T.);
#3625=EDGE_CURVE('',#4249,#4249,#4641,.T.);
#3626=EDGE_CURVE('',#4250,#4250,#4642,.T.);
#3627=EDGE_CURVE('',#4251,#4251,#4643,.T.);
#3628=EDGE_CURVE('',#4252,#4252,#4644,.T.);
#3629=EDGE_CURVE('',#4253,#4253,#4645,.T.);
#3630=EDGE_CURVE('',#4254,#4254,#4646,.T.);
#3631=EDGE_CURVE('',#4255,#4255,#4647,.T.);
#3632=EDGE_CURVE('',#4256,#4256,#4648,.T.);
#3633=EDGE_CURVE('',#4257,#4257,#4649,.T.);
#3634=EDGE_CURVE('',#4258,#4258,#4650,.T.);
#3635=EDGE_CURVE('',#4259,#4259,#4651,.T.);
#3636=EDGE_CURVE('',#4260,#4260,#4652,.T.);
#3637=EDGE_CURVE('',#4261,#4262,#4653,.T.);
#3638=EDGE_CURVE('',#4263,#4261,#573,.T.);
#3639=EDGE_CURVE('',#4263,#4264,#4654,.T.);
#3640=EDGE_CURVE('',#4264,#4262,#574,.T.);
#3641=EDGE_CURVE('',#4261,#4265,#4655,.T.);
#3642=EDGE_CURVE('',#4266,#4265,#575,.T.);
#3643=EDGE_CURVE('',#4263,#4266,#4656,.T.);
#3644=EDGE_CURVE('',#4267,#4265,#4657,.T.);
#3645=EDGE_CURVE('',#4268,#4267,#576,.T.);
#3646=EDGE_CURVE('',#4268,#4266,#4658,.T.);
#3647=EDGE_CURVE('',#4267,#4262,#4659,.T.);
#3648=EDGE_CURVE('',#4268,#4264,#4660,.T.);
#3649=EDGE_CURVE('',#4269,#4269,#4661,.T.);
#3650=EDGE_CURVE('',#4270,#4270,#4662,.T.);
#3651=EDGE_CURVE('',#4271,#4272,#4663,.T.);
#3652=EDGE_CURVE('',#4273,#4271,#577,.T.);
#3653=EDGE_CURVE('',#4273,#4274,#4664,.T.);
#3654=EDGE_CURVE('',#4274,#4272,#578,.T.);
#3655=EDGE_CURVE('',#4271,#4275,#4665,.T.);
#3656=EDGE_CURVE('',#4276,#4275,#579,.T.);
#3657=EDGE_CURVE('',#4273,#4276,#4666,.T.);
#3658=EDGE_CURVE('',#4277,#4275,#4667,.T.);
#3659=EDGE_CURVE('',#4278,#4277,#580,.T.);
#3660=EDGE_CURVE('',#4278,#4276,#4668,.T.);
#3661=EDGE_CURVE('',#4277,#4272,#4669,.T.);
#3662=EDGE_CURVE('',#4278,#4274,#4670,.T.);
#3663=EDGE_CURVE('',#4279,#4279,#4671,.T.);
#3664=EDGE_CURVE('',#4280,#4280,#4672,.T.);
#3665=EDGE_CURVE('',#4281,#4282,#4673,.T.);
#3666=EDGE_CURVE('',#4283,#4281,#581,.T.);
#3667=EDGE_CURVE('',#4283,#4284,#4674,.T.);
#3668=EDGE_CURVE('',#4284,#4282,#582,.T.);
#3669=EDGE_CURVE('',#4281,#4285,#4675,.T.);
#3670=EDGE_CURVE('',#4286,#4285,#583,.T.);
#3671=EDGE_CURVE('',#4283,#4286,#4676,.T.);
#3672=EDGE_CURVE('',#4287,#4285,#4677,.T.);
#3673=EDGE_CURVE('',#4288,#4287,#584,.T.);
#3674=EDGE_CURVE('',#4288,#4286,#4678,.T.);
#3675=EDGE_CURVE('',#4287,#4282,#4679,.T.);
#3676=EDGE_CURVE('',#4288,#4284,#4680,.T.);
#3677=EDGE_CURVE('',#4289,#4289,#4681,.T.);
#3678=EDGE_CURVE('',#4290,#4290,#4682,.T.);
#3679=VERTEX_POINT('',#9139);
#3680=VERTEX_POINT('',#9141);
#3681=VERTEX_POINT('',#9147);
#3682=VERTEX_POINT('',#9149);
#3683=VERTEX_POINT('',#9152);
#3684=VERTEX_POINT('',#9154);
#3685=VERTEX_POINT('',#9160);
#3686=VERTEX_POINT('',#9162);
#3687=VERTEX_POINT('',#9168);
#3688=VERTEX_POINT('',#9170);
#3689=VERTEX_POINT('',#9176);
#3690=VERTEX_POINT('',#9177);
#3691=VERTEX_POINT('',#9179);
#3692=VERTEX_POINT('',#9181);
#3693=VERTEX_POINT('',#9185);
#3694=VERTEX_POINT('',#9186);
#3695=VERTEX_POINT('',#9188);
#3696=VERTEX_POINT('',#9190);
#3697=VERTEX_POINT('',#9194);
#3698=VERTEX_POINT('',#9195);
#3699=VERTEX_POINT('',#9197);
#3700=VERTEX_POINT('',#9199);
#3701=VERTEX_POINT('',#9203);
#3702=VERTEX_POINT('',#9204);
#3703=VERTEX_POINT('',#9206);
#3704=VERTEX_POINT('',#9208);
#3705=VERTEX_POINT('',#9212);
#3706=VERTEX_POINT('',#9213);
#3707=VERTEX_POINT('',#9215);
#3708=VERTEX_POINT('',#9217);
#3709=VERTEX_POINT('',#9221);
#3710=VERTEX_POINT('',#9222);
#3711=VERTEX_POINT('',#9224);
#3712=VERTEX_POINT('',#9226);
#3713=VERTEX_POINT('',#9240);
#3714=VERTEX_POINT('',#9241);
#3715=VERTEX_POINT('',#9243);
#3716=VERTEX_POINT('',#9248);
#3717=VERTEX_POINT('',#9262);
#3718=VERTEX_POINT('',#9263);
#3719=VERTEX_POINT('',#9265);
#3720=VERTEX_POINT('',#9270);
#3721=VERTEX_POINT('',#9284);
#3722=VERTEX_POINT('',#9285);
#3723=VERTEX_POINT('',#9287);
#3724=VERTEX_POINT('',#9292);
#3725=VERTEX_POINT('',#9306);
#3726=VERTEX_POINT('',#9307);
#3727=VERTEX_POINT('',#9309);
#3728=VERTEX_POINT('',#9314);
#3729=VERTEX_POINT('',#9318);
#3730=VERTEX_POINT('',#9319);
#3731=VERTEX_POINT('',#9321);
#3732=VERTEX_POINT('',#9323);
#3733=VERTEX_POINT('',#9327);
#3734=VERTEX_POINT('',#9329);
#3735=VERTEX_POINT('',#9333);
#3736=VERTEX_POINT('',#9335);
#3737=VERTEX_POINT('',#9339);
#3738=VERTEX_POINT('',#9340);
#3739=VERTEX_POINT('',#9342);
#3740=VERTEX_POINT('',#9344);
#3741=VERTEX_POINT('',#9348);
#3742=VERTEX_POINT('',#9349);
#3743=VERTEX_POINT('',#9351);
#3744=VERTEX_POINT('',#9353);
#3745=VERTEX_POINT('',#9357);
#3746=VERTEX_POINT('',#9359);
#3747=VERTEX_POINT('',#9363);
#3748=VERTEX_POINT('',#9364);
#3749=VERTEX_POINT('',#9366);
#3750=VERTEX_POINT('',#9368);
#3751=VERTEX_POINT('',#9372);
#3752=VERTEX_POINT('',#9374);
#3753=VERTEX_POINT('',#9378);
#3754=VERTEX_POINT('',#9379);
#3755=VERTEX_POINT('',#9381);
#3756=VERTEX_POINT('',#9383);
#3757=VERTEX_POINT('',#9397);
#3758=VERTEX_POINT('',#9398);
#3759=VERTEX_POINT('',#9400);
#3760=VERTEX_POINT('',#9405);
#3761=VERTEX_POINT('',#9409);
#3762=VERTEX_POINT('',#9411);
#3763=VERTEX_POINT('',#9425);
#3764=VERTEX_POINT('',#9426);
#3765=VERTEX_POINT('',#9428);
#3766=VERTEX_POINT('',#9433);
#3767=VERTEX_POINT('',#9463);
#3768=VERTEX_POINT('',#9464);
#3769=VERTEX_POINT('',#9466);
#3770=VERTEX_POINT('',#9471);
#3771=VERTEX_POINT('',#9485);
#3772=VERTEX_POINT('',#9487);
#3773=VERTEX_POINT('',#9520);
#3774=VERTEX_POINT('',#9522);
#3775=VERTEX_POINT('',#9555);
#3776=VERTEX_POINT('',#9557);
#3777=VERTEX_POINT('',#9574);
#3778=VERTEX_POINT('',#9576);
#3779=VERTEX_POINT('',#9593);
#3780=VERTEX_POINT('',#9595);
#3781=VERTEX_POINT('',#9628);
#3782=VERTEX_POINT('',#9629);
#3783=VERTEX_POINT('',#9631);
#3784=VERTEX_POINT('',#9636);
#3785=VERTEX_POINT('',#9666);
#3786=VERTEX_POINT('',#9668);
#3787=VERTEX_POINT('',#9698);
#3788=VERTEX_POINT('',#9700);
#3789=VERTEX_POINT('',#9704);
#3790=VERTEX_POINT('',#9705);
#3791=VERTEX_POINT('',#9707);
#3792=VERTEX_POINT('',#9709);
#3793=VERTEX_POINT('',#9713);
#3794=VERTEX_POINT('',#9715);
#3795=VERTEX_POINT('',#9742);
#3796=VERTEX_POINT('',#9743);
#3797=VERTEX_POINT('',#9745);
#3798=VERTEX_POINT('',#9750);
#3799=VERTEX_POINT('',#9754);
#3800=VERTEX_POINT('',#9755);
#3801=VERTEX_POINT('',#9757);
#3802=VERTEX_POINT('',#9759);
#3803=VERTEX_POINT('',#9763);
#3804=VERTEX_POINT('',#9764);
#3805=VERTEX_POINT('',#9766);
#3806=VERTEX_POINT('',#9768);
#3807=VERTEX_POINT('',#9782);
#3808=VERTEX_POINT('',#9783);
#3809=VERTEX_POINT('',#9785);
#3810=VERTEX_POINT('',#9790);
#3811=VERTEX_POINT('',#9804);
#3812=VERTEX_POINT('',#9806);
#3813=VERTEX_POINT('',#9839);
#3814=VERTEX_POINT('',#9840);
#3815=VERTEX_POINT('',#9842);
#3816=VERTEX_POINT('',#9847);
#3817=VERTEX_POINT('',#9880);
#3818=VERTEX_POINT('',#9882);
#3819=VERTEX_POINT('',#9918);
#3820=VERTEX_POINT('',#9920);
#3821=VERTEX_POINT('',#9927);
#3822=VERTEX_POINT('',#9928);
#3823=VERTEX_POINT('',#9930);
#3824=VERTEX_POINT('',#9932);
#3825=VERTEX_POINT('',#9949);
#3826=VERTEX_POINT('',#9951);
#3827=VERTEX_POINT('',#9968);
#3828=VERTEX_POINT('',#9973);
#3829=VERTEX_POINT('',#10003);
#3830=VERTEX_POINT('',#10005);
#3831=VERTEX_POINT('',#10152);
#3832=VERTEX_POINT('',#10153);
#3833=VERTEX_POINT('',#10155);
#3834=VERTEX_POINT('',#10171);
#3835=VERTEX_POINT('',#10175);
#3836=VERTEX_POINT('',#10177);
#3837=VERTEX_POINT('',#10230);
#3838=VERTEX_POINT('',#10232);
#3839=VERTEX_POINT('',#10248);
#3840=VERTEX_POINT('',#10250);
#3841=VERTEX_POINT('',#10307);
#3842=VERTEX_POINT('',#10309);
#3843=VERTEX_POINT('',#10365);
#3844=VERTEX_POINT('',#10366);
#3845=VERTEX_POINT('',#10368);
#3846=VERTEX_POINT('',#10381);
#3847=VERTEX_POINT('',#10385);
#3848=VERTEX_POINT('',#10387);
#3849=VERTEX_POINT('',#10401);
#3850=VERTEX_POINT('',#10403);
#3851=VERTEX_POINT('',#10410);
#3852=VERTEX_POINT('',#10412);
#3853=VERTEX_POINT('',#10450);
#3854=VERTEX_POINT('',#10452);
#3855=VERTEX_POINT('',#10465);
#3856=VERTEX_POINT('',#10467);
#3857=VERTEX_POINT('',#10470);
#3858=VERTEX_POINT('',#10472);
#3859=VERTEX_POINT('',#10481);
#3860=VERTEX_POINT('',#10483);
#3861=VERTEX_POINT('',#10502);
#3862=VERTEX_POINT('',#10503);
#3863=VERTEX_POINT('',#10505);
#3864=VERTEX_POINT('',#10511);
#3865=VERTEX_POINT('',#10525);
#3866=VERTEX_POINT('',#10527);
#3867=VERTEX_POINT('',#10534);
#3868=VERTEX_POINT('',#10536);
#3869=VERTEX_POINT('',#10540);
#3870=VERTEX_POINT('',#10542);
#3871=VERTEX_POINT('',#10559);
#3872=VERTEX_POINT('',#10561);
#3873=VERTEX_POINT('',#10579);
#3874=VERTEX_POINT('',#10581);
#3875=VERTEX_POINT('',#10588);
#3876=VERTEX_POINT('',#10590);
#3877=VERTEX_POINT('',#10594);
#3878=VERTEX_POINT('',#10596);
#3879=VERTEX_POINT('',#10615);
#3880=VERTEX_POINT('',#10617);
#3881=VERTEX_POINT('',#10635);
#3882=VERTEX_POINT('',#10637);
#3883=VERTEX_POINT('',#10644);
#3884=VERTEX_POINT('',#10646);
#3885=VERTEX_POINT('',#10650);
#3886=VERTEX_POINT('',#10652);
#3887=VERTEX_POINT('',#10656);
#3888=VERTEX_POINT('',#10657);
#3889=VERTEX_POINT('',#10659);
#3890=VERTEX_POINT('',#10661);
#3891=VERTEX_POINT('',#10665);
#3892=VERTEX_POINT('',#10667);
#3893=VERTEX_POINT('',#10671);
#3894=VERTEX_POINT('',#10673);
#3895=VERTEX_POINT('',#10677);
#3896=VERTEX_POINT('',#10679);
#3897=VERTEX_POINT('',#10683);
#3898=VERTEX_POINT('',#10685);
#3899=VERTEX_POINT('',#10708);
#3900=VERTEX_POINT('',#10709);
#3901=VERTEX_POINT('',#10711);
#3902=VERTEX_POINT('',#10716);
#3903=VERTEX_POINT('',#10720);
#3904=VERTEX_POINT('',#10722);
#3905=VERTEX_POINT('',#10736);
#3906=VERTEX_POINT('',#10738);
#3907=VERTEX_POINT('',#10745);
#3908=VERTEX_POINT('',#10746);
#3909=VERTEX_POINT('',#10748);
#3910=VERTEX_POINT('',#10750);
#3911=VERTEX_POINT('',#10764);
#3912=VERTEX_POINT('',#10766);
#3913=VERTEX_POINT('',#10773);
#3914=VERTEX_POINT('',#10775);
#3915=VERTEX_POINT('',#10779);
#3916=VERTEX_POINT('',#10780);
#3917=VERTEX_POINT('',#10782);
#3918=VERTEX_POINT('',#10784);
#3919=VERTEX_POINT('',#10798);
#3920=VERTEX_POINT('',#10800);
#3921=VERTEX_POINT('',#10807);
#3922=VERTEX_POINT('',#10809);
#3923=VERTEX_POINT('',#10813);
#3924=VERTEX_POINT('',#10814);
#3925=VERTEX_POINT('',#10816);
#3926=VERTEX_POINT('',#10818);
#3927=VERTEX_POINT('',#10832);
#3928=VERTEX_POINT('',#10834);
#3929=VERTEX_POINT('',#10841);
#3930=VERTEX_POINT('',#10843);
#3931=VERTEX_POINT('',#10847);
#3932=VERTEX_POINT('',#10848);
#3933=VERTEX_POINT('',#10850);
#3934=VERTEX_POINT('',#10852);
#3935=VERTEX_POINT('',#10866);
#3936=VERTEX_POINT('',#10868);
#3937=VERTEX_POINT('',#10875);
#3938=VERTEX_POINT('',#10877);
#3939=VERTEX_POINT('',#10881);
#3940=VERTEX_POINT('',#10882);
#3941=VERTEX_POINT('',#10884);
#3942=VERTEX_POINT('',#10886);
#3943=VERTEX_POINT('',#10900);
#3944=VERTEX_POINT('',#10902);
#3945=VERTEX_POINT('',#10909);
#3946=VERTEX_POINT('',#10911);
#3947=VERTEX_POINT('',#10915);
#3948=VERTEX_POINT('',#10917);
#3949=VERTEX_POINT('',#11003);
#3950=VERTEX_POINT('',#11005);
#3951=VERTEX_POINT('',#11011);
#3952=VERTEX_POINT('',#11012);
#3953=VERTEX_POINT('',#11014);
#3954=VERTEX_POINT('',#11016);
#3955=VERTEX_POINT('',#11351);
#3956=VERTEX_POINT('',#11353);
#3957=VERTEX_POINT('',#12069);
#3958=VERTEX_POINT('',#12071);
#3959=VERTEX_POINT('',#12087);
#3960=VERTEX_POINT('',#12088);
#3961=VERTEX_POINT('',#12090);
#3962=VERTEX_POINT('',#12095);
#3963=VERTEX_POINT('',#12109);
#3964=VERTEX_POINT('',#12111);
#3965=VERTEX_POINT('',#12128);
#3966=VERTEX_POINT('',#12129);
#3967=VERTEX_POINT('',#12131);
#3968=VERTEX_POINT('',#12136);
#3969=VERTEX_POINT('',#12150);
#3970=VERTEX_POINT('',#12152);
#3971=VERTEX_POINT('',#12169);
#3972=VERTEX_POINT('',#12170);
#3973=VERTEX_POINT('',#12172);
#3974=VERTEX_POINT('',#12177);
#3975=VERTEX_POINT('',#12191);
#3976=VERTEX_POINT('',#12193);
#3977=VERTEX_POINT('',#12210);
#3978=VERTEX_POINT('',#12211);
#3979=VERTEX_POINT('',#12213);
#3980=VERTEX_POINT('',#12218);
#3981=VERTEX_POINT('',#12222);
#3982=VERTEX_POINT('',#12224);
#3983=VERTEX_POINT('',#12228);
#3984=VERTEX_POINT('',#12229);
#3985=VERTEX_POINT('',#12231);
#3986=VERTEX_POINT('',#12233);
#3987=VERTEX_POINT('',#12247);
#3988=VERTEX_POINT('',#12249);
#3989=VERTEX_POINT('',#12256);
#3990=VERTEX_POINT('',#12257);
#3991=VERTEX_POINT('',#12259);
#3992=VERTEX_POINT('',#12261);
#3993=VERTEX_POINT('',#12275);
#3994=VERTEX_POINT('',#12277);
#3995=VERTEX_POINT('',#12293);
#3996=VERTEX_POINT('',#12295);
#3997=VERTEX_POINT('',#12333);
#3998=VERTEX_POINT('',#12335);
#3999=VERTEX_POINT('',#12341);
#4000=VERTEX_POINT('',#12342);
#4001=VERTEX_POINT('',#12344);
#4002=VERTEX_POINT('',#12346);
#4003=VERTEX_POINT('',#12350);
#4004=VERTEX_POINT('',#12351);
#4005=VERTEX_POINT('',#12353);
#4006=VERTEX_POINT('',#12355);
#4007=VERTEX_POINT('',#12359);
#4008=VERTEX_POINT('',#12360);
#4009=VERTEX_POINT('',#12362);
#4010=VERTEX_POINT('',#12364);
#4011=VERTEX_POINT('',#12368);
#4012=VERTEX_POINT('',#12369);
#4013=VERTEX_POINT('',#12371);
#4014=VERTEX_POINT('',#12373);
#4015=VERTEX_POINT('',#12377);
#4016=VERTEX_POINT('',#12379);
#4017=VERTEX_POINT('',#12383);
#4018=VERTEX_POINT('',#12385);
#4019=VERTEX_POINT('',#12389);
#4020=VERTEX_POINT('',#12390);
#4021=VERTEX_POINT('',#12392);
#4022=VERTEX_POINT('',#12394);
#4023=VERTEX_POINT('',#12398);
#4024=VERTEX_POINT('',#12400);
#4025=VERTEX_POINT('',#12404);
#4026=VERTEX_POINT('',#12406);
#4027=VERTEX_POINT('',#12410);
#4028=VERTEX_POINT('',#12411);
#4029=VERTEX_POINT('',#12413);
#4030=VERTEX_POINT('',#12415);
#4031=VERTEX_POINT('',#12419);
#4032=VERTEX_POINT('',#12421);
#4033=VERTEX_POINT('',#12425);
#4034=VERTEX_POINT('',#12427);
#4035=VERTEX_POINT('',#12449);
#4036=VERTEX_POINT('',#12451);
#4037=VERTEX_POINT('',#12457);
#4038=VERTEX_POINT('',#12458);
#4039=VERTEX_POINT('',#12460);
#4040=VERTEX_POINT('',#12462);
#4041=VERTEX_POINT('',#12466);
#4042=VERTEX_POINT('',#12468);
#4043=VERTEX_POINT('',#12472);
#4044=VERTEX_POINT('',#12474);
#4045=VERTEX_POINT('',#12478);
#4046=VERTEX_POINT('',#12479);
#4047=VERTEX_POINT('',#12481);
#4048=VERTEX_POINT('',#12483);
#4049=VERTEX_POINT('',#12487);
#4050=VERTEX_POINT('',#12489);
#4051=VERTEX_POINT('',#12493);
#4052=VERTEX_POINT('',#12495);
#4053=VERTEX_POINT('',#12499);
#4054=VERTEX_POINT('',#12501);
#4055=VERTEX_POINT('',#12505);
#4056=VERTEX_POINT('',#12507);
#4057=VERTEX_POINT('',#12511);
#4058=VERTEX_POINT('',#12513);
#4059=VERTEX_POINT('',#12517);
#4060=VERTEX_POINT('',#12519);
#4061=VERTEX_POINT('',#12523);
#4062=VERTEX_POINT('',#12525);
#4063=VERTEX_POINT('',#12529);
#4064=VERTEX_POINT('',#12530);
#4065=VERTEX_POINT('',#12532);
#4066=VERTEX_POINT('',#12534);
#4067=VERTEX_POINT('',#12538);
#4068=VERTEX_POINT('',#12540);
#4069=VERTEX_POINT('',#12544);
#4070=VERTEX_POINT('',#12546);
#4071=VERTEX_POINT('',#12550);
#4072=VERTEX_POINT('',#12551);
#4073=VERTEX_POINT('',#12553);
#4074=VERTEX_POINT('',#12555);
#4075=VERTEX_POINT('',#12559);
#4076=VERTEX_POINT('',#12561);
#4077=VERTEX_POINT('',#12565);
#4078=VERTEX_POINT('',#12567);
#4079=VERTEX_POINT('',#12586);
#4080=VERTEX_POINT('',#12587);
#4081=VERTEX_POINT('',#12589);
#4082=VERTEX_POINT('',#12591);
#4083=VERTEX_POINT('',#12595);
#4084=VERTEX_POINT('',#12597);
#4085=VERTEX_POINT('',#12601);
#4086=VERTEX_POINT('',#12603);
#4087=VERTEX_POINT('',#12607);
#4088=VERTEX_POINT('',#12608);
#4089=VERTEX_POINT('',#12610);
#4090=VERTEX_POINT('',#12612);
#4091=VERTEX_POINT('',#12616);
#4092=VERTEX_POINT('',#12618);
#4093=VERTEX_POINT('',#12622);
#4094=VERTEX_POINT('',#12624);
#4095=VERTEX_POINT('',#12628);
#4096=VERTEX_POINT('',#12629);
#4097=VERTEX_POINT('',#12631);
#4098=VERTEX_POINT('',#12633);
#4099=VERTEX_POINT('',#12637);
#4100=VERTEX_POINT('',#12639);
#4101=VERTEX_POINT('',#12643);
#4102=VERTEX_POINT('',#12645);
#4103=VERTEX_POINT('',#12649);
#4104=VERTEX_POINT('',#12651);
#4105=VERTEX_POINT('',#12663);
#4106=VERTEX_POINT('',#12665);
#4107=VERTEX_POINT('',#12681);
#4108=VERTEX_POINT('',#12682);
#4109=VERTEX_POINT('',#12684);
#4110=VERTEX_POINT('',#12689);
#4111=VERTEX_POINT('',#12693);
#4112=VERTEX_POINT('',#12695);
#4113=VERTEX_POINT('',#12699);
#4114=VERTEX_POINT('',#12700);
#4115=VERTEX_POINT('',#12702);
#4116=VERTEX_POINT('',#12704);
#4117=VERTEX_POINT('',#12718);
#4118=VERTEX_POINT('',#12720);
#4119=VERTEX_POINT('',#12727);
#4120=VERTEX_POINT('',#12728);
#4121=VERTEX_POINT('',#12730);
#4122=VERTEX_POINT('',#12732);
#4123=VERTEX_POINT('',#12746);
#4124=VERTEX_POINT('',#12748);
#4125=VERTEX_POINT('',#12755);
#4126=VERTEX_POINT('',#12756);
#4127=VERTEX_POINT('',#12758);
#4128=VERTEX_POINT('',#12760);
#4129=VERTEX_POINT('',#12774);
#4130=VERTEX_POINT('',#12776);
#4131=VERTEX_POINT('',#12783);
#4132=VERTEX_POINT('',#12785);
#4133=VERTEX_POINT('',#12839);
#4134=VERTEX_POINT('',#12841);
#4135=VERTEX_POINT('',#12890);
#4136=VERTEX_POINT('',#12891);
#4137=VERTEX_POINT('',#12893);
#4138=VERTEX_POINT('',#12903);
#4139=VERTEX_POINT('',#12907);
#4140=VERTEX_POINT('',#12908);
#4141=VERTEX_POINT('',#12910);
#4142=VERTEX_POINT('',#12912);
#4143=VERTEX_POINT('',#12916);
#4144=VERTEX_POINT('',#12917);
#4145=VERTEX_POINT('',#12919);
#4146=VERTEX_POINT('',#12921);
#4147=VERTEX_POINT('',#12925);
#4148=VERTEX_POINT('',#12927);
#4149=VERTEX_POINT('',#13007);
#4150=VERTEX_POINT('',#13009);
#4151=VERTEX_POINT('',#13068);
#4152=VERTEX_POINT('',#13069);
#4153=VERTEX_POINT('',#13071);
#4154=VERTEX_POINT('',#13085);
#4155=VERTEX_POINT('',#13126);
#4156=VERTEX_POINT('',#13128);
#4157=VERTEX_POINT('',#13142);
#4158=VERTEX_POINT('',#13144);
#4159=VERTEX_POINT('',#13226);
#4160=VERTEX_POINT('',#13227);
#4161=VERTEX_POINT('',#13229);
#4162=VERTEX_POINT('',#13231);
#4163=VERTEX_POINT('',#13235);
#4164=VERTEX_POINT('',#13237);
#4165=VERTEX_POINT('',#13241);
#4166=VERTEX_POINT('',#13243);
#4167=VERTEX_POINT('',#13250);
#4168=VERTEX_POINT('',#13252);
#4169=VERTEX_POINT('',#13258);
#4170=VERTEX_POINT('',#13259);
#4171=VERTEX_POINT('',#13261);
#4172=VERTEX_POINT('',#13263);
#4173=VERTEX_POINT('',#13267);
#4174=VERTEX_POINT('',#13269);
#4175=VERTEX_POINT('',#13273);
#4176=VERTEX_POINT('',#13275);
#4177=VERTEX_POINT('',#13282);
#4178=VERTEX_POINT('',#13284);
#4179=VERTEX_POINT('',#13290);
#4180=VERTEX_POINT('',#13291);
#4181=VERTEX_POINT('',#13293);
#4182=VERTEX_POINT('',#13295);
#4183=VERTEX_POINT('',#13299);
#4184=VERTEX_POINT('',#13301);
#4185=VERTEX_POINT('',#13305);
#4186=VERTEX_POINT('',#13307);
#4187=VERTEX_POINT('',#13314);
#4188=VERTEX_POINT('',#13316);
#4189=VERTEX_POINT('',#13322);
#4190=VERTEX_POINT('',#13323);
#4191=VERTEX_POINT('',#13325);
#4192=VERTEX_POINT('',#13327);
#4193=VERTEX_POINT('',#13331);
#4194=VERTEX_POINT('',#13333);
#4195=VERTEX_POINT('',#13337);
#4196=VERTEX_POINT('',#13339);
#4197=VERTEX_POINT('',#13346);
#4198=VERTEX_POINT('',#13348);
#4199=VERTEX_POINT('',#13354);
#4200=VERTEX_POINT('',#13355);
#4201=VERTEX_POINT('',#13357);
#4202=VERTEX_POINT('',#13359);
#4203=VERTEX_POINT('',#13363);
#4204=VERTEX_POINT('',#13365);
#4205=VERTEX_POINT('',#13369);
#4206=VERTEX_POINT('',#13371);
#4207=VERTEX_POINT('',#13375);
#4208=VERTEX_POINT('',#13377);
#4209=VERTEX_POINT('',#13386);
#4210=VERTEX_POINT('',#13387);
#4211=VERTEX_POINT('',#13389);
#4212=VERTEX_POINT('',#13391);
#4213=VERTEX_POINT('',#13395);
#4214=VERTEX_POINT('',#13397);
#4215=VERTEX_POINT('',#13401);
#4216=VERTEX_POINT('',#13403);
#4217=VERTEX_POINT('',#13410);
#4218=VERTEX_POINT('',#13412);
#4219=VERTEX_POINT('',#13418);
#4220=VERTEX_POINT('',#13419);
#4221=VERTEX_POINT('',#13421);
#4222=VERTEX_POINT('',#13423);
#4223=VERTEX_POINT('',#13427);
#4224=VERTEX_POINT('',#13429);
#4225=VERTEX_POINT('',#13433);
#4226=VERTEX_POINT('',#13435);
#4227=VERTEX_POINT('',#13439);
#4228=VERTEX_POINT('',#13441);
#4229=VERTEX_POINT('',#13450);
#4230=VERTEX_POINT('',#13451);
#4231=VERTEX_POINT('',#13453);
#4232=VERTEX_POINT('',#13455);
#4233=VERTEX_POINT('',#13459);
#4234=VERTEX_POINT('',#13461);
#4235=VERTEX_POINT('',#13465);
#4236=VERTEX_POINT('',#13467);
#4237=VERTEX_POINT('',#13474);
#4238=VERTEX_POINT('',#13476);
#4239=VERTEX_POINT('',#13482);
#4240=VERTEX_POINT('',#13483);
#4241=VERTEX_POINT('',#13485);
#4242=VERTEX_POINT('',#13487);
#4243=VERTEX_POINT('',#13491);
#4244=VERTEX_POINT('',#13493);
#4245=VERTEX_POINT('',#13497);
#4246=VERTEX_POINT('',#13499);
#4247=VERTEX_POINT('',#13506);
#4248=VERTEX_POINT('',#13508);
#4249=VERTEX_POINT('',#13514);
#4250=VERTEX_POINT('',#13516);
#4251=VERTEX_POINT('',#13519);
#4252=VERTEX_POINT('',#13521);
#4253=VERTEX_POINT('',#13527);
#4254=VERTEX_POINT('',#13529);
#4255=VERTEX_POINT('',#13532);
#4256=VERTEX_POINT('',#13534);
#4257=VERTEX_POINT('',#13540);
#4258=VERTEX_POINT('',#13542);
#4259=VERTEX_POINT('',#13545);
#4260=VERTEX_POINT('',#13547);
#4261=VERTEX_POINT('',#13553);
#4262=VERTEX_POINT('',#13554);
#4263=VERTEX_POINT('',#13556);
#4264=VERTEX_POINT('',#13558);
#4265=VERTEX_POINT('',#13562);
#4266=VERTEX_POINT('',#13564);
#4267=VERTEX_POINT('',#13568);
#4268=VERTEX_POINT('',#13570);
#4269=VERTEX_POINT('',#13577);
#4270=VERTEX_POINT('',#13579);
#4271=VERTEX_POINT('',#13585);
#4272=VERTEX_POINT('',#13586);
#4273=VERTEX_POINT('',#13588);
#4274=VERTEX_POINT('',#13590);
#4275=VERTEX_POINT('',#13594);
#4276=VERTEX_POINT('',#13596);
#4277=VERTEX_POINT('',#13600);
#4278=VERTEX_POINT('',#13602);
#4279=VERTEX_POINT('',#13609);
#4280=VERTEX_POINT('',#13611);
#4281=VERTEX_POINT('',#13617);
#4282=VERTEX_POINT('',#13618);
#4283=VERTEX_POINT('',#13620);
#4284=VERTEX_POINT('',#13622);
#4285=VERTEX_POINT('',#13626);
#4286=VERTEX_POINT('',#13628);
#4287=VERTEX_POINT('',#13632);
#4288=VERTEX_POINT('',#13634);
#4289=VERTEX_POINT('',#13641);
#4290=VERTEX_POINT('',#13643);
#4291=CIRCLE('',#6706,0.0019975074343032);
#4292=CIRCLE('',#6707,0.0019975074343032);
#4293=CIRCLE('',#6712,0.00314968007243621);
#4294=CIRCLE('',#6713,0.00314968007243621);
#4295=CIRCLE('',#6715,0.00364968007243621);
#4296=CIRCLE('',#6716,0.00364968007243621);
#4297=CIRCLE('',#6721,0.00311539532056834);
#4298=CIRCLE('',#6722,0.00311539532056834);
#4299=CIRCLE('',#6727,0.00345715138346731);
#4300=CIRCLE('',#6728,0.00345715138346731);
#4301=CIRCLE('',#6733,0.0521726956640167);
#4302=CIRCLE('',#6734,0.0521726956640167);
#4303=CIRCLE('',#6736,0.0521726958105416);
#4304=CIRCLE('',#6737,0.0521726958105416);
#4305=CIRCLE('',#6739,0.0334222140455364);
#4306=CIRCLE('',#6740,0.0334222140455364);
#4307=CIRCLE('',#6742,0.0297689134718863);
#4308=CIRCLE('',#6743,0.0297689134718863);
#4309=CIRCLE('',#6745,0.0334222140450835);
#4310=CIRCLE('',#6746,0.0334222140450835);
#4311=CIRCLE('',#6748,0.0297689134718932);
#4312=CIRCLE('',#6749,0.0297689134718932);
#4313=CIRCLE('',#6751,0.0557181632162559);
#4314=CIRCLE('',#6752,0.0557181632162559);
#4315=CIRCLE('',#6754,0.0329192340902056);
#4316=CIRCLE('',#6755,0.0329192340902056);
#4317=CIRCLE('',#6757,0.0329192340910321);
#4318=CIRCLE('',#6758,0.0329192340910321);
#4319=CIRCLE('',#6760,0.0557181631637808);
#4320=CIRCLE('',#6761,0.0557181631637808);
#4321=CIRCLE('',#6763,0.0348334717219757);
#4322=CIRCLE('',#6764,0.0348334717219757);
#4323=CIRCLE('',#6766,0.0371101056494917);
#4324=CIRCLE('',#6767,0.0371101056494917);
#4325=CIRCLE('',#6769,0.0348334717219663);
#4326=CIRCLE('',#6770,0.0348334717219663);
#4327=CIRCLE('',#6772,0.0371101056491661);
#4328=CIRCLE('',#6773,0.0371101056491661);
#4329=CIRCLE('',#6775,0.02856081747117);
#4330=CIRCLE('',#6776,0.02856081747117);
#4331=CIRCLE('',#6778,0.0285608174711514);
#4332=CIRCLE('',#6779,0.0285608174711514);
#4333=CIRCLE('',#6783,0.0201373665934643);
#4334=CIRCLE('',#6784,0.0201373665934643);
#4335=CIRCLE('',#6786,0.0201373665934643);
#4336=CIRCLE('',#6787,0.0201373665934643);
#4337=CIRCLE('',#6789,0.0201373665934643);
#4338=CIRCLE('',#6790,0.0201373665934643);
#4339=CIRCLE('',#6794,0.0416788822918664);
#4340=CIRCLE('',#6795,0.0416788822918664);
#4341=CIRCLE('',#6797,0.0416788822918633);
#4342=CIRCLE('',#6798,0.0416788822918633);
#4343=CIRCLE('',#6800,0.0535119833892661);
#4344=CIRCLE('',#6801,0.0535119833892661);
#4345=CIRCLE('',#6803,0.0535119833175857);
#4346=CIRCLE('',#6804,0.0535119833175857);
#4347=CIRCLE('',#6806,0.00264962011188429);
#4348=CIRCLE('',#6807,0.00264962011188429);
#4349=CIRCLE('',#6809,0.00264962011188431);
#4350=CIRCLE('',#6810,0.00264962011188431);
#4351=CIRCLE('',#6812,0.0637115784660257);
#4352=CIRCLE('',#6813,0.0637115784660257);
#4353=CIRCLE('',#6815,0.0637115784679984);
#4354=CIRCLE('',#6816,0.0637115784679984);
#4355=CIRCLE('',#6818,0.0365116291716464);
#4356=CIRCLE('',#6819,0.0365116291716464);
#4357=CIRCLE('',#6821,0.0322698095903255);
#4358=CIRCLE('',#6822,0.0322698095903255);
#4359=CIRCLE('',#6824,0.0299482426032477);
#4360=CIRCLE('',#6825,0.0299482426032477);
#4361=CIRCLE('',#6827,0.0365116291876632);
#4362=CIRCLE('',#6828,0.0322698095861729);
#4363=CIRCLE('',#6829,0.0299482426015676);
#4364=CIRCLE('',#6831,0.0365116291876632);
#4365=CIRCLE('',#6832,0.0322698095861729);
#4366=CIRCLE('',#6833,0.0299482426015676);
#4367=CIRCLE('',#6839,0.00466788310880831);
#4368=CIRCLE('',#6840,0.00466788310880831);
#4369=CIRCLE('',#6842,0.00466788310880831);
#4370=CIRCLE('',#6843,0.00466788310880831);
#4371=CIRCLE('',#6845,0.00466788310880831);
#4372=CIRCLE('',#6846,0.00466788310880831);
#4373=CIRCLE('',#6848,0.00466788310880831);
#4374=CIRCLE('',#6849,0.00466788310880831);
#4375=CIRCLE('',#6851,0.00282805792314736);
#4376=CIRCLE('',#6852,0.00282805792314736);
#4377=CIRCLE('',#6854,0.00282805792314736);
#4378=CIRCLE('',#6855,0.00282805792314736);
#4379=CIRCLE('',#6857,0.00466788310880831);
#4380=CIRCLE('',#6858,0.00466788310880831);
#4381=CIRCLE('',#6860,0.00466788310880831);
#4382=CIRCLE('',#6861,0.00466788310880831);
#4383=CIRCLE('',#6863,0.00282805792314736);
#4384=CIRCLE('',#6864,0.00282805792314736);
#4385=CIRCLE('',#6869,0.00246195862644846);
#4386=CIRCLE('',#6870,0.00246195862644846);
#4387=CIRCLE('',#6872,0.0138152312986006);
#4388=CIRCLE('',#6873,0.0138152312986006);
#4389=CIRCLE('',#6875,0.00246195862644854);
#4390=CIRCLE('',#6876,0.00246195862644854);
#4391=CIRCLE('',#6878,0.0138152312986006);
#4392=CIRCLE('',#6879,0.0138152312986006);
#4393=CIRCLE('',#6881,0.00246195862644859);
#4394=CIRCLE('',#6882,0.00246195862644859);
#4395=CIRCLE('',#6884,0.0138152312986006);
#4396=CIRCLE('',#6885,0.0138152312986006);
#4397=CIRCLE('',#6887,0.00246195862644858);
#4398=CIRCLE('',#6888,0.00246195862644858);
#4399=CIRCLE('',#6890,0.0133152312986006);
#4400=CIRCLE('',#6891,0.0133152312986006);
#4401=CIRCLE('',#6893,0.00246195862644858);
#4402=CIRCLE('',#6894,0.00246195862644858);
#4403=CIRCLE('',#6896,0.0133152312986006);
#4404=CIRCLE('',#6897,0.0133152312986006);
#4405=CIRCLE('',#6899,0.00246195862644859);
#4406=CIRCLE('',#6900,0.00246195862644859);
#4407=CIRCLE('',#6902,0.0133152312986006);
#4408=CIRCLE('',#6903,0.0133152312986006);
#4409=CIRCLE('',#6905,0.0024619586264454);
#4410=CIRCLE('',#6906,0.0024619586264454);
#4411=CIRCLE('',#6911,0.0186192106394141);
#4412=CIRCLE('',#6912,0.0186192106394141);
#4413=CIRCLE('',#6914,0.0186192106394141);
#4414=CIRCLE('',#6915,0.0186192106394141);
#4415=CIRCLE('',#6917,0.00688628608300405);
#4416=CIRCLE('',#6918,0.00688628608300405);
#4417=CIRCLE('',#6920,0.0186192106394141);
#4418=CIRCLE('',#6921,0.0186192106394141);
#4419=CIRCLE('',#6923,0.00688628608300478);
#4420=CIRCLE('',#6924,0.00688628608300478);
#4421=CIRCLE('',#6926,0.0186192106394141);
#4422=CIRCLE('',#6927,0.0186192106394141);
#4423=CIRCLE('',#6929,0.00688628608300405);
#4424=CIRCLE('',#6930,0.00688628608300405);
#4425=CIRCLE('',#6932,0.0186192106394141);
#4426=CIRCLE('',#6933,0.0186192106394141);
#4427=CIRCLE('',#6935,0.00688628608300349);
#4428=CIRCLE('',#6936,0.00688628608300349);
#4429=CIRCLE('',#6938,0.0186192106394142);
#4430=CIRCLE('',#6939,0.0186192106394142);
#4431=CIRCLE('',#6941,0.00688628608300406);
#4432=CIRCLE('',#6942,0.00688628608300406);
#4433=CIRCLE('',#6944,0.0201373665934643);
#4434=CIRCLE('',#6945,0.0201373665934643);
#4435=CIRCLE('',#6947,0.00688628608299723);
#4436=CIRCLE('',#6948,0.00688628608299723);
#4437=CIRCLE('',#6950,0.00608628608300405);
#4438=CIRCLE('',#6951,0.00608628608300405);
#4439=CIRCLE('',#6956,0.0186687215563703);
#4440=CIRCLE('',#6957,0.0186687215563703);
#4441=CIRCLE('',#6959,0.0201373665934643);
#4442=CIRCLE('',#6960,0.0201373665934643);
#4443=CIRCLE('',#6965,0.0187797544651319);
#4444=CIRCLE('',#6966,0.0187797544651319);
#4445=CIRCLE('',#6968,0.0187797544651319);
#4446=CIRCLE('',#6969,0.0187797544651319);
#4447=CIRCLE('',#6971,0.0187797544651319);
#4448=CIRCLE('',#6972,0.0187797544651319);
#4449=CIRCLE('',#6977,0.0201373665934643);
#4450=CIRCLE('',#6978,0.0201373665934643);
#4451=CIRCLE('',#6980,0.0531838009388406);
#4452=CIRCLE('',#6981,0.0531838009388406);
#4453=CIRCLE('',#6983,0.00399793226613026);
#4454=CIRCLE('',#6984,0.00399793226613026);
#4455=CIRCLE('',#6989,0.0100811002669362);
#4456=CIRCLE('',#6990,0.0100811002669362);
#4457=CIRCLE('',#6992,0.0100811002669362);
#4458=CIRCLE('',#6993,0.0100811002669362);
#4459=CIRCLE('',#6995,0.0083354567501151);
#4460=CIRCLE('',#6996,0.0083354567501151);
#4461=CIRCLE('',#6998,0.00833545675011515);
#4462=CIRCLE('',#6999,0.00833545675011515);
#4463=CIRCLE('',#7001,0.00402615527188602);
#4464=CIRCLE('',#7002,0.00402615527188602);
#4465=CIRCLE('',#7004,0.00833545675011518);
#4466=CIRCLE('',#7005,0.00833545675011518);
#4467=CIRCLE('',#7007,0.00833545675011514);
#4468=CIRCLE('',#7008,0.00833545675011514);
#4469=CIRCLE('',#7010,0.00402615527188601);
#4470=CIRCLE('',#7011,0.00402615527188601);
#4471=CIRCLE('',#7013,0.00833545675011502);
#4472=CIRCLE('',#7014,0.00833545675011502);
#4473=CIRCLE('',#7016,0.00833545675011499);
#4474=CIRCLE('',#7017,0.00833545675011499);
#4475=CIRCLE('',#7019,0.00402615527188602);
#4476=CIRCLE('',#7020,0.00402615527188602);
#4477=CIRCLE('',#7022,0.00833545675011506);
#4478=CIRCLE('',#7023,0.00833545675011506);
#4479=CIRCLE('',#7025,0.0083354567501151);
#4480=CIRCLE('',#7026,0.0083354567501151);
#4481=CIRCLE('',#7028,0.0083354567501151);
#4482=CIRCLE('',#7029,0.0083354567501151);
#4483=CIRCLE('',#7031,0.0100811002669362);
#4484=CIRCLE('',#7032,0.0100811002669362);
#4485=CIRCLE('',#7034,0.00942361351538787);
#4486=CIRCLE('',#7035,0.00942361351538787);
#4487=CIRCLE('',#7037,0.00942361351538787);
#4488=CIRCLE('',#7038,0.00942361351538787);
#4489=CIRCLE('',#7040,0.00942361351538788);
#4490=CIRCLE('',#7041,0.00942361351538788);
#4491=CIRCLE('',#7043,0.0201373665934643);
#4492=CIRCLE('',#7044,0.0201373665934643);
#4493=CIRCLE('',#7050,0.0143011129565707);
#4494=CIRCLE('',#7051,0.0143011129565707);
#4495=CIRCLE('',#7054,0.0147395690362002);
#4496=CIRCLE('',#7055,0.0147395690362002);
#4497=CIRCLE('',#7059,0.0147395690362002);
#4498=CIRCLE('',#7060,0.0147395690362002);
#4499=CIRCLE('',#7064,0.0147395690362002);
#4500=CIRCLE('',#7065,0.0147395690362002);
#4501=CIRCLE('',#7069,0.0143011129565707);
#4502=CIRCLE('',#7070,0.0143011129565707);
#4503=CIRCLE('',#7073,0.0143011129565707);
#4504=CIRCLE('',#7074,0.0143011129565707);
#4505=CIRCLE('',#7077,0.011215041968233);
#4506=CIRCLE('',#7078,0.011215041968233);
#4507=CIRCLE('',#7081,0.011215041968233);
#4508=CIRCLE('',#7082,0.011215041968233);
#4509=CIRCLE('',#7085,0.011215041968233);
#4510=CIRCLE('',#7086,0.011215041968233);
#4511=CIRCLE('',#7092,0.0131187537177354);
#4512=CIRCLE('',#7093,0.0131187537177354);
#4513=CIRCLE('',#7097,0.0196373665934643);
#4514=CIRCLE('',#7098,0.0196373665934643);
#4515=CIRCLE('',#7101,0.0196373665934643);
#4516=CIRCLE('',#7102,0.0196373665934643);
#4517=CIRCLE('',#7105,0.0131187537177354);
#4518=CIRCLE('',#7106,0.0131187537177354);
#4519=CIRCLE('',#7108,0.0025211902260898);
#4520=CIRCLE('',#7109,0.0025211902260898);
#4521=CIRCLE('',#7111,0.0196373665934643);
#4522=CIRCLE('',#7112,0.0196373665934643);
#4523=CIRCLE('',#7114,0.0131187537177354);
#4524=CIRCLE('',#7115,0.0131187537177354);
#4525=CIRCLE('',#7118,0.0201373665934643);
#4526=CIRCLE('',#7119,0.0201373665934643);
#4527=CIRCLE('',#7124,0.0185557741677744);
#4528=CIRCLE('',#7125,0.0185557741677744);
#4529=CIRCLE('',#7127,0.0185557741677744);
#4530=CIRCLE('',#7128,0.0185557741677744);
#4531=CIRCLE('',#7130,0.0185557741677744);
#4532=CIRCLE('',#7131,0.0185557741677744);
#4533=CIRCLE('',#7133,0.0185557741677744);
#4534=CIRCLE('',#7134,0.0185557741677744);
#4535=CIRCLE('',#7136,0.0201373665934643);
#4536=CIRCLE('',#7137,0.0201373665934643);
#4537=CIRCLE('',#7140,0.0045309594653858);
#4538=CIRCLE('',#7141,0.0045309594653858);
#4539=CIRCLE('',#7146,0.0188480476267432);
#4540=CIRCLE('',#7147,0.0188480476267432);
#4541=CIRCLE('',#7149,0.0188480476267432);
#4542=CIRCLE('',#7150,0.0188480476267432);
#4543=CIRCLE('',#7152,0.00275726128776459);
#4544=CIRCLE('',#7153,0.00275726128776459);
#4545=CIRCLE('',#7155,0.0188480476267432);
#4546=CIRCLE('',#7156,0.0188480476267432);
#4547=CIRCLE('',#7158,0.0201373665934643);
#4548=CIRCLE('',#7159,0.0201373665934643);
#4549=CIRCLE('',#7164,0.0201373665934643);
#4550=CIRCLE('',#7165,0.0201373665934643);
#4551=CIRCLE('',#7170,0.0055);
#4552=CIRCLE('',#7171,0.0055);
#4553=CIRCLE('',#7173,0.0201373665934643);
#4554=CIRCLE('',#7174,0.0201373665934643);
#4555=CIRCLE('',#7176,0.0055);
#4556=CIRCLE('',#7177,0.0055);
#4557=CIRCLE('',#7179,0.0055);
#4558=CIRCLE('',#7180,0.0055);
#4559=CIRCLE('',#7182,0.0025);
#4560=CIRCLE('',#7183,0.0025);
#4561=CIRCLE('',#7188,0.0201373665934643);
#4562=CIRCLE('',#7189,0.0201373665934643);
#4563=CIRCLE('',#7191,0.0055);
#4564=CIRCLE('',#7192,0.0055);
#4565=CIRCLE('',#7194,0.0055);
#4566=CIRCLE('',#7195,0.0055);
#4567=CIRCLE('',#7197,0.0055);
#4568=CIRCLE('',#7198,0.0055);
#4569=CIRCLE('',#7200,0.0025);
#4570=CIRCLE('',#7201,0.0025);
#4571=CIRCLE('',#7206,0.0055);
#4572=CIRCLE('',#7207,0.0055);
#4573=CIRCLE('',#7209,0.0201373665934643);
#4574=CIRCLE('',#7210,0.0201373665934643);
#4575=CIRCLE('',#7212,0.0055);
#4576=CIRCLE('',#7213,0.0055);
#4577=CIRCLE('',#7215,0.0055);
#4578=CIRCLE('',#7216,0.0055);
#4579=CIRCLE('',#7218,0.0025);
#4580=CIRCLE('',#7219,0.0025);
#4581=CIRCLE('',#7224,0.0055);
#4582=CIRCLE('',#7225,0.0055);
#4583=CIRCLE('',#7227,0.0201373665934643);
#4584=CIRCLE('',#7228,0.0201373665934643);
#4585=CIRCLE('',#7230,0.0055);
#4586=CIRCLE('',#7231,0.0055);
#4587=CIRCLE('',#7233,0.0055);
#4588=CIRCLE('',#7234,0.0055);
#4589=CIRCLE('',#7236,0.0025);
#4590=CIRCLE('',#7237,0.0025);
#4591=CIRCLE('',#7242,0.0055);
#4592=CIRCLE('',#7243,0.0055);
#4593=CIRCLE('',#7245,0.0055);
#4594=CIRCLE('',#7246,0.0055);
#4595=CIRCLE('',#7248,0.0055);
#4596=CIRCLE('',#7249,0.0055);
#4597=CIRCLE('',#7251,0.0025);
#4598=CIRCLE('',#7252,0.0025);
#4599=CIRCLE('',#7254,0.0201373665934643);
#4600=CIRCLE('',#7255,0.0201373665934643);
#4601=CIRCLE('',#7260,0.0055);
#4602=CIRCLE('',#7261,0.0055);
#4603=CIRCLE('',#7263,0.0201373665934643);
#4604=CIRCLE('',#7264,0.0201373665934643);
#4605=CIRCLE('',#7266,0.0055);
#4606=CIRCLE('',#7267,0.0055);
#4607=CIRCLE('',#7269,0.0055);
#4608=CIRCLE('',#7270,0.0055);
#4609=CIRCLE('',#7272,0.0025);
#4610=CIRCLE('',#7273,0.0025);
#4611=CIRCLE('',#7278,0.0055);
#4612=CIRCLE('',#7279,0.0055);
#4613=CIRCLE('',#7281,0.0055);
#4614=CIRCLE('',#7282,0.0055);
#4615=CIRCLE('',#7284,0.0055);
#4616=CIRCLE('',#7285,0.0055);
#4617=CIRCLE('',#7287,0.0025);
#4618=CIRCLE('',#7288,0.0025);
#4619=CIRCLE('',#7290,0.0201373665934643);
#4620=CIRCLE('',#7291,0.0201373665934643);
#4621=CIRCLE('',#7296,0.0055);
#4622=CIRCLE('',#7297,0.0055);
#4623=CIRCLE('',#7299,0.0201373665934643);
#4624=CIRCLE('',#7300,0.0201373665934643);
#4625=CIRCLE('',#7302,0.0055);
#4626=CIRCLE('',#7303,0.0055);
#4627=CIRCLE('',#7305,0.0055);
#4628=CIRCLE('',#7306,0.0055);
#4629=CIRCLE('',#7308,0.0025);
#4630=CIRCLE('',#7309,0.0025);
#4631=CIRCLE('',#7314,0.0055);
#4632=CIRCLE('',#7315,0.0055);
#4633=CIRCLE('',#7317,0.0201373665934643);
#4634=CIRCLE('',#7318,0.0201373665934643);
#4635=CIRCLE('',#7320,0.0055);
#4636=CIRCLE('',#7321,0.0055);
#4637=CIRCLE('',#7323,0.0055);
#4638=CIRCLE('',#7324,0.0055);
#4639=CIRCLE('',#7326,0.0025);
#4640=CIRCLE('',#7327,0.0025);
#4641=CIRCLE('',#7332,0.0189953384943803);
#4642=CIRCLE('',#7333,0.0189953384943803);
#4643=CIRCLE('',#7335,0.0201373665934643);
#4644=CIRCLE('',#7336,0.0201373665934643);
#4645=CIRCLE('',#7341,0.0191373665934643);
#4646=CIRCLE('',#7342,0.0191373665934643);
#4647=CIRCLE('',#7344,0.0201373665934643);
#4648=CIRCLE('',#7345,0.0201373665934643);
#4649=CIRCLE('',#7350,0.0188065861988899);
#4650=CIRCLE('',#7351,0.0188065861988899);
#4651=CIRCLE('',#7353,0.0201373665934643);
#4652=CIRCLE('',#7354,0.0201373665934643);
#4653=CIRCLE('',#7359,0.0055);
#4654=CIRCLE('',#7360,0.0055);
#4655=CIRCLE('',#7362,0.0201373665934643);
#4656=CIRCLE('',#7363,0.0201373665934643);
#4657=CIRCLE('',#7365,0.0055);
#4658=CIRCLE('',#7366,0.0055);
#4659=CIRCLE('',#7368,0.0055);
#4660=CIRCLE('',#7369,0.0055);
#4661=CIRCLE('',#7371,0.0025);
#4662=CIRCLE('',#7372,0.0025);
#4663=CIRCLE('',#7377,0.0055);
#4664=CIRCLE('',#7378,0.0055);
#4665=CIRCLE('',#7380,0.0201373665934643);
#4666=CIRCLE('',#7381,0.0201373665934643);
#4667=CIRCLE('',#7383,0.0055);
#4668=CIRCLE('',#7384,0.0055);
#4669=CIRCLE('',#7386,0.0055);
#4670=CIRCLE('',#7387,0.0055);
#4671=CIRCLE('',#7389,0.0025);
#4672=CIRCLE('',#7390,0.0025);
#4673=CIRCLE('',#7395,0.0055);
#4674=CIRCLE('',#7396,0.0055);
#4675=CIRCLE('',#7398,0.0201373665934643);
#4676=CIRCLE('',#7399,0.0201373665934643);
#4677=CIRCLE('',#7401,0.0055);
#4678=CIRCLE('',#7402,0.0055);
#4679=CIRCLE('',#7404,0.0055);
#4680=CIRCLE('',#7405,0.0055);
#4681=CIRCLE('',#7407,0.0025);
#4682=CIRCLE('',#7408,0.0025);
#4683=EDGE_LOOP('',(#1042));
#4684=EDGE_LOOP('',(#1043));
#4685=EDGE_LOOP('',(#1044));
#4686=EDGE_LOOP('',(#1045));
#4687=EDGE_LOOP('',(#1046));
#4688=EDGE_LOOP('',(#1047));
#4689=EDGE_LOOP('',(#1048));
#4690=EDGE_LOOP('',(#1049));
#4691=EDGE_LOOP('',(#1050));
#4692=EDGE_LOOP('',(#1051));
#4693=EDGE_LOOP('',(#1052));
#4694=EDGE_LOOP('',(#1053));
#4695=EDGE_LOOP('',(#1054));
#4696=EDGE_LOOP('',(#1055));
#4697=EDGE_LOOP('',(#1056));
#4698=EDGE_LOOP('',(#1057));
#4699=EDGE_LOOP('',(#1058));
#4700=EDGE_LOOP('',(#1059));
#4701=EDGE_LOOP('',(#1060));
#4702=EDGE_LOOP('',(#1061));
#4703=EDGE_LOOP('',(#1062,#1063,#1064,#1065));
#4704=EDGE_LOOP('',(#1066,#1067,#1068,#1069));
#4705=EDGE_LOOP('',(#1070,#1071,#1072,#1073));
#4706=EDGE_LOOP('',(#1074,#1075,#1076,#1077));
#4707=EDGE_LOOP('',(#1078,#1079,#1080,#1081));
#4708=EDGE_LOOP('',(#1082,#1083,#1084,#1085));
#4709=EDGE_LOOP('',(#1086,#1087,#1088,#1089));
#4710=EDGE_LOOP('',(#1090,#1091,#1092,#1093));
#4711=EDGE_LOOP('',(#1094,#1095,#1096,#1097));
#4712=EDGE_LOOP('',(#1098,#1099,#1100,#1101));
#4713=EDGE_LOOP('',(#1102,#1103,#1104,#1105));
#4714=EDGE_LOOP('',(#1106,#1107,#1108,#1109));
#4715=EDGE_LOOP('',(#1110,#1111,#1112,#1113));
#4716=EDGE_LOOP('',(#1114,#1115,#1116,#1117));
#4717=EDGE_LOOP('',(#1118,#1119,#1120,#1121));
#4718=EDGE_LOOP('',(#1122,#1123,#1124,#1125));
#4719=EDGE_LOOP('',(#1126,#1127,#1128,#1129));
#4720=EDGE_LOOP('',(#1130,#1131,#1132,#1133));
#4721=EDGE_LOOP('',(#1134,#1135,#1136,#1137));
#4722=EDGE_LOOP('',(#1138,#1139,#1140,#1141));
#4723=EDGE_LOOP('',(#1142,#1143,#1144,#1145));
#4724=EDGE_LOOP('',(#1146,#1147,#1148,#1149));
#4725=EDGE_LOOP('',(#1150,#1151,#1152,#1153));
#4726=EDGE_LOOP('',(#1154,#1155,#1156,#1157));
#4727=EDGE_LOOP('',(#1158,#1159,#1160,#1161));
#4728=EDGE_LOOP('',(#1162,#1163,#1164,#1165));
#4729=EDGE_LOOP('',(#1166,#1167,#1168,#1169));
#4730=EDGE_LOOP('',(#1170,#1171,#1172,#1173));
#4731=EDGE_LOOP('',(#1174,#1175,#1176,#1177));
#4732=EDGE_LOOP('',(#1178,#1179,#1180,#1181));
#4733=EDGE_LOOP('',(#1182,#1183,#1184,#1185));
#4734=EDGE_LOOP('',(#1186,#1187,#1188,#1189));
#4735=EDGE_LOOP('',(#1190,#1191,#1192,#1193));
#4736=EDGE_LOOP('',(#1194,#1195,#1196,#1197));
#4737=EDGE_LOOP('',(#1198,#1199,#1200,#1201));
#4738=EDGE_LOOP('',(#1202,#1203,#1204,#1205));
#4739=EDGE_LOOP('',(#1206,#1207,#1208,#1209));
#4740=EDGE_LOOP('',(#1210,#1211,#1212,#1213));
#4741=EDGE_LOOP('',(#1214,#1215,#1216,#1217));
#4742=EDGE_LOOP('',(#1218,#1219,#1220,#1221));
#4743=EDGE_LOOP('',(#1222,#1223,#1224,#1225));
#4744=EDGE_LOOP('',(#1226,#1227,#1228,#1229));
#4745=EDGE_LOOP('',(#1230,#1231,#1232,#1233));
#4746=EDGE_LOOP('',(#1234,#1235,#1236,#1237));
#4747=EDGE_LOOP('',(#1238,#1239,#1240,#1241));
#4748=EDGE_LOOP('',(#1242,#1243,#1244,#1245));
#4749=EDGE_LOOP('',(#1246,#1247,#1248,#1249));
#4750=EDGE_LOOP('',(#1250,#1251,#1252,#1253));
#4751=EDGE_LOOP('',(#1254,#1255,#1256,#1257));
#4752=EDGE_LOOP('',(#1258,#1259,#1260,#1261));
#4753=EDGE_LOOP('',(#1262,#1263,#1264,#1265));
#4754=EDGE_LOOP('',(#1266,#1267,#1268,#1269));
#4755=EDGE_LOOP('',(#1270,#1271,#1272,#1273));
#4756=EDGE_LOOP('',(#1274,#1275,#1276,#1277));
#4757=EDGE_LOOP('',(#1278,#1279,#1280,#1281));
#4758=EDGE_LOOP('',(#1282,#1283,#1284,#1285));
#4759=EDGE_LOOP('',(#1286,#1287,#1288,#1289));
#4760=EDGE_LOOP('',(#1290,#1291,#1292,#1293));
#4761=EDGE_LOOP('',(#1294,#1295,#1296,#1297));
#4762=EDGE_LOOP('',(#1298,#1299,#1300,#1301));
#4763=EDGE_LOOP('',(#1302,#1303,#1304,#1305));
#4764=EDGE_LOOP('',(#1306,#1307,#1308,#1309));
#4765=EDGE_LOOP('',(#1310,#1311,#1312,#1313));
#4766=EDGE_LOOP('',(#1314,#1315,#1316,#1317));
#4767=EDGE_LOOP('',(#1318,#1319,#1320,#1321));
#4768=EDGE_LOOP('',(#1322,#1323,#1324,#1325));
#4769=EDGE_LOOP('',(#1326,#1327,#1328,#1329));
#4770=EDGE_LOOP('',(#1330,#1331,#1332,#1333));
#4771=EDGE_LOOP('',(#1334,#1335,#1336,#1337));
#4772=EDGE_LOOP('',(#1338,#1339,#1340,#1341));
#4773=EDGE_LOOP('',(#1342,#1343,#1344,#1345));
#4774=EDGE_LOOP('',(#1346,#1347,#1348,#1349));
#4775=EDGE_LOOP('',(#1350,#1351,#1352,#1353));
#4776=EDGE_LOOP('',(#1354,#1355,#1356,#1357));
#4777=EDGE_LOOP('',(#1358,#1359,#1360,#1361));
#4778=EDGE_LOOP('',(#1362,#1363,#1364,#1365));
#4779=EDGE_LOOP('',(#1366,#1367,#1368,#1369));
#4780=EDGE_LOOP('',(#1370,#1371,#1372,#1373,#1374,#1375));
#4781=EDGE_LOOP('',(#1376,#1377,#1378,#1379,#1380,#1381));
#4782=EDGE_LOOP('',(#1382,#1383,#1384,#1385));
#4783=EDGE_LOOP('',(#1386,#1387,#1388,#1389,#1390,#1391));
#4784=EDGE_LOOP('',(#1392,#1393,#1394,#1395));
#4785=EDGE_LOOP('',(#1396,#1397,#1398));
#4786=EDGE_LOOP('',(#1399,#1400));
#4787=EDGE_LOOP('',(#1401,#1402,#1403,#1404));
#4788=EDGE_LOOP('',(#1405,#1406,#1407,#1408));
#4789=EDGE_LOOP('',(#1409,#1410,#1411,#1412));
#4790=EDGE_LOOP('',(#1413,#1414,#1415,#1416));
#4791=EDGE_LOOP('',(#1417,#1418,#1419,#1420));
#4792=EDGE_LOOP('',(#1421,#1422,#1423,#1424));
#4793=EDGE_LOOP('',(#1425,#1426,#1427,#1428));
#4794=EDGE_LOOP('',(#1429,#1430,#1431,#1432));
#4795=EDGE_LOOP('',(#1433,#1434,#1435,#1436));
#4796=EDGE_LOOP('',(#1437,#1438,#1439,#1440));
#4797=EDGE_LOOP('',(#1441,#1442,#1443,#1444,#1445,#1446));
#4798=EDGE_LOOP('',(#1447,#1448,#1449,#1450,#1451,#1452));
#4799=EDGE_LOOP('',(#1453,#1454,#1455,#1456));
#4800=EDGE_LOOP('',(#1457,#1458,#1459,#1460,#1461,#1462));
#4801=EDGE_LOOP('',(#1463,#1464,#1465,#1466));
#4802=EDGE_LOOP('',(#1467,#1468,#1469));
#4803=EDGE_LOOP('',(#1470,#1471));
#4804=EDGE_LOOP('',(#1472,#1473,#1474,#1475));
#4805=EDGE_LOOP('',(#1476,#1477,#1478,#1479));
#4806=EDGE_LOOP('',(#1480,#1481,#1482,#1483));
#4807=EDGE_LOOP('',(#1484,#1485,#1486,#1487));
#4808=EDGE_LOOP('',(#1488,#1489,#1490,#1491));
#4809=EDGE_LOOP('',(#1492,#1493,#1494,#1495));
#4810=EDGE_LOOP('',(#1496,#1497,#1498,#1499));
#4811=EDGE_LOOP('',(#1500,#1501,#1502,#1503));
#4812=EDGE_LOOP('',(#1504,#1505,#1506,#1507));
#4813=EDGE_LOOP('',(#1508,#1509,#1510,#1511));
#4814=EDGE_LOOP('',(#1512,#1513,#1514,#1515));
#4815=EDGE_LOOP('',(#1516,#1517,#1518,#1519));
#4816=EDGE_LOOP('',(#1520,#1521,#1522,#1523));
#4817=EDGE_LOOP('',(#1524,#1525,#1526,#1527));
#4818=EDGE_LOOP('',(#1528));
#4819=EDGE_LOOP('',(#1529));
#4820=EDGE_LOOP('',(#1530));
#4821=EDGE_LOOP('',(#1531));
#4822=EDGE_LOOP('',(#1532,#1533,#1534,#1535));
#4823=EDGE_LOOP('',(#1536,#1537,#1538,#1539));
#4824=EDGE_LOOP('',(#1540));
#4825=EDGE_LOOP('',(#1541));
#4826=EDGE_LOOP('',(#1542,#1543,#1544,#1545,#1546,#1547));
#4827=EDGE_LOOP('',(#1548,#1549,#1550,#1551,#1552,#1553));
#4828=EDGE_LOOP('',(#1554));
#4829=EDGE_LOOP('',(#1555));
#4830=EDGE_LOOP('',(#1556));
#4831=EDGE_LOOP('',(#1557,#1558,#1559,#1560,#1561,#1562));
#4832=EDGE_LOOP('',(#1563,#1564,#1565,#1566,#1567,#1568));
#4833=EDGE_LOOP('',(#1569));
#4834=EDGE_LOOP('',(#1570));
#4835=EDGE_LOOP('',(#1571));
#4836=EDGE_LOOP('',(#1572,#1573,#1574,#1575));
#4837=EDGE_LOOP('',(#1576,#1577,#1578,#1579));
#4838=EDGE_LOOP('',(#1580,#1581,#1582,#1583));
#4839=EDGE_LOOP('',(#1584,#1585,#1586,#1587));
#4840=EDGE_LOOP('',(#1588,#1589,#1590,#1591));
#4841=EDGE_LOOP('',(#1592,#1593,#1594,#1595));
#4842=EDGE_LOOP('',(#1596,#1597,#1598,#1599));
#4843=EDGE_LOOP('',(#1600,#1601,#1602,#1603));
#4844=EDGE_LOOP('',(#1604,#1605,#1606,#1607));
#4845=EDGE_LOOP('',(#1608,#1609,#1610,#1611));
#4846=EDGE_LOOP('',(#1612,#1613,#1614,#1615));
#4847=EDGE_LOOP('',(#1616,#1617,#1618,#1619));
#4848=EDGE_LOOP('',(#1620,#1621,#1622,#1623));
#4849=EDGE_LOOP('',(#1624,#1625,#1626,#1627));
#4850=EDGE_LOOP('',(#1628,#1629,#1630,#1631));
#4851=EDGE_LOOP('',(#1632,#1633,#1634,#1635));
#4852=EDGE_LOOP('',(#1636,#1637,#1638,#1639));
#4853=EDGE_LOOP('',(#1640,#1641,#1642,#1643));
#4854=EDGE_LOOP('',(#1644,#1645,#1646,#1647));
#4855=EDGE_LOOP('',(#1648,#1649,#1650,#1651,#1652,#1653));
#4856=EDGE_LOOP('',(#1654,#1655,#1656,#1657,#1658,#1659,#1660,#1661,#1662,
#1663,#1664,#1665,#1666));
#4857=EDGE_LOOP('',(#1667,#1668,#1669,#1670,#1671,#1672));
#4858=EDGE_LOOP('',(#1673,#1674,#1675,#1676,#1677,#1678,#1679,#1680,#1681,
#1682,#1683,#1684,#1685));
#4859=EDGE_LOOP('',(#1686,#1687,#1688,#1689));
#4860=EDGE_LOOP('',(#1690,#1691,#1692,#1693));
#4861=EDGE_LOOP('',(#1694,#1695,#1696,#1697));
#4862=EDGE_LOOP('',(#1698,#1699,#1700,#1701));
#4863=EDGE_LOOP('',(#1702,#1703,#1704,#1705));
#4864=EDGE_LOOP('',(#1706,#1707,#1708,#1709));
#4865=EDGE_LOOP('',(#1710,#1711,#1712,#1713));
#4866=EDGE_LOOP('',(#1714,#1715,#1716,#1717));
#4867=EDGE_LOOP('',(#1718,#1719,#1720,#1721));
#4868=EDGE_LOOP('',(#1722,#1723,#1724,#1725));
#4869=EDGE_LOOP('',(#1726,#1727,#1728,#1729));
#4870=EDGE_LOOP('',(#1730,#1731,#1732,#1733));
#4871=EDGE_LOOP('',(#1734,#1735,#1736,#1737));
#4872=EDGE_LOOP('',(#1738,#1739,#1740,#1741));
#4873=EDGE_LOOP('',(#1742,#1743,#1744,#1745));
#4874=EDGE_LOOP('',(#1746,#1747,#1748,#1749));
#4875=EDGE_LOOP('',(#1750,#1751,#1752,#1753));
#4876=EDGE_LOOP('',(#1754,#1755,#1756,#1757));
#4877=EDGE_LOOP('',(#1758));
#4878=EDGE_LOOP('',(#1759));
#4879=EDGE_LOOP('',(#1760,#1761,#1762,#1763));
#4880=EDGE_LOOP('',(#1764,#1765,#1766,#1767));
#4881=EDGE_LOOP('',(#1768,#1769,#1770,#1771));
#4882=EDGE_LOOP('',(#1772,#1773,#1774,#1775));
#4883=EDGE_LOOP('',(#1776,#1777,#1778,#1779));
#4884=EDGE_LOOP('',(#1780,#1781,#1782,#1783));
#4885=EDGE_LOOP('',(#1784));
#4886=EDGE_LOOP('',(#1785));
#4887=EDGE_LOOP('',(#1786,#1787,#1788,#1789));
#4888=EDGE_LOOP('',(#1790,#1791,#1792,#1793));
#4889=EDGE_LOOP('',(#1794,#1795,#1796,#1797));
#4890=EDGE_LOOP('',(#1798,#1799,#1800,#1801));
#4891=EDGE_LOOP('',(#1802,#1803,#1804,#1805));
#4892=EDGE_LOOP('',(#1806,#1807,#1808,#1809));
#4893=EDGE_LOOP('',(#1810));
#4894=EDGE_LOOP('',(#1811));
#4895=EDGE_LOOP('',(#1812,#1813,#1814,#1815));
#4896=EDGE_LOOP('',(#1816,#1817,#1818,#1819));
#4897=EDGE_LOOP('',(#1820,#1821,#1822,#1823));
#4898=EDGE_LOOP('',(#1824,#1825,#1826,#1827));
#4899=EDGE_LOOP('',(#1828,#1829,#1830,#1831));
#4900=EDGE_LOOP('',(#1832,#1833,#1834,#1835));
#4901=EDGE_LOOP('',(#1836));
#4902=EDGE_LOOP('',(#1837));
#4903=EDGE_LOOP('',(#1838,#1839,#1840,#1841));
#4904=EDGE_LOOP('',(#1842,#1843,#1844,#1845));
#4905=EDGE_LOOP('',(#1846,#1847,#1848,#1849));
#4906=EDGE_LOOP('',(#1850));
#4907=EDGE_LOOP('',(#1851));
#4908=EDGE_LOOP('',(#1852,#1853,#1854));
#4909=EDGE_LOOP('',(#1855));
#4910=EDGE_LOOP('',(#1856,#1857,#1858));
#4911=EDGE_LOOP('',(#1859));
#4912=EDGE_LOOP('',(#1860,#1861,#1862,#1863));
#4913=EDGE_LOOP('',(#1864,#1865,#1866,#1867));
#4914=EDGE_LOOP('',(#1868,#1869,#1870,#1871));
#4915=EDGE_LOOP('',(#1872,#1873,#1874,#1875));
#4916=EDGE_LOOP('',(#1876,#1877,#1878,#1879));
#4917=EDGE_LOOP('',(#1880,#1881,#1882,#1883));
#4918=EDGE_LOOP('',(#1884,#1885,#1886,#1887));
#4919=EDGE_LOOP('',(#1888,#1889,#1890,#1891));
#4920=EDGE_LOOP('',(#1892,#1893,#1894,#1895));
#4921=EDGE_LOOP('',(#1896,#1897,#1898,#1899));
#4922=EDGE_LOOP('',(#1900,#1901,#1902,#1903));
#4923=EDGE_LOOP('',(#1904,#1905,#1906,#1907));
#4924=EDGE_LOOP('',(#1908,#1909,#1910,#1911));
#4925=EDGE_LOOP('',(#1912,#1913,#1914,#1915));
#4926=EDGE_LOOP('',(#1916,#1917,#1918,#1919));
#4927=EDGE_LOOP('',(#1920));
#4928=EDGE_LOOP('',(#1921));
#4929=EDGE_LOOP('',(#1922,#1923,#1924,#1925));
#4930=EDGE_LOOP('',(#1926,#1927,#1928,#1929));
#4931=EDGE_LOOP('',(#1930,#1931,#1932,#1933));
#4932=EDGE_LOOP('',(#1934));
#4933=EDGE_LOOP('',(#1935));
#4934=EDGE_LOOP('',(#1936,#1937,#1938));
#4935=EDGE_LOOP('',(#1939,#1940,#1941));
#4936=EDGE_LOOP('',(#1942,#1943,#1944));
#4937=EDGE_LOOP('',(#1945));
#4938=EDGE_LOOP('',(#1946,#1947,#1948));
#4939=EDGE_LOOP('',(#1949,#1950,#1951));
#4940=EDGE_LOOP('',(#1952,#1953,#1954));
#4941=EDGE_LOOP('',(#1955));
#4942=EDGE_LOOP('',(#1956,#1957,#1958));
#4943=EDGE_LOOP('',(#1959,#1960,#1961));
#4944=EDGE_LOOP('',(#1962,#1963,#1964));
#4945=EDGE_LOOP('',(#1965));
#4946=EDGE_LOOP('',(#1966,#1967,#1968));
#4947=EDGE_LOOP('',(#1969,#1970,#1971));
#4948=EDGE_LOOP('',(#1972,#1973,#1974));
#4949=EDGE_LOOP('',(#1975));
#4950=EDGE_LOOP('',(#1976,#1977,#1978,#1979));
#4951=EDGE_LOOP('',(#1980,#1981,#1982,#1983));
#4952=EDGE_LOOP('',(#1984,#1985,#1986,#1987));
#4953=EDGE_LOOP('',(#1988,#1989,#1990,#1991));
#4954=EDGE_LOOP('',(#1992,#1993,#1994,#1995));
#4955=EDGE_LOOP('',(#1996,#1997,#1998,#1999));
#4956=EDGE_LOOP('',(#2000,#2001,#2002,#2003));
#4957=EDGE_LOOP('',(#2004,#2005,#2006,#2007));
#4958=EDGE_LOOP('',(#2008,#2009,#2010,#2011));
#4959=EDGE_LOOP('',(#2012,#2013,#2014,#2015));
#4960=EDGE_LOOP('',(#2016,#2017,#2018,#2019));
#4961=EDGE_LOOP('',(#2020,#2021,#2022,#2023));
#4962=EDGE_LOOP('',(#2024,#2025,#2026,#2027));
#4963=EDGE_LOOP('',(#2028,#2029,#2030,#2031));
#4964=EDGE_LOOP('',(#2032,#2033,#2034,#2035));
#4965=EDGE_LOOP('',(#2036,#2037,#2038,#2039));
#4966=EDGE_LOOP('',(#2040,#2041,#2042,#2043));
#4967=EDGE_LOOP('',(#2044,#2045,#2046,#2047));
#4968=EDGE_LOOP('',(#2048));
#4969=EDGE_LOOP('',(#2049));
#4970=EDGE_LOOP('',(#2050,#2051,#2052,#2053));
#4971=EDGE_LOOP('',(#2054,#2055,#2056,#2057));
#4972=EDGE_LOOP('',(#2058,#2059,#2060,#2061));
#4973=EDGE_LOOP('',(#2062,#2063));
#4974=EDGE_LOOP('',(#2064,#2065));
#4975=EDGE_LOOP('',(#2066,#2067));
#4976=EDGE_LOOP('',(#2068));
#4977=EDGE_LOOP('',(#2069,#2070,#2071,#2072));
#4978=EDGE_LOOP('',(#2073,#2074,#2075,#2076));
#4979=EDGE_LOOP('',(#2077,#2078,#2079,#2080));
#4980=EDGE_LOOP('',(#2081,#2082));
#4981=EDGE_LOOP('',(#2083,#2084));
#4982=EDGE_LOOP('',(#2085,#2086));
#4983=EDGE_LOOP('',(#2087));
#4984=EDGE_LOOP('',(#2088,#2089,#2090,#2091));
#4985=EDGE_LOOP('',(#2092,#2093,#2094,#2095));
#4986=EDGE_LOOP('',(#2096,#2097,#2098,#2099));
#4987=EDGE_LOOP('',(#2100,#2101,#2102,#2103));
#4988=EDGE_LOOP('',(#2104,#2105,#2106,#2107));
#4989=EDGE_LOOP('',(#2108,#2109,#2110,#2111));
#4990=EDGE_LOOP('',(#2112,#2113,#2114,#2115));
#4991=EDGE_LOOP('',(#2116,#2117,#2118,#2119));
#4992=EDGE_LOOP('',(#2120,#2121,#2122,#2123));
#4993=EDGE_LOOP('',(#2124,#2125,#2126,#2127));
#4994=EDGE_LOOP('',(#2128,#2129,#2130,#2131));
#4995=EDGE_LOOP('',(#2132,#2133,#2134,#2135));
#4996=EDGE_LOOP('',(#2136,#2137,#2138,#2139));
#4997=EDGE_LOOP('',(#2140,#2141,#2142,#2143));
#4998=EDGE_LOOP('',(#2144,#2145,#2146,#2147));
#4999=EDGE_LOOP('',(#2148,#2149,#2150,#2151));
#5000=EDGE_LOOP('',(#2152,#2153,#2154,#2155));
#5001=EDGE_LOOP('',(#2156,#2157,#2158,#2159));
#5002=EDGE_LOOP('',(#2160,#2161,#2162,#2163));
#5003=EDGE_LOOP('',(#2164,#2165,#2166,#2167));
#5004=EDGE_LOOP('',(#2168,#2169,#2170,#2171));
#5005=EDGE_LOOP('',(#2172,#2173,#2174,#2175));
#5006=EDGE_LOOP('',(#2176,#2177,#2178,#2179));
#5007=EDGE_LOOP('',(#2180,#2181,#2182,#2183,#2184,#2185,#2186,#2187,#2188));
#5008=EDGE_LOOP('',(#2189,#2190,#2191,#2192));
#5009=EDGE_LOOP('',(#2193,#2194,#2195,#2196));
#5010=EDGE_LOOP('',(#2197,#2198,#2199,#2200));
#5011=EDGE_LOOP('',(#2201,#2202,#2203,#2204,#2205,#2206,#2207,#2208,#2209));
#5012=EDGE_LOOP('',(#2210,#2211,#2212,#2213));
#5013=EDGE_LOOP('',(#2214,#2215,#2216,#2217));
#5014=EDGE_LOOP('',(#2218,#2219,#2220,#2221));
#5015=EDGE_LOOP('',(#2222,#2223,#2224,#2225));
#5016=EDGE_LOOP('',(#2226,#2227,#2228,#2229));
#5017=EDGE_LOOP('',(#2230,#2231,#2232,#2233));
#5018=EDGE_LOOP('',(#2234,#2235,#2236,#2237));
#5019=EDGE_LOOP('',(#2238,#2239,#2240,#2241));
#5020=EDGE_LOOP('',(#2242,#2243,#2244,#2245));
#5021=EDGE_LOOP('',(#2246,#2247,#2248,#2249));
#5022=EDGE_LOOP('',(#2250));
#5023=EDGE_LOOP('',(#2251));
#5024=EDGE_LOOP('',(#2252,#2253,#2254,#2255));
#5025=EDGE_LOOP('',(#2256,#2257,#2258,#2259));
#5026=EDGE_LOOP('',(#2260,#2261,#2262,#2263));
#5027=EDGE_LOOP('',(#2264));
#5028=EDGE_LOOP('',(#2265));
#5029=EDGE_LOOP('',(#2266,#2267,#2268,#2269));
#5030=EDGE_LOOP('',(#2270,#2271,#2272,#2273));
#5031=EDGE_LOOP('',(#2274,#2275,#2276,#2277));
#5032=EDGE_LOOP('',(#2278));
#5033=EDGE_LOOP('',(#2279));
#5034=EDGE_LOOP('',(#2280,#2281,#2282,#2283));
#5035=EDGE_LOOP('',(#2284,#2285,#2286,#2287));
#5036=EDGE_LOOP('',(#2288,#2289,#2290,#2291));
#5037=EDGE_LOOP('',(#2292));
#5038=EDGE_LOOP('',(#2293));
#5039=EDGE_LOOP('',(#2294,#2295,#2296,#2297));
#5040=EDGE_LOOP('',(#2298,#2299,#2300,#2301));
#5041=EDGE_LOOP('',(#2302,#2303,#2304,#2305));
#5042=EDGE_LOOP('',(#2306,#2307,#2308,#2309));
#5043=EDGE_LOOP('',(#2310,#2311,#2312,#2313));
#5044=EDGE_LOOP('',(#2314,#2315,#2316,#2317));
#5045=EDGE_LOOP('',(#2318,#2319,#2320,#2321));
#5046=EDGE_LOOP('',(#2322,#2323,#2324,#2325));
#5047=EDGE_LOOP('',(#2326));
#5048=EDGE_LOOP('',(#2327));
#5049=EDGE_LOOP('',(#2328,#2329,#2330,#2331));
#5050=EDGE_LOOP('',(#2332,#2333,#2334,#2335));
#5051=EDGE_LOOP('',(#2336,#2337,#2338,#2339));
#5052=EDGE_LOOP('',(#2340,#2341,#2342,#2343));
#5053=EDGE_LOOP('',(#2344));
#5054=EDGE_LOOP('',(#2345));
#5055=EDGE_LOOP('',(#2346,#2347,#2348));
#5056=EDGE_LOOP('',(#2349,#2350,#2351));
#5057=EDGE_LOOP('',(#2352,#2353,#2354));
#5058=EDGE_LOOP('',(#2355,#2356,#2357));
#5059=EDGE_LOOP('',(#2358));
#5060=EDGE_LOOP('',(#2359));
#5061=EDGE_LOOP('',(#2360,#2361,#2362));
#5062=EDGE_LOOP('',(#2363,#2364,#2365));
#5063=EDGE_LOOP('',(#2366,#2367,#2368));
#5064=EDGE_LOOP('',(#2369,#2370,#2371));
#5065=EDGE_LOOP('',(#2372));
#5066=EDGE_LOOP('',(#2373));
#5067=EDGE_LOOP('',(#2374,#2375,#2376,#2377));
#5068=EDGE_LOOP('',(#2378,#2379,#2380,#2381));
#5069=EDGE_LOOP('',(#2382,#2383,#2384,#2385));
#5070=EDGE_LOOP('',(#2386));
#5071=EDGE_LOOP('',(#2387));
#5072=EDGE_LOOP('',(#2388,#2389,#2390,#2391));
#5073=EDGE_LOOP('',(#2392,#2393,#2394,#2395));
#5074=EDGE_LOOP('',(#2396,#2397,#2398,#2399));
#5075=EDGE_LOOP('',(#2400));
#5076=EDGE_LOOP('',(#2401));
#5077=EDGE_LOOP('',(#2402,#2403));
#5078=EDGE_LOOP('',(#2404,#2405));
#5079=EDGE_LOOP('',(#2406,#2407));
#5080=EDGE_LOOP('',(#2408));
#5081=EDGE_LOOP('',(#2409));
#5082=EDGE_LOOP('',(#2410,#2411));
#5083=EDGE_LOOP('',(#2412,#2413));
#5084=EDGE_LOOP('',(#2414,#2415));
#5085=EDGE_LOOP('',(#2416));
#5086=EDGE_LOOP('',(#2417));
#5087=EDGE_LOOP('',(#2418,#2419,#2420,#2421));
#5088=EDGE_LOOP('',(#2422,#2423,#2424,#2425));
#5089=EDGE_LOOP('',(#2426));
#5090=EDGE_LOOP('',(#2427));
#5091=EDGE_LOOP('',(#2428,#2429,#2430,#2431));
#5092=EDGE_LOOP('',(#2432));
#5093=EDGE_LOOP('',(#2433,#2434,#2435));
#5094=EDGE_LOOP('',(#2436));
#5095=EDGE_LOOP('',(#2437,#2438,#2439));
#5096=EDGE_LOOP('',(#2440,#2441,#2442,#2443));
#5097=EDGE_LOOP('',(#2444,#2445,#2446,#2447));
#5098=EDGE_LOOP('',(#2448,#2449,#2450,#2451));
#5099=EDGE_LOOP('',(#2452,#2453,#2454,#2455));
#5100=EDGE_LOOP('',(#2456));
#5101=EDGE_LOOP('',(#2457));
#5102=EDGE_LOOP('',(#2458,#2459,#2460,#2461));
#5103=EDGE_LOOP('',(#2462));
#5104=EDGE_LOOP('',(#2463,#2464,#2465,#2466));
#5105=EDGE_LOOP('',(#2467));
#5106=EDGE_LOOP('',(#2468,#2469,#2470,#2471));
#5107=EDGE_LOOP('',(#2472,#2473,#2474,#2475));
#5108=EDGE_LOOP('',(#2476,#2477,#2478,#2479));
#5109=EDGE_LOOP('',(#2480,#2481,#2482,#2483));
#5110=EDGE_LOOP('',(#2484));
#5111=EDGE_LOOP('',(#2485));
#5112=EDGE_LOOP('',(#2486,#2487,#2488,#2489));
#5113=EDGE_LOOP('',(#2490));
#5114=EDGE_LOOP('',(#2491,#2492,#2493,#2494));
#5115=EDGE_LOOP('',(#2495));
#5116=EDGE_LOOP('',(#2496,#2497,#2498,#2499));
#5117=EDGE_LOOP('',(#2500,#2501,#2502,#2503));
#5118=EDGE_LOOP('',(#2504,#2505,#2506,#2507));
#5119=EDGE_LOOP('',(#2508,#2509,#2510,#2511));
#5120=EDGE_LOOP('',(#2512));
#5121=EDGE_LOOP('',(#2513));
#5122=EDGE_LOOP('',(#2514,#2515,#2516,#2517));
#5123=EDGE_LOOP('',(#2518));
#5124=EDGE_LOOP('',(#2519,#2520,#2521,#2522));
#5125=EDGE_LOOP('',(#2523));
#5126=EDGE_LOOP('',(#2524,#2525,#2526,#2527));
#5127=EDGE_LOOP('',(#2528,#2529,#2530,#2531));
#5128=EDGE_LOOP('',(#2532,#2533,#2534,#2535));
#5129=EDGE_LOOP('',(#2536,#2537,#2538,#2539));
#5130=EDGE_LOOP('',(#2540));
#5131=EDGE_LOOP('',(#2541));
#5132=EDGE_LOOP('',(#2542,#2543,#2544,#2545));
#5133=EDGE_LOOP('',(#2546));
#5134=EDGE_LOOP('',(#2547,#2548,#2549,#2550));
#5135=EDGE_LOOP('',(#2551));
#5136=EDGE_LOOP('',(#2552,#2553,#2554,#2555));
#5137=EDGE_LOOP('',(#2556,#2557,#2558,#2559));
#5138=EDGE_LOOP('',(#2560,#2561,#2562,#2563));
#5139=EDGE_LOOP('',(#2564));
#5140=EDGE_LOOP('',(#2565));
#5141=EDGE_LOOP('',(#2566,#2567,#2568,#2569));
#5142=EDGE_LOOP('',(#2570));
#5143=EDGE_LOOP('',(#2571,#2572,#2573,#2574));
#5144=EDGE_LOOP('',(#2575));
#5145=EDGE_LOOP('',(#2576,#2577,#2578,#2579));
#5146=EDGE_LOOP('',(#2580,#2581,#2582,#2583));
#5147=EDGE_LOOP('',(#2584,#2585,#2586,#2587));
#5148=EDGE_LOOP('',(#2588,#2589,#2590,#2591));
#5149=EDGE_LOOP('',(#2592,#2593,#2594,#2595));
#5150=EDGE_LOOP('',(#2596));
#5151=EDGE_LOOP('',(#2597));
#5152=EDGE_LOOP('',(#2598,#2599,#2600,#2601));
#5153=EDGE_LOOP('',(#2602));
#5154=EDGE_LOOP('',(#2603,#2604,#2605,#2606));
#5155=EDGE_LOOP('',(#2607));
#5156=EDGE_LOOP('',(#2608,#2609,#2610,#2611));
#5157=EDGE_LOOP('',(#2612,#2613,#2614,#2615));
#5158=EDGE_LOOP('',(#2616,#2617,#2618,#2619));
#5159=EDGE_LOOP('',(#2620));
#5160=EDGE_LOOP('',(#2621));
#5161=EDGE_LOOP('',(#2622,#2623,#2624,#2625));
#5162=EDGE_LOOP('',(#2626));
#5163=EDGE_LOOP('',(#2627,#2628,#2629,#2630));
#5164=EDGE_LOOP('',(#2631));
#5165=EDGE_LOOP('',(#2632,#2633,#2634,#2635));
#5166=EDGE_LOOP('',(#2636,#2637,#2638,#2639));
#5167=EDGE_LOOP('',(#2640,#2641,#2642,#2643));
#5168=EDGE_LOOP('',(#2644,#2645,#2646,#2647));
#5169=EDGE_LOOP('',(#2648,#2649,#2650,#2651));
#5170=EDGE_LOOP('',(#2652));
#5171=EDGE_LOOP('',(#2653));
#5172=EDGE_LOOP('',(#2654,#2655,#2656,#2657));
#5173=EDGE_LOOP('',(#2658));
#5174=EDGE_LOOP('',(#2659,#2660,#2661,#2662));
#5175=EDGE_LOOP('',(#2663));
#5176=EDGE_LOOP('',(#2664,#2665,#2666,#2667));
#5177=EDGE_LOOP('',(#2668,#2669,#2670,#2671));
#5178=EDGE_LOOP('',(#2672,#2673,#2674,#2675));
#5179=EDGE_LOOP('',(#2676,#2677,#2678,#2679));
#5180=EDGE_LOOP('',(#2680));
#5181=EDGE_LOOP('',(#2681));
#5182=EDGE_LOOP('',(#2682,#2683,#2684,#2685));
#5183=EDGE_LOOP('',(#2686));
#5184=EDGE_LOOP('',(#2687,#2688,#2689,#2690));
#5185=EDGE_LOOP('',(#2691));
#5186=EDGE_LOOP('',(#2692));
#5187=EDGE_LOOP('',(#2693));
#5188=EDGE_LOOP('',(#2694));
#5189=EDGE_LOOP('',(#2695));
#5190=EDGE_LOOP('',(#2696));
#5191=EDGE_LOOP('',(#2697));
#5192=EDGE_LOOP('',(#2698));
#5193=EDGE_LOOP('',(#2699));
#5194=EDGE_LOOP('',(#2700));
#5195=EDGE_LOOP('',(#2701));
#5196=EDGE_LOOP('',(#2702));
#5197=EDGE_LOOP('',(#2703));
#5198=EDGE_LOOP('',(#2704));
#5199=EDGE_LOOP('',(#2705));
#5200=EDGE_LOOP('',(#2706));
#5201=EDGE_LOOP('',(#2707));
#5202=EDGE_LOOP('',(#2708));
#5203=EDGE_LOOP('',(#2709));
#5204=EDGE_LOOP('',(#2710));
#5205=EDGE_LOOP('',(#2711));
#5206=EDGE_LOOP('',(#2712));
#5207=EDGE_LOOP('',(#2713));
#5208=EDGE_LOOP('',(#2714));
#5209=EDGE_LOOP('',(#2715));
#5210=EDGE_LOOP('',(#2716,#2717,#2718,#2719));
#5211=EDGE_LOOP('',(#2720,#2721,#2722,#2723));
#5212=EDGE_LOOP('',(#2724,#2725,#2726,#2727));
#5213=EDGE_LOOP('',(#2728,#2729,#2730,#2731));
#5214=EDGE_LOOP('',(#2732));
#5215=EDGE_LOOP('',(#2733));
#5216=EDGE_LOOP('',(#2734,#2735,#2736,#2737));
#5217=EDGE_LOOP('',(#2738));
#5218=EDGE_LOOP('',(#2739,#2740,#2741,#2742));
#5219=EDGE_LOOP('',(#2743));
#5220=EDGE_LOOP('',(#2744,#2745,#2746,#2747));
#5221=EDGE_LOOP('',(#2748,#2749,#2750,#2751));
#5222=EDGE_LOOP('',(#2752,#2753,#2754,#2755));
#5223=EDGE_LOOP('',(#2756,#2757,#2758,#2759));
#5224=EDGE_LOOP('',(#2760));
#5225=EDGE_LOOP('',(#2761));
#5226=EDGE_LOOP('',(#2762,#2763,#2764,#2765));
#5227=EDGE_LOOP('',(#2766));
#5228=EDGE_LOOP('',(#2767,#2768,#2769,#2770));
#5229=EDGE_LOOP('',(#2771));
#5230=EDGE_LOOP('',(#2772,#2773,#2774,#2775));
#5231=EDGE_LOOP('',(#2776,#2777,#2778,#2779));
#5232=EDGE_LOOP('',(#2780,#2781,#2782,#2783));
#5233=EDGE_LOOP('',(#2784,#2785,#2786,#2787));
#5234=EDGE_LOOP('',(#2788));
#5235=EDGE_LOOP('',(#2789));
#5236=EDGE_LOOP('',(#2790,#2791,#2792,#2793));
#5237=EDGE_LOOP('',(#2794));
#5238=EDGE_LOOP('',(#2795,#2796,#2797,#2798));
#5239=EDGE_LOOP('',(#2799));
#5240=FACE_BOUND('',#4683,.T.);
#5241=FACE_BOUND('',#4684,.T.);
#5242=FACE_BOUND('',#4685,.T.);
#5243=FACE_BOUND('',#4686,.T.);
#5244=FACE_BOUND('',#4687,.T.);
#5245=FACE_BOUND('',#4688,.T.);
#5246=FACE_BOUND('',#4689,.T.);
#5247=FACE_BOUND('',#4690,.T.);
#5248=FACE_BOUND('',#4691,.T.);
#5249=FACE_BOUND('',#4692,.T.);
#5250=FACE_BOUND('',#4693,.T.);
#5251=FACE_BOUND('',#4694,.T.);
#5252=FACE_BOUND('',#4695,.T.);
#5253=FACE_BOUND('',#4696,.T.);
#5254=FACE_BOUND('',#4697,.T.);
#5255=FACE_BOUND('',#4698,.T.);
#5256=FACE_BOUND('',#4699,.T.);
#5257=FACE_BOUND('',#4700,.T.);
#5258=FACE_BOUND('',#4701,.T.);
#5259=FACE_BOUND('',#4702,.T.);
#5260=FACE_BOUND('',#4703,.T.);
#5261=FACE_BOUND('',#4704,.T.);
#5262=FACE_BOUND('',#4705,.T.);
#5263=FACE_BOUND('',#4706,.T.);
#5264=FACE_BOUND('',#4707,.T.);
#5265=FACE_BOUND('',#4708,.T.);
#5266=FACE_BOUND('',#4709,.T.);
#5267=FACE_BOUND('',#4710,.T.);
#5268=FACE_BOUND('',#4711,.T.);
#5269=FACE_BOUND('',#4712,.T.);
#5270=FACE_BOUND('',#4713,.T.);
#5271=FACE_BOUND('',#4714,.T.);
#5272=FACE_BOUND('',#4715,.T.);
#5273=FACE_BOUND('',#4716,.T.);
#5274=FACE_BOUND('',#4717,.T.);
#5275=FACE_BOUND('',#4718,.T.);
#5276=FACE_BOUND('',#4719,.T.);
#5277=FACE_BOUND('',#4720,.T.);
#5278=FACE_BOUND('',#4721,.T.);
#5279=FACE_BOUND('',#4722,.T.);
#5280=FACE_BOUND('',#4723,.T.);
#5281=FACE_BOUND('',#4724,.T.);
#5282=FACE_BOUND('',#4725,.T.);
#5283=FACE_BOUND('',#4726,.T.);
#5284=FACE_BOUND('',#4727,.T.);
#5285=FACE_BOUND('',#4728,.T.);
#5286=FACE_BOUND('',#4729,.T.);
#5287=FACE_BOUND('',#4730,.T.);
#5288=FACE_BOUND('',#4731,.T.);
#5289=FACE_BOUND('',#4732,.T.);
#5290=FACE_BOUND('',#4733,.T.);
#5291=FACE_BOUND('',#4734,.T.);
#5292=FACE_BOUND('',#4735,.T.);
#5293=FACE_BOUND('',#4736,.T.);
#5294=FACE_BOUND('',#4737,.T.);
#5295=FACE_BOUND('',#4738,.T.);
#5296=FACE_BOUND('',#4739,.T.);
#5297=FACE_BOUND('',#4740,.T.);
#5298=FACE_BOUND('',#4741,.T.);
#5299=FACE_BOUND('',#4742,.T.);
#5300=FACE_BOUND('',#4743,.T.);
#5301=FACE_BOUND('',#4744,.T.);
#5302=FACE_BOUND('',#4745,.T.);
#5303=FACE_BOUND('',#4746,.T.);
#5304=FACE_BOUND('',#4747,.T.);
#5305=FACE_BOUND('',#4748,.T.);
#5306=FACE_BOUND('',#4749,.T.);
#5307=FACE_BOUND('',#4750,.T.);
#5308=FACE_BOUND('',#4751,.T.);
#5309=FACE_BOUND('',#4752,.T.);
#5310=FACE_BOUND('',#4753,.T.);
#5311=FACE_BOUND('',#4754,.T.);
#5312=FACE_BOUND('',#4755,.T.);
#5313=FACE_BOUND('',#4756,.T.);
#5314=FACE_BOUND('',#4757,.T.);
#5315=FACE_BOUND('',#4758,.T.);
#5316=FACE_BOUND('',#4759,.T.);
#5317=FACE_BOUND('',#4760,.T.);
#5318=FACE_BOUND('',#4761,.T.);
#5319=FACE_BOUND('',#4762,.T.);
#5320=FACE_BOUND('',#4763,.T.);
#5321=FACE_BOUND('',#4764,.T.);
#5322=FACE_BOUND('',#4765,.T.);
#5323=FACE_BOUND('',#4766,.T.);
#5324=FACE_BOUND('',#4767,.T.);
#5325=FACE_BOUND('',#4768,.T.);
#5326=FACE_BOUND('',#4769,.T.);
#5327=FACE_BOUND('',#4770,.T.);
#5328=FACE_BOUND('',#4771,.T.);
#5329=FACE_BOUND('',#4772,.T.);
#5330=FACE_BOUND('',#4773,.T.);
#5331=FACE_BOUND('',#4774,.T.);
#5332=FACE_BOUND('',#4775,.T.);
#5333=FACE_BOUND('',#4776,.T.);
#5334=FACE_BOUND('',#4777,.T.);
#5335=FACE_BOUND('',#4778,.T.);
#5336=FACE_BOUND('',#4779,.T.);
#5337=FACE_BOUND('',#4780,.T.);
#5338=FACE_BOUND('',#4781,.T.);
#5339=FACE_BOUND('',#4782,.T.);
#5340=FACE_BOUND('',#4783,.T.);
#5341=FACE_BOUND('',#4784,.T.);
#5342=FACE_BOUND('',#4785,.T.);
#5343=FACE_BOUND('',#4786,.T.);
#5344=FACE_BOUND('',#4787,.T.);
#5345=FACE_BOUND('',#4788,.T.);
#5346=FACE_BOUND('',#4789,.T.);
#5347=FACE_BOUND('',#4790,.T.);
#5348=FACE_BOUND('',#4791,.T.);
#5349=FACE_BOUND('',#4792,.T.);
#5350=FACE_BOUND('',#4793,.T.);
#5351=FACE_BOUND('',#4794,.T.);
#5352=FACE_BOUND('',#4795,.T.);
#5353=FACE_BOUND('',#4796,.T.);
#5354=FACE_BOUND('',#4797,.T.);
#5355=FACE_BOUND('',#4798,.T.);
#5356=FACE_BOUND('',#4799,.T.);
#5357=FACE_BOUND('',#4800,.T.);
#5358=FACE_BOUND('',#4801,.T.);
#5359=FACE_BOUND('',#4802,.T.);
#5360=FACE_BOUND('',#4803,.T.);
#5361=FACE_BOUND('',#4804,.T.);
#5362=FACE_BOUND('',#4805,.T.);
#5363=FACE_BOUND('',#4806,.T.);
#5364=FACE_BOUND('',#4807,.T.);
#5365=FACE_BOUND('',#4808,.T.);
#5366=FACE_BOUND('',#4809,.T.);
#5367=FACE_BOUND('',#4810,.T.);
#5368=FACE_BOUND('',#4811,.T.);
#5369=FACE_BOUND('',#4812,.T.);
#5370=FACE_BOUND('',#4813,.T.);
#5371=FACE_BOUND('',#4814,.T.);
#5372=FACE_BOUND('',#4815,.T.);
#5373=FACE_BOUND('',#4816,.T.);
#5374=FACE_BOUND('',#4817,.T.);
#5375=FACE_BOUND('',#4818,.T.);
#5376=FACE_BOUND('',#4819,.T.);
#5377=FACE_BOUND('',#4820,.T.);
#5378=FACE_BOUND('',#4821,.T.);
#5379=FACE_BOUND('',#4822,.T.);
#5380=FACE_BOUND('',#4823,.T.);
#5381=FACE_BOUND('',#4824,.T.);
#5382=FACE_BOUND('',#4825,.T.);
#5383=FACE_BOUND('',#4826,.T.);
#5384=FACE_BOUND('',#4827,.T.);
#5385=FACE_BOUND('',#4828,.T.);
#5386=FACE_BOUND('',#4829,.T.);
#5387=FACE_BOUND('',#4830,.T.);
#5388=FACE_BOUND('',#4831,.T.);
#5389=FACE_BOUND('',#4832,.T.);
#5390=FACE_BOUND('',#4833,.T.);
#5391=FACE_BOUND('',#4834,.T.);
#5392=FACE_BOUND('',#4835,.T.);
#5393=FACE_BOUND('',#4836,.T.);
#5394=FACE_BOUND('',#4837,.T.);
#5395=FACE_BOUND('',#4838,.T.);
#5396=FACE_BOUND('',#4839,.T.);
#5397=FACE_BOUND('',#4840,.T.);
#5398=FACE_BOUND('',#4841,.T.);
#5399=FACE_BOUND('',#4842,.T.);
#5400=FACE_BOUND('',#4843,.T.);
#5401=FACE_BOUND('',#4844,.T.);
#5402=FACE_BOUND('',#4845,.T.);
#5403=FACE_BOUND('',#4846,.T.);
#5404=FACE_BOUND('',#4847,.T.);
#5405=FACE_BOUND('',#4848,.T.);
#5406=FACE_BOUND('',#4849,.T.);
#5407=FACE_BOUND('',#4850,.T.);
#5408=FACE_BOUND('',#4851,.T.);
#5409=FACE_BOUND('',#4852,.T.);
#5410=FACE_BOUND('',#4853,.T.);
#5411=FACE_BOUND('',#4854,.T.);
#5412=FACE_BOUND('',#4855,.T.);
#5413=FACE_BOUND('',#4856,.T.);
#5414=FACE_BOUND('',#4857,.T.);
#5415=FACE_BOUND('',#4858,.T.);
#5416=FACE_BOUND('',#4859,.T.);
#5417=FACE_BOUND('',#4860,.T.);
#5418=FACE_BOUND('',#4861,.T.);
#5419=FACE_BOUND('',#4862,.T.);
#5420=FACE_BOUND('',#4863,.T.);
#5421=FACE_BOUND('',#4864,.T.);
#5422=FACE_BOUND('',#4865,.T.);
#5423=FACE_BOUND('',#4866,.T.);
#5424=FACE_BOUND('',#4867,.T.);
#5425=FACE_BOUND('',#4868,.T.);
#5426=FACE_BOUND('',#4869,.T.);
#5427=FACE_BOUND('',#4870,.T.);
#5428=FACE_BOUND('',#4871,.T.);
#5429=FACE_BOUND('',#4872,.T.);
#5430=FACE_BOUND('',#4873,.T.);
#5431=FACE_BOUND('',#4874,.T.);
#5432=FACE_BOUND('',#4875,.T.);
#5433=FACE_BOUND('',#4876,.T.);
#5434=FACE_BOUND('',#4877,.T.);
#5435=FACE_BOUND('',#4878,.T.);
#5436=FACE_BOUND('',#4879,.T.);
#5437=FACE_BOUND('',#4880,.T.);
#5438=FACE_BOUND('',#4881,.T.);
#5439=FACE_BOUND('',#4882,.T.);
#5440=FACE_BOUND('',#4883,.T.);
#5441=FACE_BOUND('',#4884,.T.);
#5442=FACE_BOUND('',#4885,.T.);
#5443=FACE_BOUND('',#4886,.T.);
#5444=FACE_BOUND('',#4887,.T.);
#5445=FACE_BOUND('',#4888,.T.);
#5446=FACE_BOUND('',#4889,.T.);
#5447=FACE_BOUND('',#4890,.T.);
#5448=FACE_BOUND('',#4891,.T.);
#5449=FACE_BOUND('',#4892,.T.);
#5450=FACE_BOUND('',#4893,.T.);
#5451=FACE_BOUND('',#4894,.T.);
#5452=FACE_BOUND('',#4895,.T.);
#5453=FACE_BOUND('',#4896,.T.);
#5454=FACE_BOUND('',#4897,.T.);
#5455=FACE_BOUND('',#4898,.T.);
#5456=FACE_BOUND('',#4899,.T.);
#5457=FACE_BOUND('',#4900,.T.);
#5458=FACE_BOUND('',#4901,.T.);
#5459=FACE_BOUND('',#4902,.T.);
#5460=FACE_BOUND('',#4903,.T.);
#5461=FACE_BOUND('',#4904,.T.);
#5462=FACE_BOUND('',#4905,.T.);
#5463=FACE_BOUND('',#4906,.T.);
#5464=FACE_BOUND('',#4907,.T.);
#5465=FACE_BOUND('',#4908,.T.);
#5466=FACE_BOUND('',#4909,.T.);
#5467=FACE_BOUND('',#4910,.T.);
#5468=FACE_BOUND('',#4911,.T.);
#5469=FACE_BOUND('',#4912,.T.);
#5470=FACE_BOUND('',#4913,.T.);
#5471=FACE_BOUND('',#4914,.T.);
#5472=FACE_BOUND('',#4915,.T.);
#5473=FACE_BOUND('',#4916,.T.);
#5474=FACE_BOUND('',#4917,.T.);
#5475=FACE_BOUND('',#4918,.T.);
#5476=FACE_BOUND('',#4919,.T.);
#5477=FACE_BOUND('',#4920,.T.);
#5478=FACE_BOUND('',#4921,.T.);
#5479=FACE_BOUND('',#4922,.T.);
#5480=FACE_BOUND('',#4923,.T.);
#5481=FACE_BOUND('',#4924,.T.);
#5482=FACE_BOUND('',#4925,.T.);
#5483=FACE_BOUND('',#4926,.T.);
#5484=FACE_BOUND('',#4927,.T.);
#5485=FACE_BOUND('',#4928,.T.);
#5486=FACE_BOUND('',#4929,.T.);
#5487=FACE_BOUND('',#4930,.T.);
#5488=FACE_BOUND('',#4931,.T.);
#5489=FACE_BOUND('',#4932,.T.);
#5490=FACE_BOUND('',#4933,.T.);
#5491=FACE_BOUND('',#4934,.T.);
#5492=FACE_BOUND('',#4935,.T.);
#5493=FACE_BOUND('',#4936,.T.);
#5494=FACE_BOUND('',#4937,.T.);
#5495=FACE_BOUND('',#4938,.T.);
#5496=FACE_BOUND('',#4939,.T.);
#5497=FACE_BOUND('',#4940,.T.);
#5498=FACE_BOUND('',#4941,.T.);
#5499=FACE_BOUND('',#4942,.T.);
#5500=FACE_BOUND('',#4943,.T.);
#5501=FACE_BOUND('',#4944,.T.);
#5502=FACE_BOUND('',#4945,.T.);
#5503=FACE_BOUND('',#4946,.T.);
#5504=FACE_BOUND('',#4947,.T.);
#5505=FACE_BOUND('',#4948,.T.);
#5506=FACE_BOUND('',#4949,.T.);
#5507=FACE_BOUND('',#4950,.T.);
#5508=FACE_BOUND('',#4951,.T.);
#5509=FACE_BOUND('',#4952,.T.);
#5510=FACE_BOUND('',#4953,.T.);
#5511=FACE_BOUND('',#4954,.T.);
#5512=FACE_BOUND('',#4955,.T.);
#5513=FACE_BOUND('',#4956,.T.);
#5514=FACE_BOUND('',#4957,.T.);
#5515=FACE_BOUND('',#4958,.T.);
#5516=FACE_BOUND('',#4959,.T.);
#5517=FACE_BOUND('',#4960,.T.);
#5518=FACE_BOUND('',#4961,.T.);
#5519=FACE_BOUND('',#4962,.T.);
#5520=FACE_BOUND('',#4963,.T.);
#5521=FACE_BOUND('',#4964,.T.);
#5522=FACE_BOUND('',#4965,.T.);
#5523=FACE_BOUND('',#4966,.T.);
#5524=FACE_BOUND('',#4967,.T.);
#5525=FACE_BOUND('',#4968,.T.);
#5526=FACE_BOUND('',#4969,.T.);
#5527=FACE_BOUND('',#4970,.T.);
#5528=FACE_BOUND('',#4971,.T.);
#5529=FACE_BOUND('',#4972,.T.);
#5530=FACE_BOUND('',#4973,.T.);
#5531=FACE_BOUND('',#4974,.T.);
#5532=FACE_BOUND('',#4975,.T.);
#5533=FACE_BOUND('',#4976,.T.);
#5534=FACE_BOUND('',#4977,.T.);
#5535=FACE_BOUND('',#4978,.T.);
#5536=FACE_BOUND('',#4979,.T.);
#5537=FACE_BOUND('',#4980,.T.);
#5538=FACE_BOUND('',#4981,.T.);
#5539=FACE_BOUND('',#4982,.T.);
#5540=FACE_BOUND('',#4983,.T.);
#5541=FACE_BOUND('',#4984,.T.);
#5542=FACE_BOUND('',#4985,.T.);
#5543=FACE_BOUND('',#4986,.T.);
#5544=FACE_BOUND('',#4987,.T.);
#5545=FACE_BOUND('',#4988,.T.);
#5546=FACE_BOUND('',#4989,.T.);
#5547=FACE_BOUND('',#4990,.T.);
#5548=FACE_BOUND('',#4991,.T.);
#5549=FACE_BOUND('',#4992,.T.);
#5550=FACE_BOUND('',#4993,.T.);
#5551=FACE_BOUND('',#4994,.T.);
#5552=FACE_BOUND('',#4995,.T.);
#5553=FACE_BOUND('',#4996,.T.);
#5554=FACE_BOUND('',#4997,.T.);
#5555=FACE_BOUND('',#4998,.T.);
#5556=FACE_BOUND('',#4999,.T.);
#5557=FACE_BOUND('',#5000,.T.);
#5558=FACE_BOUND('',#5001,.T.);
#5559=FACE_BOUND('',#5002,.T.);
#5560=FACE_BOUND('',#5003,.T.);
#5561=FACE_BOUND('',#5004,.T.);
#5562=FACE_BOUND('',#5005,.T.);
#5563=FACE_BOUND('',#5006,.T.);
#5564=FACE_BOUND('',#5007,.T.);
#5565=FACE_BOUND('',#5008,.T.);
#5566=FACE_BOUND('',#5009,.T.);
#5567=FACE_BOUND('',#5010,.T.);
#5568=FACE_BOUND('',#5011,.T.);
#5569=FACE_BOUND('',#5012,.T.);
#5570=FACE_BOUND('',#5013,.T.);
#5571=FACE_BOUND('',#5014,.T.);
#5572=FACE_BOUND('',#5015,.T.);
#5573=FACE_BOUND('',#5016,.T.);
#5574=FACE_BOUND('',#5017,.T.);
#5575=FACE_BOUND('',#5018,.T.);
#5576=FACE_BOUND('',#5019,.T.);
#5577=FACE_BOUND('',#5020,.T.);
#5578=FACE_BOUND('',#5021,.T.);
#5579=FACE_BOUND('',#5022,.T.);
#5580=FACE_BOUND('',#5023,.T.);
#5581=FACE_BOUND('',#5024,.T.);
#5582=FACE_BOUND('',#5025,.T.);
#5583=FACE_BOUND('',#5026,.T.);
#5584=FACE_BOUND('',#5027,.T.);
#5585=FACE_BOUND('',#5028,.T.);
#5586=FACE_BOUND('',#5029,.T.);
#5587=FACE_BOUND('',#5030,.T.);
#5588=FACE_BOUND('',#5031,.T.);
#5589=FACE_BOUND('',#5032,.T.);
#5590=FACE_BOUND('',#5033,.T.);
#5591=FACE_BOUND('',#5034,.T.);
#5592=FACE_BOUND('',#5035,.T.);
#5593=FACE_BOUND('',#5036,.T.);
#5594=FACE_BOUND('',#5037,.T.);
#5595=FACE_BOUND('',#5038,.T.);
#5596=FACE_BOUND('',#5039,.T.);
#5597=FACE_BOUND('',#5040,.T.);
#5598=FACE_BOUND('',#5041,.T.);
#5599=FACE_BOUND('',#5042,.T.);
#5600=FACE_BOUND('',#5043,.T.);
#5601=FACE_BOUND('',#5044,.T.);
#5602=FACE_BOUND('',#5045,.T.);
#5603=FACE_BOUND('',#5046,.T.);
#5604=FACE_BOUND('',#5047,.T.);
#5605=FACE_BOUND('',#5048,.T.);
#5606=FACE_BOUND('',#5049,.T.);
#5607=FACE_BOUND('',#5050,.T.);
#5608=FACE_BOUND('',#5051,.T.);
#5609=FACE_BOUND('',#5052,.T.);
#5610=FACE_BOUND('',#5053,.T.);
#5611=FACE_BOUND('',#5054,.T.);
#5612=FACE_BOUND('',#5055,.T.);
#5613=FACE_BOUND('',#5056,.T.);
#5614=FACE_BOUND('',#5057,.T.);
#5615=FACE_BOUND('',#5058,.T.);
#5616=FACE_BOUND('',#5059,.T.);
#5617=FACE_BOUND('',#5060,.T.);
#5618=FACE_BOUND('',#5061,.T.);
#5619=FACE_BOUND('',#5062,.T.);
#5620=FACE_BOUND('',#5063,.T.);
#5621=FACE_BOUND('',#5064,.T.);
#5622=FACE_BOUND('',#5065,.T.);
#5623=FACE_BOUND('',#5066,.T.);
#5624=FACE_BOUND('',#5067,.T.);
#5625=FACE_BOUND('',#5068,.T.);
#5626=FACE_BOUND('',#5069,.T.);
#5627=FACE_BOUND('',#5070,.T.);
#5628=FACE_BOUND('',#5071,.T.);
#5629=FACE_BOUND('',#5072,.T.);
#5630=FACE_BOUND('',#5073,.T.);
#5631=FACE_BOUND('',#5074,.T.);
#5632=FACE_BOUND('',#5075,.T.);
#5633=FACE_BOUND('',#5076,.T.);
#5634=FACE_BOUND('',#5077,.T.);
#5635=FACE_BOUND('',#5078,.T.);
#5636=FACE_BOUND('',#5079,.T.);
#5637=FACE_BOUND('',#5080,.T.);
#5638=FACE_BOUND('',#5081,.T.);
#5639=FACE_BOUND('',#5082,.T.);
#5640=FACE_BOUND('',#5083,.T.);
#5641=FACE_BOUND('',#5084,.T.);
#5642=FACE_BOUND('',#5085,.T.);
#5643=FACE_BOUND('',#5086,.T.);
#5644=FACE_BOUND('',#5087,.T.);
#5645=FACE_BOUND('',#5088,.T.);
#5646=FACE_BOUND('',#5089,.T.);
#5647=FACE_BOUND('',#5090,.T.);
#5648=FACE_BOUND('',#5091,.T.);
#5649=FACE_BOUND('',#5092,.T.);
#5650=FACE_BOUND('',#5093,.T.);
#5651=FACE_BOUND('',#5094,.T.);
#5652=FACE_BOUND('',#5095,.T.);
#5653=FACE_BOUND('',#5096,.T.);
#5654=FACE_BOUND('',#5097,.T.);
#5655=FACE_BOUND('',#5098,.T.);
#5656=FACE_BOUND('',#5099,.T.);
#5657=FACE_BOUND('',#5100,.T.);
#5658=FACE_BOUND('',#5101,.T.);
#5659=FACE_BOUND('',#5102,.T.);
#5660=FACE_BOUND('',#5103,.T.);
#5661=FACE_BOUND('',#5104,.T.);
#5662=FACE_BOUND('',#5105,.T.);
#5663=FACE_BOUND('',#5106,.T.);
#5664=FACE_BOUND('',#5107,.T.);
#5665=FACE_BOUND('',#5108,.T.);
#5666=FACE_BOUND('',#5109,.T.);
#5667=FACE_BOUND('',#5110,.T.);
#5668=FACE_BOUND('',#5111,.T.);
#5669=FACE_BOUND('',#5112,.T.);
#5670=FACE_BOUND('',#5113,.T.);
#5671=FACE_BOUND('',#5114,.T.);
#5672=FACE_BOUND('',#5115,.T.);
#5673=FACE_BOUND('',#5116,.T.);
#5674=FACE_BOUND('',#5117,.T.);
#5675=FACE_BOUND('',#5118,.T.);
#5676=FACE_BOUND('',#5119,.T.);
#5677=FACE_BOUND('',#5120,.T.);
#5678=FACE_BOUND('',#5121,.T.);
#5679=FACE_BOUND('',#5122,.T.);
#5680=FACE_BOUND('',#5123,.T.);
#5681=FACE_BOUND('',#5124,.T.);
#5682=FACE_BOUND('',#5125,.T.);
#5683=FACE_BOUND('',#5126,.T.);
#5684=FACE_BOUND('',#5127,.T.);
#5685=FACE_BOUND('',#5128,.T.);
#5686=FACE_BOUND('',#5129,.T.);
#5687=FACE_BOUND('',#5130,.T.);
#5688=FACE_BOUND('',#5131,.T.);
#5689=FACE_BOUND('',#5132,.T.);
#5690=FACE_BOUND('',#5133,.T.);
#5691=FACE_BOUND('',#5134,.T.);
#5692=FACE_BOUND('',#5135,.T.);
#5693=FACE_BOUND('',#5136,.T.);
#5694=FACE_BOUND('',#5137,.T.);
#5695=FACE_BOUND('',#5138,.T.);
#5696=FACE_BOUND('',#5139,.T.);
#5697=FACE_BOUND('',#5140,.T.);
#5698=FACE_BOUND('',#5141,.T.);
#5699=FACE_BOUND('',#5142,.T.);
#5700=FACE_BOUND('',#5143,.T.);
#5701=FACE_BOUND('',#5144,.T.);
#5702=FACE_BOUND('',#5145,.T.);
#5703=FACE_BOUND('',#5146,.T.);
#5704=FACE_BOUND('',#5147,.T.);
#5705=FACE_BOUND('',#5148,.T.);
#5706=FACE_BOUND('',#5149,.T.);
#5707=FACE_BOUND('',#5150,.T.);
#5708=FACE_BOUND('',#5151,.T.);
#5709=FACE_BOUND('',#5152,.T.);
#5710=FACE_BOUND('',#5153,.T.);
#5711=FACE_BOUND('',#5154,.T.);
#5712=FACE_BOUND('',#5155,.T.);
#5713=FACE_BOUND('',#5156,.T.);
#5714=FACE_BOUND('',#5157,.T.);
#5715=FACE_BOUND('',#5158,.T.);
#5716=FACE_BOUND('',#5159,.T.);
#5717=FACE_BOUND('',#5160,.T.);
#5718=FACE_BOUND('',#5161,.T.);
#5719=FACE_BOUND('',#5162,.T.);
#5720=FACE_BOUND('',#5163,.T.);
#5721=FACE_BOUND('',#5164,.T.);
#5722=FACE_BOUND('',#5165,.T.);
#5723=FACE_BOUND('',#5166,.T.);
#5724=FACE_BOUND('',#5167,.T.);
#5725=FACE_BOUND('',#5168,.T.);
#5726=FACE_BOUND('',#5169,.T.);
#5727=FACE_BOUND('',#5170,.T.);
#5728=FACE_BOUND('',#5171,.T.);
#5729=FACE_BOUND('',#5172,.T.);
#5730=FACE_BOUND('',#5173,.T.);
#5731=FACE_BOUND('',#5174,.T.);
#5732=FACE_BOUND('',#5175,.T.);
#5733=FACE_BOUND('',#5176,.T.);
#5734=FACE_BOUND('',#5177,.T.);
#5735=FACE_BOUND('',#5178,.T.);
#5736=FACE_BOUND('',#5179,.T.);
#5737=FACE_BOUND('',#5180,.T.);
#5738=FACE_BOUND('',#5181,.T.);
#5739=FACE_BOUND('',#5182,.T.);
#5740=FACE_BOUND('',#5183,.T.);
#5741=FACE_BOUND('',#5184,.T.);
#5742=FACE_BOUND('',#5185,.T.);
#5743=FACE_BOUND('',#5186,.T.);
#5744=FACE_BOUND('',#5187,.T.);
#5745=FACE_BOUND('',#5188,.T.);
#5746=FACE_BOUND('',#5189,.T.);
#5747=FACE_BOUND('',#5190,.T.);
#5748=FACE_BOUND('',#5191,.T.);
#5749=FACE_BOUND('',#5192,.T.);
#5750=FACE_BOUND('',#5193,.T.);
#5751=FACE_BOUND('',#5194,.T.);
#5752=FACE_BOUND('',#5195,.T.);
#5753=FACE_BOUND('',#5196,.T.);
#5754=FACE_BOUND('',#5197,.T.);
#5755=FACE_BOUND('',#5198,.T.);
#5756=FACE_BOUND('',#5199,.T.);
#5757=FACE_BOUND('',#5200,.T.);
#5758=FACE_BOUND('',#5201,.T.);
#5759=FACE_BOUND('',#5202,.T.);
#5760=FACE_BOUND('',#5203,.T.);
#5761=FACE_BOUND('',#5204,.T.);
#5762=FACE_BOUND('',#5205,.T.);
#5763=FACE_BOUND('',#5206,.T.);
#5764=FACE_BOUND('',#5207,.T.);
#5765=FACE_BOUND('',#5208,.T.);
#5766=FACE_BOUND('',#5209,.T.);
#5767=FACE_BOUND('',#5210,.T.);
#5768=FACE_BOUND('',#5211,.T.);
#5769=FACE_BOUND('',#5212,.T.);
#5770=FACE_BOUND('',#5213,.T.);
#5771=FACE_BOUND('',#5214,.T.);
#5772=FACE_BOUND('',#5215,.T.);
#5773=FACE_BOUND('',#5216,.T.);
#5774=FACE_BOUND('',#5217,.T.);
#5775=FACE_BOUND('',#5218,.T.);
#5776=FACE_BOUND('',#5219,.T.);
#5777=FACE_BOUND('',#5220,.T.);
#5778=FACE_BOUND('',#5221,.T.);
#5779=FACE_BOUND('',#5222,.T.);
#5780=FACE_BOUND('',#5223,.T.);
#5781=FACE_BOUND('',#5224,.T.);
#5782=FACE_BOUND('',#5225,.T.);
#5783=FACE_BOUND('',#5226,.T.);
#5784=FACE_BOUND('',#5227,.T.);
#5785=FACE_BOUND('',#5228,.T.);
#5786=FACE_BOUND('',#5229,.T.);
#5787=FACE_BOUND('',#5230,.T.);
#5788=FACE_BOUND('',#5231,.T.);
#5789=FACE_BOUND('',#5232,.T.);
#5790=FACE_BOUND('',#5233,.T.);
#5791=FACE_BOUND('',#5234,.T.);
#5792=FACE_BOUND('',#5235,.T.);
#5793=FACE_BOUND('',#5236,.T.);
#5794=FACE_BOUND('',#5237,.T.);
#5795=FACE_BOUND('',#5238,.T.);
#5796=FACE_BOUND('',#5239,.T.);
#5797=CYLINDRICAL_SURFACE('',#6705,0.0019975074343032);
#5798=CYLINDRICAL_SURFACE('',#6711,0.00314968007243621);
#5799=CYLINDRICAL_SURFACE('',#6714,0.00364968007243621);
#5800=CYLINDRICAL_SURFACE('',#6720,0.00311539532056834);
#5801=CYLINDRICAL_SURFACE('',#6726,0.00345715138346731);
#5802=CYLINDRICAL_SURFACE('',#6732,0.0521801631295496);
#5803=CYLINDRICAL_SURFACE('',#6735,0.052180163132154);
#5804=CYLINDRICAL_SURFACE('',#6738,0.0334222140455364);
#5805=CYLINDRICAL_SURFACE('',#6741,0.0297689134718863);
#5806=CYLINDRICAL_SURFACE('',#6744,0.0334222140450835);
#5807=CYLINDRICAL_SURFACE('',#6747,0.0297689134718932);
#5808=CYLINDRICAL_SURFACE('',#6750,0.0557181632162559);
#5809=CYLINDRICAL_SURFACE('',#6753,0.0329192340902056);
#5810=CYLINDRICAL_SURFACE('',#6756,0.0329192340910321);
#5811=CYLINDRICAL_SURFACE('',#6759,0.0557181631637808);
#5812=CYLINDRICAL_SURFACE('',#6762,0.0348334717219757);
#5813=CYLINDRICAL_SURFACE('',#6765,0.0371101056494917);
#5814=CYLINDRICAL_SURFACE('',#6768,0.0348334717219663);
#5815=CYLINDRICAL_SURFACE('',#6771,0.0371101056491661);
#5816=CYLINDRICAL_SURFACE('',#6774,0.02856081747117);
#5817=CYLINDRICAL_SURFACE('',#6777,0.0285608174711514);
#5818=CYLINDRICAL_SURFACE('',#6782,0.0201373665934643);
#5819=CYLINDRICAL_SURFACE('',#6785,0.0201373665934643);
#5820=CYLINDRICAL_SURFACE('',#6788,0.0201373665934643);
#5821=CYLINDRICAL_SURFACE('',#6793,0.0416788822918664);
#5822=CYLINDRICAL_SURFACE('',#6796,0.0416788822918633);
#5823=CYLINDRICAL_SURFACE('',#6799,0.0535119833892661);
#5824=CYLINDRICAL_SURFACE('',#6802,0.0535119833175857);
#5825=CYLINDRICAL_SURFACE('',#6805,0.00264962011188429);
#5826=CYLINDRICAL_SURFACE('',#6808,0.00264962011188431);
#5827=CYLINDRICAL_SURFACE('',#6811,0.0637115784660257);
#5828=CYLINDRICAL_SURFACE('',#6814,0.0637115784679984);
#5829=CYLINDRICAL_SURFACE('',#6817,0.0365116291716464);
#5830=CYLINDRICAL_SURFACE('',#6820,0.0322698095903255);
#5831=CYLINDRICAL_SURFACE('',#6823,0.0299482426032477);
#5832=CYLINDRICAL_SURFACE('',#6834,0.0365116291876632);
#5833=CYLINDRICAL_SURFACE('',#6835,0.0322698095861729);
#5834=CYLINDRICAL_SURFACE('',#6836,0.0299482426015676);
#5835=CYLINDRICAL_SURFACE('',#6838,0.00466788310880831);
#5836=CYLINDRICAL_SURFACE('',#6841,0.00466788310880831);
#5837=CYLINDRICAL_SURFACE('',#6844,0.00466788310880831);
#5838=CYLINDRICAL_SURFACE('',#6847,0.00466788310880831);
#5839=CYLINDRICAL_SURFACE('',#6850,0.00282805792314736);
#5840=CYLINDRICAL_SURFACE('',#6853,0.00282805792314736);
#5841=CYLINDRICAL_SURFACE('',#6856,0.00466788310880831);
#5842=CYLINDRICAL_SURFACE('',#6859,0.00466788310880831);
#5843=CYLINDRICAL_SURFACE('',#6862,0.00282805792314736);
#5844=CYLINDRICAL_SURFACE('',#6868,0.00246195862644846);
#5845=CYLINDRICAL_SURFACE('',#6871,0.0138152312986006);
#5846=CYLINDRICAL_SURFACE('',#6874,0.00246195862644854);
#5847=CYLINDRICAL_SURFACE('',#6877,0.0138152312986006);
#5848=CYLINDRICAL_SURFACE('',#6880,0.00246195862644859);
#5849=CYLINDRICAL_SURFACE('',#6883,0.0138152312986006);
#5850=CYLINDRICAL_SURFACE('',#6886,0.00246195862644858);
#5851=CYLINDRICAL_SURFACE('',#6889,0.0133152312986006);
#5852=CYLINDRICAL_SURFACE('',#6892,0.00246195862644858);
#5853=CYLINDRICAL_SURFACE('',#6895,0.0133152312986006);
#5854=CYLINDRICAL_SURFACE('',#6898,0.00246195862644859);
#5855=CYLINDRICAL_SURFACE('',#6901,0.0133152312986006);
#5856=CYLINDRICAL_SURFACE('',#6904,0.0024619586264454);
#5857=CYLINDRICAL_SURFACE('',#6910,0.0186192106394141);
#5858=CYLINDRICAL_SURFACE('',#6913,0.0186192106394141);
#5859=CYLINDRICAL_SURFACE('',#6916,0.00688628608300405);
#5860=CYLINDRICAL_SURFACE('',#6919,0.0186192106394141);
#5861=CYLINDRICAL_SURFACE('',#6922,0.00688628608300478);
#5862=CYLINDRICAL_SURFACE('',#6925,0.0186192106394141);
#5863=CYLINDRICAL_SURFACE('',#6928,0.00688628608300405);
#5864=CYLINDRICAL_SURFACE('',#6931,0.0186192106394141);
#5865=CYLINDRICAL_SURFACE('',#6934,0.00688628608300349);
#5866=CYLINDRICAL_SURFACE('',#6937,0.0186192106394142);
#5867=CYLINDRICAL_SURFACE('',#6940,0.00688628608300406);
#5868=CYLINDRICAL_SURFACE('',#6943,0.0201373665934643);
#5869=CYLINDRICAL_SURFACE('',#6946,0.00688628608299723);
#5870=CYLINDRICAL_SURFACE('',#6949,0.00608628608300405);
#5871=CYLINDRICAL_SURFACE('',#6955,0.0186687215563703);
#5872=CYLINDRICAL_SURFACE('',#6958,0.0201373665934643);
#5873=CYLINDRICAL_SURFACE('',#6964,0.0187797544651319);
#5874=CYLINDRICAL_SURFACE('',#6967,0.0187797544651319);
#5875=CYLINDRICAL_SURFACE('',#6970,0.0187797544651319);
#5876=CYLINDRICAL_SURFACE('',#6976,0.0201373665934643);
#5877=CYLINDRICAL_SURFACE('',#6979,0.0531838009388406);
#5878=CYLINDRICAL_SURFACE('',#6982,0.00399793226613026);
#5879=CYLINDRICAL_SURFACE('',#6988,0.0100811002669362);
#5880=CYLINDRICAL_SURFACE('',#6991,0.0100811002669362);
#5881=CYLINDRICAL_SURFACE('',#6994,0.0083354567501151);
#5882=CYLINDRICAL_SURFACE('',#6997,0.00833545675011515);
#5883=CYLINDRICAL_SURFACE('',#7000,0.00402615527188602);
#5884=CYLINDRICAL_SURFACE('',#7003,0.00833545675011518);
#5885=CYLINDRICAL_SURFACE('',#7006,0.00833545675011514);
#5886=CYLINDRICAL_SURFACE('',#7009,0.00402615527188601);
#5887=CYLINDRICAL_SURFACE('',#7012,0.00833545675011502);
#5888=CYLINDRICAL_SURFACE('',#7015,0.00833545675011499);
#5889=CYLINDRICAL_SURFACE('',#7018,0.00402615527188602);
#5890=CYLINDRICAL_SURFACE('',#7021,0.00833545675011506);
#5891=CYLINDRICAL_SURFACE('',#7024,0.0083354567501151);
#5892=CYLINDRICAL_SURFACE('',#7027,0.0083354567501151);
#5893=CYLINDRICAL_SURFACE('',#7030,0.0100811002669362);
#5894=CYLINDRICAL_SURFACE('',#7033,0.00942361351538787);
#5895=CYLINDRICAL_SURFACE('',#7036,0.00942361351538787);
#5896=CYLINDRICAL_SURFACE('',#7039,0.00942361351538788);
#5897=CYLINDRICAL_SURFACE('',#7042,0.0201373665934643);
#5898=CYLINDRICAL_SURFACE('',#7049,0.0143011129565707);
#5899=CYLINDRICAL_SURFACE('',#7053,0.0147395690362002);
#5900=CYLINDRICAL_SURFACE('',#7058,0.0147395690362002);
#5901=CYLINDRICAL_SURFACE('',#7063,0.0147395690362002);
#5902=CYLINDRICAL_SURFACE('',#7068,0.0143011129565707);
#5903=CYLINDRICAL_SURFACE('',#7072,0.0143011129565707);
#5904=CYLINDRICAL_SURFACE('',#7076,0.011215041968233);
#5905=CYLINDRICAL_SURFACE('',#7080,0.011215041968233);
#5906=CYLINDRICAL_SURFACE('',#7084,0.011215041968233);
#5907=CYLINDRICAL_SURFACE('',#7091,0.0131187537177354);
#5908=CYLINDRICAL_SURFACE('',#7096,0.0196373665934643);
#5909=CYLINDRICAL_SURFACE('',#7100,0.0196373665934643);
#5910=CYLINDRICAL_SURFACE('',#7104,0.0131187537177354);
#5911=CYLINDRICAL_SURFACE('',#7107,0.0025211902260898);
#5912=CYLINDRICAL_SURFACE('',#7110,0.0196373665934643);
#5913=CYLINDRICAL_SURFACE('',#7113,0.0131187537177354);
#5914=CYLINDRICAL_SURFACE('',#7117,0.0201373665934643);
#5915=CYLINDRICAL_SURFACE('',#7123,0.0185557741677744);
#5916=CYLINDRICAL_SURFACE('',#7126,0.0185557741677744);
#5917=CYLINDRICAL_SURFACE('',#7129,0.0185557741677744);
#5918=CYLINDRICAL_SURFACE('',#7132,0.0185557741677744);
#5919=CYLINDRICAL_SURFACE('',#7135,0.0201373665934643);
#5920=CYLINDRICAL_SURFACE('',#7139,0.0045309594653858);
#5921=CYLINDRICAL_SURFACE('',#7145,0.0188480476267432);
#5922=CYLINDRICAL_SURFACE('',#7148,0.0188480476267432);
#5923=CYLINDRICAL_SURFACE('',#7151,0.00275726128776459);
#5924=CYLINDRICAL_SURFACE('',#7154,0.0188480476267432);
#5925=CYLINDRICAL_SURFACE('',#7157,0.0201373665934643);
#5926=CYLINDRICAL_SURFACE('',#7163,0.0201373665934643);
#5927=CYLINDRICAL_SURFACE('',#7169,0.0055);
#5928=CYLINDRICAL_SURFACE('',#7172,0.0201373665934643);
#5929=CYLINDRICAL_SURFACE('',#7175,0.0055);
#5930=CYLINDRICAL_SURFACE('',#7178,0.0055);
#5931=CYLINDRICAL_SURFACE('',#7181,0.0025);
#5932=CYLINDRICAL_SURFACE('',#7187,0.0201373665934643);
#5933=CYLINDRICAL_SURFACE('',#7190,0.0055);
#5934=CYLINDRICAL_SURFACE('',#7193,0.0055);
#5935=CYLINDRICAL_SURFACE('',#7196,0.0055);
#5936=CYLINDRICAL_SURFACE('',#7199,0.0025);
#5937=CYLINDRICAL_SURFACE('',#7205,0.0055);
#5938=CYLINDRICAL_SURFACE('',#7208,0.0201373665934643);
#5939=CYLINDRICAL_SURFACE('',#7211,0.0055);
#5940=CYLINDRICAL_SURFACE('',#7214,0.0055);
#5941=CYLINDRICAL_SURFACE('',#7217,0.0025);
#5942=CYLINDRICAL_SURFACE('',#7223,0.0055);
#5943=CYLINDRICAL_SURFACE('',#7226,0.0201373665934643);
#5944=CYLINDRICAL_SURFACE('',#7229,0.0055);
#5945=CYLINDRICAL_SURFACE('',#7232,0.0055);
#5946=CYLINDRICAL_SURFACE('',#7235,0.0025);
#5947=CYLINDRICAL_SURFACE('',#7241,0.0055);
#5948=CYLINDRICAL_SURFACE('',#7244,0.0055);
#5949=CYLINDRICAL_SURFACE('',#7247,0.0055);
#5950=CYLINDRICAL_SURFACE('',#7250,0.0025);
#5951=CYLINDRICAL_SURFACE('',#7253,0.0201373665934643);
#5952=CYLINDRICAL_SURFACE('',#7259,0.0055);
#5953=CYLINDRICAL_SURFACE('',#7262,0.0201373665934643);
#5954=CYLINDRICAL_SURFACE('',#7265,0.0055);
#5955=CYLINDRICAL_SURFACE('',#7268,0.0055);
#5956=CYLINDRICAL_SURFACE('',#7271,0.0025);
#5957=CYLINDRICAL_SURFACE('',#7277,0.0055);
#5958=CYLINDRICAL_SURFACE('',#7280,0.0055);
#5959=CYLINDRICAL_SURFACE('',#7283,0.0055);
#5960=CYLINDRICAL_SURFACE('',#7286,0.0025);
#5961=CYLINDRICAL_SURFACE('',#7289,0.0201373665934643);
#5962=CYLINDRICAL_SURFACE('',#7295,0.0055);
#5963=CYLINDRICAL_SURFACE('',#7298,0.0201373665934643);
#5964=CYLINDRICAL_SURFACE('',#7301,0.0055);
#5965=CYLINDRICAL_SURFACE('',#7304,0.0055);
#5966=CYLINDRICAL_SURFACE('',#7307,0.0025);
#5967=CYLINDRICAL_SURFACE('',#7313,0.0055);
#5968=CYLINDRICAL_SURFACE('',#7316,0.0201373665934643);
#5969=CYLINDRICAL_SURFACE('',#7319,0.0055);
#5970=CYLINDRICAL_SURFACE('',#7322,0.0055);
#5971=CYLINDRICAL_SURFACE('',#7325,0.0025);
#5972=CYLINDRICAL_SURFACE('',#7331,0.0189953384943803);
#5973=CYLINDRICAL_SURFACE('',#7334,0.0201373665934643);
#5974=CYLINDRICAL_SURFACE('',#7340,0.0191373665934643);
#5975=CYLINDRICAL_SURFACE('',#7343,0.0201373665934643);
#5976=CYLINDRICAL_SURFACE('',#7349,0.0188065861988899);
#5977=CYLINDRICAL_SURFACE('',#7352,0.0201373665934643);
#5978=CYLINDRICAL_SURFACE('',#7358,0.0055);
#5979=CYLINDRICAL_SURFACE('',#7361,0.0201373665934643);
#5980=CYLINDRICAL_SURFACE('',#7364,0.0055);
#5981=CYLINDRICAL_SURFACE('',#7367,0.0055);
#5982=CYLINDRICAL_SURFACE('',#7370,0.0025);
#5983=CYLINDRICAL_SURFACE('',#7376,0.0055);
#5984=CYLINDRICAL_SURFACE('',#7379,0.0201373665934643);
#5985=CYLINDRICAL_SURFACE('',#7382,0.0055);
#5986=CYLINDRICAL_SURFACE('',#7385,0.0055);
#5987=CYLINDRICAL_SURFACE('',#7388,0.0025);
#5988=CYLINDRICAL_SURFACE('',#7394,0.0055);
#5989=CYLINDRICAL_SURFACE('',#7397,0.0201373665934643);
#5990=CYLINDRICAL_SURFACE('',#7400,0.0055);
#5991=CYLINDRICAL_SURFACE('',#7403,0.0055);
#5992=CYLINDRICAL_SURFACE('',#7406,0.0025);
#5993=ADVANCED_FACE('Face appearance 1',(#5240,#5241),#5797,.T.);
#5994=ADVANCED_FACE('Face appearance 1',(#5242),#958,.T.);
#5995=ADVANCED_FACE('Face appearance 1',(#5243),#959,.F.);
#5996=ADVANCED_FACE('Face appearance 1',(#5244,#5245),#5798,.F.);
#5997=ADVANCED_FACE('Face appearance 1',(#5246,#5247),#5799,.T.);
#5998=ADVANCED_FACE('Face appearance 1',(#5248,#5249),#960,.T.);
#5999=ADVANCED_FACE('Face appearance 1',(#5250,#5251),#961,.F.);
#6000=ADVANCED_FACE('Face appearance 1',(#5252,#5253),#5800,.T.);
#6001=ADVANCED_FACE('Face appearance 1',(#5254),#962,.T.);
#6002=ADVANCED_FACE('Face appearance 1',(#5255),#963,.F.);
#6003=ADVANCED_FACE('Face appearance 1',(#5256,#5257),#5801,.T.);
#6004=ADVANCED_FACE('Face appearance 1',(#5258),#964,.T.);
#6005=ADVANCED_FACE('Face appearance 1',(#5259),#965,.F.);
#6006=ADVANCED_FACE('Face appearance 1',(#5260),#5802,.T.);
#6007=ADVANCED_FACE('Face appearance 1',(#5261),#5803,.T.);
#6008=ADVANCED_FACE('Face appearance 1',(#5262),#5804,.F.);
#6009=ADVANCED_FACE('Face appearance 1',(#5263),#5805,.T.);
#6010=ADVANCED_FACE('Face appearance 1',(#5264),#5806,.F.);
#6011=ADVANCED_FACE('Face appearance 1',(#5265),#5807,.T.);
#6012=ADVANCED_FACE('Face appearance 1',(#5266),#186,.T.);
#6013=ADVANCED_FACE('Face appearance 1',(#5267),#187,.F.);
#6014=ADVANCED_FACE('Face appearance 1',(#5268),#188,.F.);
#6015=ADVANCED_FACE('Face appearance 1',(#5269),#189,.T.);
#6016=ADVANCED_FACE('Face appearance 1',(#5270),#5808,.T.);
#6017=ADVANCED_FACE('Face appearance 1',(#5271),#5809,.F.);
#6018=ADVANCED_FACE('Face appearance 1',(#5272),#5810,.F.);
#6019=ADVANCED_FACE('Face appearance 1',(#5273),#5811,.T.);
#6020=ADVANCED_FACE('Face appearance 1',(#5274),#5812,.T.);
#6021=ADVANCED_FACE('Face appearance 1',(#5275),#5813,.F.);
#6022=ADVANCED_FACE('Face appearance 1',(#5276),#5814,.T.);
#6023=ADVANCED_FACE('Face appearance 1',(#5277),#5815,.F.);
#6024=ADVANCED_FACE('Face appearance 1',(#5278),#5816,.F.);
#6025=ADVANCED_FACE('Face appearance 1',(#5279),#190,.F.);
#6026=ADVANCED_FACE('Face appearance 1',(#5280),#5817,.F.);
#6027=ADVANCED_FACE('Face appearance 1',(#5281),#191,.T.);
#6028=ADVANCED_FACE('Face appearance 1',(#5282),#192,.F.);
#6029=ADVANCED_FACE('Face appearance 1',(#5283),#193,.T.);
#6030=ADVANCED_FACE('Face appearance 1',(#5284),#194,.F.);
#6031=ADVANCED_FACE('Face appearance 1',(#5285),#195,.T.);
#6032=ADVANCED_FACE('Face appearance 1',(#5286),#196,.F.);
#6033=ADVANCED_FACE('Face appearance 1',(#5287),#197,.F.);
#6034=ADVANCED_FACE('Face appearance 1',(#5288),#198,.T.);
#6035=ADVANCED_FACE('Face appearance 1',(#5289),#199,.T.);
#6036=ADVANCED_FACE('Face appearance 1',(#5290),#200,.F.);
#6037=ADVANCED_FACE('Face appearance 1',(#5291),#201,.T.);
#6038=ADVANCED_FACE('Face appearance 1',(#5292),#202,.F.);
#6039=ADVANCED_FACE('Face appearance 1',(#5293),#203,.F.);
#6040=ADVANCED_FACE('Face appearance 1',(#5294),#204,.T.);
#6041=ADVANCED_FACE('Face appearance 1',(#5295),#205,.T.);
#6042=ADVANCED_FACE('Face appearance 1',(#5296),#206,.T.);
#6043=ADVANCED_FACE('Face appearance 1',(#5297),#5818,.T.);
#6044=ADVANCED_FACE('Face appearance 1',(#5298),#5819,.T.);
#6045=ADVANCED_FACE('Face appearance 1',(#5299),#5820,.T.);
#6046=ADVANCED_FACE('Face appearance 1',(#5300),#207,.F.);
#6047=ADVANCED_FACE('Face appearance 1',(#5301),#208,.T.);
#6048=ADVANCED_FACE('Face appearance 1',(#5302),#5821,.T.);
#6049=ADVANCED_FACE('Face appearance 1',(#5303),#5822,.T.);
#6050=ADVANCED_FACE('Face appearance 1',(#5304),#209,.F.);
#6051=ADVANCED_FACE('Face appearance 1',(#5305),#210,.T.);
#6052=ADVANCED_FACE('Face appearance 1',(#5306),#211,.F.);
#6053=ADVANCED_FACE('Face appearance 1',(#5307),#212,.F.);
#6054=ADVANCED_FACE('Face appearance 1',(#5308),#213,.F.);
#6055=ADVANCED_FACE('Face appearance 1',(#5309),#5823,.T.);
#6056=ADVANCED_FACE('Face appearance 1',(#5310),#214,.F.);
#6057=ADVANCED_FACE('Face appearance 1',(#5311),#215,.T.);
#6058=ADVANCED_FACE('Face appearance 1',(#5312),#5824,.T.);
#6059=ADVANCED_FACE('Face appearance 1',(#5313),#216,.T.);
#6060=ADVANCED_FACE('Face appearance 1',(#5314),#5825,.F.);
#6061=ADVANCED_FACE('Face appearance 1',(#5315),#5826,.F.);
#6062=ADVANCED_FACE('Face appearance 1',(#5316),#217,.T.);
#6063=ADVANCED_FACE('Face appearance 1',(#5317),#218,.T.);
#6064=ADVANCED_FACE('Face appearance 1',(#5318),#219,.T.);
#6065=ADVANCED_FACE('Face appearance 1',(#5319),#220,.F.);
#6066=ADVANCED_FACE('Face appearance 1',(#5320),#221,.F.);
#6067=ADVANCED_FACE('Face appearance 1',(#5321),#5827,.T.);
#6068=ADVANCED_FACE('Face appearance 1',(#5322),#5828,.T.);
#6069=ADVANCED_FACE('Face appearance 1',(#5323),#5829,.T.);
#6070=ADVANCED_FACE('Face appearance 1',(#5324),#5830,.F.);
#6071=ADVANCED_FACE('Face appearance 1',(#5325),#5831,.F.);
#6072=ADVANCED_FACE('Face appearance 1',(#5326),#222,.F.);
#6073=ADVANCED_FACE('Face appearance 1',(#5327,#5328,#5329,#5330,#5331,
#5332,#5333,#5334,#5335,#5336,#5337,#5338,#5339,#5340,#5341,#5342,#5343),
#966,.T.);
#6074=ADVANCED_FACE('Face appearance 1',(#5344,#5345,#5346,#5347,#5348,
#5349,#5350,#5351,#5352,#5353,#5354,#5355,#5356,#5357,#5358,#5359,#5360),
#967,.F.);
#6075=ADVANCED_FACE('Face appearance 1',(#5361),#5832,.T.);
#6076=ADVANCED_FACE('Face appearance 1',(#5362),#5833,.F.);
#6077=ADVANCED_FACE('Face appearance 1',(#5363),#5834,.F.);
#6078=ADVANCED_FACE('Face appearance 1',(#5364),#223,.T.);
#6079=ADVANCED_FACE('Face appearance 1',(#5365),#224,.F.);
#6080=ADVANCED_FACE('Face appearance 1',(#5366),#5835,.T.);
#6081=ADVANCED_FACE('Face appearance 1',(#5367),#225,.T.);
#6082=ADVANCED_FACE('Face appearance 1',(#5368),#5836,.T.);
#6083=ADVANCED_FACE('Face appearance 1',(#5369),#226,.F.);
#6084=ADVANCED_FACE('Face appearance 1',(#5370),#227,.T.);
#6085=ADVANCED_FACE('Face appearance 1',(#5371),#5837,.T.);
#6086=ADVANCED_FACE('Face appearance 1',(#5372),#228,.F.);
#6087=ADVANCED_FACE('Face appearance 1',(#5373),#5838,.T.);
#6088=ADVANCED_FACE('Face appearance 1',(#5374),#229,.F.);
#6089=ADVANCED_FACE('Face appearance 1',(#5375,#5376),#5839,.F.);
#6090=ADVANCED_FACE('Face appearance 1',(#5377,#5378),#5840,.F.);
#6091=ADVANCED_FACE('Face appearance 1',(#5379),#5841,.T.);
#6092=ADVANCED_FACE('Face appearance 1',(#5380),#5842,.T.);
#6093=ADVANCED_FACE('Face appearance 1',(#5381,#5382),#5843,.F.);
#6094=ADVANCED_FACE('Face appearance 1',(#5383,#5384,#5385,#5386,#5387),
#968,.T.);
#6095=ADVANCED_FACE('Face appearance 1',(#5388,#5389,#5390,#5391,#5392),
#969,.F.);
#6096=ADVANCED_FACE('Face appearance 1',(#5393),#230,.F.);
#6097=ADVANCED_FACE('Face appearance 1',(#5394),#231,.F.);
#6098=ADVANCED_FACE('Face appearance 1',(#5395),#5844,.T.);
#6099=ADVANCED_FACE('Face appearance 1',(#5396),#5845,.T.);
#6100=ADVANCED_FACE('Face appearance 1',(#5397),#232,.F.);
#6101=ADVANCED_FACE('Face appearance 1',(#5398),#233,.F.);
#6102=ADVANCED_FACE('Face appearance 1',(#5399),#5846,.T.);
#6103=ADVANCED_FACE('Face appearance 1',(#5400),#5847,.T.);
#6104=ADVANCED_FACE('Face appearance 1',(#5401),#234,.F.);
#6105=ADVANCED_FACE('Face appearance 1',(#5402),#235,.F.);
#6106=ADVANCED_FACE('Face appearance 1',(#5403),#5848,.T.);
#6107=ADVANCED_FACE('Face appearance 1',(#5404),#5849,.T.);
#6108=ADVANCED_FACE('Face appearance 1',(#5405),#5850,.T.);
#6109=ADVANCED_FACE('Face appearance 1',(#5406),#5851,.F.);
#6110=ADVANCED_FACE('Face appearance 1',(#5407),#5852,.T.);
#6111=ADVANCED_FACE('Face appearance 1',(#5408),#5853,.F.);
#6112=ADVANCED_FACE('Face appearance 1',(#5409),#5854,.T.);
#6113=ADVANCED_FACE('Face appearance 1',(#5410),#5855,.F.);
#6114=ADVANCED_FACE('Face appearance 1',(#5411),#5856,.T.);
#6115=ADVANCED_FACE('Face appearance 1',(#5412,#5413),#970,.T.);
#6116=ADVANCED_FACE('Face appearance 1',(#5414,#5415),#971,.F.);
#6117=ADVANCED_FACE('Face appearance 1',(#5416),#236,.F.);
#6118=ADVANCED_FACE('Face appearance 1',(#5417),#5857,.F.);
#6119=ADVANCED_FACE('Face appearance 1',(#5418),#237,.F.);
#6120=ADVANCED_FACE('Face appearance 1',(#5419),#5858,.F.);
#6121=ADVANCED_FACE('Face appearance 1',(#5420),#238,.T.);
#6122=ADVANCED_FACE('Face appearance 1',(#5421),#5859,.T.);
#6123=ADVANCED_FACE('Face appearance 1',(#5422),#5860,.F.);
#6124=ADVANCED_FACE('Face appearance 1',(#5423),#239,.T.);
#6125=ADVANCED_FACE('Face appearance 1',(#5424),#5861,.T.);
#6126=ADVANCED_FACE('Face appearance 1',(#5425),#5862,.F.);
#6127=ADVANCED_FACE('Face appearance 1',(#5426),#240,.T.);
#6128=ADVANCED_FACE('Face appearance 1',(#5427),#5863,.T.);
#6129=ADVANCED_FACE('Face appearance 1',(#5428),#5864,.F.);
#6130=ADVANCED_FACE('Face appearance 1',(#5429),#241,.T.);
#6131=ADVANCED_FACE('Face appearance 1',(#5430),#5865,.T.);
#6132=ADVANCED_FACE('Face appearance 1',(#5431),#5866,.F.);
#6133=ADVANCED_FACE('Face appearance 1',(#5432),#242,.T.);
#6134=ADVANCED_FACE('Face appearance 1',(#5433),#5867,.T.);
#6135=ADVANCED_FACE('Face appearance 1',(#5434,#5435),#5868,.T.);
#6136=ADVANCED_FACE('Face appearance 1',(#5436),#5869,.T.);
#6137=ADVANCED_FACE('Face appearance 1',(#5437),#243,.T.);
#6138=ADVANCED_FACE('Face appearance 1',(#5438),#244,.T.);
#6139=ADVANCED_FACE('Face appearance 1',(#5439),#245,.T.);
#6140=ADVANCED_FACE('Face appearance 1',(#5440),#246,.T.);
#6141=ADVANCED_FACE('Face appearance 1',(#5441),#247,.F.);
#6142=ADVANCED_FACE('Face appearance 1',(#5442,#5443),#5870,.F.);
#6143=ADVANCED_FACE('Face appearance 1',(#5444,#5445,#5446,#5447,#5448,
#5449,#5450,#5451),#972,.T.);
#6144=ADVANCED_FACE('Face appearance 1',(#5452,#5453,#5454,#5455,#5456,
#5457,#5458,#5459),#973,.F.);
#6145=ADVANCED_FACE('Face appearance 1',(#5460),#5871,.F.);
#6146=ADVANCED_FACE('Face appearance 1',(#5461),#248,.F.);
#6147=ADVANCED_FACE('Face appearance 1',(#5462),#249,.T.);
#6148=ADVANCED_FACE('Face appearance 1',(#5463,#5464),#5872,.T.);
#6149=ADVANCED_FACE('Face appearance 1',(#5465,#5466),#974,.T.);
#6150=ADVANCED_FACE('Face appearance 1',(#5467,#5468),#975,.F.);
#6151=ADVANCED_FACE('Face appearance 1',(#5469),#250,.F.);
#6152=ADVANCED_FACE('Face appearance 1',(#5470),#251,.T.);
#6153=ADVANCED_FACE('Face appearance 1',(#5471),#252,.T.);
#6154=ADVANCED_FACE('Face appearance 1',(#5472),#253,.F.);
#6155=ADVANCED_FACE('Face appearance 1',(#5473),#254,.T.);
#6156=ADVANCED_FACE('Face appearance 1',(#5474),#255,.T.);
#6157=ADVANCED_FACE('Face appearance 1',(#5475),#256,.T.);
#6158=ADVANCED_FACE('Face appearance 1',(#5476),#5873,.F.);
#6159=ADVANCED_FACE('Face appearance 1',(#5477),#5874,.F.);
#6160=ADVANCED_FACE('Face appearance 1',(#5478),#257,.F.);
#6161=ADVANCED_FACE('Face appearance 1',(#5479),#5875,.F.);
#6162=ADVANCED_FACE('Face appearance 1',(#5480),#258,.T.);
#6163=ADVANCED_FACE('Face appearance 1',(#5481),#976,.F.);
#6164=ADVANCED_FACE('Face appearance 1',(#5482),#977,.T.);
#6165=ADVANCED_FACE('Face appearance 1',(#5483),#978,.T.);
#6166=ADVANCED_FACE('Face appearance 1',(#5484,#5485),#5876,.T.);
#6167=ADVANCED_FACE('Face appearance 1',(#5486),#5877,.T.);
#6168=ADVANCED_FACE('Face appearance 1',(#5487),#259,.F.);
#6169=ADVANCED_FACE('Face appearance 1',(#5488),#260,.T.);
#6170=ADVANCED_FACE('Face appearance 1',(#5489,#5490),#5878,.F.);
#6171=ADVANCED_FACE('Face appearance 1',(#5491,#5492,#5493,#5494,#5495,
#5496,#5497,#5498),#979,.T.);
#6172=ADVANCED_FACE('Face appearance 1',(#5499,#5500,#5501,#5502,#5503,
#5504,#5505,#5506),#980,.F.);
#6173=ADVANCED_FACE('Face appearance 1',(#5507),#5879,.T.);
#6174=ADVANCED_FACE('Face appearance 1',(#5508),#5880,.T.);
#6175=ADVANCED_FACE('Face appearance 1',(#5509),#5881,.F.);
#6176=ADVANCED_FACE('Face appearance 1',(#5510),#5882,.F.);
#6177=ADVANCED_FACE('Face appearance 1',(#5511),#5883,.T.);
#6178=ADVANCED_FACE('Face appearance 1',(#5512),#5884,.F.);
#6179=ADVANCED_FACE('Face appearance 1',(#5513),#5885,.F.);
#6180=ADVANCED_FACE('Face appearance 1',(#5514),#5886,.T.);
#6181=ADVANCED_FACE('Face appearance 1',(#5515),#5887,.F.);
#6182=ADVANCED_FACE('Face appearance 1',(#5516),#5888,.F.);
#6183=ADVANCED_FACE('Face appearance 1',(#5517),#5889,.T.);
#6184=ADVANCED_FACE('Face appearance 1',(#5518),#5890,.F.);
#6185=ADVANCED_FACE('Face appearance 1',(#5519),#5891,.F.);
#6186=ADVANCED_FACE('Face appearance 1',(#5520),#5892,.F.);
#6187=ADVANCED_FACE('Face appearance 1',(#5521),#5893,.T.);
#6188=ADVANCED_FACE('Face appearance 1',(#5522),#5894,.F.);
#6189=ADVANCED_FACE('Face appearance 1',(#5523),#5895,.F.);
#6190=ADVANCED_FACE('Face appearance 1',(#5524),#5896,.F.);
#6191=ADVANCED_FACE('Face appearance 1',(#5525,#5526),#5897,.T.);
#6192=ADVANCED_FACE('Face appearance 1',(#5527,#5528,#5529,#5530,#5531,
#5532,#5533),#981,.T.);
#6193=ADVANCED_FACE('Face appearance 1',(#5534,#5535,#5536,#5537,#5538,
#5539,#5540),#982,.F.);
#6194=ADVANCED_FACE('Face appearance 1',(#5541),#983,.F.);
#6195=ADVANCED_FACE('Face appearance 1',(#5542),#5898,.F.);
#6196=ADVANCED_FACE('Face appearance 1',(#5543),#984,.F.);
#6197=ADVANCED_FACE('Face appearance 1',(#5544),#5899,.T.);
#6198=ADVANCED_FACE('Face appearance 1',(#5545),#985,.F.);
#6199=ADVANCED_FACE('Face appearance 1',(#5546),#986,.F.);
#6200=ADVANCED_FACE('Face appearance 1',(#5547),#5900,.T.);
#6201=ADVANCED_FACE('Face appearance 1',(#5548),#987,.T.);
#6202=ADVANCED_FACE('Face appearance 1',(#5549),#988,.T.);
#6203=ADVANCED_FACE('Face appearance 1',(#5550),#5901,.T.);
#6204=ADVANCED_FACE('Face appearance 1',(#5551),#989,.T.);
#6205=ADVANCED_FACE('Face appearance 1',(#5552),#990,.T.);
#6206=ADVANCED_FACE('Face appearance 1',(#5553),#5902,.F.);
#6207=ADVANCED_FACE('Face appearance 1',(#5554),#991,.F.);
#6208=ADVANCED_FACE('Face appearance 1',(#5555),#5903,.F.);
#6209=ADVANCED_FACE('Face appearance 1',(#5556),#992,.T.);
#6210=ADVANCED_FACE('Face appearance 1',(#5557),#5904,.T.);
#6211=ADVANCED_FACE('Face appearance 1',(#5558),#993,.F.);
#6212=ADVANCED_FACE('Face appearance 1',(#5559),#5905,.T.);
#6213=ADVANCED_FACE('Face appearance 1',(#5560),#994,.T.);
#6214=ADVANCED_FACE('Face appearance 1',(#5561),#5906,.T.);
#6215=ADVANCED_FACE('Face appearance 1',(#5562,#5563,#5564,#5565),#995,
 .T.);
#6216=ADVANCED_FACE('Face appearance 1',(#5566,#5567,#5568,#5569),#996,
 .F.);
#6217=ADVANCED_FACE('Face appearance 1',(#5570),#997,.F.);
#6218=ADVANCED_FACE('Face appearance 1',(#5571),#5907,.T.);
#6219=ADVANCED_FACE('Face appearance 1',(#5572),#998,.T.);
#6220=ADVANCED_FACE('Face appearance 1',(#5573),#999,.F.);
#6221=ADVANCED_FACE('Face appearance 1',(#5574),#5908,.F.);
#6222=ADVANCED_FACE('Face appearance 1',(#5575),#1000,.F.);
#6223=ADVANCED_FACE('Face appearance 1',(#5576),#5909,.F.);
#6224=ADVANCED_FACE('Face appearance 1',(#5577),#1001,.F.);
#6225=ADVANCED_FACE('Face appearance 1',(#5578),#5910,.T.);
#6226=ADVANCED_FACE('Face appearance 1',(#5579,#5580),#5911,.F.);
#6227=ADVANCED_FACE('Face appearance 1',(#5581),#5912,.F.);
#6228=ADVANCED_FACE('Face appearance 1',(#5582),#5913,.T.);
#6229=ADVANCED_FACE('Face appearance 1',(#5583),#1002,.T.);
#6230=ADVANCED_FACE('Face appearance 1',(#5584,#5585),#5914,.T.);
#6231=ADVANCED_FACE('Face appearance 1',(#5586,#5587,#5588,#5589,#5590),
#1003,.T.);
#6232=ADVANCED_FACE('Face appearance 1',(#5591,#5592,#5593,#5594,#5595),
#1004,.F.);
#6233=ADVANCED_FACE('Face appearance 1',(#5596),#261,.T.);
#6234=ADVANCED_FACE('Face appearance 1',(#5597),#5915,.F.);
#6235=ADVANCED_FACE('Face appearance 1',(#5598),#5916,.F.);
#6236=ADVANCED_FACE('Face appearance 1',(#5599),#262,.T.);
#6237=ADVANCED_FACE('Face appearance 1',(#5600),#5917,.F.);
#6238=ADVANCED_FACE('Face appearance 1',(#5601),#263,.T.);
#6239=ADVANCED_FACE('Face appearance 1',(#5602),#5918,.F.);
#6240=ADVANCED_FACE('Face appearance 1',(#5603),#264,.T.);
#6241=ADVANCED_FACE('Face appearance 1',(#5604,#5605),#5919,.T.);
#6242=ADVANCED_FACE('Face appearance 1',(#5606),#265,.T.);
#6243=ADVANCED_FACE('Face appearance 1',(#5607),#266,.T.);
#6244=ADVANCED_FACE('Face appearance 1',(#5608),#1005,.T.);
#6245=ADVANCED_FACE('Face appearance 1',(#5609),#267,.T.);
#6246=ADVANCED_FACE('Face appearance 1',(#5610,#5611),#5920,.F.);
#6247=ADVANCED_FACE('Face appearance 1',(#5612,#5613,#5614,#5615,#5616,
#5617),#1006,.T.);
#6248=ADVANCED_FACE('Face appearance 1',(#5618,#5619,#5620,#5621,#5622,
#5623),#1007,.F.);
#6249=ADVANCED_FACE('Face appearance 1',(#5624),#268,.T.);
#6250=ADVANCED_FACE('Face appearance 1',(#5625),#5921,.F.);
#6251=ADVANCED_FACE('Face appearance 1',(#5626),#5922,.F.);
#6252=ADVANCED_FACE('Face appearance 1',(#5627,#5628),#5923,.F.);
#6253=ADVANCED_FACE('Face appearance 1',(#5629),#5924,.F.);
#6254=ADVANCED_FACE('Face appearance 1',(#5630),#269,.T.);
#6255=ADVANCED_FACE('Face appearance 1',(#5631),#270,.T.);
#6256=ADVANCED_FACE('Face appearance 1',(#5632,#5633),#5925,.T.);
#6257=ADVANCED_FACE('Face appearance 1',(#5634,#5635,#5636,#5637,#5638),
#1008,.T.);
#6258=ADVANCED_FACE('Face appearance 1',(#5639,#5640,#5641,#5642,#5643),
#1009,.F.);
#6259=ADVANCED_FACE('Face appearance 1',(#5644),#271,.T.);
#6260=ADVANCED_FACE('Face appearance 1',(#5645),#272,.F.);
#6261=ADVANCED_FACE('Face appearance 1',(#5646,#5647),#5926,.T.);
#6262=ADVANCED_FACE('Face appearance 1',(#5648),#273,.T.);
#6263=ADVANCED_FACE('Face appearance 1',(#5649,#5650),#1010,.T.);
#6264=ADVANCED_FACE('Face appearance 1',(#5651,#5652),#1011,.F.);
#6265=ADVANCED_FACE('',(#5653),#5927,.F.);
#6266=ADVANCED_FACE('',(#5654),#5928,.T.);
#6267=ADVANCED_FACE('',(#5655),#5929,.F.);
#6268=ADVANCED_FACE('',(#5656),#5930,.T.);
#6269=ADVANCED_FACE('',(#5657,#5658),#5931,.F.);
#6270=ADVANCED_FACE('',(#5659,#5660),#1012,.T.);
#6271=ADVANCED_FACE('',(#5661,#5662),#1013,.F.);
#6272=ADVANCED_FACE('',(#5663),#5932,.T.);
#6273=ADVANCED_FACE('',(#5664),#5933,.F.);
#6274=ADVANCED_FACE('',(#5665),#5934,.T.);
#6275=ADVANCED_FACE('',(#5666),#5935,.F.);
#6276=ADVANCED_FACE('',(#5667,#5668),#5936,.F.);
#6277=ADVANCED_FACE('',(#5669,#5670),#1014,.T.);
#6278=ADVANCED_FACE('',(#5671,#5672),#1015,.F.);
#6279=ADVANCED_FACE('',(#5673),#5937,.F.);
#6280=ADVANCED_FACE('',(#5674),#5938,.T.);
#6281=ADVANCED_FACE('',(#5675),#5939,.F.);
#6282=ADVANCED_FACE('',(#5676),#5940,.T.);
#6283=ADVANCED_FACE('',(#5677,#5678),#5941,.F.);
#6284=ADVANCED_FACE('',(#5679,#5680),#1016,.T.);
#6285=ADVANCED_FACE('',(#5681,#5682),#1017,.F.);
#6286=ADVANCED_FACE('',(#5683),#5942,.F.);
#6287=ADVANCED_FACE('',(#5684),#5943,.T.);
#6288=ADVANCED_FACE('',(#5685),#5944,.F.);
#6289=ADVANCED_FACE('',(#5686),#5945,.T.);
#6290=ADVANCED_FACE('',(#5687,#5688),#5946,.F.);
#6291=ADVANCED_FACE('',(#5689,#5690),#1018,.T.);
#6292=ADVANCED_FACE('',(#5691,#5692),#1019,.F.);
#6293=ADVANCED_FACE('',(#5693),#5947,.F.);
#6294=ADVANCED_FACE('',(#5694),#5948,.T.);
#6295=ADVANCED_FACE('',(#5695),#5949,.F.);
#6296=ADVANCED_FACE('',(#5696,#5697),#5950,.F.);
#6297=ADVANCED_FACE('',(#5698),#5951,.T.);
#6298=ADVANCED_FACE('',(#5699,#5700),#1020,.T.);
#6299=ADVANCED_FACE('',(#5701,#5702),#1021,.F.);
#6300=ADVANCED_FACE('',(#5703),#5952,.F.);
#6301=ADVANCED_FACE('',(#5704),#5953,.T.);
#6302=ADVANCED_FACE('',(#5705),#5954,.F.);
#6303=ADVANCED_FACE('',(#5706),#5955,.T.);
#6304=ADVANCED_FACE('',(#5707,#5708),#5956,.F.);
#6305=ADVANCED_FACE('',(#5709,#5710),#1022,.T.);
#6306=ADVANCED_FACE('',(#5711,#5712),#1023,.F.);
#6307=ADVANCED_FACE('',(#5713),#5957,.F.);
#6308=ADVANCED_FACE('',(#5714),#5958,.T.);
#6309=ADVANCED_FACE('',(#5715),#5959,.F.);
#6310=ADVANCED_FACE('',(#5716,#5717),#5960,.F.);
#6311=ADVANCED_FACE('',(#5718),#5961,.T.);
#6312=ADVANCED_FACE('',(#5719,#5720),#1024,.T.);
#6313=ADVANCED_FACE('',(#5721,#5722),#1025,.F.);
#6314=ADVANCED_FACE('',(#5723),#5962,.F.);
#6315=ADVANCED_FACE('',(#5724),#5963,.T.);
#6316=ADVANCED_FACE('',(#5725),#5964,.F.);
#6317=ADVANCED_FACE('',(#5726),#5965,.T.);
#6318=ADVANCED_FACE('',(#5727,#5728),#5966,.F.);
#6319=ADVANCED_FACE('',(#5729,#5730),#1026,.T.);
#6320=ADVANCED_FACE('',(#5731,#5732),#1027,.F.);
#6321=ADVANCED_FACE('',(#5733),#5967,.F.);
#6322=ADVANCED_FACE('',(#5734),#5968,.T.);
#6323=ADVANCED_FACE('',(#5735),#5969,.F.);
#6324=ADVANCED_FACE('',(#5736),#5970,.T.);
#6325=ADVANCED_FACE('',(#5737,#5738),#5971,.F.);
#6326=ADVANCED_FACE('',(#5739,#5740),#1028,.T.);
#6327=ADVANCED_FACE('',(#5741,#5742),#1029,.F.);
#6328=ADVANCED_FACE('Face appearance 1',(#5743,#5744),#5972,.F.);
#6329=ADVANCED_FACE('Face appearance 1',(#5745,#5746),#5973,.T.);
#6330=ADVANCED_FACE('Face appearance 1',(#5747,#5748),#1030,.T.);
#6331=ADVANCED_FACE('Face appearance 1',(#5749,#5750),#1031,.F.);
#6332=ADVANCED_FACE('Face appearance 1',(#5751,#5752),#5974,.F.);
#6333=ADVANCED_FACE('Face appearance 1',(#5753,#5754),#5975,.T.);
#6334=ADVANCED_FACE('Face appearance 1',(#5755,#5756),#1032,.T.);
#6335=ADVANCED_FACE('Face appearance 1',(#5757,#5758),#1033,.F.);
#6336=ADVANCED_FACE('Face appearance 1',(#5759,#5760),#5976,.F.);
#6337=ADVANCED_FACE('Face appearance 1',(#5761,#5762),#5977,.T.);
#6338=ADVANCED_FACE('Face appearance 1',(#5763,#5764),#1034,.T.);
#6339=ADVANCED_FACE('Face appearance 1',(#5765,#5766),#1035,.F.);
#6340=ADVANCED_FACE('',(#5767),#5978,.F.);
#6341=ADVANCED_FACE('',(#5768),#5979,.T.);
#6342=ADVANCED_FACE('',(#5769),#5980,.F.);
#6343=ADVANCED_FACE('',(#5770),#5981,.T.);
#6344=ADVANCED_FACE('',(#5771,#5772),#5982,.F.);
#6345=ADVANCED_FACE('',(#5773,#5774),#1036,.T.);
#6346=ADVANCED_FACE('',(#5775,#5776),#1037,.F.);
#6347=ADVANCED_FACE('',(#5777),#5983,.F.);
#6348=ADVANCED_FACE('',(#5778),#5984,.T.);
#6349=ADVANCED_FACE('',(#5779),#5985,.F.);
#6350=ADVANCED_FACE('',(#5780),#5986,.T.);
#6351=ADVANCED_FACE('',(#5781,#5782),#5987,.F.);
#6352=ADVANCED_FACE('',(#5783,#5784),#1038,.T.);
#6353=ADVANCED_FACE('',(#5785,#5786),#1039,.F.);
#6354=ADVANCED_FACE('',(#5787),#5988,.F.);
#6355=ADVANCED_FACE('',(#5788),#5989,.T.);
#6356=ADVANCED_FACE('',(#5789),#5990,.F.);
#6357=ADVANCED_FACE('',(#5790),#5991,.T.);
#6358=ADVANCED_FACE('',(#5791,#5792),#5992,.F.);
#6359=ADVANCED_FACE('',(#5793,#5794),#1040,.T.);
#6360=ADVANCED_FACE('',(#5795,#5796),#1041,.F.);
#6361=CLOSED_SHELL('',(#5993,#5994,#5995));
#6362=CLOSED_SHELL('',(#5996,#5997,#5998,#5999));
#6363=CLOSED_SHELL('',(#6000,#6001,#6002));
#6364=CLOSED_SHELL('',(#6003,#6004,#6005));
#6365=CLOSED_SHELL('',(#6006,#6007,#6008,#6009,#6010,#6011,#6012,#6013,
#6014,#6015,#6016,#6017,#6018,#6019,#6020,#6021,#6022,#6023,#6024,#6025,
#6026,#6027,#6028,#6029,#6030,#6031,#6032,#6033,#6034,#6035,#6036,#6037,
#6038,#6039,#6040,#6041,#6042,#6043,#6044,#6045,#6046,#6047,#6048,#6049,
#6050,#6051,#6052,#6053,#6054,#6055,#6056,#6057,#6058,#6059,#6060,#6061,
#6062,#6063,#6064,#6065,#6066,#6067,#6068,#6069,#6070,#6071,#6072,#6073,
#6074,#6075,#6076,#6077,#6078));
#6366=CLOSED_SHELL('',(#6079,#6080,#6081,#6082,#6083,#6084,#6085,#6086,
#6087,#6088,#6089,#6090,#6091,#6092,#6093,#6094,#6095));
#6367=CLOSED_SHELL('',(#6096,#6097,#6098,#6099,#6100,#6101,#6102,#6103,
#6104,#6105,#6106,#6107,#6108,#6109,#6110,#6111,#6112,#6113,#6114,#6115,
#6116));
#6368=CLOSED_SHELL('',(#6117,#6118,#6119,#6120,#6121,#6122,#6123,#6124,
#6125,#6126,#6127,#6128,#6129,#6130,#6131,#6132,#6133,#6134,#6135,#6136,
#6137,#6138,#6139,#6140,#6141,#6142,#6143,#6144));
#6369=CLOSED_SHELL('',(#6145,#6146,#6147,#6148,#6149,#6150));
#6370=CLOSED_SHELL('',(#6151,#6152,#6153,#6154,#6155,#6156,#6157,#6158,
#6159,#6160,#6161,#6162,#6163,#6164,#6165,#6166,#6167,#6168,#6169,#6170,
#6171,#6172));
#6371=CLOSED_SHELL('',(#6173,#6174,#6175,#6176,#6177,#6178,#6179,#6180,
#6181,#6182,#6183,#6184,#6185,#6186,#6187,#6188,#6189,#6190,#6191,#6192,
#6193));
#6372=CLOSED_SHELL('',(#6194,#6195,#6196,#6197,#6198,#6199,#6200,#6201,
#6202,#6203,#6204,#6205,#6206,#6207,#6208,#6209,#6210,#6211,#6212,#6213,
#6214,#6215,#6216));
#6373=CLOSED_SHELL('',(#6217,#6218,#6219,#6220,#6221,#6222,#6223,#6224,
#6225,#6226,#6227,#6228,#6229,#6230,#6231,#6232));
#6374=CLOSED_SHELL('',(#6233,#6234,#6235,#6236,#6237,#6238,#6239,#6240,
#6241,#6242,#6243,#6244,#6245,#6246,#6247,#6248));
#6375=CLOSED_SHELL('',(#6249,#6250,#6251,#6252,#6253,#6254,#6255,#6256,
#6257,#6258));
#6376=CLOSED_SHELL('',(#6259,#6260,#6261,#6262,#6263,#6264));
#6377=CLOSED_SHELL('',(#6265,#6266,#6267,#6268,#6269,#6270,#6271));
#6378=CLOSED_SHELL('',(#6272,#6273,#6274,#6275,#6276,#6277,#6278));
#6379=CLOSED_SHELL('',(#6279,#6280,#6281,#6282,#6283,#6284,#6285));
#6380=CLOSED_SHELL('',(#6286,#6287,#6288,#6289,#6290,#6291,#6292));
#6381=CLOSED_SHELL('',(#6293,#6294,#6295,#6296,#6297,#6298,#6299));
#6382=CLOSED_SHELL('',(#6300,#6301,#6302,#6303,#6304,#6305,#6306));
#6383=CLOSED_SHELL('',(#6307,#6308,#6309,#6310,#6311,#6312,#6313));
#6384=CLOSED_SHELL('',(#6314,#6315,#6316,#6317,#6318,#6319,#6320));
#6385=CLOSED_SHELL('',(#6321,#6322,#6323,#6324,#6325,#6326,#6327));
#6386=CLOSED_SHELL('',(#6328,#6329,#6330,#6331));
#6387=CLOSED_SHELL('',(#6332,#6333,#6334,#6335));
#6388=CLOSED_SHELL('',(#6336,#6337,#6338,#6339));
#6389=CLOSED_SHELL('',(#6340,#6341,#6342,#6343,#6344,#6345,#6346));
#6390=CLOSED_SHELL('',(#6347,#6348,#6349,#6350,#6351,#6352,#6353));
#6391=CLOSED_SHELL('',(#6354,#6355,#6356,#6357,#6358,#6359,#6360));
#6392=STYLED_ITEM('',(#6423),#6611);
#6393=STYLED_ITEM('',(#6424),#6612);
#6394=STYLED_ITEM('',(#6425),#6613);
#6395=STYLED_ITEM('',(#6426),#6614);
#6396=STYLED_ITEM('',(#6427),#6615);
#6397=STYLED_ITEM('',(#6428),#6616);
#6398=STYLED_ITEM('',(#6429),#6617);
#6399=STYLED_ITEM('',(#6430),#6618);
#6400=STYLED_ITEM('',(#6431),#6619);
#6401=STYLED_ITEM('',(#6432),#6620);
#6402=STYLED_ITEM('',(#6433),#6621);
#6403=STYLED_ITEM('',(#6434),#6622);
#6404=STYLED_ITEM('',(#6435),#6623);
#6405=STYLED_ITEM('',(#6436),#6624);
#6406=STYLED_ITEM('',(#6437),#6625);
#6407=STYLED_ITEM('',(#6438),#6626);
#6408=STYLED_ITEM('',(#6439),#6627);
#6409=STYLED_ITEM('',(#6440),#6628);
#6410=STYLED_ITEM('',(#6441),#6629);
#6411=STYLED_ITEM('',(#6442),#6630);
#6412=STYLED_ITEM('',(#6443),#6631);
#6413=STYLED_ITEM('',(#6444),#6632);
#6414=STYLED_ITEM('',(#6445),#6633);
#6415=STYLED_ITEM('',(#6446),#6634);
#6416=STYLED_ITEM('',(#6447),#6635);
#6417=STYLED_ITEM('',(#6448),#6636);
#6418=STYLED_ITEM('',(#6449),#6637);
#6419=STYLED_ITEM('',(#6450),#6638);
#6420=STYLED_ITEM('',(#6451),#6639);
#6421=STYLED_ITEM('',(#6452),#6640);
#6422=STYLED_ITEM('',(#6453),#6641);
#6423=PRESENTATION_STYLE_ASSIGNMENT((#6454));
#6424=PRESENTATION_STYLE_ASSIGNMENT((#6455));
#6425=PRESENTATION_STYLE_ASSIGNMENT((#6456));
#6426=PRESENTATION_STYLE_ASSIGNMENT((#6457));
#6427=PRESENTATION_STYLE_ASSIGNMENT((#6458));
#6428=PRESENTATION_STYLE_ASSIGNMENT((#6459));
#6429=PRESENTATION_STYLE_ASSIGNMENT((#6460));
#6430=PRESENTATION_STYLE_ASSIGNMENT((#6461));
#6431=PRESENTATION_STYLE_ASSIGNMENT((#6462));
#6432=PRESENTATION_STYLE_ASSIGNMENT((#6463));
#6433=PRESENTATION_STYLE_ASSIGNMENT((#6464));
#6434=PRESENTATION_STYLE_ASSIGNMENT((#6465));
#6435=PRESENTATION_STYLE_ASSIGNMENT((#6466));
#6436=PRESENTATION_STYLE_ASSIGNMENT((#6467));
#6437=PRESENTATION_STYLE_ASSIGNMENT((#6468));
#6438=PRESENTATION_STYLE_ASSIGNMENT((#6469));
#6439=PRESENTATION_STYLE_ASSIGNMENT((#6470));
#6440=PRESENTATION_STYLE_ASSIGNMENT((#6471));
#6441=PRESENTATION_STYLE_ASSIGNMENT((#6472));
#6442=PRESENTATION_STYLE_ASSIGNMENT((#6473));
#6443=PRESENTATION_STYLE_ASSIGNMENT((#6474));
#6444=PRESENTATION_STYLE_ASSIGNMENT((#6475));
#6445=PRESENTATION_STYLE_ASSIGNMENT((#6476));
#6446=PRESENTATION_STYLE_ASSIGNMENT((#6477));
#6447=PRESENTATION_STYLE_ASSIGNMENT((#6478));
#6448=PRESENTATION_STYLE_ASSIGNMENT((#6479));
#6449=PRESENTATION_STYLE_ASSIGNMENT((#6480));
#6450=PRESENTATION_STYLE_ASSIGNMENT((#6481));
#6451=PRESENTATION_STYLE_ASSIGNMENT((#6482));
#6452=PRESENTATION_STYLE_ASSIGNMENT((#6483));
#6453=PRESENTATION_STYLE_ASSIGNMENT((#6484));
#6454=SURFACE_STYLE_USAGE(.BOTH.,#6485);
#6455=SURFACE_STYLE_USAGE(.BOTH.,#6486);
#6456=SURFACE_STYLE_USAGE(.BOTH.,#6487);
#6457=SURFACE_STYLE_USAGE(.BOTH.,#6488);
#6458=SURFACE_STYLE_USAGE(.BOTH.,#6489);
#6459=SURFACE_STYLE_USAGE(.BOTH.,#6490);
#6460=SURFACE_STYLE_USAGE(.BOTH.,#6491);
#6461=SURFACE_STYLE_USAGE(.BOTH.,#6492);
#6462=SURFACE_STYLE_USAGE(.BOTH.,#6493);
#6463=SURFACE_STYLE_USAGE(.BOTH.,#6494);
#6464=SURFACE_STYLE_USAGE(.BOTH.,#6495);
#6465=SURFACE_STYLE_USAGE(.BOTH.,#6496);
#6466=SURFACE_STYLE_USAGE(.BOTH.,#6497);
#6467=SURFACE_STYLE_USAGE(.BOTH.,#6498);
#6468=SURFACE_STYLE_USAGE(.BOTH.,#6499);
#6469=SURFACE_STYLE_USAGE(.BOTH.,#6500);
#6470=SURFACE_STYLE_USAGE(.BOTH.,#6501);
#6471=SURFACE_STYLE_USAGE(.BOTH.,#6502);
#6472=SURFACE_STYLE_USAGE(.BOTH.,#6503);
#6473=SURFACE_STYLE_USAGE(.BOTH.,#6504);
#6474=SURFACE_STYLE_USAGE(.BOTH.,#6505);
#6475=SURFACE_STYLE_USAGE(.BOTH.,#6506);
#6476=SURFACE_STYLE_USAGE(.BOTH.,#6507);
#6477=SURFACE_STYLE_USAGE(.BOTH.,#6508);
#6478=SURFACE_STYLE_USAGE(.BOTH.,#6509);
#6479=SURFACE_STYLE_USAGE(.BOTH.,#6510);
#6480=SURFACE_STYLE_USAGE(.BOTH.,#6511);
#6481=SURFACE_STYLE_USAGE(.BOTH.,#6512);
#6482=SURFACE_STYLE_USAGE(.BOTH.,#6513);
#6483=SURFACE_STYLE_USAGE(.BOTH.,#6514);
#6484=SURFACE_STYLE_USAGE(.BOTH.,#6515);
#6485=SURFACE_SIDE_STYLE('',(#6516));
#6486=SURFACE_SIDE_STYLE('',(#6517));
#6487=SURFACE_SIDE_STYLE('',(#6518));
#6488=SURFACE_SIDE_STYLE('',(#6519));
#6489=SURFACE_SIDE_STYLE('',(#6520));
#6490=SURFACE_SIDE_STYLE('',(#6521));
#6491=SURFACE_SIDE_STYLE('',(#6522));
#6492=SURFACE_SIDE_STYLE('',(#6523));
#6493=SURFACE_SIDE_STYLE('',(#6524));
#6494=SURFACE_SIDE_STYLE('',(#6525));
#6495=SURFACE_SIDE_STYLE('',(#6526));
#6496=SURFACE_SIDE_STYLE('',(#6527));
#6497=SURFACE_SIDE_STYLE('',(#6528));
#6498=SURFACE_SIDE_STYLE('',(#6529));
#6499=SURFACE_SIDE_STYLE('',(#6530));
#6500=SURFACE_SIDE_STYLE('',(#6531));
#6501=SURFACE_SIDE_STYLE('',(#6532));
#6502=SURFACE_SIDE_STYLE('',(#6533));
#6503=SURFACE_SIDE_STYLE('',(#6534));
#6504=SURFACE_SIDE_STYLE('',(#6535));
#6505=SURFACE_SIDE_STYLE('',(#6536));
#6506=SURFACE_SIDE_STYLE('',(#6537));
#6507=SURFACE_SIDE_STYLE('',(#6538));
#6508=SURFACE_SIDE_STYLE('',(#6539));
#6509=SURFACE_SIDE_STYLE('',(#6540));
#6510=SURFACE_SIDE_STYLE('',(#6541));
#6511=SURFACE_SIDE_STYLE('',(#6542));
#6512=SURFACE_SIDE_STYLE('',(#6543));
#6513=SURFACE_SIDE_STYLE('',(#6544));
#6514=SURFACE_SIDE_STYLE('',(#6545));
#6515=SURFACE_SIDE_STYLE('',(#6546));
#6516=SURFACE_STYLE_FILL_AREA(#6547);
#6517=SURFACE_STYLE_FILL_AREA(#6548);
#6518=SURFACE_STYLE_FILL_AREA(#6549);
#6519=SURFACE_STYLE_FILL_AREA(#6550);
#6520=SURFACE_STYLE_FILL_AREA(#6551);
#6521=SURFACE_STYLE_FILL_AREA(#6552);
#6522=SURFACE_STYLE_FILL_AREA(#6553);
#6523=SURFACE_STYLE_FILL_AREA(#6554);
#6524=SURFACE_STYLE_FILL_AREA(#6555);
#6525=SURFACE_STYLE_FILL_AREA(#6556);
#6526=SURFACE_STYLE_FILL_AREA(#6557);
#6527=SURFACE_STYLE_FILL_AREA(#6558);
#6528=SURFACE_STYLE_FILL_AREA(#6559);
#6529=SURFACE_STYLE_FILL_AREA(#6560);
#6530=SURFACE_STYLE_FILL_AREA(#6561);
#6531=SURFACE_STYLE_FILL_AREA(#6562);
#6532=SURFACE_STYLE_FILL_AREA(#6563);
#6533=SURFACE_STYLE_FILL_AREA(#6564);
#6534=SURFACE_STYLE_FILL_AREA(#6565);
#6535=SURFACE_STYLE_FILL_AREA(#6566);
#6536=SURFACE_STYLE_FILL_AREA(#6567);
#6537=SURFACE_STYLE_FILL_AREA(#6568);
#6538=SURFACE_STYLE_FILL_AREA(#6569);
#6539=SURFACE_STYLE_FILL_AREA(#6570);
#6540=SURFACE_STYLE_FILL_AREA(#6571);
#6541=SURFACE_STYLE_FILL_AREA(#6572);
#6542=SURFACE_STYLE_FILL_AREA(#6573);
#6543=SURFACE_STYLE_FILL_AREA(#6574);
#6544=SURFACE_STYLE_FILL_AREA(#6575);
#6545=SURFACE_STYLE_FILL_AREA(#6576);
#6546=SURFACE_STYLE_FILL_AREA(#6577);
#6547=FILL_AREA_STYLE('',(#6578));
#6548=FILL_AREA_STYLE('',(#6579));
#6549=FILL_AREA_STYLE('',(#6580));
#6550=FILL_AREA_STYLE('',(#6581));
#6551=FILL_AREA_STYLE('',(#6582));
#6552=FILL_AREA_STYLE('',(#6583));
#6553=FILL_AREA_STYLE('',(#6584));
#6554=FILL_AREA_STYLE('',(#6585));
#6555=FILL_AREA_STYLE('',(#6586));
#6556=FILL_AREA_STYLE('',(#6587));
#6557=FILL_AREA_STYLE('',(#6588));
#6558=FILL_AREA_STYLE('',(#6589));
#6559=FILL_AREA_STYLE('',(#6590));
#6560=FILL_AREA_STYLE('',(#6591));
#6561=FILL_AREA_STYLE('',(#6592));
#6562=FILL_AREA_STYLE('',(#6593));
#6563=FILL_AREA_STYLE('',(#6594));
#6564=FILL_AREA_STYLE('',(#6595));
#6565=FILL_AREA_STYLE('',(#6596));
#6566=FILL_AREA_STYLE('',(#6597));
#6567=FILL_AREA_STYLE('',(#6598));
#6568=FILL_AREA_STYLE('',(#6599));
#6569=FILL_AREA_STYLE('',(#6600));
#6570=FILL_AREA_STYLE('',(#6601));
#6571=FILL_AREA_STYLE('',(#6602));
#6572=FILL_AREA_STYLE('',(#6603));
#6573=FILL_AREA_STYLE('',(#6604));
#6574=FILL_AREA_STYLE('',(#6605));
#6575=FILL_AREA_STYLE('',(#6606));
#6576=FILL_AREA_STYLE('',(#6607));
#6577=FILL_AREA_STYLE('',(#6608));
#6578=FILL_AREA_STYLE_COLOUR('',#6609);
#6579=FILL_AREA_STYLE_COLOUR('',#6609);
#6580=FILL_AREA_STYLE_COLOUR('',#6609);
#6581=FILL_AREA_STYLE_COLOUR('',#6609);
#6582=FILL_AREA_STYLE_COLOUR('',#6609);
#6583=FILL_AREA_STYLE_COLOUR('',#6609);
#6584=FILL_AREA_STYLE_COLOUR('',#6609);
#6585=FILL_AREA_STYLE_COLOUR('',#6609);
#6586=FILL_AREA_STYLE_COLOUR('',#6609);
#6587=FILL_AREA_STYLE_COLOUR('',#6609);
#6588=FILL_AREA_STYLE_COLOUR('',#6609);
#6589=FILL_AREA_STYLE_COLOUR('',#6609);
#6590=FILL_AREA_STYLE_COLOUR('',#6609);
#6591=FILL_AREA_STYLE_COLOUR('',#6609);
#6592=FILL_AREA_STYLE_COLOUR('',#6609);
#6593=FILL_AREA_STYLE_COLOUR('',#6609);
#6594=FILL_AREA_STYLE_COLOUR('',#6610);
#6595=FILL_AREA_STYLE_COLOUR('',#6610);
#6596=FILL_AREA_STYLE_COLOUR('',#6610);
#6597=FILL_AREA_STYLE_COLOUR('',#6610);
#6598=FILL_AREA_STYLE_COLOUR('',#6610);
#6599=FILL_AREA_STYLE_COLOUR('',#6610);
#6600=FILL_AREA_STYLE_COLOUR('',#6610);
#6601=FILL_AREA_STYLE_COLOUR('',#6610);
#6602=FILL_AREA_STYLE_COLOUR('',#6610);
#6603=FILL_AREA_STYLE_COLOUR('',#6609);
#6604=FILL_AREA_STYLE_COLOUR('',#6609);
#6605=FILL_AREA_STYLE_COLOUR('',#6609);
#6606=FILL_AREA_STYLE_COLOUR('',#6610);
#6607=FILL_AREA_STYLE_COLOUR('',#6610);
#6608=FILL_AREA_STYLE_COLOUR('',#6610);
#6609=DRAUGHTING_PRE_DEFINED_COLOUR('black');
#6610=DRAUGHTING_PRE_DEFINED_COLOUR('red');
#6611=MANIFOLD_SOLID_BREP('Part 29',#6361);
#6612=MANIFOLD_SOLID_BREP('Part 30',#6362);
#6613=MANIFOLD_SOLID_BREP('Part 15',#6363);
#6614=MANIFOLD_SOLID_BREP('Part 26',#6364);
#6615=MANIFOLD_SOLID_BREP('Part 20',#6365);
#6616=MANIFOLD_SOLID_BREP('Part 25',#6366);
#6617=MANIFOLD_SOLID_BREP('Part 14',#6367);
#6618=MANIFOLD_SOLID_BREP('Part 31',#6368);
#6619=MANIFOLD_SOLID_BREP('Part 27',#6369);
#6620=MANIFOLD_SOLID_BREP('Part 21',#6370);
#6621=MANIFOLD_SOLID_BREP('Part 16',#6371);
#6622=MANIFOLD_SOLID_BREP('Part 18',#6372);
#6623=MANIFOLD_SOLID_BREP('Part 19',#6373);
#6624=MANIFOLD_SOLID_BREP('Part 23',#6374);
#6625=MANIFOLD_SOLID_BREP('Part 22',#6375);
#6626=MANIFOLD_SOLID_BREP('Part 28',#6376);
#6627=MANIFOLD_SOLID_BREP('Part 6',#6377);
#6628=MANIFOLD_SOLID_BREP('Part 1',#6378);
#6629=MANIFOLD_SOLID_BREP('Part 2',#6379);
#6630=MANIFOLD_SOLID_BREP('Part 3',#6380);
#6631=MANIFOLD_SOLID_BREP('Part 5',#6381);
#6632=MANIFOLD_SOLID_BREP('Part 8',#6382);
#6633=MANIFOLD_SOLID_BREP('Part 9',#6383);
#6634=MANIFOLD_SOLID_BREP('Part 10',#6384);
#6635=MANIFOLD_SOLID_BREP('Part 11',#6385);
#6636=MANIFOLD_SOLID_BREP('Part 17',#6386);
#6637=MANIFOLD_SOLID_BREP('Part 13',#6387);
#6638=MANIFOLD_SOLID_BREP('Part 24',#6388);
#6639=MANIFOLD_SOLID_BREP('Part 4',#6389);
#6640=MANIFOLD_SOLID_BREP('Part 7',#6390);
#6641=MANIFOLD_SOLID_BREP('Part 12',#6391);
#6642=SHAPE_DEFINITION_REPRESENTATION(#13832,#6673);
#6643=SHAPE_DEFINITION_REPRESENTATION(#13833,#6674);
#6644=SHAPE_DEFINITION_REPRESENTATION(#13834,#6675);
#6645=SHAPE_DEFINITION_REPRESENTATION(#13835,#6676);
#6646=SHAPE_DEFINITION_REPRESENTATION(#13836,#6677);
#6647=SHAPE_DEFINITION_REPRESENTATION(#13837,#6678);
#6648=SHAPE_DEFINITION_REPRESENTATION(#13838,#6679);
#6649=SHAPE_DEFINITION_REPRESENTATION(#13839,#6680);
#6650=SHAPE_DEFINITION_REPRESENTATION(#13840,#6681);
#6651=SHAPE_DEFINITION_REPRESENTATION(#13841,#6682);
#6652=SHAPE_DEFINITION_REPRESENTATION(#13842,#6683);
#6653=SHAPE_DEFINITION_REPRESENTATION(#13843,#6684);
#6654=SHAPE_DEFINITION_REPRESENTATION(#13844,#6685);
#6655=SHAPE_DEFINITION_REPRESENTATION(#13845,#6686);
#6656=SHAPE_DEFINITION_REPRESENTATION(#13846,#6687);
#6657=SHAPE_DEFINITION_REPRESENTATION(#13847,#6688);
#6658=SHAPE_DEFINITION_REPRESENTATION(#13848,#6689);
#6659=SHAPE_DEFINITION_REPRESENTATION(#13849,#6690);
#6660=SHAPE_DEFINITION_REPRESENTATION(#13850,#6691);
#6661=SHAPE_DEFINITION_REPRESENTATION(#13851,#6692);
#6662=SHAPE_DEFINITION_REPRESENTATION(#13852,#6693);
#6663=SHAPE_DEFINITION_REPRESENTATION(#13853,#6694);
#6664=SHAPE_DEFINITION_REPRESENTATION(#13854,#6695);
#6665=SHAPE_DEFINITION_REPRESENTATION(#13855,#6696);
#6666=SHAPE_DEFINITION_REPRESENTATION(#13856,#6697);
#6667=SHAPE_DEFINITION_REPRESENTATION(#13857,#6698);
#6668=SHAPE_DEFINITION_REPRESENTATION(#13858,#6699);
#6669=SHAPE_DEFINITION_REPRESENTATION(#13859,#6700);
#6670=SHAPE_DEFINITION_REPRESENTATION(#13860,#6701);
#6671=SHAPE_DEFINITION_REPRESENTATION(#13861,#6702);
#6672=SHAPE_DEFINITION_REPRESENTATION(#13862,#6703);
#6673=SHAPE_REPRESENTATION('Part 29',(#6704),#13677);
#6674=SHAPE_REPRESENTATION('Part 30',(#6710),#13678);
#6675=SHAPE_REPRESENTATION('Part 15',(#6719),#13679);
#6676=SHAPE_REPRESENTATION('Part 26',(#6725),#13680);
#6677=SHAPE_REPRESENTATION('Part 20',(#6731),#13681);
#6678=SHAPE_REPRESENTATION('Part 25',(#6837),#13682);
#6679=SHAPE_REPRESENTATION('Part 14',(#6867),#13683);
#6680=SHAPE_REPRESENTATION('Part 31',(#6909),#13684);
#6681=SHAPE_REPRESENTATION('Part 27',(#6954),#13685);
#6682=SHAPE_REPRESENTATION('Part 21',(#6963),#13686);
#6683=SHAPE_REPRESENTATION('Part 16',(#6987),#13687);
#6684=SHAPE_REPRESENTATION('Part 18',(#7047),#13688);
#6685=SHAPE_REPRESENTATION('Part 19',(#7089),#13689);
#6686=SHAPE_REPRESENTATION('Part 23',(#7122),#13690);
#6687=SHAPE_REPRESENTATION('Part 22',(#7144),#13691);
#6688=SHAPE_REPRESENTATION('Part 28',(#7162),#13692);
#6689=SHAPE_REPRESENTATION('Part 6',(#7168),#13693);
#6690=SHAPE_REPRESENTATION('Part 1',(#7186),#13694);
#6691=SHAPE_REPRESENTATION('Part 2',(#7204),#13695);
#6692=SHAPE_REPRESENTATION('Part 3',(#7222),#13696);
#6693=SHAPE_REPRESENTATION('Part 5',(#7240),#13697);
#6694=SHAPE_REPRESENTATION('Part 8',(#7258),#13698);
#6695=SHAPE_REPRESENTATION('Part 9',(#7276),#13699);
#6696=SHAPE_REPRESENTATION('Part 10',(#7294),#13700);
#6697=SHAPE_REPRESENTATION('Part 11',(#7312),#13701);
#6698=SHAPE_REPRESENTATION('Part 17',(#7330),#13702);
#6699=SHAPE_REPRESENTATION('Part 13',(#7339),#13703);
#6700=SHAPE_REPRESENTATION('Part 24',(#7348),#13704);
#6701=SHAPE_REPRESENTATION('Part 4',(#7357),#13705);
#6702=SHAPE_REPRESENTATION('Part 7',(#7375),#13706);
#6703=SHAPE_REPRESENTATION('Part 12',(#7393),#13707);
#6704=AXIS2_PLACEMENT_3D('',#9136,#7411,#7412);
#6705=AXIS2_PLACEMENT_3D('',#9137,#7413,#7414);
#6706=AXIS2_PLACEMENT_3D('',#9138,#7415,#7416);
#6707=AXIS2_PLACEMENT_3D('',#9140,#7417,#7418);
#6708=AXIS2_PLACEMENT_3D('',#9142,#7419,#7420);
#6709=AXIS2_PLACEMENT_3D('',#9143,#7421,#7422);
#6710=AXIS2_PLACEMENT_3D('',#9144,#7423,#7424);
#6711=AXIS2_PLACEMENT_3D('',#9145,#7425,#7426);
#6712=AXIS2_PLACEMENT_3D('',#9146,#7427,#7428);
#6713=AXIS2_PLACEMENT_3D('',#9148,#7429,#7430);
#6714=AXIS2_PLACEMENT_3D('',#9150,#7431,#7432);
#6715=AXIS2_PLACEMENT_3D('',#9151,#7433,#7434);
#6716=AXIS2_PLACEMENT_3D('',#9153,#7435,#7436);
#6717=AXIS2_PLACEMENT_3D('',#9155,#7437,#7438);
#6718=AXIS2_PLACEMENT_3D('',#9156,#7439,#7440);
#6719=AXIS2_PLACEMENT_3D('',#9157,#7441,#7442);
#6720=AXIS2_PLACEMENT_3D('',#9158,#7443,#7444);
#6721=AXIS2_PLACEMENT_3D('',#9159,#7445,#7446);
#6722=AXIS2_PLACEMENT_3D('',#9161,#7447,#7448);
#6723=AXIS2_PLACEMENT_3D('',#9163,#7449,#7450);
#6724=AXIS2_PLACEMENT_3D('',#9164,#7451,#7452);
#6725=AXIS2_PLACEMENT_3D('',#9165,#7453,#7454);
#6726=AXIS2_PLACEMENT_3D('',#9166,#7455,#7456);
#6727=AXIS2_PLACEMENT_3D('',#9167,#7457,#7458);
#6728=AXIS2_PLACEMENT_3D('',#9169,#7459,#7460);
#6729=AXIS2_PLACEMENT_3D('',#9171,#7461,#7462);
#6730=AXIS2_PLACEMENT_3D('',#9172,#7463,#7464);
#6731=AXIS2_PLACEMENT_3D('',#9173,#7465,#7466);
#6732=AXIS2_PLACEMENT_3D('',#9174,#7467,#7468);
#6733=AXIS2_PLACEMENT_3D('',#9175,#7469,#7470);
#6734=AXIS2_PLACEMENT_3D('',#9180,#7472,#7473);
#6735=AXIS2_PLACEMENT_3D('',#9183,#7475,#7476);
#6736=AXIS2_PLACEMENT_3D('',#9184,#7477,#7478);
#6737=AXIS2_PLACEMENT_3D('',#9189,#7480,#7481);
#6738=AXIS2_PLACEMENT_3D('',#9192,#7483,#7484);
#6739=AXIS2_PLACEMENT_3D('',#9193,#7485,#7486);
#6740=AXIS2_PLACEMENT_3D('',#9198,#7488,#7489);
#6741=AXIS2_PLACEMENT_3D('',#9201,#7491,#7492);
#6742=AXIS2_PLACEMENT_3D('',#9202,#7493,#7494);
#6743=AXIS2_PLACEMENT_3D('',#9207,#7496,#7497);
#6744=AXIS2_PLACEMENT_3D('',#9210,#7499,#7500);
#6745=AXIS2_PLACEMENT_3D('',#9211,#7501,#7502);
#6746=AXIS2_PLACEMENT_3D('',#9216,#7504,#7505);
#6747=AXIS2_PLACEMENT_3D('',#9219,#7507,#7508);
#6748=AXIS2_PLACEMENT_3D('',#9220,#7509,#7510);
#6749=AXIS2_PLACEMENT_3D('',#9225,#7512,#7513);
#6750=AXIS2_PLACEMENT_3D('',#9316,#7523,#7524);
#6751=AXIS2_PLACEMENT_3D('',#9317,#7525,#7526);
#6752=AXIS2_PLACEMENT_3D('',#9322,#7528,#7529);
#6753=AXIS2_PLACEMENT_3D('',#9325,#7531,#7532);
#6754=AXIS2_PLACEMENT_3D('',#9326,#7533,#7534);
#6755=AXIS2_PLACEMENT_3D('',#9330,#7536,#7537);
#6756=AXIS2_PLACEMENT_3D('',#9331,#7538,#7539);
#6757=AXIS2_PLACEMENT_3D('',#9332,#7540,#7541);
#6758=AXIS2_PLACEMENT_3D('',#9334,#7542,#7543);
#6759=AXIS2_PLACEMENT_3D('',#9337,#7545,#7546);
#6760=AXIS2_PLACEMENT_3D('',#9338,#7547,#7548);
#6761=AXIS2_PLACEMENT_3D('',#9343,#7550,#7551);
#6762=AXIS2_PLACEMENT_3D('',#9346,#7553,#7554);
#6763=AXIS2_PLACEMENT_3D('',#9347,#7555,#7556);
#6764=AXIS2_PLACEMENT_3D('',#9352,#7558,#7559);
#6765=AXIS2_PLACEMENT_3D('',#9355,#7561,#7562);
#6766=AXIS2_PLACEMENT_3D('',#9356,#7563,#7564);
#6767=AXIS2_PLACEMENT_3D('',#9358,#7565,#7566);
#6768=AXIS2_PLACEMENT_3D('',#9361,#7568,#7569);
#6769=AXIS2_PLACEMENT_3D('',#9362,#7570,#7571);
#6770=AXIS2_PLACEMENT_3D('',#9367,#7573,#7574);
#6771=AXIS2_PLACEMENT_3D('',#9370,#7576,#7577);
#6772=AXIS2_PLACEMENT_3D('',#9371,#7578,#7579);
#6773=AXIS2_PLACEMENT_3D('',#9375,#7581,#7582);
#6774=AXIS2_PLACEMENT_3D('',#9376,#7583,#7584);
#6775=AXIS2_PLACEMENT_3D('',#9377,#7585,#7586);
#6776=AXIS2_PLACEMENT_3D('',#9382,#7588,#7589);
#6777=AXIS2_PLACEMENT_3D('',#9407,#7593,#7594);
#6778=AXIS2_PLACEMENT_3D('',#9408,#7595,#7596);
#6779=AXIS2_PLACEMENT_3D('',#9412,#7598,#7599);
#6780=AXIS2_PLACEMENT_3D('',#9697,#7612,#7613);
#6781=AXIS2_PLACEMENT_3D('',#9701,#7615,#7616);
#6782=AXIS2_PLACEMENT_3D('',#9702,#7617,#7618);
#6783=AXIS2_PLACEMENT_3D('',#9703,#7619,#7620);
#6784=AXIS2_PLACEMENT_3D('',#9708,#7622,#7623);
#6785=AXIS2_PLACEMENT_3D('',#9711,#7625,#7626);
#6786=AXIS2_PLACEMENT_3D('',#9712,#7627,#7628);
#6787=AXIS2_PLACEMENT_3D('',#9716,#7630,#7631);
#6788=AXIS2_PLACEMENT_3D('',#9717,#7632,#7633);
#6789=AXIS2_PLACEMENT_3D('',#9718,#7634,#7635);
#6790=AXIS2_PLACEMENT_3D('',#9719,#7636,#7637);
#6791=AXIS2_PLACEMENT_3D('',#9728,#7638,#7639);
#6792=AXIS2_PLACEMENT_3D('',#9729,#7640,#7641);
#6793=AXIS2_PLACEMENT_3D('',#9752,#7644,#7645);
#6794=AXIS2_PLACEMENT_3D('',#9753,#7646,#7647);
#6795=AXIS2_PLACEMENT_3D('',#9758,#7649,#7650);
#6796=AXIS2_PLACEMENT_3D('',#9761,#7652,#7653);
#6797=AXIS2_PLACEMENT_3D('',#9762,#7654,#7655);
#6798=AXIS2_PLACEMENT_3D('',#9767,#7657,#7658);
#6799=AXIS2_PLACEMENT_3D('',#9865,#7665,#7666);
#6800=AXIS2_PLACEMENT_3D('',#9866,#7667,#7668);
#6801=AXIS2_PLACEMENT_3D('',#9867,#7669,#7670);
#6802=AXIS2_PLACEMENT_3D('',#9903,#7672,#7673);
#6803=AXIS2_PLACEMENT_3D('',#9904,#7674,#7675);
#6804=AXIS2_PLACEMENT_3D('',#9905,#7676,#7677);
#6805=AXIS2_PLACEMENT_3D('',#9925,#7679,#7680);
#6806=AXIS2_PLACEMENT_3D('',#9926,#7681,#7682);
#6807=AXIS2_PLACEMENT_3D('',#9931,#7684,#7685);
#6808=AXIS2_PLACEMENT_3D('',#9934,#7687,#7688);
#6809=AXIS2_PLACEMENT_3D('',#9935,#7689,#7690);
#6810=AXIS2_PLACEMENT_3D('',#9936,#7691,#7692);
#6811=AXIS2_PLACEMENT_3D('',#10026,#7696,#7697);
#6812=AXIS2_PLACEMENT_3D('',#10027,#7698,#7699);
#6813=AXIS2_PLACEMENT_3D('',#10028,#7700,#7701);
#6814=AXIS2_PLACEMENT_3D('',#10029,#7702,#7703);
#6815=AXIS2_PLACEMENT_3D('',#10030,#7704,#7705);
#6816=AXIS2_PLACEMENT_3D('',#10031,#7706,#7707);
#6817=AXIS2_PLACEMENT_3D('',#10032,#7708,#7709);
#6818=AXIS2_PLACEMENT_3D('',#10033,#7710,#7711);
#6819=AXIS2_PLACEMENT_3D('',#10034,#7712,#7713);
#6820=AXIS2_PLACEMENT_3D('',#10035,#7714,#7715);
#6821=AXIS2_PLACEMENT_3D('',#10036,#7716,#7717);
#6822=AXIS2_PLACEMENT_3D('',#10037,#7718,#7719);
#6823=AXIS2_PLACEMENT_3D('',#10038,#7720,#7721);
#6824=AXIS2_PLACEMENT_3D('',#10039,#7722,#7723);
#6825=AXIS2_PLACEMENT_3D('',#10040,#7724,#7725);
#6826=AXIS2_PLACEMENT_3D('',#10063,#7726,#7727);
#6827=AXIS2_PLACEMENT_3D('',#10069,#7728,#7729);
#6828=AXIS2_PLACEMENT_3D('',#10070,#7730,#7731);
#6829=AXIS2_PLACEMENT_3D('',#10071,#7732,#7733);
#6830=AXIS2_PLACEMENT_3D('',#10072,#7734,#7735);
#6831=AXIS2_PLACEMENT_3D('',#10078,#7736,#7737);
#6832=AXIS2_PLACEMENT_3D('',#10079,#7738,#7739);
#6833=AXIS2_PLACEMENT_3D('',#10080,#7740,#7741);
#6834=AXIS2_PLACEMENT_3D('',#10081,#7742,#7743);
#6835=AXIS2_PLACEMENT_3D('',#10082,#7744,#7745);
#6836=AXIS2_PLACEMENT_3D('',#10083,#7746,#7747);
#6837=AXIS2_PLACEMENT_3D('',#10096,#7748,#7749);
#6838=AXIS2_PLACEMENT_3D('',#10173,#7752,#7753);
#6839=AXIS2_PLACEMENT_3D('',#10174,#7754,#7755);
#6840=AXIS2_PLACEMENT_3D('',#10178,#7757,#7758);
#6841=AXIS2_PLACEMENT_3D('',#10246,#7760,#7761);
#6842=AXIS2_PLACEMENT_3D('',#10247,#7762,#7763);
#6843=AXIS2_PLACEMENT_3D('',#10251,#7765,#7766);
#6844=AXIS2_PLACEMENT_3D('',#10383,#7770,#7771);
#6845=AXIS2_PLACEMENT_3D('',#10384,#7772,#7773);
#6846=AXIS2_PLACEMENT_3D('',#10388,#7775,#7776);
#6847=AXIS2_PLACEMENT_3D('',#10408,#7778,#7779);
#6848=AXIS2_PLACEMENT_3D('',#10409,#7780,#7781);
#6849=AXIS2_PLACEMENT_3D('',#10413,#7783,#7784);
#6850=AXIS2_PLACEMENT_3D('',#10463,#7786,#7787);
#6851=AXIS2_PLACEMENT_3D('',#10464,#7788,#7789);
#6852=AXIS2_PLACEMENT_3D('',#10466,#7790,#7791);
#6853=AXIS2_PLACEMENT_3D('',#10468,#7792,#7793);
#6854=AXIS2_PLACEMENT_3D('',#10469,#7794,#7795);
#6855=AXIS2_PLACEMENT_3D('',#10471,#7796,#7797);
#6856=AXIS2_PLACEMENT_3D('',#10473,#7798,#7799);
#6857=AXIS2_PLACEMENT_3D('',#10474,#7800,#7801);
#6858=AXIS2_PLACEMENT_3D('',#10475,#7802,#7803);
#6859=AXIS2_PLACEMENT_3D('',#10476,#7804,#7805);
#6860=AXIS2_PLACEMENT_3D('',#10477,#7806,#7807);
#6861=AXIS2_PLACEMENT_3D('',#10478,#7808,#7809);
#6862=AXIS2_PLACEMENT_3D('',#10479,#7810,#7811);
#6863=AXIS2_PLACEMENT_3D('',#10480,#7812,#7813);
#6864=AXIS2_PLACEMENT_3D('',#10482,#7814,#7815);
#6865=AXIS2_PLACEMENT_3D('',#10484,#7816,#7817);
#6866=AXIS2_PLACEMENT_3D('',#10485,#7818,#7819);
#6867=AXIS2_PLACEMENT_3D('',#10486,#7820,#7821);
#6868=AXIS2_PLACEMENT_3D('',#10532,#7825,#7826);
#6869=AXIS2_PLACEMENT_3D('',#10533,#7827,#7828);
#6870=AXIS2_PLACEMENT_3D('',#10537,#7830,#7831);
#6871=AXIS2_PLACEMENT_3D('',#10538,#7832,#7833);
#6872=AXIS2_PLACEMENT_3D('',#10539,#7834,#7835);
#6873=AXIS2_PLACEMENT_3D('',#10543,#7837,#7838);
#6874=AXIS2_PLACEMENT_3D('',#10586,#7841,#7842);
#6875=AXIS2_PLACEMENT_3D('',#10587,#7843,#7844);
#6876=AXIS2_PLACEMENT_3D('',#10591,#7846,#7847);
#6877=AXIS2_PLACEMENT_3D('',#10592,#7848,#7849);
#6878=AXIS2_PLACEMENT_3D('',#10593,#7850,#7851);
#6879=AXIS2_PLACEMENT_3D('',#10597,#7853,#7854);
#6880=AXIS2_PLACEMENT_3D('',#10642,#7857,#7858);
#6881=AXIS2_PLACEMENT_3D('',#10643,#7859,#7860);
#6882=AXIS2_PLACEMENT_3D('',#10647,#7862,#7863);
#6883=AXIS2_PLACEMENT_3D('',#10648,#7864,#7865);
#6884=AXIS2_PLACEMENT_3D('',#10649,#7866,#7867);
#6885=AXIS2_PLACEMENT_3D('',#10653,#7869,#7870);
#6886=AXIS2_PLACEMENT_3D('',#10654,#7871,#7872);
#6887=AXIS2_PLACEMENT_3D('',#10655,#7873,#7874);
#6888=AXIS2_PLACEMENT_3D('',#10660,#7876,#7877);
#6889=AXIS2_PLACEMENT_3D('',#10663,#7879,#7880);
#6890=AXIS2_PLACEMENT_3D('',#10664,#7881,#7882);
#6891=AXIS2_PLACEMENT_3D('',#10668,#7884,#7885);
#6892=AXIS2_PLACEMENT_3D('',#10669,#7886,#7887);
#6893=AXIS2_PLACEMENT_3D('',#10670,#7888,#7889);
#6894=AXIS2_PLACEMENT_3D('',#10674,#7891,#7892);
#6895=AXIS2_PLACEMENT_3D('',#10675,#7893,#7894);
#6896=AXIS2_PLACEMENT_3D('',#10676,#7895,#7896);
#6897=AXIS2_PLACEMENT_3D('',#10680,#7898,#7899);
#6898=AXIS2_PLACEMENT_3D('',#10681,#7900,#7901);
#6899=AXIS2_PLACEMENT_3D('',#10682,#7902,#7903);
#6900=AXIS2_PLACEMENT_3D('',#10686,#7905,#7906);
#6901=AXIS2_PLACEMENT_3D('',#10687,#7907,#7908);
#6902=AXIS2_PLACEMENT_3D('',#10688,#7909,#7910);
#6903=AXIS2_PLACEMENT_3D('',#10689,#7911,#7912);
#6904=AXIS2_PLACEMENT_3D('',#10690,#7913,#7914);
#6905=AXIS2_PLACEMENT_3D('',#10691,#7915,#7916);
#6906=AXIS2_PLACEMENT_3D('',#10692,#7917,#7918);
#6907=AXIS2_PLACEMENT_3D('',#10693,#7919,#7920);
#6908=AXIS2_PLACEMENT_3D('',#10694,#7921,#7922);
#6909=AXIS2_PLACEMENT_3D('',#10695,#7923,#7924);
#6910=AXIS2_PLACEMENT_3D('',#10718,#7927,#7928);
#6911=AXIS2_PLACEMENT_3D('',#10719,#7929,#7930);
#6912=AXIS2_PLACEMENT_3D('',#10723,#7932,#7933);
#6913=AXIS2_PLACEMENT_3D('',#10743,#7935,#7936);
#6914=AXIS2_PLACEMENT_3D('',#10744,#7937,#7938);
#6915=AXIS2_PLACEMENT_3D('',#10749,#7940,#7941);
#6916=AXIS2_PLACEMENT_3D('',#10771,#7944,#7945);
#6917=AXIS2_PLACEMENT_3D('',#10772,#7946,#7947);
#6918=AXIS2_PLACEMENT_3D('',#10776,#7949,#7950);
#6919=AXIS2_PLACEMENT_3D('',#10777,#7951,#7952);
#6920=AXIS2_PLACEMENT_3D('',#10778,#7953,#7954);
#6921=AXIS2_PLACEMENT_3D('',#10783,#7956,#7957);
#6922=AXIS2_PLACEMENT_3D('',#10805,#7960,#7961);
#6923=AXIS2_PLACEMENT_3D('',#10806,#7962,#7963);
#6924=AXIS2_PLACEMENT_3D('',#10810,#7965,#7966);
#6925=AXIS2_PLACEMENT_3D('',#10811,#7967,#7968);
#6926=AXIS2_PLACEMENT_3D('',#10812,#7969,#7970);
#6927=AXIS2_PLACEMENT_3D('',#10817,#7972,#7973);
#6928=AXIS2_PLACEMENT_3D('',#10839,#7976,#7977);
#6929=AXIS2_PLACEMENT_3D('',#10840,#7978,#7979);
#6930=AXIS2_PLACEMENT_3D('',#10844,#7981,#7982);
#6931=AXIS2_PLACEMENT_3D('',#10845,#7983,#7984);
#6932=AXIS2_PLACEMENT_3D('',#10846,#7985,#7986);
#6933=AXIS2_PLACEMENT_3D('',#10851,#7988,#7989);
#6934=AXIS2_PLACEMENT_3D('',#10873,#7992,#7993);
#6935=AXIS2_PLACEMENT_3D('',#10874,#7994,#7995);
#6936=AXIS2_PLACEMENT_3D('',#10878,#7997,#7998);
#6937=AXIS2_PLACEMENT_3D('',#10879,#7999,#8000);
#6938=AXIS2_PLACEMENT_3D('',#10880,#8001,#8002);
#6939=AXIS2_PLACEMENT_3D('',#10885,#8004,#8005);
#6940=AXIS2_PLACEMENT_3D('',#10907,#8008,#8009);
#6941=AXIS2_PLACEMENT_3D('',#10908,#8010,#8011);
#6942=AXIS2_PLACEMENT_3D('',#10912,#8013,#8014);
#6943=AXIS2_PLACEMENT_3D('',#10913,#8015,#8016);
#6944=AXIS2_PLACEMENT_3D('',#10914,#8017,#8018);
#6945=AXIS2_PLACEMENT_3D('',#10916,#8019,#8020);
#6946=AXIS2_PLACEMENT_3D('',#10918,#8021,#8022);
#6947=AXIS2_PLACEMENT_3D('',#10919,#8023,#8024);
#6948=AXIS2_PLACEMENT_3D('',#10920,#8025,#8026);
#6949=AXIS2_PLACEMENT_3D('',#11001,#8027,#8028);
#6950=AXIS2_PLACEMENT_3D('',#11002,#8029,#8030);
#6951=AXIS2_PLACEMENT_3D('',#11004,#8031,#8032);
#6952=AXIS2_PLACEMENT_3D('',#11006,#8033,#8034);
#6953=AXIS2_PLACEMENT_3D('',#11007,#8035,#8036);
#6954=AXIS2_PLACEMENT_3D('',#11008,#8037,#8038);
#6955=AXIS2_PLACEMENT_3D('',#11009,#8039,#8040);
#6956=AXIS2_PLACEMENT_3D('',#11010,#8041,#8042);
#6957=AXIS2_PLACEMENT_3D('',#11015,#8044,#8045);
#6958=AXIS2_PLACEMENT_3D('',#12067,#8048,#8049);
#6959=AXIS2_PLACEMENT_3D('',#12068,#8050,#8051);
#6960=AXIS2_PLACEMENT_3D('',#12070,#8052,#8053);
#6961=AXIS2_PLACEMENT_3D('',#12072,#8054,#8055);
#6962=AXIS2_PLACEMENT_3D('',#12073,#8056,#8057);
#6963=AXIS2_PLACEMENT_3D('',#12074,#8058,#8059);
#6964=AXIS2_PLACEMENT_3D('',#12220,#8071,#8072);
#6965=AXIS2_PLACEMENT_3D('',#12221,#8073,#8074);
#6966=AXIS2_PLACEMENT_3D('',#12225,#8076,#8077);
#6967=AXIS2_PLACEMENT_3D('',#12226,#8078,#8079);
#6968=AXIS2_PLACEMENT_3D('',#12227,#8080,#8081);
#6969=AXIS2_PLACEMENT_3D('',#12232,#8083,#8084);
#6970=AXIS2_PLACEMENT_3D('',#12254,#8087,#8088);
#6971=AXIS2_PLACEMENT_3D('',#12255,#8089,#8090);
#6972=AXIS2_PLACEMENT_3D('',#12260,#8092,#8093);
#6973=AXIS2_PLACEMENT_3D('',#12282,#8096,#8097);
#6974=AXIS2_PLACEMENT_3D('',#12285,#8100,#8101);
#6975=AXIS2_PLACEMENT_3D('',#12288,#8104,#8105);
#6976=AXIS2_PLACEMENT_3D('',#12291,#8108,#8109);
#6977=AXIS2_PLACEMENT_3D('',#12292,#8110,#8111);
#6978=AXIS2_PLACEMENT_3D('',#12294,#8112,#8113);
#6979=AXIS2_PLACEMENT_3D('',#12296,#8114,#8115);
#6980=AXIS2_PLACEMENT_3D('',#12297,#8116,#8117);
#6981=AXIS2_PLACEMENT_3D('',#12298,#8118,#8119);
#6982=AXIS2_PLACEMENT_3D('',#12331,#8120,#8121);
#6983=AXIS2_PLACEMENT_3D('',#12332,#8122,#8123);
#6984=AXIS2_PLACEMENT_3D('',#12334,#8124,#8125);
#6985=AXIS2_PLACEMENT_3D('',#12336,#8126,#8127);
#6986=AXIS2_PLACEMENT_3D('',#12337,#8128,#8129);
#6987=AXIS2_PLACEMENT_3D('',#12338,#8130,#8131);
#6988=AXIS2_PLACEMENT_3D('',#12339,#8132,#8133);
#6989=AXIS2_PLACEMENT_3D('',#12340,#8134,#8135);
#6990=AXIS2_PLACEMENT_3D('',#12345,#8137,#8138);
#6991=AXIS2_PLACEMENT_3D('',#12348,#8140,#8141);
#6992=AXIS2_PLACEMENT_3D('',#12349,#8142,#8143);
#6993=AXIS2_PLACEMENT_3D('',#12354,#8145,#8146);
#6994=AXIS2_PLACEMENT_3D('',#12357,#8148,#8149);
#6995=AXIS2_PLACEMENT_3D('',#12358,#8150,#8151);
#6996=AXIS2_PLACEMENT_3D('',#12363,#8153,#8154);
#6997=AXIS2_PLACEMENT_3D('',#12366,#8156,#8157);
#6998=AXIS2_PLACEMENT_3D('',#12367,#8158,#8159);
#6999=AXIS2_PLACEMENT_3D('',#12372,#8161,#8162);
#7000=AXIS2_PLACEMENT_3D('',#12375,#8164,#8165);
#7001=AXIS2_PLACEMENT_3D('',#12376,#8166,#8167);
#7002=AXIS2_PLACEMENT_3D('',#12380,#8169,#8170);
#7003=AXIS2_PLACEMENT_3D('',#12381,#8171,#8172);
#7004=AXIS2_PLACEMENT_3D('',#12382,#8173,#8174);
#7005=AXIS2_PLACEMENT_3D('',#12386,#8176,#8177);
#7006=AXIS2_PLACEMENT_3D('',#12387,#8178,#8179);
#7007=AXIS2_PLACEMENT_3D('',#12388,#8180,#8181);
#7008=AXIS2_PLACEMENT_3D('',#12393,#8183,#8184);
#7009=AXIS2_PLACEMENT_3D('',#12396,#8186,#8187);
#7010=AXIS2_PLACEMENT_3D('',#12397,#8188,#8189);
#7011=AXIS2_PLACEMENT_3D('',#12401,#8191,#8192);
#7012=AXIS2_PLACEMENT_3D('',#12402,#8193,#8194);
#7013=AXIS2_PLACEMENT_3D('',#12403,#8195,#8196);
#7014=AXIS2_PLACEMENT_3D('',#12407,#8198,#8199);
#7015=AXIS2_PLACEMENT_3D('',#12408,#8200,#8201);
#7016=AXIS2_PLACEMENT_3D('',#12409,#8202,#8203);
#7017=AXIS2_PLACEMENT_3D('',#12414,#8205,#8206);
#7018=AXIS2_PLACEMENT_3D('',#12417,#8208,#8209);
#7019=AXIS2_PLACEMENT_3D('',#12418,#8210,#8211);
#7020=AXIS2_PLACEMENT_3D('',#12422,#8213,#8214);
#7021=AXIS2_PLACEMENT_3D('',#12423,#8215,#8216);
#7022=AXIS2_PLACEMENT_3D('',#12424,#8217,#8218);
#7023=AXIS2_PLACEMENT_3D('',#12428,#8220,#8221);
#7024=AXIS2_PLACEMENT_3D('',#12429,#8222,#8223);
#7025=AXIS2_PLACEMENT_3D('',#12430,#8224,#8225);
#7026=AXIS2_PLACEMENT_3D('',#12431,#8226,#8227);
#7027=AXIS2_PLACEMENT_3D('',#12432,#8228,#8229);
#7028=AXIS2_PLACEMENT_3D('',#12433,#8230,#8231);
#7029=AXIS2_PLACEMENT_3D('',#12434,#8232,#8233);
#7030=AXIS2_PLACEMENT_3D('',#12435,#8234,#8235);
#7031=AXIS2_PLACEMENT_3D('',#12436,#8236,#8237);
#7032=AXIS2_PLACEMENT_3D('',#12437,#8238,#8239);
#7033=AXIS2_PLACEMENT_3D('',#12438,#8240,#8241);
#7034=AXIS2_PLACEMENT_3D('',#12439,#8242,#8243);
#7035=AXIS2_PLACEMENT_3D('',#12440,#8244,#8245);
#7036=AXIS2_PLACEMENT_3D('',#12441,#8246,#8247);
#7037=AXIS2_PLACEMENT_3D('',#12442,#8248,#8249);
#7038=AXIS2_PLACEMENT_3D('',#12443,#8250,#8251);
#7039=AXIS2_PLACEMENT_3D('',#12444,#8252,#8253);
#7040=AXIS2_PLACEMENT_3D('',#12445,#8254,#8255);
#7041=AXIS2_PLACEMENT_3D('',#12446,#8256,#8257);
#7042=AXIS2_PLACEMENT_3D('',#12447,#8258,#8259);
#7043=AXIS2_PLACEMENT_3D('',#12448,#8260,#8261);
#7044=AXIS2_PLACEMENT_3D('',#12450,#8262,#8263);
#7045=AXIS2_PLACEMENT_3D('',#12452,#8264,#8265);
#7046=AXIS2_PLACEMENT_3D('',#12453,#8266,#8267);
#7047=AXIS2_PLACEMENT_3D('',#12454,#8268,#8269);
#7048=AXIS2_PLACEMENT_3D('',#12455,#8270,#8271);
#7049=AXIS2_PLACEMENT_3D('',#12464,#8276,#8277);
#7050=AXIS2_PLACEMENT_3D('',#12465,#8278,#8279);
#7051=AXIS2_PLACEMENT_3D('',#12469,#8281,#8282);
#7052=AXIS2_PLACEMENT_3D('',#12470,#8283,#8284);
#7053=AXIS2_PLACEMENT_3D('',#12476,#8288,#8289);
#7054=AXIS2_PLACEMENT_3D('',#12477,#8290,#8291);
#7055=AXIS2_PLACEMENT_3D('',#12482,#8293,#8294);
#7056=AXIS2_PLACEMENT_3D('',#12485,#8296,#8297);
#7057=AXIS2_PLACEMENT_3D('',#12491,#8301,#8302);
#7058=AXIS2_PLACEMENT_3D('',#12497,#8306,#8307);
#7059=AXIS2_PLACEMENT_3D('',#12498,#8308,#8309);
#7060=AXIS2_PLACEMENT_3D('',#12502,#8311,#8312);
#7061=AXIS2_PLACEMENT_3D('',#12503,#8313,#8314);
#7062=AXIS2_PLACEMENT_3D('',#12509,#8318,#8319);
#7063=AXIS2_PLACEMENT_3D('',#12515,#8323,#8324);
#7064=AXIS2_PLACEMENT_3D('',#12516,#8325,#8326);
#7065=AXIS2_PLACEMENT_3D('',#12520,#8328,#8329);
#7066=AXIS2_PLACEMENT_3D('',#12521,#8330,#8331);
#7067=AXIS2_PLACEMENT_3D('',#12527,#8335,#8336);
#7068=AXIS2_PLACEMENT_3D('',#12536,#8341,#8342);
#7069=AXIS2_PLACEMENT_3D('',#12537,#8343,#8344);
#7070=AXIS2_PLACEMENT_3D('',#12541,#8346,#8347);
#7071=AXIS2_PLACEMENT_3D('',#12542,#8348,#8349);
#7072=AXIS2_PLACEMENT_3D('',#12548,#8353,#8354);
#7073=AXIS2_PLACEMENT_3D('',#12549,#8355,#8356);
#7074=AXIS2_PLACEMENT_3D('',#12554,#8358,#8359);
#7075=AXIS2_PLACEMENT_3D('',#12557,#8361,#8362);
#7076=AXIS2_PLACEMENT_3D('',#12563,#8366,#8367);
#7077=AXIS2_PLACEMENT_3D('',#12564,#8368,#8369);
#7078=AXIS2_PLACEMENT_3D('',#12568,#8371,#8372);
#7079=AXIS2_PLACEMENT_3D('',#12569,#8373,#8374);
#7080=AXIS2_PLACEMENT_3D('',#12572,#8377,#8378);
#7081=AXIS2_PLACEMENT_3D('',#12573,#8379,#8380);
#7082=AXIS2_PLACEMENT_3D('',#12574,#8381,#8382);
#7083=AXIS2_PLACEMENT_3D('',#12575,#8383,#8384);
#7084=AXIS2_PLACEMENT_3D('',#12578,#8387,#8388);
#7085=AXIS2_PLACEMENT_3D('',#12579,#8389,#8390);
#7086=AXIS2_PLACEMENT_3D('',#12580,#8391,#8392);
#7087=AXIS2_PLACEMENT_3D('',#12581,#8393,#8394);
#7088=AXIS2_PLACEMENT_3D('',#12582,#8395,#8396);
#7089=AXIS2_PLACEMENT_3D('',#12583,#8397,#8398);
#7090=AXIS2_PLACEMENT_3D('',#12584,#8399,#8400);
#7091=AXIS2_PLACEMENT_3D('',#12593,#8405,#8406);
#7092=AXIS2_PLACEMENT_3D('',#12594,#8407,#8408);
#7093=AXIS2_PLACEMENT_3D('',#12598,#8410,#8411);
#7094=AXIS2_PLACEMENT_3D('',#12599,#8412,#8413);
#7095=AXIS2_PLACEMENT_3D('',#12605,#8417,#8418);
#7096=AXIS2_PLACEMENT_3D('',#12614,#8423,#8424);
#7097=AXIS2_PLACEMENT_3D('',#12615,#8425,#8426);
#7098=AXIS2_PLACEMENT_3D('',#12619,#8428,#8429);
#7099=AXIS2_PLACEMENT_3D('',#12620,#8430,#8431);
#7100=AXIS2_PLACEMENT_3D('',#12626,#8435,#8436);
#7101=AXIS2_PLACEMENT_3D('',#12627,#8437,#8438);
#7102=AXIS2_PLACEMENT_3D('',#12632,#8440,#8441);
#7103=AXIS2_PLACEMENT_3D('',#12635,#8443,#8444);
#7104=AXIS2_PLACEMENT_3D('',#12641,#8448,#8449);
#7105=AXIS2_PLACEMENT_3D('',#12642,#8450,#8451);
#7106=AXIS2_PLACEMENT_3D('',#12646,#8453,#8454);
#7107=AXIS2_PLACEMENT_3D('',#12647,#8455,#8456);
#7108=AXIS2_PLACEMENT_3D('',#12648,#8457,#8458);
#7109=AXIS2_PLACEMENT_3D('',#12650,#8459,#8460);
#7110=AXIS2_PLACEMENT_3D('',#12652,#8461,#8462);
#7111=AXIS2_PLACEMENT_3D('',#12653,#8463,#8464);
#7112=AXIS2_PLACEMENT_3D('',#12654,#8465,#8466);
#7113=AXIS2_PLACEMENT_3D('',#12655,#8467,#8468);
#7114=AXIS2_PLACEMENT_3D('',#12656,#8469,#8470);
#7115=AXIS2_PLACEMENT_3D('',#12657,#8471,#8472);
#7116=AXIS2_PLACEMENT_3D('',#12658,#8473,#8474);
#7117=AXIS2_PLACEMENT_3D('',#12661,#8477,#8478);
#7118=AXIS2_PLACEMENT_3D('',#12662,#8479,#8480);
#7119=AXIS2_PLACEMENT_3D('',#12664,#8481,#8482);
#7120=AXIS2_PLACEMENT_3D('',#12666,#8483,#8484);
#7121=AXIS2_PLACEMENT_3D('',#12667,#8485,#8486);
#7122=AXIS2_PLACEMENT_3D('',#12668,#8487,#8488);
#7123=AXIS2_PLACEMENT_3D('',#12691,#8491,#8492);
#7124=AXIS2_PLACEMENT_3D('',#12692,#8493,#8494);
#7125=AXIS2_PLACEMENT_3D('',#12696,#8496,#8497);
#7126=AXIS2_PLACEMENT_3D('',#12697,#8498,#8499);
#7127=AXIS2_PLACEMENT_3D('',#12698,#8500,#8501);
#7128=AXIS2_PLACEMENT_3D('',#12703,#8503,#8504);
#7129=AXIS2_PLACEMENT_3D('',#12725,#8507,#8508);
#7130=AXIS2_PLACEMENT_3D('',#12726,#8509,#8510);
#7131=AXIS2_PLACEMENT_3D('',#12731,#8512,#8513);
#7132=AXIS2_PLACEMENT_3D('',#12753,#8516,#8517);
#7133=AXIS2_PLACEMENT_3D('',#12754,#8518,#8519);
#7134=AXIS2_PLACEMENT_3D('',#12759,#8521,#8522);
#7135=AXIS2_PLACEMENT_3D('',#12781,#8525,#8526);
#7136=AXIS2_PLACEMENT_3D('',#12782,#8527,#8528);
#7137=AXIS2_PLACEMENT_3D('',#12784,#8529,#8530);
#7138=AXIS2_PLACEMENT_3D('',#12818,#8531,#8532);
#7139=AXIS2_PLACEMENT_3D('',#12837,#8535,#8536);
#7140=AXIS2_PLACEMENT_3D('',#12838,#8537,#8538);
#7141=AXIS2_PLACEMENT_3D('',#12840,#8539,#8540);
#7142=AXIS2_PLACEMENT_3D('',#12842,#8541,#8542);
#7143=AXIS2_PLACEMENT_3D('',#12843,#8543,#8544);
#7144=AXIS2_PLACEMENT_3D('',#12844,#8545,#8546);
#7145=AXIS2_PLACEMENT_3D('',#12905,#8549,#8550);
#7146=AXIS2_PLACEMENT_3D('',#12906,#8551,#8552);
#7147=AXIS2_PLACEMENT_3D('',#12911,#8554,#8555);
#7148=AXIS2_PLACEMENT_3D('',#12914,#8557,#8558);
#7149=AXIS2_PLACEMENT_3D('',#12915,#8559,#8560);
#7150=AXIS2_PLACEMENT_3D('',#12920,#8562,#8563);
#7151=AXIS2_PLACEMENT_3D('',#12923,#8565,#8566);
#7152=AXIS2_PLACEMENT_3D('',#12924,#8567,#8568);
#7153=AXIS2_PLACEMENT_3D('',#12926,#8569,#8570);
#7154=AXIS2_PLACEMENT_3D('',#12928,#8571,#8572);
#7155=AXIS2_PLACEMENT_3D('',#12929,#8573,#8574);
#7156=AXIS2_PLACEMENT_3D('',#12930,#8575,#8576);
#7157=AXIS2_PLACEMENT_3D('',#13005,#8577,#8578);
#7158=AXIS2_PLACEMENT_3D('',#13006,#8579,#8580);
#7159=AXIS2_PLACEMENT_3D('',#13008,#8581,#8582);
#7160=AXIS2_PLACEMENT_3D('',#13010,#8583,#8584);
#7161=AXIS2_PLACEMENT_3D('',#13011,#8585,#8586);
#7162=AXIS2_PLACEMENT_3D('',#13012,#8587,#8588);
#7163=AXIS2_PLACEMENT_3D('',#13140,#8592,#8593);
#7164=AXIS2_PLACEMENT_3D('',#13141,#8594,#8595);
#7165=AXIS2_PLACEMENT_3D('',#13143,#8596,#8597);
#7166=AXIS2_PLACEMENT_3D('',#13221,#8598,#8599);
#7167=AXIS2_PLACEMENT_3D('',#13222,#8600,#8601);
#7168=AXIS2_PLACEMENT_3D('',#13223,#8602,#8603);
#7169=AXIS2_PLACEMENT_3D('',#13224,#8604,#8605);
#7170=AXIS2_PLACEMENT_3D('',#13225,#8606,#8607);
#7171=AXIS2_PLACEMENT_3D('',#13230,#8609,#8610);
#7172=AXIS2_PLACEMENT_3D('',#13233,#8612,#8613);
#7173=AXIS2_PLACEMENT_3D('',#13234,#8614,#8615);
#7174=AXIS2_PLACEMENT_3D('',#13238,#8617,#8618);
#7175=AXIS2_PLACEMENT_3D('',#13239,#8619,#8620);
#7176=AXIS2_PLACEMENT_3D('',#13240,#8621,#8622);
#7177=AXIS2_PLACEMENT_3D('',#13244,#8624,#8625);
#7178=AXIS2_PLACEMENT_3D('',#13245,#8626,#8627);
#7179=AXIS2_PLACEMENT_3D('',#13246,#8628,#8629);
#7180=AXIS2_PLACEMENT_3D('',#13247,#8630,#8631);
#7181=AXIS2_PLACEMENT_3D('',#13248,#8632,#8633);
#7182=AXIS2_PLACEMENT_3D('',#13249,#8634,#8635);
#7183=AXIS2_PLACEMENT_3D('',#13251,#8636,#8637);
#7184=AXIS2_PLACEMENT_3D('',#13253,#8638,#8639);
#7185=AXIS2_PLACEMENT_3D('',#13254,#8640,#8641);
#7186=AXIS2_PLACEMENT_3D('',#13255,#8642,#8643);
#7187=AXIS2_PLACEMENT_3D('',#13256,#8644,#8645);
#7188=AXIS2_PLACEMENT_3D('',#13257,#8646,#8647);
#7189=AXIS2_PLACEMENT_3D('',#13262,#8649,#8650);
#7190=AXIS2_PLACEMENT_3D('',#13265,#8652,#8653);
#7191=AXIS2_PLACEMENT_3D('',#13266,#8654,#8655);
#7192=AXIS2_PLACEMENT_3D('',#13270,#8657,#8658);
#7193=AXIS2_PLACEMENT_3D('',#13271,#8659,#8660);
#7194=AXIS2_PLACEMENT_3D('',#13272,#8661,#8662);
#7195=AXIS2_PLACEMENT_3D('',#13276,#8664,#8665);
#7196=AXIS2_PLACEMENT_3D('',#13277,#8666,#8667);
#7197=AXIS2_PLACEMENT_3D('',#13278,#8668,#8669);
#7198=AXIS2_PLACEMENT_3D('',#13279,#8670,#8671);
#7199=AXIS2_PLACEMENT_3D('',#13280,#8672,#8673);
#7200=AXIS2_PLACEMENT_3D('',#13281,#8674,#8675);
#7201=AXIS2_PLACEMENT_3D('',#13283,#8676,#8677);
#7202=AXIS2_PLACEMENT_3D('',#13285,#8678,#8679);
#7203=AXIS2_PLACEMENT_3D('',#13286,#8680,#8681);
#7204=AXIS2_PLACEMENT_3D('',#13287,#8682,#8683);
#7205=AXIS2_PLACEMENT_3D('',#13288,#8684,#8685);
#7206=AXIS2_PLACEMENT_3D('',#13289,#8686,#8687);
#7207=AXIS2_PLACEMENT_3D('',#13294,#8689,#8690);
#7208=AXIS2_PLACEMENT_3D('',#13297,#8692,#8693);
#7209=AXIS2_PLACEMENT_3D('',#13298,#8694,#8695);
#7210=AXIS2_PLACEMENT_3D('',#13302,#8697,#8698);
#7211=AXIS2_PLACEMENT_3D('',#13303,#8699,#8700);
#7212=AXIS2_PLACEMENT_3D('',#13304,#8701,#8702);
#7213=AXIS2_PLACEMENT_3D('',#13308,#8704,#8705);
#7214=AXIS2_PLACEMENT_3D('',#13309,#8706,#8707);
#7215=AXIS2_PLACEMENT_3D('',#13310,#8708,#8709);
#7216=AXIS2_PLACEMENT_3D('',#13311,#8710,#8711);
#7217=AXIS2_PLACEMENT_3D('',#13312,#8712,#8713);
#7218=AXIS2_PLACEMENT_3D('',#13313,#8714,#8715);
#7219=AXIS2_PLACEMENT_3D('',#13315,#8716,#8717);
#7220=AXIS2_PLACEMENT_3D('',#13317,#8718,#8719);
#7221=AXIS2_PLACEMENT_3D('',#13318,#8720,#8721);
#7222=AXIS2_PLACEMENT_3D('',#13319,#8722,#8723);
#7223=AXIS2_PLACEMENT_3D('',#13320,#8724,#8725);
#7224=AXIS2_PLACEMENT_3D('',#13321,#8726,#8727);
#7225=AXIS2_PLACEMENT_3D('',#13326,#8729,#8730);
#7226=AXIS2_PLACEMENT_3D('',#13329,#8732,#8733);
#7227=AXIS2_PLACEMENT_3D('',#13330,#8734,#8735);
#7228=AXIS2_PLACEMENT_3D('',#13334,#8737,#8738);
#7229=AXIS2_PLACEMENT_3D('',#13335,#8739,#8740);
#7230=AXIS2_PLACEMENT_3D('',#13336,#8741,#8742);
#7231=AXIS2_PLACEMENT_3D('',#13340,#8744,#8745);
#7232=AXIS2_PLACEMENT_3D('',#13341,#8746,#8747);
#7233=AXIS2_PLACEMENT_3D('',#13342,#8748,#8749);
#7234=AXIS2_PLACEMENT_3D('',#13343,#8750,#8751);
#7235=AXIS2_PLACEMENT_3D('',#13344,#8752,#8753);
#7236=AXIS2_PLACEMENT_3D('',#13345,#8754,#8755);
#7237=AXIS2_PLACEMENT_3D('',#13347,#8756,#8757);
#7238=AXIS2_PLACEMENT_3D('',#13349,#8758,#8759);
#7239=AXIS2_PLACEMENT_3D('',#13350,#8760,#8761);
#7240=AXIS2_PLACEMENT_3D('',#13351,#8762,#8763);
#7241=AXIS2_PLACEMENT_3D('',#13352,#8764,#8765);
#7242=AXIS2_PLACEMENT_3D('',#13353,#8766,#8767);
#7243=AXIS2_PLACEMENT_3D('',#13358,#8769,#8770);
#7244=AXIS2_PLACEMENT_3D('',#13361,#8772,#8773);
#7245=AXIS2_PLACEMENT_3D('',#13362,#8774,#8775);
#7246=AXIS2_PLACEMENT_3D('',#13366,#8777,#8778);
#7247=AXIS2_PLACEMENT_3D('',#13367,#8779,#8780);
#7248=AXIS2_PLACEMENT_3D('',#13368,#8781,#8782);
#7249=AXIS2_PLACEMENT_3D('',#13372,#8784,#8785);
#7250=AXIS2_PLACEMENT_3D('',#13373,#8786,#8787);
#7251=AXIS2_PLACEMENT_3D('',#13374,#8788,#8789);
#7252=AXIS2_PLACEMENT_3D('',#13376,#8790,#8791);
#7253=AXIS2_PLACEMENT_3D('',#13378,#8792,#8793);
#7254=AXIS2_PLACEMENT_3D('',#13379,#8794,#8795);
#7255=AXIS2_PLACEMENT_3D('',#13380,#8796,#8797);
#7256=AXIS2_PLACEMENT_3D('',#13381,#8798,#8799);
#7257=AXIS2_PLACEMENT_3D('',#13382,#8800,#8801);
#7258=AXIS2_PLACEMENT_3D('',#13383,#8802,#8803);
#7259=AXIS2_PLACEMENT_3D('',#13384,#8804,#8805);
#7260=AXIS2_PLACEMENT_3D('',#13385,#8806,#8807);
#7261=AXIS2_PLACEMENT_3D('',#13390,#8809,#8810);
#7262=AXIS2_PLACEMENT_3D('',#13393,#8812,#8813);
#7263=AXIS2_PLACEMENT_3D('',#13394,#8814,#8815);
#7264=AXIS2_PLACEMENT_3D('',#13398,#8817,#8818);
#7265=AXIS2_PLACEMENT_3D('',#13399,#8819,#8820);
#7266=AXIS2_PLACEMENT_3D('',#13400,#8821,#8822);
#7267=AXIS2_PLACEMENT_3D('',#13404,#8824,#8825);
#7268=AXIS2_PLACEMENT_3D('',#13405,#8826,#8827);
#7269=AXIS2_PLACEMENT_3D('',#13406,#8828,#8829);
#7270=AXIS2_PLACEMENT_3D('',#13407,#8830,#8831);
#7271=AXIS2_PLACEMENT_3D('',#13408,#8832,#8833);
#7272=AXIS2_PLACEMENT_3D('',#13409,#8834,#8835);
#7273=AXIS2_PLACEMENT_3D('',#13411,#8836,#8837);
#7274=AXIS2_PLACEMENT_3D('',#13413,#8838,#8839);
#7275=AXIS2_PLACEMENT_3D('',#13414,#8840,#8841);
#7276=AXIS2_PLACEMENT_3D('',#13415,#8842,#8843);
#7277=AXIS2_PLACEMENT_3D('',#13416,#8844,#8845);
#7278=AXIS2_PLACEMENT_3D('',#13417,#8846,#8847);
#7279=AXIS2_PLACEMENT_3D('',#13422,#8849,#8850);
#7280=AXIS2_PLACEMENT_3D('',#13425,#8852,#8853);
#7281=AXIS2_PLACEMENT_3D('',#13426,#8854,#8855);
#7282=AXIS2_PLACEMENT_3D('',#13430,#8857,#8858);
#7283=AXIS2_PLACEMENT_3D('',#13431,#8859,#8860);
#7284=AXIS2_PLACEMENT_3D('',#13432,#8861,#8862);
#7285=AXIS2_PLACEMENT_3D('',#13436,#8864,#8865);
#7286=AXIS2_PLACEMENT_3D('',#13437,#8866,#8867);
#7287=AXIS2_PLACEMENT_3D('',#13438,#8868,#8869);
#7288=AXIS2_PLACEMENT_3D('',#13440,#8870,#8871);
#7289=AXIS2_PLACEMENT_3D('',#13442,#8872,#8873);
#7290=AXIS2_PLACEMENT_3D('',#13443,#8874,#8875);
#7291=AXIS2_PLACEMENT_3D('',#13444,#8876,#8877);
#7292=AXIS2_PLACEMENT_3D('',#13445,#8878,#8879);
#7293=AXIS2_PLACEMENT_3D('',#13446,#8880,#8881);
#7294=AXIS2_PLACEMENT_3D('',#13447,#8882,#8883);
#7295=AXIS2_PLACEMENT_3D('',#13448,#8884,#8885);
#7296=AXIS2_PLACEMENT_3D('',#13449,#8886,#8887);
#7297=AXIS2_PLACEMENT_3D('',#13454,#8889,#8890);
#7298=AXIS2_PLACEMENT_3D('',#13457,#8892,#8893);
#7299=AXIS2_PLACEMENT_3D('',#13458,#8894,#8895);
#7300=AXIS2_PLACEMENT_3D('',#13462,#8897,#8898);
#7301=AXIS2_PLACEMENT_3D('',#13463,#8899,#8900);
#7302=AXIS2_PLACEMENT_3D('',#13464,#8901,#8902);
#7303=AXIS2_PLACEMENT_3D('',#13468,#8904,#8905);
#7304=AXIS2_PLACEMENT_3D('',#13469,#8906,#8907);
#7305=AXIS2_PLACEMENT_3D('',#13470,#8908,#8909);
#7306=AXIS2_PLACEMENT_3D('',#13471,#8910,#8911);
#7307=AXIS2_PLACEMENT_3D('',#13472,#8912,#8913);
#7308=AXIS2_PLACEMENT_3D('',#13473,#8914,#8915);
#7309=AXIS2_PLACEMENT_3D('',#13475,#8916,#8917);
#7310=AXIS2_PLACEMENT_3D('',#13477,#8918,#8919);
#7311=AXIS2_PLACEMENT_3D('',#13478,#8920,#8921);
#7312=AXIS2_PLACEMENT_3D('',#13479,#8922,#8923);
#7313=AXIS2_PLACEMENT_3D('',#13480,#8924,#8925);
#7314=AXIS2_PLACEMENT_3D('',#13481,#8926,#8927);
#7315=AXIS2_PLACEMENT_3D('',#13486,#8929,#8930);
#7316=AXIS2_PLACEMENT_3D('',#13489,#8932,#8933);
#7317=AXIS2_PLACEMENT_3D('',#13490,#8934,#8935);
#7318=AXIS2_PLACEMENT_3D('',#13494,#8937,#8938);
#7319=AXIS2_PLACEMENT_3D('',#13495,#8939,#8940);
#7320=AXIS2_PLACEMENT_3D('',#13496,#8941,#8942);
#7321=AXIS2_PLACEMENT_3D('',#13500,#8944,#8945);
#7322=AXIS2_PLACEMENT_3D('',#13501,#8946,#8947);
#7323=AXIS2_PLACEMENT_3D('',#13502,#8948,#8949);
#7324=AXIS2_PLACEMENT_3D('',#13503,#8950,#8951);
#7325=AXIS2_PLACEMENT_3D('',#13504,#8952,#8953);
#7326=AXIS2_PLACEMENT_3D('',#13505,#8954,#8955);
#7327=AXIS2_PLACEMENT_3D('',#13507,#8956,#8957);
#7328=AXIS2_PLACEMENT_3D('',#13509,#8958,#8959);
#7329=AXIS2_PLACEMENT_3D('',#13510,#8960,#8961);
#7330=AXIS2_PLACEMENT_3D('',#13511,#8962,#8963);
#7331=AXIS2_PLACEMENT_3D('',#13512,#8964,#8965);
#7332=AXIS2_PLACEMENT_3D('',#13513,#8966,#8967);
#7333=AXIS2_PLACEMENT_3D('',#13515,#8968,#8969);
#7334=AXIS2_PLACEMENT_3D('',#13517,#8970,#8971);
#7335=AXIS2_PLACEMENT_3D('',#13518,#8972,#8973);
#7336=AXIS2_PLACEMENT_3D('',#13520,#8974,#8975);
#7337=AXIS2_PLACEMENT_3D('',#13522,#8976,#8977);
#7338=AXIS2_PLACEMENT_3D('',#13523,#8978,#8979);
#7339=AXIS2_PLACEMENT_3D('',#13524,#8980,#8981);
#7340=AXIS2_PLACEMENT_3D('',#13525,#8982,#8983);
#7341=AXIS2_PLACEMENT_3D('',#13526,#8984,#8985);
#7342=AXIS2_PLACEMENT_3D('',#13528,#8986,#8987);
#7343=AXIS2_PLACEMENT_3D('',#13530,#8988,#8989);
#7344=AXIS2_PLACEMENT_3D('',#13531,#8990,#8991);
#7345=AXIS2_PLACEMENT_3D('',#13533,#8992,#8993);
#7346=AXIS2_PLACEMENT_3D('',#13535,#8994,#8995);
#7347=AXIS2_PLACEMENT_3D('',#13536,#8996,#8997);
#7348=AXIS2_PLACEMENT_3D('',#13537,#8998,#8999);
#7349=AXIS2_PLACEMENT_3D('',#13538,#9000,#9001);
#7350=AXIS2_PLACEMENT_3D('',#13539,#9002,#9003);
#7351=AXIS2_PLACEMENT_3D('',#13541,#9004,#9005);
#7352=AXIS2_PLACEMENT_3D('',#13543,#9006,#9007);
#7353=AXIS2_PLACEMENT_3D('',#13544,#9008,#9009);
#7354=AXIS2_PLACEMENT_3D('',#13546,#9010,#9011);
#7355=AXIS2_PLACEMENT_3D('',#13548,#9012,#9013);
#7356=AXIS2_PLACEMENT_3D('',#13549,#9014,#9015);
#7357=AXIS2_PLACEMENT_3D('',#13550,#9016,#9017);
#7358=AXIS2_PLACEMENT_3D('',#13551,#9018,#9019);
#7359=AXIS2_PLACEMENT_3D('',#13552,#9020,#9021);
#7360=AXIS2_PLACEMENT_3D('',#13557,#9023,#9024);
#7361=AXIS2_PLACEMENT_3D('',#13560,#9026,#9027);
#7362=AXIS2_PLACEMENT_3D('',#13561,#9028,#9029);
#7363=AXIS2_PLACEMENT_3D('',#13565,#9031,#9032);
#7364=AXIS2_PLACEMENT_3D('',#13566,#9033,#9034);
#7365=AXIS2_PLACEMENT_3D('',#13567,#9035,#9036);
#7366=AXIS2_PLACEMENT_3D('',#13571,#9038,#9039);
#7367=AXIS2_PLACEMENT_3D('',#13572,#9040,#9041);
#7368=AXIS2_PLACEMENT_3D('',#13573,#9042,#9043);
#7369=AXIS2_PLACEMENT_3D('',#13574,#9044,#9045);
#7370=AXIS2_PLACEMENT_3D('',#13575,#9046,#9047);
#7371=AXIS2_PLACEMENT_3D('',#13576,#9048,#9049);
#7372=AXIS2_PLACEMENT_3D('',#13578,#9050,#9051);
#7373=AXIS2_PLACEMENT_3D('',#13580,#9052,#9053);
#7374=AXIS2_PLACEMENT_3D('',#13581,#9054,#9055);
#7375=AXIS2_PLACEMENT_3D('',#13582,#9056,#9057);
#7376=AXIS2_PLACEMENT_3D('',#13583,#9058,#9059);
#7377=AXIS2_PLACEMENT_3D('',#13584,#9060,#9061);
#7378=AXIS2_PLACEMENT_3D('',#13589,#9063,#9064);
#7379=AXIS2_PLACEMENT_3D('',#13592,#9066,#9067);
#7380=AXIS2_PLACEMENT_3D('',#13593,#9068,#9069);
#7381=AXIS2_PLACEMENT_3D('',#13597,#9071,#9072);
#7382=AXIS2_PLACEMENT_3D('',#13598,#9073,#9074);
#7383=AXIS2_PLACEMENT_3D('',#13599,#9075,#9076);
#7384=AXIS2_PLACEMENT_3D('',#13603,#9078,#9079);
#7385=AXIS2_PLACEMENT_3D('',#13604,#9080,#9081);
#7386=AXIS2_PLACEMENT_3D('',#13605,#9082,#9083);
#7387=AXIS2_PLACEMENT_3D('',#13606,#9084,#9085);
#7388=AXIS2_PLACEMENT_3D('',#13607,#9086,#9087);
#7389=AXIS2_PLACEMENT_3D('',#13608,#9088,#9089);
#7390=AXIS2_PLACEMENT_3D('',#13610,#9090,#9091);
#7391=AXIS2_PLACEMENT_3D('',#13612,#9092,#9093);
#7392=AXIS2_PLACEMENT_3D('',#13613,#9094,#9095);
#7393=AXIS2_PLACEMENT_3D('',#13614,#9096,#9097);
#7394=AXIS2_PLACEMENT_3D('',#13615,#9098,#9099);
#7395=AXIS2_PLACEMENT_3D('',#13616,#9100,#9101);
#7396=AXIS2_PLACEMENT_3D('',#13621,#9103,#9104);
#7397=AXIS2_PLACEMENT_3D('',#13624,#9106,#9107);
#7398=AXIS2_PLACEMENT_3D('',#13625,#9108,#9109);
#7399=AXIS2_PLACEMENT_3D('',#13629,#9111,#9112);
#7400=AXIS2_PLACEMENT_3D('',#13630,#9113,#9114);
#7401=AXIS2_PLACEMENT_3D('',#13631,#9115,#9116);
#7402=AXIS2_PLACEMENT_3D('',#13635,#9118,#9119);
#7403=AXIS2_PLACEMENT_3D('',#13636,#9120,#9121);
#7404=AXIS2_PLACEMENT_3D('',#13637,#9122,#9123);
#7405=AXIS2_PLACEMENT_3D('',#13638,#9124,#9125);
#7406=AXIS2_PLACEMENT_3D('',#13639,#9126,#9127);
#7407=AXIS2_PLACEMENT_3D('',#13640,#9128,#9129);
#7408=AXIS2_PLACEMENT_3D('',#13642,#9130,#9131);
#7409=AXIS2_PLACEMENT_3D('',#13644,#9132,#9133);
#7410=AXIS2_PLACEMENT_3D('',#13645,#9134,#9135);
#7411=DIRECTION('',(0.,0.,1.));
#7412=DIRECTION('',(1.,0.,0.));
#7413=DIRECTION('',(0.,0.,-1.));
#7414=DIRECTION('',(-1.,0.,0.));
#7415=DIRECTION('',(0.,0.,1.));
#7416=DIRECTION('',(1.,0.,0.));
#7417=DIRECTION('',(0.,0.,1.));
#7418=DIRECTION('',(1.,0.,0.));
#7419=DIRECTION('',(0.,0.,1.));
#7420=DIRECTION('',(1.,0.,0.));
#7421=DIRECTION('',(0.,0.,1.));
#7422=DIRECTION('',(1.,0.,0.));
#7423=DIRECTION('',(0.,0.,1.));
#7424=DIRECTION('',(1.,0.,0.));
#7425=DIRECTION('',(0.,0.,-1.));
#7426=DIRECTION('',(-1.,0.,0.));
#7427=DIRECTION('',(0.,0.,1.));
#7428=DIRECTION('',(1.,0.,0.));
#7429=DIRECTION('',(0.,0.,1.));
#7430=DIRECTION('',(1.,0.,0.));
#7431=DIRECTION('',(0.,0.,-1.));
#7432=DIRECTION('',(-1.,0.,0.));
#7433=DIRECTION('',(0.,0.,1.));
#7434=DIRECTION('',(1.,0.,0.));
#7435=DIRECTION('',(0.,0.,1.));
#7436=DIRECTION('',(1.,0.,0.));
#7437=DIRECTION('',(0.,0.,1.));
#7438=DIRECTION('',(1.,0.,0.));
#7439=DIRECTION('',(0.,0.,1.));
#7440=DIRECTION('',(1.,0.,0.));
#7441=DIRECTION('',(0.,0.,1.));
#7442=DIRECTION('',(1.,0.,0.));
#7443=DIRECTION('',(0.,0.,-1.));
#7444=DIRECTION('',(-1.,0.,0.));
#7445=DIRECTION('',(0.,0.,1.));
#7446=DIRECTION('',(1.,0.,0.));
#7447=DIRECTION('',(0.,0.,1.));
#7448=DIRECTION('',(1.,0.,0.));
#7449=DIRECTION('',(0.,0.,1.));
#7450=DIRECTION('',(1.,0.,0.));
#7451=DIRECTION('',(0.,0.,1.));
#7452=DIRECTION('',(1.,0.,0.));
#7453=DIRECTION('',(0.,0.,1.));
#7454=DIRECTION('',(1.,0.,0.));
#7455=DIRECTION('',(0.,0.,-1.));
#7456=DIRECTION('',(-1.,0.,0.));
#7457=DIRECTION('',(0.,0.,1.));
#7458=DIRECTION('',(1.,0.,0.));
#7459=DIRECTION('',(0.,0.,1.));
#7460=DIRECTION('',(1.,0.,0.));
#7461=DIRECTION('',(0.,0.,1.));
#7462=DIRECTION('',(1.,0.,0.));
#7463=DIRECTION('',(0.,0.,1.));
#7464=DIRECTION('',(1.,0.,0.));
#7465=DIRECTION('',(0.,0.,1.));
#7466=DIRECTION('',(1.,0.,0.));
#7467=DIRECTION('',(0.,0.,-1.));
#7468=DIRECTION('',(-0.653088733272245,-0.757281391870191,0.));
#7469=DIRECTION('',(-7.64561589036108E-15,-8.86574818001984E-15,1.));
#7470=DIRECTION('',(-0.660958416015615,-0.750422529178148,-1.17038741389968E-14));
#7471=DIRECTION('',(0.,0.,-1.));
#7472=DIRECTION('',(3.9989210212737E-17,4.63709232517121E-17,1.));
#7473=DIRECTION('',(-0.660958416015615,-0.750422529178148,6.64992848806637E-17));
#7474=DIRECTION('',(0.,0.,-1.));
#7475=DIRECTION('',(0.,0.,-1.));
#7476=DIRECTION('',(0.654954510337429,-0.755668306460353,0.));
#7477=DIRECTION('',(1.93063768801697E-15,-2.22760744018292E-15,-1.));
#7478=DIRECTION('',(0.662807252443272,-0.748790054760746,2.95090575829195E-15));
#7479=DIRECTION('',(0.,0.,-1.));
#7480=DIRECTION('',(4.01034581129145E-17,-4.62721525762565E-17,-1.));
#7481=DIRECTION('',(0.662807252443272,-0.748790054760746,6.64992846939032E-17));
#7482=DIRECTION('',(0.,0.,-1.));
#7483=DIRECTION('',(0.,0.,-1.));
#7484=DIRECTION('',(-0.973207632265672,0.229928042004112,0.));
#7485=DIRECTION('',(0.,0.,-1.));
#7486=DIRECTION('',(-1.,0.,0.));
#7487=DIRECTION('',(0.,0.,-1.));
#7488=DIRECTION('',(0.,0.,-1.));
#7489=DIRECTION('',(-1.,0.,0.));
#7490=DIRECTION('',(0.,0.,-1.));
#7491=DIRECTION('',(0.,0.,-1.));
#7492=DIRECTION('',(-0.974576683103437,0.224054209402778,0.));
#7493=DIRECTION('',(0.,0.,-1.));
#7494=DIRECTION('',(-1.,0.,0.));
#7495=DIRECTION('',(0.,0.,-1.));
#7496=DIRECTION('',(0.,0.,-1.));
#7497=DIRECTION('',(-1.,0.,0.));
#7498=DIRECTION('',(0.,0.,-1.));
#7499=DIRECTION('',(0.,0.,-1.));
#7500=DIRECTION('',(0.97263757621481,0.232327668035858,0.));
#7501=DIRECTION('',(0.,0.,-1.));
#7502=DIRECTION('',(-1.,0.,0.));
#7503=DIRECTION('',(0.,0.,-1.));
#7504=DIRECTION('',(0.,0.,-1.));
#7505=DIRECTION('',(-1.,0.,0.));
#7506=DIRECTION('',(0.,0.,-1.));
#7507=DIRECTION('',(0.,0.,-1.));
#7508=DIRECTION('',(0.974021110145412,0.226457229937794,0.));
#7509=DIRECTION('',(0.,0.,-1.));
#7510=DIRECTION('',(-1.,0.,0.));
#7511=DIRECTION('',(0.,0.,-1.));
#7512=DIRECTION('',(0.,0.,-1.));
#7513=DIRECTION('',(-1.,0.,0.));
#7514=DIRECTION('',(0.,0.,-1.));
#7515=DIRECTION('',(0.,0.,-1.));
#7516=DIRECTION('',(0.,0.,-1.));
#7517=DIRECTION('',(0.,0.,-1.));
#7518=DIRECTION('',(0.,0.,-1.));
#7519=DIRECTION('',(0.,0.,-1.));
#7520=DIRECTION('',(0.,0.,-1.));
#7521=DIRECTION('',(0.,0.,-1.));
#7522=DIRECTION('',(0.,0.,-1.));
#7523=DIRECTION('',(0.,0.,-1.));
#7524=DIRECTION('',(0.679948722232462,0.733259664194372,0.));
#7525=DIRECTION('',(0.,0.,-1.));
#7526=DIRECTION('',(-1.,0.,0.));
#7527=DIRECTION('',(0.,0.,-1.));
#7528=DIRECTION('',(0.,0.,-1.));
#7529=DIRECTION('',(-1.,0.,0.));
#7530=DIRECTION('',(0.,0.,-1.));
#7531=DIRECTION('',(0.,0.,-1.));
#7532=DIRECTION('',(0.683152306520722,0.730275924630833,0.));
#7533=DIRECTION('',(0.,0.,-1.));
#7534=DIRECTION('',(-1.,0.,0.));
#7535=DIRECTION('',(0.,0.,-1.));
#7536=DIRECTION('',(0.,0.,-1.));
#7537=DIRECTION('',(-1.,0.,0.));
#7538=DIRECTION('',(0.,0.,-1.));
#7539=DIRECTION('',(-0.684951385755019,0.728588772321039,0.));
#7540=DIRECTION('',(0.,0.,-1.));
#7541=DIRECTION('',(-1.,0.,0.));
#7542=DIRECTION('',(0.,0.,-1.));
#7543=DIRECTION('',(-1.,0.,0.));
#7544=DIRECTION('',(0.,0.,-1.));
#7545=DIRECTION('',(0.,0.,-1.));
#7546=DIRECTION('',(-0.681755170263926,0.731580404206131,0.));
#7547=DIRECTION('',(0.,0.,-1.));
#7548=DIRECTION('',(-1.,0.,0.));
#7549=DIRECTION('',(0.,0.,-1.));
#7550=DIRECTION('',(0.,0.,-1.));
#7551=DIRECTION('',(-1.,0.,0.));
#7552=DIRECTION('',(0.,0.,-1.));
#7553=DIRECTION('',(0.,0.,-1.));
#7554=DIRECTION('',(-0.657331951547653,-0.753601158089976,0.));
#7555=DIRECTION('',(0.,0.,-1.));
#7556=DIRECTION('',(-1.,0.,0.));
#7557=DIRECTION('',(0.,0.,-1.));
#7558=DIRECTION('',(0.,0.,-1.));
#7559=DIRECTION('',(-1.,0.,0.));
#7560=DIRECTION('',(0.,0.,-1.));
#7561=DIRECTION('',(0.,0.,-1.));
#7562=DIRECTION('',(-0.666883387171759,-0.745162095060076,0.));
#7563=DIRECTION('',(0.,0.,-1.));
#7564=DIRECTION('',(-1.,0.,0.));
#7565=DIRECTION('',(0.,0.,-1.));
#7566=DIRECTION('',(-1.,0.,0.));
#7567=DIRECTION('',(0.,0.,-1.));
#7568=DIRECTION('',(0.,0.,-1.));
#7569=DIRECTION('',(0.659188638817487,-0.75197761831982,0.));
#7570=DIRECTION('',(0.,0.,-1.));
#7571=DIRECTION('',(-1.,0.,0.));
#7572=DIRECTION('',(0.,0.,-1.));
#7573=DIRECTION('',(0.,0.,-1.));
#7574=DIRECTION('',(-1.,0.,0.));
#7575=DIRECTION('',(0.,0.,-1.));
#7576=DIRECTION('',(0.,0.,-1.));
#7577=DIRECTION('',(0.668719231216227,-0.743515023252105,0.));
#7578=DIRECTION('',(0.,0.,-1.));
#7579=DIRECTION('',(-1.,0.,0.));
#7580=DIRECTION('',(0.,0.,-1.));
#7581=DIRECTION('',(0.,0.,-1.));
#7582=DIRECTION('',(-1.,0.,0.));
#7583=DIRECTION('',(0.,0.,-1.));
#7584=DIRECTION('',(-0.459861872871631,0.887990460466212,0.));
#7585=DIRECTION('',(0.,0.,-1.));
#7586=DIRECTION('',(-1.,0.,0.));
#7587=DIRECTION('',(0.,0.,-1.));
#7588=DIRECTION('',(0.,0.,-1.));
#7589=DIRECTION('',(-1.,0.,0.));
#7590=DIRECTION('',(0.,0.,-1.));
#7591=DIRECTION('',(0.,0.,-1.));
#7592=DIRECTION('',(0.,0.,-1.));
#7593=DIRECTION('',(0.,0.,-1.));
#7594=DIRECTION('',(0.457670328948082,0.88912196576204,0.));
#7595=DIRECTION('',(0.,0.,-1.));
#7596=DIRECTION('',(-1.,0.,0.));
#7597=DIRECTION('',(0.,0.,-1.));
#7598=DIRECTION('',(0.,0.,-1.));
#7599=DIRECTION('',(-1.,0.,0.));
#7600=DIRECTION('',(0.,0.,-1.));
#7601=DIRECTION('',(0.,0.,-1.));
#7602=DIRECTION('',(0.,0.,-1.));
#7603=DIRECTION('',(0.,0.,-1.));
#7604=DIRECTION('',(0.,0.,-1.));
#7605=DIRECTION('',(0.,0.,-1.));
#7606=DIRECTION('',(0.,0.,-1.));
#7607=DIRECTION('',(0.,0.,-1.));
#7608=DIRECTION('',(0.,0.,-1.));
#7609=DIRECTION('',(0.,0.,-1.));
#7610=DIRECTION('',(0.,0.,-1.));
#7611=DIRECTION('',(0.,0.,-1.));
#7612=DIRECTION('',(0.,0.,1.));
#7613=DIRECTION('',(-0.193382844783044,-0.981123374170454,0.));
#7614=DIRECTION('',(0.,0.,-1.));
#7615=DIRECTION('',(0.,0.,1.));
#7616=DIRECTION('',(-0.193382844783044,-0.981123374170454,0.));
#7617=DIRECTION('',(0.,0.,-1.));
#7618=DIRECTION('',(-1.,0.,0.));
#7619=DIRECTION('',(0.,0.,1.));
#7620=DIRECTION('',(1.,0.,0.));
#7621=DIRECTION('',(0.,0.,-1.));
#7622=DIRECTION('',(0.,0.,1.));
#7623=DIRECTION('',(1.,0.,0.));
#7624=DIRECTION('',(0.,0.,-1.));
#7625=DIRECTION('',(0.,0.,-1.));
#7626=DIRECTION('',(-1.,0.,0.));
#7627=DIRECTION('',(0.,0.,1.));
#7628=DIRECTION('',(1.,0.,0.));
#7629=DIRECTION('',(0.,0.,-1.));
#7630=DIRECTION('',(0.,0.,1.));
#7631=DIRECTION('',(1.,0.,0.));
#7632=DIRECTION('',(0.,0.,-1.));
#7633=DIRECTION('',(-1.,0.,0.));
#7634=DIRECTION('',(0.,0.,1.));
#7635=DIRECTION('',(1.,0.,0.));
#7636=DIRECTION('',(0.,0.,1.));
#7637=DIRECTION('',(1.,0.,0.));
#7638=DIRECTION('',(0.,0.,-1.));
#7639=DIRECTION('',(0.195802105411288,-0.980643429344482,0.));
#7640=DIRECTION('',(0.,0.,-1.));
#7641=DIRECTION('',(0.195802105411288,-0.980643429344482,0.));
#7642=DIRECTION('',(0.,0.,-1.));
#7643=DIRECTION('',(0.,0.,-1.));
#7644=DIRECTION('',(0.,0.,-1.));
#7645=DIRECTION('',(-0.535186361706958,-0.844734016269541,0.));
#7646=DIRECTION('',(0.,0.,-1.));
#7647=DIRECTION('',(-1.,0.,0.));
#7648=DIRECTION('',(0.,0.,-1.));
#7649=DIRECTION('',(0.,0.,-1.));
#7650=DIRECTION('',(-1.,0.,0.));
#7651=DIRECTION('',(0.,0.,-1.));
#7652=DIRECTION('',(0.,0.,-1.));
#7653=DIRECTION('',(0.537268191143225,-0.843411459956341,0.));
#7654=DIRECTION('',(0.,0.,-1.));
#7655=DIRECTION('',(-1.,0.,0.));
#7656=DIRECTION('',(0.,0.,-1.));
#7657=DIRECTION('',(0.,0.,-1.));
#7658=DIRECTION('',(-1.,0.,0.));
#7659=DIRECTION('',(0.,0.,-1.));
#7660=DIRECTION('',(0.,0.,-1.));
#7661=DIRECTION('',(0.,0.,-1.));
#7662=DIRECTION('',(0.,0.,-1.));
#7663=DIRECTION('',(0.,0.,-1.));
#7664=DIRECTION('',(0.,0.,-1.));
#7665=DIRECTION('',(0.,0.,-1.));
#7666=DIRECTION('',(-0.989941689732492,-0.141475972976256,0.));
#7667=DIRECTION('',(0.,0.,-1.));
#7668=DIRECTION('',(-1.,0.,0.));
#7669=DIRECTION('',(0.,0.,-1.));
#7670=DIRECTION('',(-1.,0.,0.));
#7671=DIRECTION('',(0.,0.,-1.));
#7672=DIRECTION('',(0.,0.,-1.));
#7673=DIRECTION('',(0.990287615955943,-0.139033944359982,0.));
#7674=DIRECTION('',(0.,0.,-1.));
#7675=DIRECTION('',(-1.,0.,0.));
#7676=DIRECTION('',(0.,0.,-1.));
#7677=DIRECTION('',(-1.,0.,0.));
#7678=DIRECTION('',(0.,0.,-1.));
#7679=DIRECTION('',(0.,0.,-1.));
#7680=DIRECTION('',(-1.,0.,0.));
#7681=DIRECTION('',(0.,0.,1.));
#7682=DIRECTION('',(1.,0.,0.));
#7683=DIRECTION('',(0.,0.,-1.));
#7684=DIRECTION('',(0.,0.,1.));
#7685=DIRECTION('',(1.,0.,0.));
#7686=DIRECTION('',(0.,0.,-1.));
#7687=DIRECTION('',(0.,0.,-1.));
#7688=DIRECTION('',(-1.,0.,0.));
#7689=DIRECTION('',(0.,0.,1.));
#7690=DIRECTION('',(1.,0.,0.));
#7691=DIRECTION('',(0.,0.,1.));
#7692=DIRECTION('',(1.,0.,0.));
#7693=DIRECTION('',(0.,0.,-1.));
#7694=DIRECTION('',(0.,0.,-1.));
#7695=DIRECTION('',(0.,0.,-1.));
#7696=DIRECTION('',(0.,0.,-1.));
#7697=DIRECTION('',(-0.349198254501565,0.937048866950417,0.));
#7698=DIRECTION('',(0.,0.,-1.));
#7699=DIRECTION('',(-1.,0.,0.));
#7700=DIRECTION('',(0.,0.,-1.));
#7701=DIRECTION('',(-1.,0.,0.));
#7702=DIRECTION('',(0.,0.,-1.));
#7703=DIRECTION('',(0.34688604921396,0.937907281590632,0.));
#7704=DIRECTION('',(0.,0.,-1.));
#7705=DIRECTION('',(-1.,0.,0.));
#7706=DIRECTION('',(0.,0.,-1.));
#7707=DIRECTION('',(-1.,0.,0.));
#7708=DIRECTION('',(0.,0.,-1.));
#7709=DIRECTION('',(-0.999711489926724,-0.0240195109960727,0.));
#7710=DIRECTION('',(0.,0.,-1.));
#7711=DIRECTION('',(-1.,0.,0.));
#7712=DIRECTION('',(0.,0.,-1.));
#7713=DIRECTION('',(-1.,0.,0.));
#7714=DIRECTION('',(0.,0.,-1.));
#7715=DIRECTION('',(-0.999706441954988,-0.0242287002065297,0.));
#7716=DIRECTION('',(0.,0.,-1.));
#7717=DIRECTION('',(-1.,0.,0.));
#7718=DIRECTION('',(0.,0.,-1.));
#7719=DIRECTION('',(-1.,0.,0.));
#7720=DIRECTION('',(0.,0.,-1.));
#7721=DIRECTION('',(-0.979938092626012,-0.199302118956353,0.));
#7722=DIRECTION('',(0.,0.,-1.));
#7723=DIRECTION('',(-1.,0.,0.));
#7724=DIRECTION('',(0.,0.,-1.));
#7725=DIRECTION('',(-1.,0.,0.));
#7726=DIRECTION('',(0.,0.,1.));
#7727=DIRECTION('',(1.,0.,0.));
#7728=DIRECTION('',(0.,0.,-1.));
#7729=DIRECTION('',(-1.,0.,0.));
#7730=DIRECTION('',(0.,0.,-1.));
#7731=DIRECTION('',(-1.,0.,0.));
#7732=DIRECTION('',(0.,0.,-1.));
#7733=DIRECTION('',(-1.,0.,0.));
#7734=DIRECTION('',(0.,0.,1.));
#7735=DIRECTION('',(1.,0.,0.));
#7736=DIRECTION('',(0.,0.,-1.));
#7737=DIRECTION('',(-1.,0.,0.));
#7738=DIRECTION('',(0.,0.,-1.));
#7739=DIRECTION('',(-1.,0.,0.));
#7740=DIRECTION('',(0.,0.,-1.));
#7741=DIRECTION('',(-1.,0.,0.));
#7742=DIRECTION('',(0.,0.,-1.));
#7743=DIRECTION('',(0.9997676910914,-0.0215537432890873,0.));
#7744=DIRECTION('',(0.,0.,-1.));
#7745=DIRECTION('',(0.999763159080801,-0.0217629443039585,0.));
#7746=DIRECTION('',(0.,0.,-1.));
#7747=DIRECTION('',(0.980426672027912,-0.196884587452327,0.));
#7748=DIRECTION('',(0.,0.,1.));
#7749=DIRECTION('',(1.,0.,0.));
#7750=DIRECTION('',(0.,0.,-1.));
#7751=DIRECTION('',(0.,0.,-1.));
#7752=DIRECTION('',(0.,0.,-1.));
#7753=DIRECTION('',(-1.,0.,0.));
#7754=DIRECTION('',(0.,0.,1.));
#7755=DIRECTION('',(1.,0.,0.));
#7756=DIRECTION('',(0.,0.,-1.));
#7757=DIRECTION('',(0.,0.,1.));
#7758=DIRECTION('',(1.,0.,0.));
#7759=DIRECTION('',(0.,0.,-1.));
#7760=DIRECTION('',(0.,0.,-1.));
#7761=DIRECTION('',(-1.,0.,0.));
#7762=DIRECTION('',(0.,0.,1.));
#7763=DIRECTION('',(1.,0.,0.));
#7764=DIRECTION('',(0.,0.,-1.));
#7765=DIRECTION('',(0.,0.,1.));
#7766=DIRECTION('',(1.,0.,0.));
#7767=DIRECTION('',(0.,0.,-1.));
#7768=DIRECTION('',(0.,0.,-1.));
#7769=DIRECTION('',(0.,0.,-1.));
#7770=DIRECTION('',(0.,0.,-1.));
#7771=DIRECTION('',(-1.,0.,0.));
#7772=DIRECTION('',(0.,0.,1.));
#7773=DIRECTION('',(1.,0.,0.));
#7774=DIRECTION('',(0.,0.,-1.));
#7775=DIRECTION('',(0.,0.,1.));
#7776=DIRECTION('',(1.,0.,0.));
#7777=DIRECTION('',(0.,0.,-1.));
#7778=DIRECTION('',(0.,0.,-1.));
#7779=DIRECTION('',(-1.,0.,0.));
#7780=DIRECTION('',(0.,0.,1.));
#7781=DIRECTION('',(1.,0.,0.));
#7782=DIRECTION('',(0.,0.,-1.));
#7783=DIRECTION('',(0.,0.,1.));
#7784=DIRECTION('',(1.,0.,0.));
#7785=DIRECTION('',(0.,0.,-1.));
#7786=DIRECTION('',(0.,0.,-1.));
#7787=DIRECTION('',(-1.,0.,0.));
#7788=DIRECTION('',(0.,0.,1.));
#7789=DIRECTION('',(1.,0.,0.));
#7790=DIRECTION('',(0.,0.,1.));
#7791=DIRECTION('',(1.,0.,0.));
#7792=DIRECTION('',(0.,0.,-1.));
#7793=DIRECTION('',(-1.,0.,0.));
#7794=DIRECTION('',(0.,0.,1.));
#7795=DIRECTION('',(1.,0.,0.));
#7796=DIRECTION('',(0.,0.,1.));
#7797=DIRECTION('',(1.,0.,0.));
#7798=DIRECTION('',(0.,0.,-1.));
#7799=DIRECTION('',(-1.,0.,0.));
#7800=DIRECTION('',(0.,0.,1.));
#7801=DIRECTION('',(1.,0.,0.));
#7802=DIRECTION('',(0.,0.,1.));
#7803=DIRECTION('',(1.,0.,0.));
#7804=DIRECTION('',(0.,0.,-1.));
#7805=DIRECTION('',(-1.,0.,0.));
#7806=DIRECTION('',(0.,0.,1.));
#7807=DIRECTION('',(1.,0.,0.));
#7808=DIRECTION('',(0.,0.,1.));
#7809=DIRECTION('',(1.,0.,0.));
#7810=DIRECTION('',(0.,0.,-1.));
#7811=DIRECTION('',(-1.,0.,0.));
#7812=DIRECTION('',(0.,0.,1.));
#7813=DIRECTION('',(1.,0.,0.));
#7814=DIRECTION('',(0.,0.,1.));
#7815=DIRECTION('',(1.,0.,0.));
#7816=DIRECTION('',(0.,0.,1.));
#7817=DIRECTION('',(1.,0.,0.));
#7818=DIRECTION('',(0.,0.,1.));
#7819=DIRECTION('',(1.,0.,0.));
#7820=DIRECTION('',(0.,0.,1.));
#7821=DIRECTION('',(1.,0.,0.));
#7822=DIRECTION('',(0.,0.,-1.));
#7823=DIRECTION('',(0.,0.,-1.));
#7824=DIRECTION('',(0.,0.,-1.));
#7825=DIRECTION('',(0.,0.,-1.));
#7826=DIRECTION('',(-1.,0.,0.));
#7827=DIRECTION('',(0.,0.,1.));
#7828=DIRECTION('',(1.,0.,0.));
#7829=DIRECTION('',(0.,0.,-1.));
#7830=DIRECTION('',(0.,0.,1.));
#7831=DIRECTION('',(1.,0.,0.));
#7832=DIRECTION('',(0.,0.,-1.));
#7833=DIRECTION('',(-1.,0.,0.));
#7834=DIRECTION('',(0.,0.,1.));
#7835=DIRECTION('',(1.,0.,0.));
#7836=DIRECTION('',(0.,0.,-1.));
#7837=DIRECTION('',(0.,0.,1.));
#7838=DIRECTION('',(1.,0.,0.));
#7839=DIRECTION('',(0.,0.,-1.));
#7840=DIRECTION('',(0.,0.,-1.));
#7841=DIRECTION('',(0.,0.,-1.));
#7842=DIRECTION('',(-1.,0.,0.));
#7843=DIRECTION('',(0.,0.,1.));
#7844=DIRECTION('',(1.,0.,0.));
#7845=DIRECTION('',(0.,0.,-1.));
#7846=DIRECTION('',(0.,0.,1.));
#7847=DIRECTION('',(1.,0.,0.));
#7848=DIRECTION('',(0.,0.,-1.));
#7849=DIRECTION('',(-1.,0.,0.));
#7850=DIRECTION('',(0.,0.,1.));
#7851=DIRECTION('',(1.,0.,0.));
#7852=DIRECTION('',(0.,0.,-1.));
#7853=DIRECTION('',(0.,0.,1.));
#7854=DIRECTION('',(1.,0.,0.));
#7855=DIRECTION('',(0.,0.,-1.));
#7856=DIRECTION('',(0.,0.,-1.));
#7857=DIRECTION('',(0.,0.,-1.));
#7858=DIRECTION('',(-1.,0.,0.));
#7859=DIRECTION('',(0.,0.,1.));
#7860=DIRECTION('',(1.,0.,0.));
#7861=DIRECTION('',(0.,0.,-1.));
#7862=DIRECTION('',(0.,0.,1.));
#7863=DIRECTION('',(1.,0.,0.));
#7864=DIRECTION('',(0.,0.,-1.));
#7865=DIRECTION('',(-1.,0.,0.));
#7866=DIRECTION('',(0.,0.,1.));
#7867=DIRECTION('',(1.,0.,0.));
#7868=DIRECTION('',(0.,0.,-1.));
#7869=DIRECTION('',(0.,0.,1.));
#7870=DIRECTION('',(1.,0.,0.));
#7871=DIRECTION('',(0.,0.,-1.));
#7872=DIRECTION('',(-1.,0.,0.));
#7873=DIRECTION('',(0.,0.,1.));
#7874=DIRECTION('',(1.,0.,0.));
#7875=DIRECTION('',(0.,0.,-1.));
#7876=DIRECTION('',(0.,0.,1.));
#7877=DIRECTION('',(1.,0.,0.));
#7878=DIRECTION('',(0.,0.,-1.));
#7879=DIRECTION('',(0.,0.,-1.));
#7880=DIRECTION('',(-1.,0.,0.));
#7881=DIRECTION('',(0.,0.,1.));
#7882=DIRECTION('',(1.,0.,0.));
#7883=DIRECTION('',(0.,0.,-1.));
#7884=DIRECTION('',(0.,0.,1.));
#7885=DIRECTION('',(1.,0.,0.));
#7886=DIRECTION('',(0.,0.,-1.));
#7887=DIRECTION('',(-1.,0.,0.));
#7888=DIRECTION('',(0.,0.,1.));
#7889=DIRECTION('',(1.,0.,0.));
#7890=DIRECTION('',(0.,0.,-1.));
#7891=DIRECTION('',(0.,0.,1.));
#7892=DIRECTION('',(1.,0.,0.));
#7893=DIRECTION('',(0.,0.,-1.));
#7894=DIRECTION('',(-1.,0.,0.));
#7895=DIRECTION('',(0.,0.,1.));
#7896=DIRECTION('',(1.,0.,0.));
#7897=DIRECTION('',(0.,0.,-1.));
#7898=DIRECTION('',(0.,0.,1.));
#7899=DIRECTION('',(1.,0.,0.));
#7900=DIRECTION('',(0.,0.,-1.));
#7901=DIRECTION('',(-1.,0.,0.));
#7902=DIRECTION('',(0.,0.,1.));
#7903=DIRECTION('',(1.,0.,0.));
#7904=DIRECTION('',(0.,0.,-1.));
#7905=DIRECTION('',(0.,0.,1.));
#7906=DIRECTION('',(1.,0.,0.));
#7907=DIRECTION('',(0.,0.,-1.));
#7908=DIRECTION('',(-1.,0.,0.));
#7909=DIRECTION('',(0.,0.,1.));
#7910=DIRECTION('',(1.,0.,0.));
#7911=DIRECTION('',(0.,0.,1.));
#7912=DIRECTION('',(1.,0.,0.));
#7913=DIRECTION('',(0.,0.,-1.));
#7914=DIRECTION('',(-1.,0.,0.));
#7915=DIRECTION('',(0.,0.,1.));
#7916=DIRECTION('',(1.,0.,0.));
#7917=DIRECTION('',(0.,0.,1.));
#7918=DIRECTION('',(1.,0.,0.));
#7919=DIRECTION('',(0.,0.,1.));
#7920=DIRECTION('',(1.,0.,0.));
#7921=DIRECTION('',(0.,0.,1.));
#7922=DIRECTION('',(1.,0.,0.));
#7923=DIRECTION('',(0.,0.,1.));
#7924=DIRECTION('',(1.,0.,0.));
#7925=DIRECTION('',(0.,0.,-1.));
#7926=DIRECTION('',(0.,0.,-1.));
#7927=DIRECTION('',(0.,0.,-1.));
#7928=DIRECTION('',(-1.,0.,0.));
#7929=DIRECTION('',(0.,0.,1.));
#7930=DIRECTION('',(1.,0.,0.));
#7931=DIRECTION('',(0.,0.,-1.));
#7932=DIRECTION('',(0.,0.,1.));
#7933=DIRECTION('',(1.,0.,0.));
#7934=DIRECTION('',(0.,0.,-1.));
#7935=DIRECTION('',(0.,0.,-1.));
#7936=DIRECTION('',(-1.,0.,0.));
#7937=DIRECTION('',(0.,0.,1.));
#7938=DIRECTION('',(1.,0.,0.));
#7939=DIRECTION('',(0.,0.,-1.));
#7940=DIRECTION('',(0.,0.,1.));
#7941=DIRECTION('',(1.,0.,0.));
#7942=DIRECTION('',(0.,0.,-1.));
#7943=DIRECTION('',(0.,0.,-1.));
#7944=DIRECTION('',(0.,0.,-1.));
#7945=DIRECTION('',(-1.,0.,0.));
#7946=DIRECTION('',(0.,0.,1.));
#7947=DIRECTION('',(1.,0.,0.));
#7948=DIRECTION('',(0.,0.,-1.));
#7949=DIRECTION('',(0.,0.,1.));
#7950=DIRECTION('',(1.,0.,0.));
#7951=DIRECTION('',(0.,0.,-1.));
#7952=DIRECTION('',(-1.,0.,0.));
#7953=DIRECTION('',(0.,0.,1.));
#7954=DIRECTION('',(1.,0.,0.));
#7955=DIRECTION('',(0.,0.,-1.));
#7956=DIRECTION('',(0.,0.,1.));
#7957=DIRECTION('',(1.,0.,0.));
#7958=DIRECTION('',(0.,0.,-1.));
#7959=DIRECTION('',(0.,0.,-1.));
#7960=DIRECTION('',(0.,0.,-1.));
#7961=DIRECTION('',(-1.,0.,0.));
#7962=DIRECTION('',(0.,0.,1.));
#7963=DIRECTION('',(1.,0.,0.));
#7964=DIRECTION('',(0.,0.,-1.));
#7965=DIRECTION('',(0.,0.,1.));
#7966=DIRECTION('',(1.,0.,0.));
#7967=DIRECTION('',(0.,0.,-1.));
#7968=DIRECTION('',(-1.,0.,0.));
#7969=DIRECTION('',(0.,0.,1.));
#7970=DIRECTION('',(1.,0.,0.));
#7971=DIRECTION('',(0.,0.,-1.));
#7972=DIRECTION('',(0.,0.,1.));
#7973=DIRECTION('',(1.,0.,0.));
#7974=DIRECTION('',(0.,0.,-1.));
#7975=DIRECTION('',(0.,0.,-1.));
#7976=DIRECTION('',(0.,0.,-1.));
#7977=DIRECTION('',(-1.,0.,0.));
#7978=DIRECTION('',(0.,0.,1.));
#7979=DIRECTION('',(1.,0.,0.));
#7980=DIRECTION('',(0.,0.,-1.));
#7981=DIRECTION('',(0.,0.,1.));
#7982=DIRECTION('',(1.,0.,0.));
#7983=DIRECTION('',(0.,0.,-1.));
#7984=DIRECTION('',(-1.,0.,0.));
#7985=DIRECTION('',(0.,0.,1.));
#7986=DIRECTION('',(1.,0.,0.));
#7987=DIRECTION('',(0.,0.,-1.));
#7988=DIRECTION('',(0.,0.,1.));
#7989=DIRECTION('',(1.,0.,0.));
#7990=DIRECTION('',(0.,0.,-1.));
#7991=DIRECTION('',(0.,0.,-1.));
#7992=DIRECTION('',(0.,0.,-1.));
#7993=DIRECTION('',(-1.,0.,0.));
#7994=DIRECTION('',(0.,0.,1.));
#7995=DIRECTION('',(1.,0.,0.));
#7996=DIRECTION('',(0.,0.,-1.));
#7997=DIRECTION('',(0.,0.,1.));
#7998=DIRECTION('',(1.,0.,0.));
#7999=DIRECTION('',(0.,0.,-1.));
#8000=DIRECTION('',(-1.,0.,0.));
#8001=DIRECTION('',(0.,0.,1.));
#8002=DIRECTION('',(1.,0.,0.));
#8003=DIRECTION('',(0.,0.,-1.));
#8004=DIRECTION('',(0.,0.,1.));
#8005=DIRECTION('',(1.,0.,0.));
#8006=DIRECTION('',(0.,0.,-1.));
#8007=DIRECTION('',(0.,0.,-1.));
#8008=DIRECTION('',(0.,0.,-1.));
#8009=DIRECTION('',(-1.,0.,0.));
#8010=DIRECTION('',(0.,0.,1.));
#8011=DIRECTION('',(1.,0.,0.));
#8012=DIRECTION('',(0.,0.,-1.));
#8013=DIRECTION('',(0.,0.,1.));
#8014=DIRECTION('',(1.,0.,0.));
#8015=DIRECTION('',(0.,0.,-1.));
#8016=DIRECTION('',(-1.,0.,0.));
#8017=DIRECTION('',(0.,0.,1.));
#8018=DIRECTION('',(1.,0.,0.));
#8019=DIRECTION('',(0.,0.,1.));
#8020=DIRECTION('',(1.,0.,0.));
#8021=DIRECTION('',(0.,0.,-1.));
#8022=DIRECTION('',(-1.,0.,0.));
#8023=DIRECTION('',(0.,0.,1.));
#8024=DIRECTION('',(1.,0.,0.));
#8025=DIRECTION('',(0.,0.,1.));
#8026=DIRECTION('',(1.,0.,0.));
#8027=DIRECTION('',(0.,0.,-1.));
#8028=DIRECTION('',(-1.,0.,0.));
#8029=DIRECTION('',(0.,0.,1.));
#8030=DIRECTION('',(1.,0.,0.));
#8031=DIRECTION('',(0.,0.,1.));
#8032=DIRECTION('',(1.,0.,0.));
#8033=DIRECTION('',(0.,0.,1.));
#8034=DIRECTION('',(1.,0.,0.));
#8035=DIRECTION('',(0.,0.,1.));
#8036=DIRECTION('',(1.,0.,0.));
#8037=DIRECTION('',(0.,0.,1.));
#8038=DIRECTION('',(1.,0.,0.));
#8039=DIRECTION('',(0.,0.,-1.));
#8040=DIRECTION('',(-1.,0.,0.));
#8041=DIRECTION('',(0.,0.,1.));
#8042=DIRECTION('',(1.,0.,0.));
#8043=DIRECTION('',(0.,0.,-1.));
#8044=DIRECTION('',(0.,0.,1.));
#8045=DIRECTION('',(1.,0.,0.));
#8046=DIRECTION('',(0.,0.,-1.));
#8047=DIRECTION('',(0.,0.,-1.));
#8048=DIRECTION('',(0.,0.,-1.));
#8049=DIRECTION('',(-1.,0.,0.));
#8050=DIRECTION('',(0.,0.,1.));
#8051=DIRECTION('',(1.,0.,0.));
#8052=DIRECTION('',(0.,0.,1.));
#8053=DIRECTION('',(1.,0.,0.));
#8054=DIRECTION('',(0.,0.,1.));
#8055=DIRECTION('',(1.,0.,0.));
#8056=DIRECTION('',(0.,0.,1.));
#8057=DIRECTION('',(1.,0.,0.));
#8058=DIRECTION('',(0.,0.,1.));
#8059=DIRECTION('',(1.,0.,0.));
#8060=DIRECTION('',(0.,0.,-1.));
#8061=DIRECTION('',(0.,0.,-1.));
#8062=DIRECTION('',(0.,0.,-1.));
#8063=DIRECTION('',(0.,0.,-1.));
#8064=DIRECTION('',(0.,0.,-1.));
#8065=DIRECTION('',(0.,0.,-1.));
#8066=DIRECTION('',(0.,0.,-1.));
#8067=DIRECTION('',(0.,0.,-1.));
#8068=DIRECTION('',(0.,0.,-1.));
#8069=DIRECTION('',(0.,0.,-1.));
#8070=DIRECTION('',(0.,0.,-1.));
#8071=DIRECTION('',(0.,0.,-1.));
#8072=DIRECTION('',(-1.,0.,0.));
#8073=DIRECTION('',(0.,0.,1.));
#8074=DIRECTION('',(1.,0.,0.));
#8075=DIRECTION('',(0.,0.,-1.));
#8076=DIRECTION('',(0.,0.,1.));
#8077=DIRECTION('',(1.,0.,0.));
#8078=DIRECTION('',(0.,0.,-1.));
#8079=DIRECTION('',(-1.,0.,0.));
#8080=DIRECTION('',(0.,0.,1.));
#8081=DIRECTION('',(1.,0.,0.));
#8082=DIRECTION('',(0.,0.,-1.));
#8083=DIRECTION('',(0.,0.,1.));
#8084=DIRECTION('',(1.,0.,0.));
#8085=DIRECTION('',(0.,0.,-1.));
#8086=DIRECTION('',(0.,0.,-1.));
#8087=DIRECTION('',(0.,0.,-1.));
#8088=DIRECTION('',(-1.,0.,0.));
#8089=DIRECTION('',(0.,0.,1.));
#8090=DIRECTION('',(1.,0.,0.));
#8091=DIRECTION('',(0.,0.,-1.));
#8092=DIRECTION('',(0.,0.,1.));
#8093=DIRECTION('',(1.,0.,0.));
#8094=DIRECTION('',(0.,0.,-1.));
#8095=DIRECTION('',(0.,0.,-1.));
#8096=DIRECTION('',(-0.979260896451656,-0.202603298790267,0.));
#8097=DIRECTION('',(0.202603298790267,-0.979260896451656,0.));
#8098=DIRECTION('',(-0.202603298790267,0.979260896451656,0.));
#8099=DIRECTION('',(-0.202603298790267,0.979260896451656,0.));
#8100=DIRECTION('',(-0.32787816544356,-0.944720015996997,0.));
#8101=DIRECTION('',(0.944720015996997,-0.32787816544356,0.));
#8102=DIRECTION('',(-0.944720015996997,0.32787816544356,0.));
#8103=DIRECTION('',(-0.944720015996997,0.32787816544356,0.));
#8104=DIRECTION('',(-0.664104294916047,0.747639943739003,0.));
#8105=DIRECTION('',(-0.747639943739003,-0.664104294916047,0.));
#8106=DIRECTION('',(0.747639943739003,0.664104294916047,0.));
#8107=DIRECTION('',(0.747639943739003,0.664104294916047,0.));
#8108=DIRECTION('',(0.,0.,-1.));
#8109=DIRECTION('',(-1.,0.,0.));
#8110=DIRECTION('',(0.,0.,1.));
#8111=DIRECTION('',(1.,0.,0.));
#8112=DIRECTION('',(0.,0.,1.));
#8113=DIRECTION('',(1.,0.,0.));
#8114=DIRECTION('',(0.,0.,-1.));
#8115=DIRECTION('',(-0.935730352937655,0.352716184192293,0.));
#8116=DIRECTION('',(0.,0.,-1.));
#8117=DIRECTION('',(-1.,0.,0.));
#8118=DIRECTION('',(0.,0.,-1.));
#8119=DIRECTION('',(-1.,0.,0.));
#8120=DIRECTION('',(0.,0.,-1.));
#8121=DIRECTION('',(-1.,0.,0.));
#8122=DIRECTION('',(0.,0.,1.));
#8123=DIRECTION('',(1.,0.,0.));
#8124=DIRECTION('',(0.,0.,1.));
#8125=DIRECTION('',(1.,0.,0.));
#8126=DIRECTION('',(0.,0.,1.));
#8127=DIRECTION('',(1.,0.,0.));
#8128=DIRECTION('',(0.,0.,1.));
#8129=DIRECTION('',(1.,0.,0.));
#8130=DIRECTION('',(0.,0.,1.));
#8131=DIRECTION('',(1.,0.,0.));
#8132=DIRECTION('',(0.,0.,-1.));
#8133=DIRECTION('',(-1.,0.,0.));
#8134=DIRECTION('',(0.,0.,1.));
#8135=DIRECTION('',(1.,0.,0.));
#8136=DIRECTION('',(0.,0.,-1.));
#8137=DIRECTION('',(0.,0.,1.));
#8138=DIRECTION('',(1.,0.,0.));
#8139=DIRECTION('',(0.,0.,-1.));
#8140=DIRECTION('',(0.,0.,-1.));
#8141=DIRECTION('',(-1.,0.,0.));
#8142=DIRECTION('',(0.,0.,1.));
#8143=DIRECTION('',(1.,0.,0.));
#8144=DIRECTION('',(0.,0.,-1.));
#8145=DIRECTION('',(0.,0.,1.));
#8146=DIRECTION('',(1.,0.,0.));
#8147=DIRECTION('',(0.,0.,-1.));
#8148=DIRECTION('',(0.,0.,-1.));
#8149=DIRECTION('',(-1.,0.,0.));
#8150=DIRECTION('',(0.,0.,1.));
#8151=DIRECTION('',(1.,0.,0.));
#8152=DIRECTION('',(0.,0.,-1.));
#8153=DIRECTION('',(0.,0.,1.));
#8154=DIRECTION('',(1.,0.,0.));
#8155=DIRECTION('',(0.,0.,-1.));
#8156=DIRECTION('',(0.,0.,-1.));
#8157=DIRECTION('',(-1.,0.,0.));
#8158=DIRECTION('',(0.,0.,1.));
#8159=DIRECTION('',(1.,0.,0.));
#8160=DIRECTION('',(0.,0.,-1.));
#8161=DIRECTION('',(0.,0.,1.));
#8162=DIRECTION('',(1.,0.,0.));
#8163=DIRECTION('',(0.,0.,-1.));
#8164=DIRECTION('',(0.,0.,-1.));
#8165=DIRECTION('',(-1.,0.,0.));
#8166=DIRECTION('',(0.,0.,1.));
#8167=DIRECTION('',(1.,0.,0.));
#8168=DIRECTION('',(0.,0.,-1.));
#8169=DIRECTION('',(0.,0.,1.));
#8170=DIRECTION('',(1.,0.,0.));
#8171=DIRECTION('',(0.,0.,-1.));
#8172=DIRECTION('',(-1.,0.,0.));
#8173=DIRECTION('',(0.,0.,1.));
#8174=DIRECTION('',(1.,0.,0.));
#8175=DIRECTION('',(0.,0.,-1.));
#8176=DIRECTION('',(0.,0.,1.));
#8177=DIRECTION('',(1.,0.,0.));
#8178=DIRECTION('',(0.,0.,-1.));
#8179=DIRECTION('',(-1.,0.,0.));
#8180=DIRECTION('',(0.,0.,1.));
#8181=DIRECTION('',(1.,0.,0.));
#8182=DIRECTION('',(0.,0.,-1.));
#8183=DIRECTION('',(0.,0.,1.));
#8184=DIRECTION('',(1.,0.,0.));
#8185=DIRECTION('',(0.,0.,-1.));
#8186=DIRECTION('',(0.,0.,-1.));
#8187=DIRECTION('',(-1.,0.,0.));
#8188=DIRECTION('',(0.,0.,1.));
#8189=DIRECTION('',(1.,0.,0.));
#8190=DIRECTION('',(0.,0.,-1.));
#8191=DIRECTION('',(0.,0.,1.));
#8192=DIRECTION('',(1.,0.,0.));
#8193=DIRECTION('',(0.,0.,-1.));
#8194=DIRECTION('',(-1.,0.,0.));
#8195=DIRECTION('',(0.,0.,1.));
#8196=DIRECTION('',(1.,0.,0.));
#8197=DIRECTION('',(0.,0.,-1.));
#8198=DIRECTION('',(0.,0.,1.));
#8199=DIRECTION('',(1.,0.,0.));
#8200=DIRECTION('',(0.,0.,-1.));
#8201=DIRECTION('',(-1.,0.,0.));
#8202=DIRECTION('',(0.,0.,1.));
#8203=DIRECTION('',(1.,0.,0.));
#8204=DIRECTION('',(0.,0.,-1.));
#8205=DIRECTION('',(0.,0.,1.));
#8206=DIRECTION('',(1.,0.,0.));
#8207=DIRECTION('',(0.,0.,-1.));
#8208=DIRECTION('',(0.,0.,-1.));
#8209=DIRECTION('',(-1.,0.,0.));
#8210=DIRECTION('',(0.,0.,1.));
#8211=DIRECTION('',(1.,0.,0.));
#8212=DIRECTION('',(0.,0.,-1.));
#8213=DIRECTION('',(0.,0.,1.));
#8214=DIRECTION('',(1.,0.,0.));
#8215=DIRECTION('',(0.,0.,-1.));
#8216=DIRECTION('',(-1.,0.,0.));
#8217=DIRECTION('',(0.,0.,1.));
#8218=DIRECTION('',(1.,0.,0.));
#8219=DIRECTION('',(0.,0.,-1.));
#8220=DIRECTION('',(0.,0.,1.));
#8221=DIRECTION('',(1.,0.,0.));
#8222=DIRECTION('',(0.,0.,-1.));
#8223=DIRECTION('',(-1.,0.,0.));
#8224=DIRECTION('',(0.,0.,1.));
#8225=DIRECTION('',(1.,0.,0.));
#8226=DIRECTION('',(0.,0.,1.));
#8227=DIRECTION('',(1.,0.,0.));
#8228=DIRECTION('',(0.,0.,-1.));
#8229=DIRECTION('',(-1.,0.,0.));
#8230=DIRECTION('',(0.,0.,1.));
#8231=DIRECTION('',(1.,0.,0.));
#8232=DIRECTION('',(0.,0.,1.));
#8233=DIRECTION('',(1.,0.,0.));
#8234=DIRECTION('',(0.,0.,-1.));
#8235=DIRECTION('',(-1.,0.,0.));
#8236=DIRECTION('',(0.,0.,1.));
#8237=DIRECTION('',(1.,0.,0.));
#8238=DIRECTION('',(0.,0.,1.));
#8239=DIRECTION('',(1.,0.,0.));
#8240=DIRECTION('',(0.,0.,-1.));
#8241=DIRECTION('',(-1.,0.,0.));
#8242=DIRECTION('',(0.,0.,1.));
#8243=DIRECTION('',(1.,0.,0.));
#8244=DIRECTION('',(0.,0.,1.));
#8245=DIRECTION('',(1.,0.,0.));
#8246=DIRECTION('',(0.,0.,-1.));
#8247=DIRECTION('',(-1.,0.,0.));
#8248=DIRECTION('',(0.,0.,1.));
#8249=DIRECTION('',(1.,0.,0.));
#8250=DIRECTION('',(0.,0.,1.));
#8251=DIRECTION('',(1.,0.,0.));
#8252=DIRECTION('',(0.,0.,-1.));
#8253=DIRECTION('',(-1.,0.,0.));
#8254=DIRECTION('',(0.,0.,1.));
#8255=DIRECTION('',(1.,0.,0.));
#8256=DIRECTION('',(0.,0.,1.));
#8257=DIRECTION('',(1.,0.,0.));
#8258=DIRECTION('',(0.,0.,-1.));
#8259=DIRECTION('',(-1.,0.,0.));
#8260=DIRECTION('',(0.,0.,1.));
#8261=DIRECTION('',(1.,0.,0.));
#8262=DIRECTION('',(0.,0.,1.));
#8263=DIRECTION('',(1.,0.,0.));
#8264=DIRECTION('',(0.,0.,1.));
#8265=DIRECTION('',(1.,0.,0.));
#8266=DIRECTION('',(0.,0.,1.));
#8267=DIRECTION('',(1.,0.,0.));
#8268=DIRECTION('',(0.,0.,1.));
#8269=DIRECTION('',(1.,0.,0.));
#8270=DIRECTION('',(0.0792775442491509,0.996852582370043,0.));
#8271=DIRECTION('',(-0.996852582370043,0.0792775442491509,0.));
#8272=DIRECTION('',(0.996852582370043,-0.0792775442491509,0.));
#8273=DIRECTION('',(0.,0.,-1.));
#8274=DIRECTION('',(0.996852582370043,-0.0792775442491509,0.));
#8275=DIRECTION('',(0.,0.,-1.));
#8276=DIRECTION('',(0.,0.,-1.));
#8277=DIRECTION('',(-1.,0.,0.));
#8278=DIRECTION('',(0.,0.,1.));
#8279=DIRECTION('',(1.,0.,0.));
#8280=DIRECTION('',(0.,0.,-1.));
#8281=DIRECTION('',(0.,0.,1.));
#8282=DIRECTION('',(1.,0.,0.));
#8283=DIRECTION('',(-0.0946903441726506,0.995506774823991,0.));
#8284=DIRECTION('',(-0.995506774823991,-0.0946903441726506,0.));
#8285=DIRECTION('',(0.995506774823991,0.0946903441726506,0.));
#8286=DIRECTION('',(0.,0.,-1.));
#8287=DIRECTION('',(0.995506774823991,0.0946903441726506,0.));
#8288=DIRECTION('',(0.,0.,-1.));
#8289=DIRECTION('',(-1.,0.,0.));
#8290=DIRECTION('',(0.,0.,1.));
#8291=DIRECTION('',(1.,0.,0.));
#8292=DIRECTION('',(0.,0.,-1.));
#8293=DIRECTION('',(0.,0.,1.));
#8294=DIRECTION('',(1.,0.,0.));
#8295=DIRECTION('',(0.,0.,-1.));
#8296=DIRECTION('',(0.0792775442491514,0.996852582370043,0.));
#8297=DIRECTION('',(-0.996852582370043,0.0792775442491514,0.));
#8298=DIRECTION('',(0.996852582370043,-0.0792775442491514,0.));
#8299=DIRECTION('',(0.,0.,-1.));
#8300=DIRECTION('',(0.996852582370043,-0.0792775442491514,0.));
#8301=DIRECTION('',(-0.811525850249259,-0.584316519000804,0.));
#8302=DIRECTION('',(0.584316519000804,-0.811525850249259,0.));
#8303=DIRECTION('',(-0.584316519000804,0.811525850249259,0.));
#8304=DIRECTION('',(0.,0.,-1.));
#8305=DIRECTION('',(-0.584316519000804,0.811525850249259,0.));
#8306=DIRECTION('',(0.,0.,-1.));
#8307=DIRECTION('',(-1.,0.,0.));
#8308=DIRECTION('',(0.,0.,1.));
#8309=DIRECTION('',(1.,0.,0.));
#8310=DIRECTION('',(0.,0.,-1.));
#8311=DIRECTION('',(0.,0.,1.));
#8312=DIRECTION('',(1.,0.,0.));
#8313=DIRECTION('',(0.905395666312719,0.424568825306508,0.));
#8314=DIRECTION('',(-0.424568825306508,0.905395666312719,0.));
#8315=DIRECTION('',(0.424568825306508,-0.905395666312719,0.));
#8316=DIRECTION('',(0.,0.,-1.));
#8317=DIRECTION('',(0.424568825306508,-0.905395666312719,0.));
#8318=DIRECTION('',(-0.907521135865622,0.42000641418575,0.));
#8319=DIRECTION('',(-0.42000641418575,-0.907521135865622,0.));
#8320=DIRECTION('',(0.42000641418575,0.907521135865622,0.));
#8321=DIRECTION('',(0.,0.,-1.));
#8322=DIRECTION('',(0.42000641418575,0.907521135865622,0.));
#8323=DIRECTION('',(0.,0.,-1.));
#8324=DIRECTION('',(-1.,0.,0.));
#8325=DIRECTION('',(0.,0.,1.));
#8326=DIRECTION('',(1.,0.,0.));
#8327=DIRECTION('',(0.,0.,-1.));
#8328=DIRECTION('',(0.,0.,1.));
#8329=DIRECTION('',(1.,0.,0.));
#8330=DIRECTION('',(-0.822222096449161,0.569166780575559,0.));
#8331=DIRECTION('',(-0.569166780575559,-0.822222096449161,0.));
#8332=DIRECTION('',(0.569166780575559,0.822222096449161,0.));
#8333=DIRECTION('',(0.,0.,-1.));
#8334=DIRECTION('',(0.569166780575559,0.822222096449161,0.));
#8335=DIRECTION('',(0.905395666312718,0.424568825306509,0.));
#8336=DIRECTION('',(-0.424568825306509,0.905395666312718,0.));
#8337=DIRECTION('',(0.424568825306509,-0.905395666312718,0.));
#8338=DIRECTION('',(0.,0.,-1.));
#8339=DIRECTION('',(0.424568825306509,-0.905395666312718,0.));
#8340=DIRECTION('',(0.,0.,-1.));
#8341=DIRECTION('',(0.,0.,-1.));
#8342=DIRECTION('',(-1.,0.,0.));
#8343=DIRECTION('',(0.,0.,1.));
#8344=DIRECTION('',(1.,0.,0.));
#8345=DIRECTION('',(0.,0.,-1.));
#8346=DIRECTION('',(0.,0.,1.));
#8347=DIRECTION('',(1.,0.,0.));
#8348=DIRECTION('',(-0.811525850249259,-0.584316519000805,0.));
#8349=DIRECTION('',(0.584316519000805,-0.811525850249259,0.));
#8350=DIRECTION('',(-0.584316519000805,0.811525850249259,0.));
#8351=DIRECTION('',(0.,0.,-1.));
#8352=DIRECTION('',(-0.584316519000805,0.811525850249259,0.));
#8353=DIRECTION('',(0.,0.,-1.));
#8354=DIRECTION('',(-1.,0.,0.));
#8355=DIRECTION('',(0.,0.,1.));
#8356=DIRECTION('',(1.,0.,0.));
#8357=DIRECTION('',(0.,0.,-1.));
#8358=DIRECTION('',(0.,0.,1.));
#8359=DIRECTION('',(1.,0.,0.));
#8360=DIRECTION('',(0.,0.,-1.));
#8361=DIRECTION('',(-0.907521135865619,0.420006414185756,0.));
#8362=DIRECTION('',(-0.420006414185756,-0.907521135865619,0.));
#8363=DIRECTION('',(0.420006414185756,0.907521135865619,0.));
#8364=DIRECTION('',(0.,0.,-1.));
#8365=DIRECTION('',(0.420006414185756,0.907521135865619,0.));
#8366=DIRECTION('',(0.,0.,-1.));
#8367=DIRECTION('',(-1.,0.,0.));
#8368=DIRECTION('',(0.,0.,1.));
#8369=DIRECTION('',(1.,0.,0.));
#8370=DIRECTION('',(0.,0.,-1.));
#8371=DIRECTION('',(0.,0.,1.));
#8372=DIRECTION('',(1.,0.,0.));
#8373=DIRECTION('',(-0.0946903441726517,0.995506774823991,0.));
#8374=DIRECTION('',(-0.995506774823991,-0.0946903441726517,0.));
#8375=DIRECTION('',(0.995506774823991,0.0946903441726517,0.));
#8376=DIRECTION('',(0.995506774823991,0.0946903441726517,0.));
#8377=DIRECTION('',(0.,0.,-1.));
#8378=DIRECTION('',(-1.,0.,0.));
#8379=DIRECTION('',(0.,0.,1.));
#8380=DIRECTION('',(1.,0.,0.));
#8381=DIRECTION('',(0.,0.,1.));
#8382=DIRECTION('',(1.,0.,0.));
#8383=DIRECTION('',(-0.822222096449162,0.569166780575557,0.));
#8384=DIRECTION('',(-0.569166780575557,-0.822222096449162,0.));
#8385=DIRECTION('',(0.569166780575557,0.822222096449162,0.));
#8386=DIRECTION('',(0.569166780575557,0.822222096449162,0.));
#8387=DIRECTION('',(0.,0.,-1.));
#8388=DIRECTION('',(-1.,0.,0.));
#8389=DIRECTION('',(0.,0.,1.));
#8390=DIRECTION('',(1.,0.,0.));
#8391=DIRECTION('',(0.,0.,1.));
#8392=DIRECTION('',(1.,0.,0.));
#8393=DIRECTION('',(0.,0.,1.));
#8394=DIRECTION('',(1.,0.,0.));
#8395=DIRECTION('',(0.,0.,1.));
#8396=DIRECTION('',(1.,0.,0.));
#8397=DIRECTION('',(0.,0.,1.));
#8398=DIRECTION('',(1.,0.,0.));
#8399=DIRECTION('',(1.,0.,0.));
#8400=DIRECTION('',(0.,0.,-1.));
#8401=DIRECTION('',(0.,-1.,0.));
#8402=DIRECTION('',(0.,0.,-1.));
#8403=DIRECTION('',(0.,-1.,0.));
#8404=DIRECTION('',(0.,0.,-1.));
#8405=DIRECTION('',(0.,0.,-1.));
#8406=DIRECTION('',(-1.,0.,0.));
#8407=DIRECTION('',(0.,0.,1.));
#8408=DIRECTION('',(1.,0.,0.));
#8409=DIRECTION('',(0.,0.,-1.));
#8410=DIRECTION('',(0.,0.,1.));
#8411=DIRECTION('',(1.,0.,0.));
#8412=DIRECTION('',(-0.509865378243185,0.860254204330868,0.));
#8413=DIRECTION('',(-0.860254204330868,-0.509865378243185,0.));
#8414=DIRECTION('',(0.860254204330868,0.509865378243185,0.));
#8415=DIRECTION('',(0.,0.,-1.));
#8416=DIRECTION('',(0.860254204330868,0.509865378243185,0.));
#8417=DIRECTION('',(0.501646682073775,0.865072601788066,0.));
#8418=DIRECTION('',(-0.865072601788066,0.501646682073775,0.));
#8419=DIRECTION('',(0.865072601788066,-0.501646682073775,0.));
#8420=DIRECTION('',(0.,0.,-1.));
#8421=DIRECTION('',(0.865072601788066,-0.501646682073775,0.));
#8422=DIRECTION('',(0.,0.,-1.));
#8423=DIRECTION('',(0.,0.,-1.));
#8424=DIRECTION('',(-1.,0.,0.));
#8425=DIRECTION('',(0.,0.,1.));
#8426=DIRECTION('',(1.,0.,0.));
#8427=DIRECTION('',(0.,0.,-1.));
#8428=DIRECTION('',(0.,0.,1.));
#8429=DIRECTION('',(1.,0.,0.));
#8430=DIRECTION('',(-0.498967592745601,0.866620644451573,0.));
#8431=DIRECTION('',(-0.866620644451573,-0.498967592745601,0.));
#8432=DIRECTION('',(0.866620644451573,0.498967592745601,0.));
#8433=DIRECTION('',(0.,0.,-1.));
#8434=DIRECTION('',(0.866620644451573,0.498967592745601,0.));
#8435=DIRECTION('',(0.,0.,-1.));
#8436=DIRECTION('',(-1.,0.,0.));
#8437=DIRECTION('',(0.,0.,1.));
#8438=DIRECTION('',(1.,0.,0.));
#8439=DIRECTION('',(0.,0.,-1.));
#8440=DIRECTION('',(0.,0.,1.));
#8441=DIRECTION('',(1.,0.,0.));
#8442=DIRECTION('',(0.,0.,-1.));
#8443=DIRECTION('',(-0.501646682073775,-0.865072601788065,0.));
#8444=DIRECTION('',(0.865072601788065,-0.501646682073775,0.));
#8445=DIRECTION('',(-0.865072601788065,0.501646682073775,0.));
#8446=DIRECTION('',(0.,0.,-1.));
#8447=DIRECTION('',(-0.865072601788065,0.501646682073775,0.));
#8448=DIRECTION('',(0.,0.,-1.));
#8449=DIRECTION('',(-1.,0.,0.));
#8450=DIRECTION('',(0.,0.,1.));
#8451=DIRECTION('',(1.,0.,0.));
#8452=DIRECTION('',(0.,0.,-1.));
#8453=DIRECTION('',(0.,0.,1.));
#8454=DIRECTION('',(1.,0.,0.));
#8455=DIRECTION('',(0.,0.,-1.));
#8456=DIRECTION('',(-1.,0.,0.));
#8457=DIRECTION('',(0.,0.,1.));
#8458=DIRECTION('',(1.,0.,0.));
#8459=DIRECTION('',(0.,0.,1.));
#8460=DIRECTION('',(1.,0.,0.));
#8461=DIRECTION('',(0.,0.,-1.));
#8462=DIRECTION('',(-1.,0.,0.));
#8463=DIRECTION('',(0.,0.,1.));
#8464=DIRECTION('',(1.,0.,0.));
#8465=DIRECTION('',(0.,0.,1.));
#8466=DIRECTION('',(1.,0.,0.));
#8467=DIRECTION('',(0.,0.,-1.));
#8468=DIRECTION('',(-1.,0.,0.));
#8469=DIRECTION('',(0.,0.,1.));
#8470=DIRECTION('',(1.,0.,0.));
#8471=DIRECTION('',(0.,0.,1.));
#8472=DIRECTION('',(1.,0.,0.));
#8473=DIRECTION('',(1.,0.,0.));
#8474=DIRECTION('',(0.,0.,-1.));
#8475=DIRECTION('',(0.,-1.,0.));
#8476=DIRECTION('',(0.,-1.,0.));
#8477=DIRECTION('',(0.,0.,-1.));
#8478=DIRECTION('',(-1.,0.,0.));
#8479=DIRECTION('',(0.,0.,1.));
#8480=DIRECTION('',(1.,0.,0.));
#8481=DIRECTION('',(0.,0.,1.));
#8482=DIRECTION('',(1.,0.,0.));
#8483=DIRECTION('',(0.,0.,1.));
#8484=DIRECTION('',(1.,0.,0.));
#8485=DIRECTION('',(0.,0.,1.));
#8486=DIRECTION('',(1.,0.,0.));
#8487=DIRECTION('',(0.,0.,1.));
#8488=DIRECTION('',(1.,0.,0.));
#8489=DIRECTION('',(0.,0.,-1.));
#8490=DIRECTION('',(0.,0.,-1.));
#8491=DIRECTION('',(0.,0.,-1.));
#8492=DIRECTION('',(-1.,0.,0.));
#8493=DIRECTION('',(0.,0.,1.));
#8494=DIRECTION('',(1.,0.,0.));
#8495=DIRECTION('',(0.,0.,-1.));
#8496=DIRECTION('',(0.,0.,1.));
#8497=DIRECTION('',(1.,0.,0.));
#8498=DIRECTION('',(0.,0.,-1.));
#8499=DIRECTION('',(-1.,0.,0.));
#8500=DIRECTION('',(0.,0.,1.));
#8501=DIRECTION('',(1.,0.,0.));
#8502=DIRECTION('',(0.,0.,-1.));
#8503=DIRECTION('',(0.,0.,1.));
#8504=DIRECTION('',(1.,0.,0.));
#8505=DIRECTION('',(0.,0.,-1.));
#8506=DIRECTION('',(0.,0.,-1.));
#8507=DIRECTION('',(0.,0.,-1.));
#8508=DIRECTION('',(-1.,0.,0.));
#8509=DIRECTION('',(0.,0.,1.));
#8510=DIRECTION('',(1.,0.,0.));
#8511=DIRECTION('',(0.,0.,-1.));
#8512=DIRECTION('',(0.,0.,1.));
#8513=DIRECTION('',(1.,0.,0.));
#8514=DIRECTION('',(0.,0.,-1.));
#8515=DIRECTION('',(0.,0.,-1.));
#8516=DIRECTION('',(0.,0.,-1.));
#8517=DIRECTION('',(-1.,0.,0.));
#8518=DIRECTION('',(0.,0.,1.));
#8519=DIRECTION('',(1.,0.,0.));
#8520=DIRECTION('',(0.,0.,-1.));
#8521=DIRECTION('',(0.,0.,1.));
#8522=DIRECTION('',(1.,0.,0.));
#8523=DIRECTION('',(0.,0.,-1.));
#8524=DIRECTION('',(0.,0.,-1.));
#8525=DIRECTION('',(0.,0.,-1.));
#8526=DIRECTION('',(-1.,0.,0.));
#8527=DIRECTION('',(0.,0.,1.));
#8528=DIRECTION('',(1.,0.,0.));
#8529=DIRECTION('',(0.,0.,1.));
#8530=DIRECTION('',(1.,0.,0.));
#8531=DIRECTION('',(-0.798425920484301,-0.602093057175381,3.57828158059896E-24));
#8532=DIRECTION('',(0.602093057175381,-0.798425920484301,-1.45055535999808E-31));
#8533=DIRECTION('',(-0.602093057175381,0.798425920484301,0.));
#8534=DIRECTION('',(0.602093057175381,-0.798425920484301,-1.45055535999808E-31));
#8535=DIRECTION('',(0.,0.,-1.));
#8536=DIRECTION('',(-1.,0.,0.));
#8537=DIRECTION('',(0.,0.,1.));
#8538=DIRECTION('',(1.,0.,0.));
#8539=DIRECTION('',(0.,0.,1.));
#8540=DIRECTION('',(1.,0.,0.));
#8541=DIRECTION('',(0.,0.,1.));
#8542=DIRECTION('',(1.,0.,0.));
#8543=DIRECTION('',(0.,0.,1.));
#8544=DIRECTION('',(1.,0.,0.));
#8545=DIRECTION('',(0.,0.,1.));
#8546=DIRECTION('',(1.,0.,0.));
#8547=DIRECTION('',(0.,0.,-1.));
#8548=DIRECTION('',(0.,0.,-1.));
#8549=DIRECTION('',(0.,0.,-1.));
#8550=DIRECTION('',(-1.,0.,0.));
#8551=DIRECTION('',(0.,0.,1.));
#8552=DIRECTION('',(1.,0.,0.));
#8553=DIRECTION('',(0.,0.,-1.));
#8554=DIRECTION('',(0.,0.,1.));
#8555=DIRECTION('',(1.,0.,0.));
#8556=DIRECTION('',(0.,0.,-1.));
#8557=DIRECTION('',(0.,0.,-1.));
#8558=DIRECTION('',(-1.,0.,0.));
#8559=DIRECTION('',(0.,0.,1.));
#8560=DIRECTION('',(1.,0.,0.));
#8561=DIRECTION('',(0.,0.,-1.));
#8562=DIRECTION('',(0.,0.,1.));
#8563=DIRECTION('',(1.,0.,0.));
#8564=DIRECTION('',(0.,0.,-1.));
#8565=DIRECTION('',(0.,0.,-1.));
#8566=DIRECTION('',(-1.,0.,0.));
#8567=DIRECTION('',(0.,0.,1.));
#8568=DIRECTION('',(1.,0.,0.));
#8569=DIRECTION('',(0.,0.,1.));
#8570=DIRECTION('',(1.,0.,0.));
#8571=DIRECTION('',(0.,0.,-1.));
#8572=DIRECTION('',(-1.,0.,0.));
#8573=DIRECTION('',(0.,0.,1.));
#8574=DIRECTION('',(1.,0.,0.));
#8575=DIRECTION('',(0.,0.,1.));
#8576=DIRECTION('',(1.,0.,0.));
#8577=DIRECTION('',(0.,0.,-1.));
#8578=DIRECTION('',(-1.,0.,0.));
#8579=DIRECTION('',(0.,0.,1.));
#8580=DIRECTION('',(1.,0.,0.));
#8581=DIRECTION('',(0.,0.,1.));
#8582=DIRECTION('',(1.,0.,0.));
#8583=DIRECTION('',(0.,0.,1.));
#8584=DIRECTION('',(1.,0.,0.));
#8585=DIRECTION('',(0.,0.,1.));
#8586=DIRECTION('',(1.,0.,0.));
#8587=DIRECTION('',(0.,0.,1.));
#8588=DIRECTION('',(1.,0.,0.));
#8589=DIRECTION('',(0.,0.,-1.));
#8590=DIRECTION('',(0.,0.,-1.));
#8591=DIRECTION('',(0.,0.,-1.));
#8592=DIRECTION('',(0.,0.,-1.));
#8593=DIRECTION('',(-1.,0.,0.));
#8594=DIRECTION('',(0.,0.,1.));
#8595=DIRECTION('',(1.,0.,0.));
#8596=DIRECTION('',(0.,0.,1.));
#8597=DIRECTION('',(1.,0.,0.));
#8598=DIRECTION('',(0.,0.,1.));
#8599=DIRECTION('',(1.,0.,0.));
#8600=DIRECTION('',(0.,0.,1.));
#8601=DIRECTION('',(1.,0.,0.));
#8602=DIRECTION('',(0.,0.,1.));
#8603=DIRECTION('',(1.,0.,0.));
#8604=DIRECTION('',(0.,0.,-1.));
#8605=DIRECTION('',(-1.,0.,0.));
#8606=DIRECTION('',(0.,0.,1.));
#8607=DIRECTION('',(1.,0.,0.));
#8608=DIRECTION('',(0.,0.,-1.));
#8609=DIRECTION('',(0.,0.,1.));
#8610=DIRECTION('',(1.,0.,0.));
#8611=DIRECTION('',(0.,0.,-1.));
#8612=DIRECTION('',(0.,0.,-1.));
#8613=DIRECTION('',(-1.,0.,0.));
#8614=DIRECTION('',(0.,0.,1.));
#8615=DIRECTION('',(1.,0.,0.));
#8616=DIRECTION('',(0.,0.,-1.));
#8617=DIRECTION('',(0.,0.,1.));
#8618=DIRECTION('',(1.,0.,0.));
#8619=DIRECTION('',(0.,0.,-1.));
#8620=DIRECTION('',(-1.,0.,0.));
#8621=DIRECTION('',(0.,0.,1.));
#8622=DIRECTION('',(1.,0.,0.));
#8623=DIRECTION('',(0.,0.,-1.));
#8624=DIRECTION('',(0.,0.,1.));
#8625=DIRECTION('',(1.,0.,0.));
#8626=DIRECTION('',(0.,0.,-1.));
#8627=DIRECTION('',(-1.,0.,0.));
#8628=DIRECTION('',(0.,0.,1.));
#8629=DIRECTION('',(1.,0.,0.));
#8630=DIRECTION('',(0.,0.,1.));
#8631=DIRECTION('',(1.,0.,0.));
#8632=DIRECTION('',(0.,0.,-1.));
#8633=DIRECTION('',(-1.,0.,0.));
#8634=DIRECTION('',(0.,0.,1.));
#8635=DIRECTION('',(1.,0.,0.));
#8636=DIRECTION('',(0.,0.,1.));
#8637=DIRECTION('',(1.,0.,0.));
#8638=DIRECTION('',(0.,0.,1.));
#8639=DIRECTION('',(1.,0.,0.));
#8640=DIRECTION('',(0.,0.,1.));
#8641=DIRECTION('',(1.,0.,0.));
#8642=DIRECTION('',(0.,0.,1.));
#8643=DIRECTION('',(1.,0.,0.));
#8644=DIRECTION('',(0.,0.,-1.));
#8645=DIRECTION('',(-1.,0.,0.));
#8646=DIRECTION('',(0.,0.,1.));
#8647=DIRECTION('',(1.,0.,0.));
#8648=DIRECTION('',(0.,0.,-1.));
#8649=DIRECTION('',(0.,0.,1.));
#8650=DIRECTION('',(1.,0.,0.));
#8651=DIRECTION('',(0.,0.,-1.));
#8652=DIRECTION('',(0.,0.,-1.));
#8653=DIRECTION('',(-1.,0.,0.));
#8654=DIRECTION('',(0.,0.,1.));
#8655=DIRECTION('',(1.,0.,0.));
#8656=DIRECTION('',(0.,0.,-1.));
#8657=DIRECTION('',(0.,0.,1.));
#8658=DIRECTION('',(1.,0.,0.));
#8659=DIRECTION('',(0.,0.,-1.));
#8660=DIRECTION('',(-1.,0.,0.));
#8661=DIRECTION('',(0.,0.,1.));
#8662=DIRECTION('',(1.,0.,0.));
#8663=DIRECTION('',(0.,0.,-1.));
#8664=DIRECTION('',(0.,0.,1.));
#8665=DIRECTION('',(1.,0.,0.));
#8666=DIRECTION('',(0.,0.,-1.));
#8667=DIRECTION('',(-1.,0.,0.));
#8668=DIRECTION('',(0.,0.,1.));
#8669=DIRECTION('',(1.,0.,0.));
#8670=DIRECTION('',(0.,0.,1.));
#8671=DIRECTION('',(1.,0.,0.));
#8672=DIRECTION('',(0.,0.,-1.));
#8673=DIRECTION('',(-1.,0.,0.));
#8674=DIRECTION('',(0.,0.,1.));
#8675=DIRECTION('',(1.,0.,0.));
#8676=DIRECTION('',(0.,0.,1.));
#8677=DIRECTION('',(1.,0.,0.));
#8678=DIRECTION('',(0.,0.,1.));
#8679=DIRECTION('',(1.,0.,0.));
#8680=DIRECTION('',(0.,0.,1.));
#8681=DIRECTION('',(1.,0.,0.));
#8682=DIRECTION('',(0.,0.,1.));
#8683=DIRECTION('',(1.,0.,0.));
#8684=DIRECTION('',(0.,0.,-1.));
#8685=DIRECTION('',(-1.,0.,0.));
#8686=DIRECTION('',(0.,0.,1.));
#8687=DIRECTION('',(1.,0.,0.));
#8688=DIRECTION('',(0.,0.,-1.));
#8689=DIRECTION('',(0.,0.,1.));
#8690=DIRECTION('',(1.,0.,0.));
#8691=DIRECTION('',(0.,0.,-1.));
#8692=DIRECTION('',(0.,0.,-1.));
#8693=DIRECTION('',(-1.,0.,0.));
#8694=DIRECTION('',(0.,0.,1.));
#8695=DIRECTION('',(1.,0.,0.));
#8696=DIRECTION('',(0.,0.,-1.));
#8697=DIRECTION('',(0.,0.,1.));
#8698=DIRECTION('',(1.,0.,0.));
#8699=DIRECTION('',(0.,0.,-1.));
#8700=DIRECTION('',(-1.,0.,0.));
#8701=DIRECTION('',(0.,0.,1.));
#8702=DIRECTION('',(1.,0.,0.));
#8703=DIRECTION('',(0.,0.,-1.));
#8704=DIRECTION('',(0.,0.,1.));
#8705=DIRECTION('',(1.,0.,0.));
#8706=DIRECTION('',(0.,0.,-1.));
#8707=DIRECTION('',(-1.,0.,0.));
#8708=DIRECTION('',(0.,0.,1.));
#8709=DIRECTION('',(1.,0.,0.));
#8710=DIRECTION('',(0.,0.,1.));
#8711=DIRECTION('',(1.,0.,0.));
#8712=DIRECTION('',(0.,0.,-1.));
#8713=DIRECTION('',(-1.,0.,0.));
#8714=DIRECTION('',(0.,0.,1.));
#8715=DIRECTION('',(1.,0.,0.));
#8716=DIRECTION('',(0.,0.,1.));
#8717=DIRECTION('',(1.,0.,0.));
#8718=DIRECTION('',(0.,0.,1.));
#8719=DIRECTION('',(1.,0.,0.));
#8720=DIRECTION('',(0.,0.,1.));
#8721=DIRECTION('',(1.,0.,0.));
#8722=DIRECTION('',(0.,0.,1.));
#8723=DIRECTION('',(1.,0.,0.));
#8724=DIRECTION('',(0.,0.,-1.));
#8725=DIRECTION('',(-1.,0.,0.));
#8726=DIRECTION('',(0.,0.,1.));
#8727=DIRECTION('',(1.,0.,0.));
#8728=DIRECTION('',(0.,0.,-1.));
#8729=DIRECTION('',(0.,0.,1.));
#8730=DIRECTION('',(1.,0.,0.));
#8731=DIRECTION('',(0.,0.,-1.));
#8732=DIRECTION('',(0.,0.,-1.));
#8733=DIRECTION('',(-1.,0.,0.));
#8734=DIRECTION('',(0.,0.,1.));
#8735=DIRECTION('',(1.,0.,0.));
#8736=DIRECTION('',(0.,0.,-1.));
#8737=DIRECTION('',(0.,0.,1.));
#8738=DIRECTION('',(1.,0.,0.));
#8739=DIRECTION('',(0.,0.,-1.));
#8740=DIRECTION('',(-1.,0.,0.));
#8741=DIRECTION('',(0.,0.,1.));
#8742=DIRECTION('',(1.,0.,0.));
#8743=DIRECTION('',(0.,0.,-1.));
#8744=DIRECTION('',(0.,0.,1.));
#8745=DIRECTION('',(1.,0.,0.));
#8746=DIRECTION('',(0.,0.,-1.));
#8747=DIRECTION('',(-1.,0.,0.));
#8748=DIRECTION('',(0.,0.,1.));
#8749=DIRECTION('',(1.,0.,0.));
#8750=DIRECTION('',(0.,0.,1.));
#8751=DIRECTION('',(1.,0.,0.));
#8752=DIRECTION('',(0.,0.,-1.));
#8753=DIRECTION('',(-1.,0.,0.));
#8754=DIRECTION('',(0.,0.,1.));
#8755=DIRECTION('',(1.,0.,0.));
#8756=DIRECTION('',(0.,0.,1.));
#8757=DIRECTION('',(1.,0.,0.));
#8758=DIRECTION('',(0.,0.,1.));
#8759=DIRECTION('',(1.,0.,0.));
#8760=DIRECTION('',(0.,0.,1.));
#8761=DIRECTION('',(1.,0.,0.));
#8762=DIRECTION('',(0.,0.,1.));
#8763=DIRECTION('',(1.,0.,0.));
#8764=DIRECTION('',(0.,0.,-1.));
#8765=DIRECTION('',(-1.,0.,0.));
#8766=DIRECTION('',(0.,0.,1.));
#8767=DIRECTION('',(1.,0.,0.));
#8768=DIRECTION('',(0.,0.,-1.));
#8769=DIRECTION('',(0.,0.,1.));
#8770=DIRECTION('',(1.,0.,0.));
#8771=DIRECTION('',(0.,0.,-1.));
#8772=DIRECTION('',(0.,0.,-1.));
#8773=DIRECTION('',(-1.,0.,0.));
#8774=DIRECTION('',(0.,0.,1.));
#8775=DIRECTION('',(1.,0.,0.));
#8776=DIRECTION('',(0.,0.,-1.));
#8777=DIRECTION('',(0.,0.,1.));
#8778=DIRECTION('',(1.,0.,0.));
#8779=DIRECTION('',(0.,0.,-1.));
#8780=DIRECTION('',(-1.,0.,0.));
#8781=DIRECTION('',(0.,0.,1.));
#8782=DIRECTION('',(1.,0.,0.));
#8783=DIRECTION('',(0.,0.,-1.));
#8784=DIRECTION('',(0.,0.,1.));
#8785=DIRECTION('',(1.,0.,0.));
#8786=DIRECTION('',(0.,0.,-1.));
#8787=DIRECTION('',(-1.,0.,0.));
#8788=DIRECTION('',(0.,0.,1.));
#8789=DIRECTION('',(1.,0.,0.));
#8790=DIRECTION('',(0.,0.,1.));
#8791=DIRECTION('',(1.,0.,0.));
#8792=DIRECTION('',(0.,0.,-1.));
#8793=DIRECTION('',(-1.,0.,0.));
#8794=DIRECTION('',(0.,0.,1.));
#8795=DIRECTION('',(1.,0.,0.));
#8796=DIRECTION('',(0.,0.,1.));
#8797=DIRECTION('',(1.,0.,0.));
#8798=DIRECTION('',(0.,0.,1.));
#8799=DIRECTION('',(1.,0.,0.));
#8800=DIRECTION('',(0.,0.,1.));
#8801=DIRECTION('',(1.,0.,0.));
#8802=DIRECTION('',(0.,0.,1.));
#8803=DIRECTION('',(1.,0.,0.));
#8804=DIRECTION('',(0.,0.,-1.));
#8805=DIRECTION('',(-1.,0.,0.));
#8806=DIRECTION('',(0.,0.,1.));
#8807=DIRECTION('',(1.,0.,0.));
#8808=DIRECTION('',(0.,0.,-1.));
#8809=DIRECTION('',(0.,0.,1.));
#8810=DIRECTION('',(1.,0.,0.));
#8811=DIRECTION('',(0.,0.,-1.));
#8812=DIRECTION('',(0.,0.,-1.));
#8813=DIRECTION('',(-1.,0.,0.));
#8814=DIRECTION('',(0.,0.,1.));
#8815=DIRECTION('',(1.,0.,0.));
#8816=DIRECTION('',(0.,0.,-1.));
#8817=DIRECTION('',(0.,0.,1.));
#8818=DIRECTION('',(1.,0.,0.));
#8819=DIRECTION('',(0.,0.,-1.));
#8820=DIRECTION('',(-1.,0.,0.));
#8821=DIRECTION('',(0.,0.,1.));
#8822=DIRECTION('',(1.,0.,0.));
#8823=DIRECTION('',(0.,0.,-1.));
#8824=DIRECTION('',(0.,0.,1.));
#8825=DIRECTION('',(1.,0.,0.));
#8826=DIRECTION('',(0.,0.,-1.));
#8827=DIRECTION('',(-1.,0.,0.));
#8828=DIRECTION('',(0.,0.,1.));
#8829=DIRECTION('',(1.,0.,0.));
#8830=DIRECTION('',(0.,0.,1.));
#8831=DIRECTION('',(1.,0.,0.));
#8832=DIRECTION('',(0.,0.,-1.));
#8833=DIRECTION('',(-1.,0.,0.));
#8834=DIRECTION('',(0.,0.,1.));
#8835=DIRECTION('',(1.,0.,0.));
#8836=DIRECTION('',(0.,0.,1.));
#8837=DIRECTION('',(1.,0.,0.));
#8838=DIRECTION('',(0.,0.,1.));
#8839=DIRECTION('',(1.,0.,0.));
#8840=DIRECTION('',(0.,0.,1.));
#8841=DIRECTION('',(1.,0.,0.));
#8842=DIRECTION('',(0.,0.,1.));
#8843=DIRECTION('',(1.,0.,0.));
#8844=DIRECTION('',(0.,0.,-1.));
#8845=DIRECTION('',(-1.,0.,0.));
#8846=DIRECTION('',(0.,0.,1.));
#8847=DIRECTION('',(1.,0.,0.));
#8848=DIRECTION('',(0.,0.,-1.));
#8849=DIRECTION('',(0.,0.,1.));
#8850=DIRECTION('',(1.,0.,0.));
#8851=DIRECTION('',(0.,0.,-1.));
#8852=DIRECTION('',(0.,0.,-1.));
#8853=DIRECTION('',(-1.,0.,0.));
#8854=DIRECTION('',(0.,0.,1.));
#8855=DIRECTION('',(1.,0.,0.));
#8856=DIRECTION('',(0.,0.,-1.));
#8857=DIRECTION('',(0.,0.,1.));
#8858=DIRECTION('',(1.,0.,0.));
#8859=DIRECTION('',(0.,0.,-1.));
#8860=DIRECTION('',(-1.,0.,0.));
#8861=DIRECTION('',(0.,0.,1.));
#8862=DIRECTION('',(1.,0.,0.));
#8863=DIRECTION('',(0.,0.,-1.));
#8864=DIRECTION('',(0.,0.,1.));
#8865=DIRECTION('',(1.,0.,0.));
#8866=DIRECTION('',(0.,0.,-1.));
#8867=DIRECTION('',(-1.,0.,0.));
#8868=DIRECTION('',(0.,0.,1.));
#8869=DIRECTION('',(1.,0.,0.));
#8870=DIRECTION('',(0.,0.,1.));
#8871=DIRECTION('',(1.,0.,0.));
#8872=DIRECTION('',(0.,0.,-1.));
#8873=DIRECTION('',(-1.,0.,0.));
#8874=DIRECTION('',(0.,0.,1.));
#8875=DIRECTION('',(1.,0.,0.));
#8876=DIRECTION('',(0.,0.,1.));
#8877=DIRECTION('',(1.,0.,0.));
#8878=DIRECTION('',(0.,0.,1.));
#8879=DIRECTION('',(1.,0.,0.));
#8880=DIRECTION('',(0.,0.,1.));
#8881=DIRECTION('',(1.,0.,0.));
#8882=DIRECTION('',(0.,0.,1.));
#8883=DIRECTION('',(1.,0.,0.));
#8884=DIRECTION('',(0.,0.,-1.));
#8885=DIRECTION('',(-1.,0.,0.));
#8886=DIRECTION('',(0.,0.,1.));
#8887=DIRECTION('',(1.,0.,0.));
#8888=DIRECTION('',(0.,0.,-1.));
#8889=DIRECTION('',(0.,0.,1.));
#8890=DIRECTION('',(1.,0.,0.));
#8891=DIRECTION('',(0.,0.,-1.));
#8892=DIRECTION('',(0.,0.,-1.));
#8893=DIRECTION('',(-1.,0.,0.));
#8894=DIRECTION('',(0.,0.,1.));
#8895=DIRECTION('',(1.,0.,0.));
#8896=DIRECTION('',(0.,0.,-1.));
#8897=DIRECTION('',(0.,0.,1.));
#8898=DIRECTION('',(1.,0.,0.));
#8899=DIRECTION('',(0.,0.,-1.));
#8900=DIRECTION('',(-1.,0.,0.));
#8901=DIRECTION('',(0.,0.,1.));
#8902=DIRECTION('',(1.,0.,0.));
#8903=DIRECTION('',(0.,0.,-1.));
#8904=DIRECTION('',(0.,0.,1.));
#8905=DIRECTION('',(1.,0.,0.));
#8906=DIRECTION('',(0.,0.,-1.));
#8907=DIRECTION('',(-1.,0.,0.));
#8908=DIRECTION('',(0.,0.,1.));
#8909=DIRECTION('',(1.,0.,0.));
#8910=DIRECTION('',(0.,0.,1.));
#8911=DIRECTION('',(1.,0.,0.));
#8912=DIRECTION('',(0.,0.,-1.));
#8913=DIRECTION('',(-1.,0.,0.));
#8914=DIRECTION('',(0.,0.,1.));
#8915=DIRECTION('',(1.,0.,0.));
#8916=DIRECTION('',(0.,0.,1.));
#8917=DIRECTION('',(1.,0.,0.));
#8918=DIRECTION('',(0.,0.,1.));
#8919=DIRECTION('',(1.,0.,0.));
#8920=DIRECTION('',(0.,0.,1.));
#8921=DIRECTION('',(1.,0.,0.));
#8922=DIRECTION('',(0.,0.,1.));
#8923=DIRECTION('',(1.,0.,0.));
#8924=DIRECTION('',(0.,0.,-1.));
#8925=DIRECTION('',(-1.,0.,0.));
#8926=DIRECTION('',(0.,0.,1.));
#8927=DIRECTION('',(1.,0.,0.));
#8928=DIRECTION('',(0.,0.,-1.));
#8929=DIRECTION('',(0.,0.,1.));
#8930=DIRECTION('',(1.,0.,0.));
#8931=DIRECTION('',(0.,0.,-1.));
#8932=DIRECTION('',(0.,0.,-1.));
#8933=DIRECTION('',(-1.,0.,0.));
#8934=DIRECTION('',(0.,0.,1.));
#8935=DIRECTION('',(1.,0.,0.));
#8936=DIRECTION('',(0.,0.,-1.));
#8937=DIRECTION('',(0.,0.,1.));
#8938=DIRECTION('',(1.,0.,0.));
#8939=DIRECTION('',(0.,0.,-1.));
#8940=DIRECTION('',(-1.,0.,0.));
#8941=DIRECTION('',(0.,0.,1.));
#8942=DIRECTION('',(1.,0.,0.));
#8943=DIRECTION('',(0.,0.,-1.));
#8944=DIRECTION('',(0.,0.,1.));
#8945=DIRECTION('',(1.,0.,0.));
#8946=DIRECTION('',(0.,0.,-1.));
#8947=DIRECTION('',(-1.,0.,0.));
#8948=DIRECTION('',(0.,0.,1.));
#8949=DIRECTION('',(1.,0.,0.));
#8950=DIRECTION('',(0.,0.,1.));
#8951=DIRECTION('',(1.,0.,0.));
#8952=DIRECTION('',(0.,0.,-1.));
#8953=DIRECTION('',(-1.,0.,0.));
#8954=DIRECTION('',(0.,0.,1.));
#8955=DIRECTION('',(1.,0.,0.));
#8956=DIRECTION('',(0.,0.,1.));
#8957=DIRECTION('',(1.,0.,0.));
#8958=DIRECTION('',(0.,0.,1.));
#8959=DIRECTION('',(1.,0.,0.));
#8960=DIRECTION('',(0.,0.,1.));
#8961=DIRECTION('',(1.,0.,0.));
#8962=DIRECTION('',(0.,0.,1.));
#8963=DIRECTION('',(1.,0.,0.));
#8964=DIRECTION('',(0.,0.,-1.));
#8965=DIRECTION('',(-1.,0.,0.));
#8966=DIRECTION('',(0.,0.,1.));
#8967=DIRECTION('',(1.,0.,0.));
#8968=DIRECTION('',(0.,0.,1.));
#8969=DIRECTION('',(1.,0.,0.));
#8970=DIRECTION('',(0.,0.,-1.));
#8971=DIRECTION('',(-1.,0.,0.));
#8972=DIRECTION('',(0.,0.,1.));
#8973=DIRECTION('',(1.,0.,0.));
#8974=DIRECTION('',(0.,0.,1.));
#8975=DIRECTION('',(1.,0.,0.));
#8976=DIRECTION('',(0.,0.,1.));
#8977=DIRECTION('',(1.,0.,0.));
#8978=DIRECTION('',(0.,0.,1.));
#8979=DIRECTION('',(1.,0.,0.));
#8980=DIRECTION('',(0.,0.,1.));
#8981=DIRECTION('',(1.,0.,0.));
#8982=DIRECTION('',(0.,0.,-1.));
#8983=DIRECTION('',(-1.,0.,0.));
#8984=DIRECTION('',(0.,0.,1.));
#8985=DIRECTION('',(1.,0.,0.));
#8986=DIRECTION('',(0.,0.,1.));
#8987=DIRECTION('',(1.,0.,0.));
#8988=DIRECTION('',(0.,0.,-1.));
#8989=DIRECTION('',(-1.,0.,0.));
#8990=DIRECTION('',(0.,0.,1.));
#8991=DIRECTION('',(1.,0.,0.));
#8992=DIRECTION('',(0.,0.,1.));
#8993=DIRECTION('',(1.,0.,0.));
#8994=DIRECTION('',(0.,0.,1.));
#8995=DIRECTION('',(1.,0.,0.));
#8996=DIRECTION('',(0.,0.,1.));
#8997=DIRECTION('',(1.,0.,0.));
#8998=DIRECTION('',(0.,0.,1.));
#8999=DIRECTION('',(1.,0.,0.));
#9000=DIRECTION('',(0.,0.,-1.));
#9001=DIRECTION('',(-1.,0.,0.));
#9002=DIRECTION('',(0.,0.,1.));
#9003=DIRECTION('',(1.,0.,0.));
#9004=DIRECTION('',(0.,0.,1.));
#9005=DIRECTION('',(1.,0.,0.));
#9006=DIRECTION('',(0.,0.,-1.));
#9007=DIRECTION('',(-1.,0.,0.));
#9008=DIRECTION('',(0.,0.,1.));
#9009=DIRECTION('',(1.,0.,0.));
#9010=DIRECTION('',(0.,0.,1.));
#9011=DIRECTION('',(1.,0.,0.));
#9012=DIRECTION('',(0.,0.,1.));
#9013=DIRECTION('',(1.,0.,0.));
#9014=DIRECTION('',(0.,0.,1.));
#9015=DIRECTION('',(1.,0.,0.));
#9016=DIRECTION('',(0.,0.,1.));
#9017=DIRECTION('',(1.,0.,0.));
#9018=DIRECTION('',(0.,0.,-1.));
#9019=DIRECTION('',(-1.,0.,0.));
#9020=DIRECTION('',(0.,0.,1.));
#9021=DIRECTION('',(1.,0.,0.));
#9022=DIRECTION('',(0.,0.,-1.));
#9023=DIRECTION('',(0.,0.,1.));
#9024=DIRECTION('',(1.,0.,0.));
#9025=DIRECTION('',(0.,0.,-1.));
#9026=DIRECTION('',(0.,0.,-1.));
#9027=DIRECTION('',(-1.,0.,0.));
#9028=DIRECTION('',(0.,0.,1.));
#9029=DIRECTION('',(1.,0.,0.));
#9030=DIRECTION('',(0.,0.,-1.));
#9031=DIRECTION('',(0.,0.,1.));
#9032=DIRECTION('',(1.,0.,0.));
#9033=DIRECTION('',(0.,0.,-1.));
#9034=DIRECTION('',(-1.,0.,0.));
#9035=DIRECTION('',(0.,0.,1.));
#9036=DIRECTION('',(1.,0.,0.));
#9037=DIRECTION('',(0.,0.,-1.));
#9038=DIRECTION('',(0.,0.,1.));
#9039=DIRECTION('',(1.,0.,0.));
#9040=DIRECTION('',(0.,0.,-1.));
#9041=DIRECTION('',(-1.,0.,0.));
#9042=DIRECTION('',(0.,0.,1.));
#9043=DIRECTION('',(1.,0.,0.));
#9044=DIRECTION('',(0.,0.,1.));
#9045=DIRECTION('',(1.,0.,0.));
#9046=DIRECTION('',(0.,0.,-1.));
#9047=DIRECTION('',(-1.,0.,0.));
#9048=DIRECTION('',(0.,0.,1.));
#9049=DIRECTION('',(1.,0.,0.));
#9050=DIRECTION('',(0.,0.,1.));
#9051=DIRECTION('',(1.,0.,0.));
#9052=DIRECTION('',(0.,0.,1.));
#9053=DIRECTION('',(1.,0.,0.));
#9054=DIRECTION('',(0.,0.,1.));
#9055=DIRECTION('',(1.,0.,0.));
#9056=DIRECTION('',(0.,0.,1.));
#9057=DIRECTION('',(1.,0.,0.));
#9058=DIRECTION('',(0.,0.,-1.));
#9059=DIRECTION('',(-1.,0.,0.));
#9060=DIRECTION('',(0.,0.,1.));
#9061=DIRECTION('',(1.,0.,0.));
#9062=DIRECTION('',(0.,0.,-1.));
#9063=DIRECTION('',(0.,0.,1.));
#9064=DIRECTION('',(1.,0.,0.));
#9065=DIRECTION('',(0.,0.,-1.));
#9066=DIRECTION('',(0.,0.,-1.));
#9067=DIRECTION('',(-1.,0.,0.));
#9068=DIRECTION('',(0.,0.,1.));
#9069=DIRECTION('',(1.,0.,0.));
#9070=DIRECTION('',(0.,0.,-1.));
#9071=DIRECTION('',(0.,0.,1.));
#9072=DIRECTION('',(1.,0.,0.));
#9073=DIRECTION('',(0.,0.,-1.));
#9074=DIRECTION('',(-1.,0.,0.));
#9075=DIRECTION('',(0.,0.,1.));
#9076=DIRECTION('',(1.,0.,0.));
#9077=DIRECTION('',(0.,0.,-1.));
#9078=DIRECTION('',(0.,0.,1.));
#9079=DIRECTION('',(1.,0.,0.));
#9080=DIRECTION('',(0.,0.,-1.));
#9081=DIRECTION('',(-1.,0.,0.));
#9082=DIRECTION('',(0.,0.,1.));
#9083=DIRECTION('',(1.,0.,0.));
#9084=DIRECTION('',(0.,0.,1.));
#9085=DIRECTION('',(1.,0.,0.));
#9086=DIRECTION('',(0.,0.,-1.));
#9087=DIRECTION('',(-1.,0.,0.));
#9088=DIRECTION('',(0.,0.,1.));
#9089=DIRECTION('',(1.,0.,0.));
#9090=DIRECTION('',(0.,0.,1.));
#9091=DIRECTION('',(1.,0.,0.));
#9092=DIRECTION('',(0.,0.,1.));
#9093=DIRECTION('',(1.,0.,0.));
#9094=DIRECTION('',(0.,0.,1.));
#9095=DIRECTION('',(1.,0.,0.));
#9096=DIRECTION('',(0.,0.,1.));
#9097=DIRECTION('',(1.,0.,0.));
#9098=DIRECTION('',(0.,0.,-1.));
#9099=DIRECTION('',(-1.,0.,0.));
#9100=DIRECTION('',(0.,0.,1.));
#9101=DIRECTION('',(1.,0.,0.));
#9102=DIRECTION('',(0.,0.,-1.));
#9103=DIRECTION('',(0.,0.,1.));
#9104=DIRECTION('',(1.,0.,0.));
#9105=DIRECTION('',(0.,0.,-1.));
#9106=DIRECTION('',(0.,0.,-1.));
#9107=DIRECTION('',(-1.,0.,0.));
#9108=DIRECTION('',(0.,0.,1.));
#9109=DIRECTION('',(1.,0.,0.));
#9110=DIRECTION('',(0.,0.,-1.));
#9111=DIRECTION('',(0.,0.,1.));
#9112=DIRECTION('',(1.,0.,0.));
#9113=DIRECTION('',(0.,0.,-1.));
#9114=DIRECTION('',(-1.,0.,0.));
#9115=DIRECTION('',(0.,0.,1.));
#9116=DIRECTION('',(1.,0.,0.));
#9117=DIRECTION('',(0.,0.,-1.));
#9118=DIRECTION('',(0.,0.,1.));
#9119=DIRECTION('',(1.,0.,0.));
#9120=DIRECTION('',(0.,0.,-1.));
#9121=DIRECTION('',(-1.,0.,0.));
#9122=DIRECTION('',(0.,0.,1.));
#9123=DIRECTION('',(1.,0.,0.));
#9124=DIRECTION('',(0.,0.,1.));
#9125=DIRECTION('',(1.,0.,0.));
#9126=DIRECTION('',(0.,0.,-1.));
#9127=DIRECTION('',(-1.,0.,0.));
#9128=DIRECTION('',(0.,0.,1.));
#9129=DIRECTION('',(1.,0.,0.));
#9130=DIRECTION('',(0.,0.,1.));
#9131=DIRECTION('',(1.,0.,0.));
#9132=DIRECTION('',(0.,0.,1.));
#9133=DIRECTION('',(1.,0.,0.));
#9134=DIRECTION('',(0.,0.,1.));
#9135=DIRECTION('',(1.,0.,0.));
#9136=CARTESIAN_POINT('',(0.,0.,0.));
#9137=CARTESIAN_POINT('',(-0.0912507101893425,-0.0568823005807681,0.004));
#9138=CARTESIAN_POINT('',(-0.0912507101893425,-0.0568823005807681,0.004));
#9139=CARTESIAN_POINT('',(-0.0892532027550393,-0.0568823005807681,0.004));
#9140=CARTESIAN_POINT('',(-0.0912507101893425,-0.0568823005807681,0.003));
#9141=CARTESIAN_POINT('',(-0.0892532027550393,-0.0568823005807681,0.003));
#9142=CARTESIAN_POINT('',(-0.0912507101893425,-0.0528823005807681,0.004));
#9143=CARTESIAN_POINT('',(-0.0912507101893425,-0.0528823005807681,0.003));
#9144=CARTESIAN_POINT('',(0.,0.,0.));
#9145=CARTESIAN_POINT('',(-0.0912507101893425,-0.0568823005807681,0.004));
#9146=CARTESIAN_POINT('',(-0.0912507101893425,-0.0568823005807681,0.004));
#9147=CARTESIAN_POINT('',(-0.0881010301169063,-0.0568823005807681,0.004));
#9148=CARTESIAN_POINT('',(-0.0912507101893425,-0.0568823005807681,0.003));
#9149=CARTESIAN_POINT('',(-0.0881010301169063,-0.0568823005807681,0.003));
#9150=CARTESIAN_POINT('',(-0.0912507101893425,-0.0568823005807681,0.004));
#9151=CARTESIAN_POINT('',(-0.0912507101893425,-0.0568823005807681,0.004));
#9152=CARTESIAN_POINT('',(-0.0876010301169063,-0.0568823005807681,0.004));
#9153=CARTESIAN_POINT('',(-0.0912507101893425,-0.0568823005807681,0.003));
#9154=CARTESIAN_POINT('',(-0.0876010301169063,-0.0568823005807681,0.003));
#9155=CARTESIAN_POINT('',(-0.0912507101893425,-0.0528823005807681,0.004));
#9156=CARTESIAN_POINT('',(-0.0912507101893425,-0.0528823005807681,0.003));
#9157=CARTESIAN_POINT('',(0.,0.,0.));
#9158=CARTESIAN_POINT('',(-0.0912507101893425,0.0561729194192319,0.004));
#9159=CARTESIAN_POINT('',(-0.0912507101893425,0.0561729194192319,0.004));
#9160=CARTESIAN_POINT('',(-0.0881353148687742,0.0561729194192319,0.004));
#9161=CARTESIAN_POINT('',(-0.0912507101893425,0.0561729194192319,0.003));
#9162=CARTESIAN_POINT('',(-0.0881353148687742,0.0561729194192319,0.003));
#9163=CARTESIAN_POINT('',(-0.0126939550335437,-0.00618580145407387,0.004));
#9164=CARTESIAN_POINT('',(-0.0126939550335437,-0.00618580145407387,0.003));
#9165=CARTESIAN_POINT('',(0.,0.,0.));
#9166=CARTESIAN_POINT('',(-0.0309789901893425,0.000324739419231956,0.004));
#9167=CARTESIAN_POINT('',(-0.0309789901893425,0.000324739419231956,0.004));
#9168=CARTESIAN_POINT('',(-0.0275218388058752,0.000324739419231956,0.004));
#9169=CARTESIAN_POINT('',(-0.0309789901893425,0.000324739419231956,0.003));
#9170=CARTESIAN_POINT('',(-0.0275218388058752,0.000324739419231956,0.003));
#9171=CARTESIAN_POINT('',(-0.0309789901893425,0.00432473941923193,0.004));
#9172=CARTESIAN_POINT('',(-0.0309789901893425,0.00432473941923193,0.003));
#9173=CARTESIAN_POINT('',(0.,0.,0.));
#9174=CARTESIAN_POINT('',(0.116193675462597,0.0975385311926883,0.004));
#9175=CARTESIAN_POINT('',(0.116188993327235,0.0975327081349517,0.00300000000000061));
#9176=CARTESIAN_POINT('',(0.0817050110415634,0.0583811419004483,0.003));
#9177=CARTESIAN_POINT('',(0.082531182435883,0.0576686665048659,0.003));
#9178=CARTESIAN_POINT('',(0.0825311824958244,0.0576686679939212,0.004));
#9179=CARTESIAN_POINT('',(0.082531182435883,0.0576686665048659,0.004));
#9180=CARTESIAN_POINT('',(0.116188993327235,0.0975327081349517,0.004));
#9181=CARTESIAN_POINT('',(0.0817050110415634,0.0583811419004483,0.004));
#9182=CARTESIAN_POINT('',(0.0817049701633451,0.0583811738890157,0.004));
#9183=CARTESIAN_POINT('',(0.0628332807489491,0.0974727268892697,0.004));
#9184=CARTESIAN_POINT('',(0.06283797713783,0.0974669155060547,0.00299999999999985));
#9185=CARTESIAN_POINT('',(0.0974184183005737,0.0584005197530635,0.003));
#9186=CARTESIAN_POINT('',(0.0965940066732516,0.0576860088500202,0.003));
#9187=CARTESIAN_POINT('',(0.0974184591000871,0.0584005518420843,0.004));
#9188=CARTESIAN_POINT('',(0.0974184183005737,0.0584005197530635,0.004));
#9189=CARTESIAN_POINT('',(0.06283797713783,0.0974669155060547,0.004));
#9190=CARTESIAN_POINT('',(0.0965940066732516,0.0576860088500202,0.004));
#9191=CARTESIAN_POINT('',(0.0965940066096378,0.0576860103389229,0.004));
#9192=CARTESIAN_POINT('',(0.116562603465844,0.0556723893528699,0.004));
#9193=CARTESIAN_POINT('',(0.116562603465844,0.0556723893528699,0.003));
#9194=CARTESIAN_POINT('',(0.08445303649638,0.0649469269012502,0.003));
#9195=CARTESIAN_POINT('',(0.083694659683001,0.0617339620195714,0.003));
#9196=CARTESIAN_POINT('',(0.08445303649638,0.0649469269012502,0.004));
#9197=CARTESIAN_POINT('',(0.08445303649638,0.0649469269012502,0.004));
#9198=CARTESIAN_POINT('',(0.116562603465844,0.0556723893528699,0.004));
#9199=CARTESIAN_POINT('',(0.083694659683001,0.0617339620195714,0.004));
#9200=CARTESIAN_POINT('',(0.0836946596829979,0.0617339620195696,0.004));
#9201=CARTESIAN_POINT('',(0.112318461196815,0.0568761058622076,0.004));
#9202=CARTESIAN_POINT('',(0.112318461196815,0.0568761058622076,0.003));
#9203=CARTESIAN_POINT('',(0.0837172133819311,0.0651310838670343,0.003));
#9204=CARTESIAN_POINT('',(0.0829906221504117,0.0619827876372299,0.003));
#9205=CARTESIAN_POINT('',(0.0829906221504117,0.0619827876372299,0.004));
#9206=CARTESIAN_POINT('',(0.0829906221504117,0.0619827876372299,0.004));
#9207=CARTESIAN_POINT('',(0.112318461196815,0.0568761058622076,0.004));
#9208=CARTESIAN_POINT('',(0.0837172133819311,0.0651310838670343,0.004));
#9209=CARTESIAN_POINT('',(0.0837172133819311,0.0651310838670343,0.004));
#9210=CARTESIAN_POINT('',(0.0625676127835575,0.0556058024606738,0.004));
#9211=CARTESIAN_POINT('',(0.0625676127835575,0.0556058024606738,0.003));
#9212=CARTESIAN_POINT('',(0.0946542073113159,0.0649595070360704,0.003));
#9213=CARTESIAN_POINT('',(0.0954205062946678,0.0617484223922021,0.003));
#9214=CARTESIAN_POINT('',(0.0954205062946709,0.0617484223922004,0.004));
#9215=CARTESIAN_POINT('',(0.0954205062946678,0.0617484223922021,0.004));
#9216=CARTESIAN_POINT('',(0.0625676127835575,0.0556058024606738,0.004));
#9217=CARTESIAN_POINT('',(0.0946542073113159,0.0649595070360704,0.004));
#9218=CARTESIAN_POINT('',(0.0946542073113159,0.0649595070360704,0.004));
#9219=CARTESIAN_POINT('',(0.0668087732893095,0.0568199830876843,0.004));
#9220=CARTESIAN_POINT('',(0.0668087732893095,0.0568199830876843,0.003));
#9221=CARTESIAN_POINT('',(0.0953895739818066,0.0651454782804482,0.003));
#9222=CARTESIAN_POINT('',(0.0961239279808078,0.0619989836956007,0.003));
#9223=CARTESIAN_POINT('',(0.0953895739818066,0.0651454782804482,0.004));
#9224=CARTESIAN_POINT('',(0.0953895739818066,0.0651454782804482,0.004));
#9225=CARTESIAN_POINT('',(0.0668087732893095,0.0568199830876843,0.004));
#9226=CARTESIAN_POINT('',(0.0961239279808078,0.0619989836956007,0.004));
#9227=CARTESIAN_POINT('',(0.0961239279808078,0.0619989836956007,0.004));
#9228=CARTESIAN_POINT('',(0.0916185969603466,0.0483524805216062,0.004));
#9229=CARTESIAN_POINT('',(0.0916185969603466,0.0483524805216062,0.003));
#9230=CARTESIAN_POINT('',(0.0926538278957218,0.0478916887126559,0.004));
#9231=CARTESIAN_POINT('',(0.0926538278957218,0.0478916887126559,0.003));
#9232=CARTESIAN_POINT('',(0.0937465839190727,0.0475295713564251,0.004));
#9233=CARTESIAN_POINT('',(0.0937465839190727,0.0475295713564251,0.003));
#9234=CARTESIAN_POINT('',(0.094851909039504,0.0472491935953778,0.004));
#9235=CARTESIAN_POINT('',(0.094851909039504,0.0472491935953778,0.003));
#9236=CARTESIAN_POINT('',(0.0916185969603466,0.0483524805216062,0.003));
#9237=CARTESIAN_POINT('',(0.0926538278957218,0.0478916887126559,0.003));
#9238=CARTESIAN_POINT('',(0.0937465839190727,0.0475295713564251,0.003));
#9239=CARTESIAN_POINT('',(0.094851909039504,0.0472491935953778,0.003));
#9240=CARTESIAN_POINT('',(0.0916185969603485,0.0483524805216188,0.003));
#9241=CARTESIAN_POINT('',(0.0948519090377768,0.0472491935894798,0.003));
#9242=CARTESIAN_POINT('',(0.0916185969603485,0.0483524805216188,0.004));
#9243=CARTESIAN_POINT('',(0.0916185969603485,0.0483524805216188,0.004));
#9244=CARTESIAN_POINT('',(0.0916185969603466,0.0483524805216062,0.004));
#9245=CARTESIAN_POINT('',(0.0926538278957218,0.0478916887126559,0.004));
#9246=CARTESIAN_POINT('',(0.0937465839190727,0.0475295713564251,0.004));
#9247=CARTESIAN_POINT('',(0.094851909039504,0.0472491935953778,0.004));
#9248=CARTESIAN_POINT('',(0.0948519090377768,0.0472491935894798,0.004));
#9249=CARTESIAN_POINT('',(0.0948519090377768,0.0472491935894798,0.004));
#9250=CARTESIAN_POINT('',(0.091494091382528,0.0475676023764859,0.004));
#9251=CARTESIAN_POINT('',(0.091494091382528,0.0475676023764859,0.003));
#9252=CARTESIAN_POINT('',(0.0923960685875427,0.0471817139134763,0.004));
#9253=CARTESIAN_POINT('',(0.0923960685875427,0.0471817139134763,0.003));
#9254=CARTESIAN_POINT('',(0.0937765144902374,0.0467925635015238,0.004));
#9255=CARTESIAN_POINT('',(0.0937765144902374,0.0467925635015238,0.003));
#9256=CARTESIAN_POINT('',(0.0946843780279402,0.0466795635005501,0.004));
#9257=CARTESIAN_POINT('',(0.0946843780279402,0.0466795635005501,0.003));
#9258=CARTESIAN_POINT('',(0.091494091382528,0.0475676023764859,0.003));
#9259=CARTESIAN_POINT('',(0.0923960685875427,0.0471817139134763,0.003));
#9260=CARTESIAN_POINT('',(0.0937765144902374,0.0467925635015238,0.003));
#9261=CARTESIAN_POINT('',(0.0946843780279402,0.0466795635005501,0.003));
#9262=CARTESIAN_POINT('',(0.091494091382528,0.047567602376486,0.003));
#9263=CARTESIAN_POINT('',(0.0946843780278564,0.0466795635002754,0.003));
#9264=CARTESIAN_POINT('',(0.0946843780278564,0.0466795635002754,0.004));
#9265=CARTESIAN_POINT('',(0.0946843780278564,0.0466795635002754,0.004));
#9266=CARTESIAN_POINT('',(0.091494091382528,0.0475676023764859,0.004));
#9267=CARTESIAN_POINT('',(0.0923960685875427,0.0471817139134763,0.004));
#9268=CARTESIAN_POINT('',(0.0937765144902374,0.0467925635015238,0.004));
#9269=CARTESIAN_POINT('',(0.0946843780279402,0.0466795635005501,0.004));
#9270=CARTESIAN_POINT('',(0.091494091382528,0.047567602376486,0.004));
#9271=CARTESIAN_POINT('',(0.091494091382528,0.047567602376486,0.004));
#9272=CARTESIAN_POINT('',(0.0875295972881452,0.0483474379467794,0.004));
#9273=CARTESIAN_POINT('',(0.0875295972881452,0.0483474379467794,0.003));
#9274=CARTESIAN_POINT('',(0.0864955060013225,0.0478840942393323,0.004));
#9275=CARTESIAN_POINT('',(0.0864955060013225,0.0478840942393323,0.003));
#9276=CARTESIAN_POINT('',(0.0854036464302073,0.0475192828042389,0.004));
#9277=CARTESIAN_POINT('',(0.0854036464302073,0.0475192828042389,0.003));
#9278=CARTESIAN_POINT('',(0.0842990161971936,0.0472361797152093,0.004));
#9279=CARTESIAN_POINT('',(0.0842990161971936,0.0472361797152093,0.003));
#9280=CARTESIAN_POINT('',(0.0875295972881452,0.0483474379467794,0.003));
#9281=CARTESIAN_POINT('',(0.0864955060013225,0.0478840942393323,0.003));
#9282=CARTESIAN_POINT('',(0.0854036464302073,0.0475192828042389,0.003));
#9283=CARTESIAN_POINT('',(0.0842990161971936,0.0472361797152093,0.003));
#9284=CARTESIAN_POINT('',(0.0875295972881452,0.0483474379467794,0.003));
#9285=CARTESIAN_POINT('',(0.0842990161971936,0.0472361797152093,0.003));
#9286=CARTESIAN_POINT('',(0.0842990161971936,0.0472361797152093,0.004));
#9287=CARTESIAN_POINT('',(0.0842990161971936,0.0472361797152093,0.004));
#9288=CARTESIAN_POINT('',(0.0875295972881452,0.0483474379467794,0.004));
#9289=CARTESIAN_POINT('',(0.0864955060013225,0.0478840942393323,0.004));
#9290=CARTESIAN_POINT('',(0.0854036464302073,0.0475192828042389,0.004));
#9291=CARTESIAN_POINT('',(0.0842990161971936,0.0472361797152093,0.004));
#9292=CARTESIAN_POINT('',(0.0875295972881452,0.0483474379467794,0.004));
#9293=CARTESIAN_POINT('',(0.0875295972881452,0.0483474379467794,0.004));
#9294=CARTESIAN_POINT('',(0.0876560383156261,0.0475628692702666,0.004));
#9295=CARTESIAN_POINT('',(0.0876560383156261,0.0475628692702666,0.003));
#9296=CARTESIAN_POINT('',(0.0867550156117654,0.0471747573387605,0.004));
#9297=CARTESIAN_POINT('',(0.0867550156117654,0.0471747573387605,0.003));
#9298=CARTESIAN_POINT('',(0.0853755337108187,0.0467822033700503,0.004));
#9299=CARTESIAN_POINT('',(0.0853755337108187,0.0467822033700503,0.003));
#9300=CARTESIAN_POINT('',(0.0844679516383673,0.0466669645524791,0.004));
#9301=CARTESIAN_POINT('',(0.0844679516383673,0.0466669645524791,0.003));
#9302=CARTESIAN_POINT('',(0.0876560383156261,0.0475628692702666,0.003));
#9303=CARTESIAN_POINT('',(0.0867550156117654,0.0471747573387605,0.003));
#9304=CARTESIAN_POINT('',(0.0853755337108187,0.0467822033700503,0.003));
#9305=CARTESIAN_POINT('',(0.0844679516383673,0.0466669645524791,0.003));
#9306=CARTESIAN_POINT('',(0.0876560383156261,0.0475628692702666,0.003));
#9307=CARTESIAN_POINT('',(0.0844679516383673,0.0466669645524791,0.003));
#9308=CARTESIAN_POINT('',(0.0876560383156261,0.0475628692702666,0.004));
#9309=CARTESIAN_POINT('',(0.0876560383156261,0.0475628692702666,0.004));
#9310=CARTESIAN_POINT('',(0.0876560383156261,0.0475628692702666,0.004));
#9311=CARTESIAN_POINT('',(0.0867550156117654,0.0471747573387605,0.004));
#9312=CARTESIAN_POINT('',(0.0853755337108187,0.0467822033700503,0.004));
#9313=CARTESIAN_POINT('',(0.0844679516383673,0.0466669645524791,0.004));
#9314=CARTESIAN_POINT('',(0.0844679516383673,0.0466669645524791,0.004));
#9315=CARTESIAN_POINT('',(0.0844679516383673,0.0466669645524791,0.004));
#9316=CARTESIAN_POINT('',(0.0612529632512357,0.0169058841176724,0.004));
#9317=CARTESIAN_POINT('',(0.0612529632512357,0.0169058841176724,0.003));
#9318=CARTESIAN_POINT('',(0.0979239495196047,0.0588540553966375,0.003));
#9319=CARTESIAN_POINT('',(0.100289623860544,0.0566646346473001,0.003));
#9320=CARTESIAN_POINT('',(0.0979239495196047,0.0588540553966375,0.004));
#9321=CARTESIAN_POINT('',(0.0979239495196047,0.0588540553966375,0.004));
#9322=CARTESIAN_POINT('',(0.0612529632512357,0.0169058841176724,0.004));
#9323=CARTESIAN_POINT('',(0.100289623860544,0.0566646346473001,0.004));
#9324=CARTESIAN_POINT('',(0.100289623860544,0.0566646346473001,0.004));
#9325=CARTESIAN_POINT('',(0.0761634340201477,0.0332629329823536,0.004));
#9326=CARTESIAN_POINT('',(0.0761634340201477,0.0332629329823536,0.003));
#9327=CARTESIAN_POINT('',(0.0998076678219308,0.0561676526054438,0.003));
#9328=CARTESIAN_POINT('',(0.0998076678219308,0.0561676526054438,0.004));
#9329=CARTESIAN_POINT('',(0.0998076678219308,0.0561676526054438,0.004));
#9330=CARTESIAN_POINT('',(0.0761634340201477,0.0332629329823536,0.004));
#9331=CARTESIAN_POINT('',(0.103021930174991,0.0332960550134308,0.004));
#9332=CARTESIAN_POINT('',(0.103021930174991,0.0332960550134308,0.003));
#9333=CARTESIAN_POINT('',(0.079321275945099,0.0561423886846187,0.003));
#9334=CARTESIAN_POINT('',(0.103021930174991,0.0332960550134308,0.004));
#9335=CARTESIAN_POINT('',(0.079321275945099,0.0561423886846187,0.004));
#9336=CARTESIAN_POINT('',(0.079321275945099,0.0561423886846187,0.004));
#9337=CARTESIAN_POINT('',(0.117972698683274,0.0169758312170343,0.004));
#9338=CARTESIAN_POINT('',(0.117972698683274,0.0169758312170343,0.003));
#9339=CARTESIAN_POINT('',(0.0811983627557079,0.0588334293209334,0.003));
#9340=CARTESIAN_POINT('',(0.0788380956105768,0.0566381805177906,0.003));
#9341=CARTESIAN_POINT('',(0.0788380956105768,0.0566381805177906,0.004));
#9342=CARTESIAN_POINT('',(0.0788380956105768,0.0566381805177906,0.004));
#9343=CARTESIAN_POINT('',(0.117972698683274,0.0169758312170343,0.004));
#9344=CARTESIAN_POINT('',(0.0811983627557079,0.0588334293209334,0.004));
#9345=CARTESIAN_POINT('',(0.0811983627557079,0.0588334293209334,0.004));
#9346=CARTESIAN_POINT('',(0.103577773221902,0.0801028326604506,0.004));
#9347=CARTESIAN_POINT('',(0.103577773221902,0.0801028326604506,0.003));
#9348=CARTESIAN_POINT('',(0.0827195185514864,0.052203567253435,0.003));
#9349=CARTESIAN_POINT('',(0.0788150910114576,0.0556056153715633,0.003));
#9350=CARTESIAN_POINT('',(0.0827195185514864,0.052203567253435,0.004));
#9351=CARTESIAN_POINT('',(0.0827195185514864,0.052203567253435,0.004));
#9352=CARTESIAN_POINT('',(0.103577773221902,0.0801028326604506,0.004));
#9353=CARTESIAN_POINT('',(0.0788150910114576,0.0556056153715633,0.004));
#9354=CARTESIAN_POINT('',(0.0788150910114576,0.0556056153715633,0.004));
#9355=CARTESIAN_POINT('',(0.105677412693405,0.0822673575271081,0.004));
#9356=CARTESIAN_POINT('',(0.105677412693405,0.0822673575271081,0.003));
#9357=CARTESIAN_POINT('',(0.0826260396342189,0.0531851962228937,0.003));
#9358=CARTESIAN_POINT('',(0.105677412693405,0.0822673575271081,0.004));
#9359=CARTESIAN_POINT('',(0.0826260396342189,0.0531851962228937,0.004));
#9360=CARTESIAN_POINT('',(0.0826263778668407,0.0531845492937039,0.004));
#9361=CARTESIAN_POINT('',(0.0754921481347307,0.0800681973272537,0.004));
#9362=CARTESIAN_POINT('',(0.0754921481347307,0.0800681973272537,0.003));
#9363=CARTESIAN_POINT('',(0.0964191502853514,0.0522204617077409,0.003));
#9364=CARTESIAN_POINT('',(0.100315175117019,0.0556321293827097,0.003));
#9365=CARTESIAN_POINT('',(0.100315175117019,0.0556321293827097,0.004));
#9366=CARTESIAN_POINT('',(0.100315175117019,0.0556321293827097,0.004));
#9367=CARTESIAN_POINT('',(0.0754921481347307,0.0800681973272537,0.004));
#9368=CARTESIAN_POINT('',(0.0964191502853514,0.0522204617077409,0.004));
#9369=CARTESIAN_POINT('',(0.0964191502853514,0.0522204617077409,0.004));
#9370=CARTESIAN_POINT('',(0.0733871764520241,0.0822275370461883,0.004));
#9371=CARTESIAN_POINT('',(0.0733871764520241,0.0822275370461883,0.003));
#9372=CARTESIAN_POINT('',(0.0965102078224769,0.0532023182484764,0.003));
#9373=CARTESIAN_POINT('',(0.0965098711864817,0.0532016704870421,0.004));
#9374=CARTESIAN_POINT('',(0.0965102078224769,0.0532023182484764,0.004));
#9375=CARTESIAN_POINT('',(0.0733871764520241,0.0822275370461883,0.004));
#9376=CARTESIAN_POINT('',(0.100555414681871,0.0368772729533066,0.004));
#9377=CARTESIAN_POINT('',(0.100555414681871,0.0368772729533066,0.003));
#9378=CARTESIAN_POINT('',(0.0854050519024754,0.0610891984102776,0.003));
#9379=CARTESIAN_POINT('',(0.0895557415953974,0.0632343692869174,0.003));
#9380=CARTESIAN_POINT('',(0.0895557408715067,0.0632349562863894,0.004));
#9381=CARTESIAN_POINT('',(0.0895557415953974,0.0632343692869174,0.004));
#9382=CARTESIAN_POINT('',(0.100555414681871,0.0368772729533066,0.004));
#9383=CARTESIAN_POINT('',(0.0854050519024754,0.0610891984102776,0.004));
#9384=CARTESIAN_POINT('',(0.0854050519024754,0.0610891984102776,0.004));
#9385=CARTESIAN_POINT('',(0.0886237162350891,0.0635972068808644,0.004));
#9386=CARTESIAN_POINT('',(0.0886237162350891,0.0635972068808644,0.003));
#9387=CARTESIAN_POINT('',(0.087147372506786,0.0629884453727528,0.004));
#9388=CARTESIAN_POINT('',(0.087147372506786,0.0629884453727528,0.003));
#9389=CARTESIAN_POINT('',(0.0857988244871511,0.0622428939935252,0.004));
#9390=CARTESIAN_POINT('',(0.0857988244871511,0.0622428939935252,0.003));
#9391=CARTESIAN_POINT('',(0.0845534839139366,0.0614163591819222,0.004));
#9392=CARTESIAN_POINT('',(0.0845534839139366,0.0614163591819222,0.003));
#9393=CARTESIAN_POINT('',(0.0886237162350891,0.0635972068808644,0.003));
#9394=CARTESIAN_POINT('',(0.087147372506786,0.0629884453727528,0.003));
#9395=CARTESIAN_POINT('',(0.0857988244871511,0.0622428939935252,0.003));
#9396=CARTESIAN_POINT('',(0.0845534839139366,0.0614163591819222,0.003));
#9397=CARTESIAN_POINT('',(0.0886237162350891,0.0635972068808644,0.003));
#9398=CARTESIAN_POINT('',(0.0845534839139356,0.0614163591819226,0.003));
#9399=CARTESIAN_POINT('',(0.0845534839139356,0.0614163591819226,0.004));
#9400=CARTESIAN_POINT('',(0.0845534839139356,0.0614163591819226,0.004));
#9401=CARTESIAN_POINT('',(0.0886237162350891,0.0635972068808644,0.004));
#9402=CARTESIAN_POINT('',(0.087147372506786,0.0629884453727528,0.004));
#9403=CARTESIAN_POINT('',(0.0857988244871511,0.0622428939935252,0.004));
#9404=CARTESIAN_POINT('',(0.0845534839139366,0.0614163591819222,0.004));
#9405=CARTESIAN_POINT('',(0.0886237162350891,0.0635972068808644,0.004));
#9406=CARTESIAN_POINT('',(0.0886237162350891,0.0635972068808644,0.004));
#9407=CARTESIAN_POINT('',(0.0786211092722936,0.0368502234582951,0.004));
#9408=CARTESIAN_POINT('',(0.0786211092722936,0.0368502234582951,0.003));
#9409=CARTESIAN_POINT('',(0.093711709530158,0.0610994422196881,0.003));
#9410=CARTESIAN_POINT('',(0.093711709530158,0.0610994422196881,0.004));
#9411=CARTESIAN_POINT('',(0.093711709530158,0.0610994422196881,0.004));
#9412=CARTESIAN_POINT('',(0.0786211092722936,0.0368502234582951,0.004));
#9413=CARTESIAN_POINT('',(0.0904868692159653,0.0635995045304298,0.004));
#9414=CARTESIAN_POINT('',(0.0904868692159653,0.0635995045304298,0.003));
#9415=CARTESIAN_POINT('',(0.0919647099070087,0.0629943861373129,0.004));
#9416=CARTESIAN_POINT('',(0.0919647099070087,0.0629943861373129,0.003));
#9417=CARTESIAN_POINT('',(0.0933150926574808,0.0622521630930078,0.004));
#9418=CARTESIAN_POINT('',(0.0933150926574808,0.0622521630930078,0.003));
#9419=CARTESIAN_POINT('',(0.0945624680134921,0.0614287023111566,0.004));
#9420=CARTESIAN_POINT('',(0.0945624680134921,0.0614287023111566,0.003));
#9421=CARTESIAN_POINT('',(0.0904868692159653,0.0635995045304298,0.003));
#9422=CARTESIAN_POINT('',(0.0919647099070087,0.0629943861373129,0.003));
#9423=CARTESIAN_POINT('',(0.0933150926574808,0.0622521630930078,0.003));
#9424=CARTESIAN_POINT('',(0.0945624680134921,0.0614287023111566,0.003));
#9425=CARTESIAN_POINT('',(0.0904868692159653,0.0635995045304298,0.003));
#9426=CARTESIAN_POINT('',(0.0945624680139603,0.0614287023112845,0.003));
#9427=CARTESIAN_POINT('',(0.0904868692159653,0.0635995045304298,0.004));
#9428=CARTESIAN_POINT('',(0.0904868692159653,0.0635995045304298,0.004));
#9429=CARTESIAN_POINT('',(0.0904868692159653,0.0635995045304298,0.004));
#9430=CARTESIAN_POINT('',(0.0919647099070087,0.0629943861373129,0.004));
#9431=CARTESIAN_POINT('',(0.0933150926574808,0.0622521630930078,0.004));
#9432=CARTESIAN_POINT('',(0.0945624680134921,0.0614287023111566,0.004));
#9433=CARTESIAN_POINT('',(0.0945624680139603,0.0614287023112845,0.004));
#9434=CARTESIAN_POINT('',(0.0945624680139603,0.0614287023112845,0.004));
#9435=CARTESIAN_POINT('',(0.090486869214348,0.0635995045298121,0.004));
#9436=CARTESIAN_POINT('',(0.090486869214348,0.0635995045298121,0.003));
#9437=CARTESIAN_POINT('',(0.091749508126419,0.0640817567557928,0.004));
#9438=CARTESIAN_POINT('',(0.091749508126419,0.0640817567557928,0.003));
#9439=CARTESIAN_POINT('',(0.0931476628779115,0.064560628433894,0.004));
#9440=CARTESIAN_POINT('',(0.0931476628779115,0.064560628433894,0.003));
#9441=CARTESIAN_POINT('',(0.0946542073113159,0.0649595070360704,0.004));
#9442=CARTESIAN_POINT('',(0.0946542073113159,0.0649595070360704,0.003));
#9443=CARTESIAN_POINT('',(0.090486869214348,0.0635995045298121,0.003));
#9444=CARTESIAN_POINT('',(0.0917495081287849,0.0640817567566965,0.003));
#9445=CARTESIAN_POINT('',(0.0931476628831513,0.0645606284356886,0.003));
#9446=CARTESIAN_POINT('',(0.0946542073197849,0.0649595070383127,0.003));
#9447=CARTESIAN_POINT('',(0.090486869214348,0.0635995045298121,0.004));
#9448=CARTESIAN_POINT('',(0.0917495081287849,0.0640817567566965,0.004));
#9449=CARTESIAN_POINT('',(0.0931476628831513,0.0645606284356886,0.004));
#9450=CARTESIAN_POINT('',(0.0946542073197849,0.0649595070383127,0.004));
#9451=CARTESIAN_POINT('',(0.089554880867916,0.0639323290614647,0.004));
#9452=CARTESIAN_POINT('',(0.089554880867916,0.0639323290614647,0.003));
#9453=CARTESIAN_POINT('',(0.0911633715986087,0.0645410190558058,0.004));
#9454=CARTESIAN_POINT('',(0.0911633715986087,0.0645410190558058,0.003));
#9455=CARTESIAN_POINT('',(0.0927986498058035,0.0651727133683091,0.004));
#9456=CARTESIAN_POINT('',(0.0927986498058035,0.0651727133683091,0.003));
#9457=CARTESIAN_POINT('',(0.0944748569171729,0.0655534129316105,0.004));
#9458=CARTESIAN_POINT('',(0.0944748569171729,0.0655534129316105,0.003));
#9459=CARTESIAN_POINT('',(0.089554880867916,0.0639323290614647,0.003));
#9460=CARTESIAN_POINT('',(0.0911633715986087,0.0645410190558058,0.003));
#9461=CARTESIAN_POINT('',(0.0927986498058035,0.0651727133683091,0.003));
#9462=CARTESIAN_POINT('',(0.0944748569171729,0.0655534129316105,0.003));
#9463=CARTESIAN_POINT('',(0.089554880867916,0.0639323290614647,0.003));
#9464=CARTESIAN_POINT('',(0.0944748569171729,0.0655534129316105,0.003));
#9465=CARTESIAN_POINT('',(0.089554880867916,0.0639323290614647,0.004));
#9466=CARTESIAN_POINT('',(0.089554880867916,0.0639323290614647,0.004));
#9467=CARTESIAN_POINT('',(0.089554880867916,0.0639323290614647,0.004));
#9468=CARTESIAN_POINT('',(0.0911633715986087,0.0645410190558058,0.004));
#9469=CARTESIAN_POINT('',(0.0927986498058035,0.0651727133683091,0.004));
#9470=CARTESIAN_POINT('',(0.0944748569171729,0.0655534129316105,0.004));
#9471=CARTESIAN_POINT('',(0.0944748569171729,0.0655534129316105,0.004));
#9472=CARTESIAN_POINT('',(0.0944748569171729,0.0655534129316105,0.004));
#9473=CARTESIAN_POINT('',(0.089554880867916,0.0639323290614647,0.004));
#9474=CARTESIAN_POINT('',(0.089554880867916,0.0639323290614647,0.003));
#9475=CARTESIAN_POINT('',(0.0879448937527822,0.0645370500128449,0.004));
#9476=CARTESIAN_POINT('',(0.0879448937527822,0.0645370500128449,0.003));
#9477=CARTESIAN_POINT('',(0.0863080625046286,0.0651647091436184,0.004));
#9478=CARTESIAN_POINT('',(0.0863080625046286,0.0651647091436184,0.003));
#9479=CARTESIAN_POINT('',(0.0846309215318054,0.0655412733413071,0.004));
#9480=CARTESIAN_POINT('',(0.0846309215318054,0.0655412733413071,0.003));
#9481=CARTESIAN_POINT('',(0.089554880867916,0.0639323290614647,0.003));
#9482=CARTESIAN_POINT('',(0.0879448937527822,0.0645370500128449,0.003));
#9483=CARTESIAN_POINT('',(0.0863080625046286,0.0651647091436184,0.003));
#9484=CARTESIAN_POINT('',(0.0846309215318054,0.0655412733413071,0.003));
#9485=CARTESIAN_POINT('',(0.0846309215318054,0.0655412733413071,0.003));
#9486=CARTESIAN_POINT('',(0.0846309215318054,0.0655412733413071,0.004));
#9487=CARTESIAN_POINT('',(0.0846309215318054,0.0655412733413071,0.004));
#9488=CARTESIAN_POINT('',(0.089554880867916,0.0639323290614647,0.004));
#9489=CARTESIAN_POINT('',(0.0879448937527822,0.0645370500128449,0.004));
#9490=CARTESIAN_POINT('',(0.0863080625046286,0.0651647091436184,0.004));
#9491=CARTESIAN_POINT('',(0.0846309215318054,0.0655412733413071,0.004));
#9492=CARTESIAN_POINT('',(0.0886237162351354,0.0635972068808468,0.004));
#9493=CARTESIAN_POINT('',(0.0886237162351354,0.0635972068808468,0.003));
#9494=CARTESIAN_POINT('',(0.087359891734065,0.0640763434592952,0.004));
#9495=CARTESIAN_POINT('',(0.087359891734065,0.0640763434592952,0.003));
#9496=CARTESIAN_POINT('',(0.0859605601436981,0.0645517652630056,0.004));
#9497=CARTESIAN_POINT('',(0.0859605601436981,0.0645517652630056,0.003));
#9498=CARTESIAN_POINT('',(0.0844530364966173,0.064946926901188,0.004));
#9499=CARTESIAN_POINT('',(0.0844530364966173,0.064946926901188,0.003));
#9500=CARTESIAN_POINT('',(0.0886237162351354,0.0635972068808468,0.003));
#9501=CARTESIAN_POINT('',(0.087359891734065,0.0640763434592952,0.003));
#9502=CARTESIAN_POINT('',(0.0859605601436981,0.0645517652630056,0.003));
#9503=CARTESIAN_POINT('',(0.0844530364966173,0.064946926901188,0.003));
#9504=CARTESIAN_POINT('',(0.0886237162351354,0.0635972068808468,0.004));
#9505=CARTESIAN_POINT('',(0.087359891734065,0.0640763434592952,0.004));
#9506=CARTESIAN_POINT('',(0.0859605601436981,0.0645517652630056,0.004));
#9507=CARTESIAN_POINT('',(0.0844530364966173,0.064946926901188,0.004));
#9508=CARTESIAN_POINT('',(0.0953895739818066,0.0651454782804482,0.004));
#9509=CARTESIAN_POINT('',(0.0953895739818066,0.0651454782804482,0.003));
#9510=CARTESIAN_POINT('',(0.0986022749453469,0.0659194200193445,0.004));
#9511=CARTESIAN_POINT('',(0.0986022749453469,0.0659194200193445,0.003));
#9512=CARTESIAN_POINT('',(0.102267287262059,0.0662919591044033,0.004));
#9513=CARTESIAN_POINT('',(0.102267287262059,0.0662919591044033,0.003));
#9514=CARTESIAN_POINT('',(0.106138669339159,0.065568481594535,0.004));
#9515=CARTESIAN_POINT('',(0.106138669339159,0.065568481594535,0.003));
#9516=CARTESIAN_POINT('',(0.0953895739818066,0.0651454782804482,0.003));
#9517=CARTESIAN_POINT('',(0.0986022749453469,0.0659194200193445,0.003));
#9518=CARTESIAN_POINT('',(0.102267287262059,0.0662919591044033,0.003));
#9519=CARTESIAN_POINT('',(0.106138669339159,0.065568481594535,0.003));
#9520=CARTESIAN_POINT('',(0.106138669339159,0.065568481594535,0.003));
#9521=CARTESIAN_POINT('',(0.106138669339159,0.065568481594535,0.004));
#9522=CARTESIAN_POINT('',(0.106138669339159,0.065568481594535,0.004));
#9523=CARTESIAN_POINT('',(0.0953895739818066,0.0651454782804482,0.004));
#9524=CARTESIAN_POINT('',(0.0986022749453469,0.0659194200193445,0.004));
#9525=CARTESIAN_POINT('',(0.102267287262059,0.0662919591044033,0.004));
#9526=CARTESIAN_POINT('',(0.106138669339159,0.065568481594535,0.004));
#9527=CARTESIAN_POINT('',(0.106138669339159,0.065568481594535,0.004));
#9528=CARTESIAN_POINT('',(0.106138669339159,0.065568481594535,0.003));
#9529=CARTESIAN_POINT('',(0.10521514299537,0.062781748213483,0.004));
#9530=CARTESIAN_POINT('',(0.10521514299537,0.062781748213483,0.003));
#9531=CARTESIAN_POINT('',(0.103050728248134,0.059566893709073,0.004));
#9532=CARTESIAN_POINT('',(0.103050728248134,0.059566893709073,0.003));
#9533=CARTESIAN_POINT('',(0.100289623860545,0.0566646346473,0.004));
#9534=CARTESIAN_POINT('',(0.100289623860545,0.0566646346473,0.003));
#9535=CARTESIAN_POINT('',(0.106138669339159,0.065568481594535,0.003));
#9536=CARTESIAN_POINT('',(0.105215142994769,0.0627817482116688,0.003));
#9537=CARTESIAN_POINT('',(0.103050728245315,0.0595668937048872,0.003));
#9538=CARTESIAN_POINT('',(0.100289623855152,0.0566646346416318,0.003));
#9539=CARTESIAN_POINT('',(0.106138669339159,0.065568481594535,0.004));
#9540=CARTESIAN_POINT('',(0.105215142994769,0.0627817482116688,0.004));
#9541=CARTESIAN_POINT('',(0.103050728245315,0.0595668937048872,0.004));
#9542=CARTESIAN_POINT('',(0.100289623855152,0.0566646346416318,0.004));
#9543=CARTESIAN_POINT('',(0.10598768009313,0.0467566308592843,0.004));
#9544=CARTESIAN_POINT('',(0.10598768009313,0.0467566308592843,0.003));
#9545=CARTESIAN_POINT('',(0.105016195832864,0.0494638384760511,0.004));
#9546=CARTESIAN_POINT('',(0.105016195832864,0.0494638384760511,0.003));
#9547=CARTESIAN_POINT('',(0.103065164745753,0.0526643355798547,0.004));
#9548=CARTESIAN_POINT('',(0.103065164745753,0.0526643355798547,0.003));
#9549=CARTESIAN_POINT('',(0.100315175117019,0.0556321293827097,0.004));
#9550=CARTESIAN_POINT('',(0.100315175117019,0.0556321293827097,0.003));
#9551=CARTESIAN_POINT('',(0.10598768009313,0.0467566308592843,0.003));
#9552=CARTESIAN_POINT('',(0.105016195832864,0.0494638384760511,0.003));
#9553=CARTESIAN_POINT('',(0.103065164745753,0.0526643355798547,0.003));
#9554=CARTESIAN_POINT('',(0.100315175117019,0.0556321293827097,0.003));
#9555=CARTESIAN_POINT('',(0.10598768009313,0.0467566308592843,0.003));
#9556=CARTESIAN_POINT('',(0.10598768009313,0.0467566308592843,0.004));
#9557=CARTESIAN_POINT('',(0.10598768009313,0.0467566308592843,0.004));
#9558=CARTESIAN_POINT('',(0.10598768009313,0.0467566308592843,0.004));
#9559=CARTESIAN_POINT('',(0.105016195832864,0.0494638384760511,0.004));
#9560=CARTESIAN_POINT('',(0.103065164745753,0.0526643355798547,0.004));
#9561=CARTESIAN_POINT('',(0.100315175117019,0.0556321293827097,0.004));
#9562=CARTESIAN_POINT('',(0.0954855931863838,0.0470975293516672,0.004));
#9563=CARTESIAN_POINT('',(0.0954855931863838,0.0470975293516672,0.003));
#9564=CARTESIAN_POINT('',(0.0998228462841587,0.0461200963151992,0.004));
#9565=CARTESIAN_POINT('',(0.0998228462841587,0.0461200963151992,0.003));
#9566=CARTESIAN_POINT('',(0.104221221770176,0.0463446182014419,0.004));
#9567=CARTESIAN_POINT('',(0.104221221770176,0.0463446182014419,0.003));
#9568=CARTESIAN_POINT('',(0.10598768009313,0.0467566308592843,0.004));
#9569=CARTESIAN_POINT('',(0.10598768009313,0.0467566308592843,0.003));
#9570=CARTESIAN_POINT('',(0.0954855931863838,0.0470975293516672,0.003));
#9571=CARTESIAN_POINT('',(0.0998228462841587,0.0461200963151992,0.003));
#9572=CARTESIAN_POINT('',(0.104221221770176,0.0463446182014419,0.003));
#9573=CARTESIAN_POINT('',(0.10598768009313,0.0467566308592843,0.003));
#9574=CARTESIAN_POINT('',(0.0954855931958674,0.0470975293515617,0.003));
#9575=CARTESIAN_POINT('',(0.0954855931958674,0.0470975293515617,0.004));
#9576=CARTESIAN_POINT('',(0.0954855931958674,0.0470975293515617,0.004));
#9577=CARTESIAN_POINT('',(0.0954855931863838,0.0470975293516672,0.004));
#9578=CARTESIAN_POINT('',(0.0998228462841587,0.0461200963151992,0.004));
#9579=CARTESIAN_POINT('',(0.104221221770176,0.0463446182014419,0.004));
#9580=CARTESIAN_POINT('',(0.10598768009313,0.0467566308592843,0.004));
#9581=CARTESIAN_POINT('',(0.0946843780278564,0.0466795635002754,0.004));
#9582=CARTESIAN_POINT('',(0.0946843780278564,0.0466795635002754,0.003));
#9583=CARTESIAN_POINT('',(0.0936567216073184,0.043313861076293,0.004));
#9584=CARTESIAN_POINT('',(0.0936567216073184,0.043313861076293,0.003));
#9585=CARTESIAN_POINT('',(0.0919929479832935,0.0400780238097592,0.004));
#9586=CARTESIAN_POINT('',(0.0919929479832935,0.0400780238097592,0.003));
#9587=CARTESIAN_POINT('',(0.0895878765663205,0.0371762759352798,0.004));
#9588=CARTESIAN_POINT('',(0.0895878765663205,0.0371762759352798,0.003));
#9589=CARTESIAN_POINT('',(0.0946843780278564,0.0466795635002754,0.003));
#9590=CARTESIAN_POINT('',(0.0936567216073184,0.0433138610762931,0.003));
#9591=CARTESIAN_POINT('',(0.0919929479832935,0.0400780238097592,0.003));
#9592=CARTESIAN_POINT('',(0.0895878765663205,0.0371762759352798,0.003));
#9593=CARTESIAN_POINT('',(0.0895878765663205,0.0371762759352798,0.003));
#9594=CARTESIAN_POINT('',(0.0895878765663205,0.0371762759352798,0.004));
#9595=CARTESIAN_POINT('',(0.0895878765663205,0.0371762759352798,0.004));
#9596=CARTESIAN_POINT('',(0.0946843780278564,0.0466795635002754,0.004));
#9597=CARTESIAN_POINT('',(0.0936567216073184,0.0433138610762931,0.004));
#9598=CARTESIAN_POINT('',(0.0919929479832935,0.0400780238097592,0.004));
#9599=CARTESIAN_POINT('',(0.0895878765663205,0.0371762759352798,0.004));
#9600=CARTESIAN_POINT('',(0.0844679516384519,0.0466669645522045,0.004));
#9601=CARTESIAN_POINT('',(0.0844679516384519,0.0466669645522045,0.003));
#9602=CARTESIAN_POINT('',(0.0855039061227542,0.0433038069835011,0.004));
#9603=CARTESIAN_POINT('',(0.0855039061227542,0.0433038069835011,0.003));
#9604=CARTESIAN_POINT('',(0.0871756555755043,0.0400720831006918,0.004));
#9605=CARTESIAN_POINT('',(0.0871756555755043,0.0400720831006918,0.003));
#9606=CARTESIAN_POINT('',(0.0895878765663205,0.0371762759352798,0.004));
#9607=CARTESIAN_POINT('',(0.0895878765663205,0.0371762759352798,0.003));
#9608=CARTESIAN_POINT('',(0.0844679516384519,0.0466669645522045,0.003));
#9609=CARTESIAN_POINT('',(0.0855039061227542,0.0433038069835011,0.003));
#9610=CARTESIAN_POINT('',(0.0871756555755043,0.0400720831006918,0.003));
#9611=CARTESIAN_POINT('',(0.0895878765663205,0.0371762759352798,0.003));
#9612=CARTESIAN_POINT('',(0.0844679516384519,0.0466669645522045,0.004));
#9613=CARTESIAN_POINT('',(0.0855039061227542,0.0433038069835011,0.004));
#9614=CARTESIAN_POINT('',(0.0871756555755043,0.0400720831006918,0.004));
#9615=CARTESIAN_POINT('',(0.0895878765663205,0.0371762759352798,0.004));
#9616=CARTESIAN_POINT('',(0.0836657080433032,0.0470829530102495,0.004));
#9617=CARTESIAN_POINT('',(0.0836657080433032,0.0470829530102495,0.003));
#9618=CARTESIAN_POINT('',(0.0793308788845927,0.0460948255186119,0.004));
#9619=CARTESIAN_POINT('',(0.0793308788845927,0.0460948255186119,0.003));
#9620=CARTESIAN_POINT('',(0.0749319630144244,0.0463084985411976,0.004));
#9621=CARTESIAN_POINT('',(0.0749319630144244,0.0463084985411976,0.003));
#9622=CARTESIAN_POINT('',(0.0731644938737113,0.0467161531420341,0.004));
#9623=CARTESIAN_POINT('',(0.0731644938737113,0.0467161531420341,0.003));
#9624=CARTESIAN_POINT('',(0.0836657080433032,0.0470829530102495,0.003));
#9625=CARTESIAN_POINT('',(0.0793308788845927,0.0460948255186119,0.003));
#9626=CARTESIAN_POINT('',(0.0749319630144244,0.0463084985411976,0.003));
#9627=CARTESIAN_POINT('',(0.0731644938737113,0.0467161531420341,0.003));
#9628=CARTESIAN_POINT('',(0.0836657080338199,0.0470829530101206,0.003));
#9629=CARTESIAN_POINT('',(0.0731644938737113,0.0467161531420341,0.003));
#9630=CARTESIAN_POINT('',(0.0731644938737113,0.0467161531420341,0.004));
#9631=CARTESIAN_POINT('',(0.0731644938737113,0.0467161531420341,0.004));
#9632=CARTESIAN_POINT('',(0.0836657080433032,0.0470829530102495,0.004));
#9633=CARTESIAN_POINT('',(0.0793308788845927,0.0460948255186119,0.004));
#9634=CARTESIAN_POINT('',(0.0749319630144244,0.0463084985411976,0.004));
#9635=CARTESIAN_POINT('',(0.0731644938737113,0.0467161531420341,0.004));
#9636=CARTESIAN_POINT('',(0.0836657080338199,0.0470829530101206,0.004));
#9637=CARTESIAN_POINT('',(0.0836657080338199,0.0470829530101206,0.004));
#9638=CARTESIAN_POINT('',(0.0731644938737113,0.0467161531420341,0.004));
#9639=CARTESIAN_POINT('',(0.0731644938737113,0.0467161531420341,0.003));
#9640=CARTESIAN_POINT('',(0.0741292981053609,0.0494257485994441,0.004));
#9641=CARTESIAN_POINT('',(0.0741292981053609,0.0494257485994441,0.003));
#9642=CARTESIAN_POINT('',(0.0760724295322103,0.0526310480039174,0.004));
#9643=CARTESIAN_POINT('',(0.0760724295322103,0.0526310480039174,0.003));
#9644=CARTESIAN_POINT('',(0.0788150910114576,0.0556056153715633,0.004));
#9645=CARTESIAN_POINT('',(0.0788150910114576,0.0556056153715633,0.003));
#9646=CARTESIAN_POINT('',(0.0731644938737113,0.0467161531420341,0.003));
#9647=CARTESIAN_POINT('',(0.0741292981053609,0.0494257485994441,0.003));
#9648=CARTESIAN_POINT('',(0.0760724295322103,0.0526310480039174,0.003));
#9649=CARTESIAN_POINT('',(0.0788150910114576,0.0556056153715633,0.003));
#9650=CARTESIAN_POINT('',(0.0731644938737113,0.0467161531420341,0.004));
#9651=CARTESIAN_POINT('',(0.0741292981053609,0.0494257485994441,0.004));
#9652=CARTESIAN_POINT('',(0.0760724295322103,0.0526310480039174,0.004));
#9653=CARTESIAN_POINT('',(0.0788150910114576,0.0556056153715633,0.004));
#9654=CARTESIAN_POINT('',(0.0729671074208459,0.0655275742586323,0.004));
#9655=CARTESIAN_POINT('',(0.0729671074208459,0.0655275742586323,0.003));
#9656=CARTESIAN_POINT('',(0.0738975041720105,0.0627431271455453,0.004));
#9657=CARTESIAN_POINT('',(0.0738975041720105,0.0627431271455453,0.003));
#9658=CARTESIAN_POINT('',(0.0760698414723066,0.0595336207463971,0.004));
#9659=CARTESIAN_POINT('',(0.0760698414723066,0.0595336207463971,0.003));
#9660=CARTESIAN_POINT('',(0.0788380956105768,0.0566381805177906,0.004));
#9661=CARTESIAN_POINT('',(0.0788380956105768,0.0566381805177906,0.003));
#9662=CARTESIAN_POINT('',(0.0729671074208459,0.0655275742586323,0.003));
#9663=CARTESIAN_POINT('',(0.0738975041720105,0.0627431271455453,0.003));
#9664=CARTESIAN_POINT('',(0.0760698414723066,0.0595336207463971,0.003));
#9665=CARTESIAN_POINT('',(0.0788380956105768,0.0566381805177906,0.003));
#9666=CARTESIAN_POINT('',(0.0729671074208459,0.0655275742586323,0.003));
#9667=CARTESIAN_POINT('',(0.0729671074208459,0.0655275742586323,0.004));
#9668=CARTESIAN_POINT('',(0.0729671074208459,0.0655275742586323,0.004));
#9669=CARTESIAN_POINT('',(0.0729671074208459,0.0655275742586323,0.004));
#9670=CARTESIAN_POINT('',(0.0738975041720105,0.0627431271455453,0.004));
#9671=CARTESIAN_POINT('',(0.0760698414723066,0.0595336207463971,0.004));
#9672=CARTESIAN_POINT('',(0.0788380956105768,0.0566381805177906,0.004));
#9673=CARTESIAN_POINT('',(0.0837172133819311,0.0651310838670343,0.004));
#9674=CARTESIAN_POINT('',(0.0837172133819311,0.0651310838670343,0.003));
#9675=CARTESIAN_POINT('',(0.0805026133353563,0.0658970994262103,0.004));
#9676=CARTESIAN_POINT('',(0.0805026133353563,0.0658970994262103,0.003));
#9677=CARTESIAN_POINT('',(0.0768366933333637,0.0662605979689039,0.004));
#9678=CARTESIAN_POINT('',(0.0768366933333637,0.0662605979689039,0.003));
#9679=CARTESIAN_POINT('',(0.0729671074208459,0.0655275742586323,0.004));
#9680=CARTESIAN_POINT('',(0.0729671074208459,0.0655275742586323,0.003));
#9681=CARTESIAN_POINT('',(0.0837172133819311,0.0651310838670343,0.003));
#9682=CARTESIAN_POINT('',(0.0805026133353563,0.0658970994262103,0.003));
#9683=CARTESIAN_POINT('',(0.0768366933333637,0.0662605979689039,0.003));
#9684=CARTESIAN_POINT('',(0.0729671074208459,0.0655275742586323,0.003));
#9685=CARTESIAN_POINT('',(0.0837172133819311,0.0651310838670343,0.004));
#9686=CARTESIAN_POINT('',(0.0805026133353563,0.0658970994262103,0.004));
#9687=CARTESIAN_POINT('',(0.0768366933333637,0.0662605979689039,0.004));
#9688=CARTESIAN_POINT('',(0.0729671074208459,0.0655275742586323,0.004));
#9689=CARTESIAN_POINT('',(0.0895411901844534,0.0750340384287938,0.004));
#9690=CARTESIAN_POINT('',(0.0895411901844534,0.0750340384287938,0.003));
#9691=CARTESIAN_POINT('',(0.0874325453378922,0.0724012593742529,0.004));
#9692=CARTESIAN_POINT('',(0.0874325453378922,0.0724012593742529,0.003));
#9693=CARTESIAN_POINT('',(0.0857435569344126,0.0691349700908159,0.004));
#9694=CARTESIAN_POINT('',(0.0857435569344126,0.0691349700908159,0.003));
#9695=CARTESIAN_POINT('',(0.0846309215318054,0.0655412733413071,0.004));
#9696=CARTESIAN_POINT('',(0.0846309215318054,0.0655412733413071,0.003));
#9697=CARTESIAN_POINT('',(0.0985000288441266,0.0592364327394494,0.003));
#9698=CARTESIAN_POINT('',(0.0895411901844534,0.0750340384287938,0.003));
#9699=CARTESIAN_POINT('',(0.0895411901844534,0.0750340384287938,0.004));
#9700=CARTESIAN_POINT('',(0.0895411901844534,0.0750340384287938,0.004));
#9701=CARTESIAN_POINT('',(0.0985000288441266,0.0592364327394494,0.004));
#9702=CARTESIAN_POINT('',(0.0895644498106575,0.0561729194192319,0.004));
#9703=CARTESIAN_POINT('',(0.0895644498106575,0.0561729194192319,0.003));
#9704=CARTESIAN_POINT('',(0.0981947211465684,0.0743672028617895,0.003));
#9705=CARTESIAN_POINT('',(0.0895644498106575,0.0763102860126962,0.003));
#9706=CARTESIAN_POINT('',(0.0895644498106575,0.0763102860126962,0.004));
#9707=CARTESIAN_POINT('',(0.0895644498106575,0.0763102860126962,0.004));
#9708=CARTESIAN_POINT('',(0.0895644498106575,0.0561729194192319,0.004));
#9709=CARTESIAN_POINT('',(0.0981947211465684,0.0743672028617895,0.004));
#9710=CARTESIAN_POINT('',(0.0981947211465684,0.0743672028617895,0.004));
#9711=CARTESIAN_POINT('',(0.0895644498106575,0.0561729194192319,0.004));
#9712=CARTESIAN_POINT('',(0.0895644498106575,0.0561729194192319,0.003));
#9713=CARTESIAN_POINT('',(0.0809341784747465,0.0743672028617895,0.003));
#9714=CARTESIAN_POINT('',(0.0809341784747465,0.0743672028617895,0.004));
#9715=CARTESIAN_POINT('',(0.0809341784747465,0.0743672028617895,0.004));
#9716=CARTESIAN_POINT('',(0.0895644498106575,0.0561729194192319,0.004));
#9717=CARTESIAN_POINT('',(0.0895644498106575,0.0561729194192319,0.004));
#9718=CARTESIAN_POINT('',(0.0895644498106575,0.0561729194192319,0.003));
#9719=CARTESIAN_POINT('',(0.0895644498106575,0.0561729194192319,0.004));
#9720=CARTESIAN_POINT('',(0.0895411901844534,0.0750340384287938,0.004));
#9721=CARTESIAN_POINT('',(0.0895411901844534,0.0750340384287938,0.003));
#9722=CARTESIAN_POINT('',(0.0916563221200879,0.0724064681568852,0.004));
#9723=CARTESIAN_POINT('',(0.0916563221200879,0.0724064681568852,0.003));
#9724=CARTESIAN_POINT('',(0.0933533613826444,0.0691443545396846,0.004));
#9725=CARTESIAN_POINT('',(0.0933533613826444,0.0691443545396846,0.003));
#9726=CARTESIAN_POINT('',(0.0944748569171729,0.0655534129316105,0.004));
#9727=CARTESIAN_POINT('',(0.0944748569171729,0.0655534129316105,0.003));
#9728=CARTESIAN_POINT('',(0.0806213420872202,0.0592143846537096,0.003));
#9729=CARTESIAN_POINT('',(0.0806213420872202,0.0592143846537096,0.004));
#9730=CARTESIAN_POINT('',(0.0832800210420205,0.0526804810251763,0.004));
#9731=CARTESIAN_POINT('',(0.0832800210420205,0.0526804810251763,0.003));
#9732=CARTESIAN_POINT('',(0.0845846624278376,0.0516984270099503,0.004));
#9733=CARTESIAN_POINT('',(0.0845846624278376,0.0516984270099503,0.003));
#9734=CARTESIAN_POINT('',(0.0859355732240678,0.0508291469824885,0.004));
#9735=CARTESIAN_POINT('',(0.0859355732240678,0.0508291469824885,0.003));
#9736=CARTESIAN_POINT('',(0.0872889026115609,0.0501228113253435,0.004));
#9737=CARTESIAN_POINT('',(0.0872889026115609,0.0501228113253435,0.003));
#9738=CARTESIAN_POINT('',(0.0832800210420205,0.0526804810251763,0.003));
#9739=CARTESIAN_POINT('',(0.0845846624278376,0.0516984270099503,0.003));
#9740=CARTESIAN_POINT('',(0.0859355732240678,0.0508291469824885,0.003));
#9741=CARTESIAN_POINT('',(0.0872889026115609,0.0501228113253435,0.003));
#9742=CARTESIAN_POINT('',(0.0832800210420205,0.0526804810251763,0.003));
#9743=CARTESIAN_POINT('',(0.0872889026115609,0.0501228113253435,0.003));
#9744=CARTESIAN_POINT('',(0.0832800210420205,0.0526804810251763,0.004));
#9745=CARTESIAN_POINT('',(0.0832800210420205,0.0526804810251763,0.004));
#9746=CARTESIAN_POINT('',(0.0832800210420205,0.0526804810251763,0.004));
#9747=CARTESIAN_POINT('',(0.0845846624278376,0.0516984270099503,0.004));
#9748=CARTESIAN_POINT('',(0.0859355732240678,0.0508291469824885,0.004));
#9749=CARTESIAN_POINT('',(0.0872889026115609,0.0501228113253435,0.004));
#9750=CARTESIAN_POINT('',(0.0872889026115609,0.0501228113253435,0.004));
#9751=CARTESIAN_POINT('',(0.0872889026115609,0.0501228113253435,0.004));
#9752=CARTESIAN_POINT('',(0.107648604925557,0.0856021518014989,0.004));
#9753=CARTESIAN_POINT('',(0.107648604925557,0.0856021518014989,0.003));
#9754=CARTESIAN_POINT('',(0.0874126731584598,0.0491654080581748,0.003));
#9755=CARTESIAN_POINT('',(0.0833867528850228,0.0517128541004289,0.003));
#9756=CARTESIAN_POINT('',(0.0874126731584598,0.0491654080581749,0.004));
#9757=CARTESIAN_POINT('',(0.0874126731584598,0.0491654080581748,0.004));
#9758=CARTESIAN_POINT('',(0.107648604925557,0.0856021518014989,0.004));
#9759=CARTESIAN_POINT('',(0.0833867452308283,0.0517130945284593,0.004));
#9760=CARTESIAN_POINT('',(0.0833866909686634,0.0517134320336075,0.004));
#9761=CARTESIAN_POINT('',(0.0714077652577923,0.0855574594169371,0.004));
#9762=CARTESIAN_POINT('',(0.0714077652577923,0.0855574594169371,0.003));
#9763=CARTESIAN_POINT('',(0.0917335032878057,0.0491707365274782,0.003));
#9764=CARTESIAN_POINT('',(0.0957531282792371,0.0517281043763427,0.003));
#9765=CARTESIAN_POINT('',(0.0957531887700014,0.0517286824604866,0.004));
#9766=CARTESIAN_POINT('',(0.0957531282792371,0.0517281043763427,0.004));
#9767=CARTESIAN_POINT('',(0.0714077652577923,0.0855574594169371,0.004));
#9768=CARTESIAN_POINT('',(0.0917335032878057,0.0491707365274782,0.004));
#9769=CARTESIAN_POINT('',(0.0917335032878057,0.0491707365274782,0.004));
#9770=CARTESIAN_POINT('',(0.0958574732365293,0.052695991602067,0.004));
#9771=CARTESIAN_POINT('',(0.0958574732365293,0.052695991602067,0.003));
#9772=CARTESIAN_POINT('',(0.0945552579630427,0.0517107227981834,0.004));
#9773=CARTESIAN_POINT('',(0.0945552579630427,0.0517107227981834,0.003));
#9774=CARTESIAN_POINT('',(0.0932064952734079,0.0508381135198896,0.004));
#9775=CARTESIAN_POINT('',(0.0932064952734079,0.0508381135198896,0.003));
#9776=CARTESIAN_POINT('',(0.0918549121128543,0.050128442151075,0.004));
#9777=CARTESIAN_POINT('',(0.0918549121128543,0.050128442151075,0.003));
#9778=CARTESIAN_POINT('',(0.0958574732365293,0.052695991602067,0.003));
#9779=CARTESIAN_POINT('',(0.0945552579630427,0.0517107227981834,0.003));
#9780=CARTESIAN_POINT('',(0.0932064952734079,0.0508381135198896,0.003));
#9781=CARTESIAN_POINT('',(0.0918549121128543,0.050128442151075,0.003));
#9782=CARTESIAN_POINT('',(0.0958574732370118,0.0526959916073075,0.003));
#9783=CARTESIAN_POINT('',(0.0918549121123953,0.0501284421473016,0.003));
#9784=CARTESIAN_POINT('',(0.0918549121123953,0.0501284421473016,0.004));
#9785=CARTESIAN_POINT('',(0.0918549121123953,0.0501284421473016,0.004));
#9786=CARTESIAN_POINT('',(0.0958574732365293,0.052695991602067,0.004));
#9787=CARTESIAN_POINT('',(0.0945552579630427,0.0517107227981834,0.004));
#9788=CARTESIAN_POINT('',(0.0932064952734079,0.0508381135198896,0.004));
#9789=CARTESIAN_POINT('',(0.0918549121128543,0.050128442151075,0.004));
#9790=CARTESIAN_POINT('',(0.0958574732370118,0.0526959916073075,0.004));
#9791=CARTESIAN_POINT('',(0.0958574732370118,0.0526959916073075,0.004));
#9792=CARTESIAN_POINT('',(0.0895604275875573,0.0594345207841902,0.004));
#9793=CARTESIAN_POINT('',(0.0895604275875573,0.0594345207841902,0.003));
#9794=CARTESIAN_POINT('',(0.0908808270750452,0.0599486149509088,0.004));
#9795=CARTESIAN_POINT('',(0.0908808270750452,0.0599486149509088,0.003));
#9796=CARTESIAN_POINT('',(0.0922717502934605,0.0605336334359746,0.004));
#9797=CARTESIAN_POINT('',(0.0922717502934605,0.0605336334359746,0.003));
#9798=CARTESIAN_POINT('',(0.093711709530158,0.0610994422196881,0.004));
#9799=CARTESIAN_POINT('',(0.093711709530158,0.0610994422196881,0.003));
#9800=CARTESIAN_POINT('',(0.0895604275875573,0.0594345207841902,0.003));
#9801=CARTESIAN_POINT('',(0.0908808270750452,0.0599486149509088,0.003));
#9802=CARTESIAN_POINT('',(0.0922717502934605,0.0605336334359746,0.003));
#9803=CARTESIAN_POINT('',(0.093711709530158,0.0610994422196881,0.003));
#9804=CARTESIAN_POINT('',(0.0895604275875573,0.0594345207841902,0.003));
#9805=CARTESIAN_POINT('',(0.0895604275875573,0.0594345207841902,0.004));
#9806=CARTESIAN_POINT('',(0.0895604275875573,0.0594345207841902,0.004));
#9807=CARTESIAN_POINT('',(0.0895604275875573,0.0594345207841902,0.004));
#9808=CARTESIAN_POINT('',(0.0908808270750452,0.0599486149509088,0.004));
#9809=CARTESIAN_POINT('',(0.0922717502934605,0.0605336334359746,0.004));
#9810=CARTESIAN_POINT('',(0.093711709530158,0.0610994422196881,0.004));
#9811=CARTESIAN_POINT('',(0.0895604275875573,0.0594345207841902,0.004));
#9812=CARTESIAN_POINT('',(0.0895604275875573,0.0594345207841902,0.003));
#9813=CARTESIAN_POINT('',(0.0882387641518499,0.0599453567454253,0.004));
#9814=CARTESIAN_POINT('',(0.0882387641518499,0.0599453567454253,0.003));
#9815=CARTESIAN_POINT('',(0.0868464022716164,0.0605269428690363,0.004));
#9816=CARTESIAN_POINT('',(0.0868464022716164,0.0605269428690363,0.003));
#9817=CARTESIAN_POINT('',(0.0854050519012175,0.0610891984070529,0.004));
#9818=CARTESIAN_POINT('',(0.0854050519012175,0.0610891984070529,0.003));
#9819=CARTESIAN_POINT('',(0.0895604275875573,0.0594345207841902,0.003));
#9820=CARTESIAN_POINT('',(0.0882387641511141,0.0599453567457097,0.003));
#9821=CARTESIAN_POINT('',(0.086846402270066,0.0605269428696839,0.003));
#9822=CARTESIAN_POINT('',(0.0854050518988101,0.061089198407992,0.003));
#9823=CARTESIAN_POINT('',(0.0895604275875573,0.0594345207841902,0.004));
#9824=CARTESIAN_POINT('',(0.0882387641511141,0.0599453567457097,0.004));
#9825=CARTESIAN_POINT('',(0.086846402270066,0.0605269428696839,0.004));
#9826=CARTESIAN_POINT('',(0.0854050518988101,0.061089198407992,0.004));
#9827=CARTESIAN_POINT('',(0.0831706658171674,0.057137354790114,0.004));
#9828=CARTESIAN_POINT('',(0.0831706658171674,0.057137354790114,0.003));
#9829=CARTESIAN_POINT('',(0.0843359288556446,0.0561847899135028,0.004));
#9830=CARTESIAN_POINT('',(0.0843359288556446,0.0561847899135028,0.003));
#9831=CARTESIAN_POINT('',(0.0855411502058707,0.0552840397363239,0.004));
#9832=CARTESIAN_POINT('',(0.0855411502058707,0.0552840397363239,0.003));
#9833=CARTESIAN_POINT('',(0.0867060762105992,0.0545086006696514,0.004));
#9834=CARTESIAN_POINT('',(0.0867060762105992,0.0545086006696514,0.003));
#9835=CARTESIAN_POINT('',(0.0831706658171674,0.057137354790114,0.003));
#9836=CARTESIAN_POINT('',(0.0843359288556446,0.0561847899135028,0.003));
#9837=CARTESIAN_POINT('',(0.0855411502058707,0.0552840397363239,0.003));
#9838=CARTESIAN_POINT('',(0.0867060762105992,0.0545086006696514,0.003));
#9839=CARTESIAN_POINT('',(0.0831706658171674,0.057137354790114,0.003));
#9840=CARTESIAN_POINT('',(0.0867060762105992,0.0545086006696514,0.003));
#9841=CARTESIAN_POINT('',(0.0867060762105992,0.0545086006696514,0.004));
#9842=CARTESIAN_POINT('',(0.0867060762105992,0.0545086006696514,0.004));
#9843=CARTESIAN_POINT('',(0.0831706658171674,0.057137354790114,0.004));
#9844=CARTESIAN_POINT('',(0.0843359288556446,0.0561847899135028,0.004));
#9845=CARTESIAN_POINT('',(0.0855411502058707,0.0552840397363239,0.004));
#9846=CARTESIAN_POINT('',(0.0867060762105992,0.0545086006696514,0.004));
#9847=CARTESIAN_POINT('',(0.0831706658171674,0.057137354790114,0.004));
#9848=CARTESIAN_POINT('',(0.0831706658171674,0.057137354790114,0.004));
#9849=CARTESIAN_POINT('',(0.0867060762105992,0.0545086006696514,0.004));
#9850=CARTESIAN_POINT('',(0.0867060762105992,0.0545086006696514,0.003));
#9851=CARTESIAN_POINT('',(0.0869480433448007,0.0530811391197881,0.004));
#9852=CARTESIAN_POINT('',(0.0869480433448007,0.0530811391197881,0.003));
#9853=CARTESIAN_POINT('',(0.087105170465353,0.0516026621689876,0.004));
#9854=CARTESIAN_POINT('',(0.087105170465353,0.0516026621689876,0.003));
#9855=CARTESIAN_POINT('',(0.0872889026120293,0.0501228113215712,0.004));
#9856=CARTESIAN_POINT('',(0.0872889026120293,0.0501228113215712,0.003));
#9857=CARTESIAN_POINT('',(0.0867060762105992,0.0545086006696514,0.003));
#9858=CARTESIAN_POINT('',(0.0869480433448007,0.0530811391197881,0.003));
#9859=CARTESIAN_POINT('',(0.087105170465353,0.0516026621689876,0.003));
#9860=CARTESIAN_POINT('',(0.0872889026120293,0.0501228113215712,0.003));
#9861=CARTESIAN_POINT('',(0.0867060762105992,0.0545086006696514,0.004));
#9862=CARTESIAN_POINT('',(0.0869480433448007,0.0530811391197881,0.004));
#9863=CARTESIAN_POINT('',(0.087105170465353,0.0516026621689876,0.004));
#9864=CARTESIAN_POINT('',(0.0872889026120293,0.0501228113215712,0.004));
#9865=CARTESIAN_POINT('',(0.140443345572189,0.0563264240196713,0.004));
#9866=CARTESIAN_POINT('',(0.140443345572189,0.0563264240196713,0.003));
#9867=CARTESIAN_POINT('',(0.140443345572189,0.0563264240196713,0.004));
#9868=CARTESIAN_POINT('',(0.0876560383156261,0.0475628692702666,0.004));
#9869=CARTESIAN_POINT('',(0.0876560383156261,0.0475628692702666,0.003));
#9870=CARTESIAN_POINT('',(0.08801172547535,0.045493734910988,0.004));
#9871=CARTESIAN_POINT('',(0.08801172547535,0.045493734910988,0.003));
#9872=CARTESIAN_POINT('',(0.088549129218383,0.0434791564731623,0.004));
#9873=CARTESIAN_POINT('',(0.088549129218383,0.0434791564731623,0.003));
#9874=CARTESIAN_POINT('',(0.0895823483936913,0.0416590445297494,0.004));
#9875=CARTESIAN_POINT('',(0.0895823483936913,0.0416590445297494,0.003));
#9876=CARTESIAN_POINT('',(0.0876560383156261,0.0475628692702666,0.003));
#9877=CARTESIAN_POINT('',(0.08801172547535,0.045493734910988,0.003));
#9878=CARTESIAN_POINT('',(0.088549129218383,0.0434791564731623,0.003));
#9879=CARTESIAN_POINT('',(0.0895823483936913,0.0416590445297494,0.003));
#9880=CARTESIAN_POINT('',(0.0895823483936913,0.0416590445297494,0.003));
#9881=CARTESIAN_POINT('',(0.0895823483936913,0.0416590445297494,0.004));
#9882=CARTESIAN_POINT('',(0.0895823483936913,0.0416590445297494,0.004));
#9883=CARTESIAN_POINT('',(0.0876560383156261,0.0475628692702666,0.004));
#9884=CARTESIAN_POINT('',(0.08801172547535,0.045493734910988,0.004));
#9885=CARTESIAN_POINT('',(0.088549129218383,0.0434791564731623,0.004));
#9886=CARTESIAN_POINT('',(0.0895823483936913,0.0416590445297494,0.004));
#9887=CARTESIAN_POINT('',(0.091494091382528,0.047567602376486,0.004));
#9888=CARTESIAN_POINT('',(0.091494091382528,0.047567602376486,0.003));
#9889=CARTESIAN_POINT('',(0.0911435086305566,0.0454975970416234,0.004));
#9890=CARTESIAN_POINT('',(0.0911435086305566,0.0454975970416234,0.003));
#9891=CARTESIAN_POINT('',(0.0906110752909171,0.0434816992753617,0.004));
#9892=CARTESIAN_POINT('',(0.0906110752909171,0.0434816992753617,0.003));
#9893=CARTESIAN_POINT('',(0.0895823483936913,0.0416590445297494,0.004));
#9894=CARTESIAN_POINT('',(0.0895823483936913,0.0416590445297494,0.003));
#9895=CARTESIAN_POINT('',(0.091494091382528,0.047567602376486,0.003));
#9896=CARTESIAN_POINT('',(0.0911435086305566,0.0454975970416234,0.003));
#9897=CARTESIAN_POINT('',(0.0906110752909171,0.0434816992753617,0.003));
#9898=CARTESIAN_POINT('',(0.0895823483936913,0.0416590445297494,0.003));
#9899=CARTESIAN_POINT('',(0.091494091382528,0.047567602376486,0.004));
#9900=CARTESIAN_POINT('',(0.0911435086305566,0.0454975970416234,0.004));
#9901=CARTESIAN_POINT('',(0.0906110752909171,0.0434816992753617,0.004));
#9902=CARTESIAN_POINT('',(0.0895823483936913,0.0416590445297494,0.004));
#9903=CARTESIAN_POINT('',(0.0386853302678492,0.0562009355165768,0.004));
#9904=CARTESIAN_POINT('',(0.0386853302678492,0.0562009355165768,0.003));
#9905=CARTESIAN_POINT('',(0.0386853302678492,0.0562009355165768,0.004));
#9906=CARTESIAN_POINT('',(0.0924269196028841,0.0545156556423075,0.004));
#9907=CARTESIAN_POINT('',(0.0924269196028841,0.0545156556423075,0.003));
#9908=CARTESIAN_POINT('',(0.0921884739047233,0.0530876016449389,0.004));
#9909=CARTESIAN_POINT('',(0.0921884739047233,0.0530876016449389,0.003));
#9910=CARTESIAN_POINT('',(0.092034993786867,0.0516087416517401,0.004));
#9911=CARTESIAN_POINT('',(0.092034993786867,0.0516087416517401,0.003));
#9912=CARTESIAN_POINT('',(0.0918549121123953,0.0501284421473016,0.004));
#9913=CARTESIAN_POINT('',(0.0918549121123953,0.0501284421473016,0.003));
#9914=CARTESIAN_POINT('',(0.0924269196028841,0.0545156556423075,0.003));
#9915=CARTESIAN_POINT('',(0.0921884739047233,0.0530876016449389,0.003));
#9916=CARTESIAN_POINT('',(0.092034993786867,0.0516087416517401,0.003));
#9917=CARTESIAN_POINT('',(0.0918549121123953,0.0501284421473016,0.003));
#9918=CARTESIAN_POINT('',(0.0924269196028841,0.0545156556423075,0.003));
#9919=CARTESIAN_POINT('',(0.0924269196028841,0.0545156556423075,0.004));
#9920=CARTESIAN_POINT('',(0.0924269196028841,0.0545156556423075,0.004));
#9921=CARTESIAN_POINT('',(0.0924269196028841,0.0545156556423075,0.004));
#9922=CARTESIAN_POINT('',(0.0921884739047233,0.0530876016449389,0.004));
#9923=CARTESIAN_POINT('',(0.092034993786867,0.0516087416517401,0.004));
#9924=CARTESIAN_POINT('',(0.0918549121123953,0.0501284421473016,0.004));
#9925=CARTESIAN_POINT('',(0.0895644498106605,0.0561729194192319,0.004));
#9926=CARTESIAN_POINT('',(0.0895644498106605,0.0561729194192319,0.003));
#9927=CARTESIAN_POINT('',(0.0869148377578167,0.0561663843796482,0.003));
#9928=CARTESIAN_POINT('',(0.0922140699225418,0.0561729194192319,0.003));
#9929=CARTESIAN_POINT('',(0.0869148377578167,0.0561663843796482,0.004));
#9930=CARTESIAN_POINT('',(0.0869148377578167,0.0561663843796482,0.004));
#9931=CARTESIAN_POINT('',(0.0895644498106605,0.0561729194192319,0.004));
#9932=CARTESIAN_POINT('',(0.0922140699225418,0.0561729194192319,0.004));
#9933=CARTESIAN_POINT('',(0.0922140699225418,0.0561729194192319,0.004));
#9934=CARTESIAN_POINT('',(0.0895644498106575,0.0561729194192319,0.004));
#9935=CARTESIAN_POINT('',(0.0895644498106575,0.0561729194192319,0.003));
#9936=CARTESIAN_POINT('',(0.0895644498106575,0.0561729194192319,0.004));
#9937=CARTESIAN_POINT('',(0.0959558356672274,0.0571531215252365,0.004));
#9938=CARTESIAN_POINT('',(0.0959558356672274,0.0571531215252365,0.003));
#9939=CARTESIAN_POINT('',(0.0947929255850369,0.0561976855339808,0.004));
#9940=CARTESIAN_POINT('',(0.0947929255850369,0.0561976855339808,0.003));
#9941=CARTESIAN_POINT('',(0.0935899295165482,0.055293965531127,0.004));
#9942=CARTESIAN_POINT('',(0.0935899295165482,0.055293965531127,0.003));
#9943=CARTESIAN_POINT('',(0.0924269196028841,0.0545156556423075,0.004));
#9944=CARTESIAN_POINT('',(0.0924269196028841,0.0545156556423075,0.003));
#9945=CARTESIAN_POINT('',(0.0959558356672274,0.0571531215252365,0.003));
#9946=CARTESIAN_POINT('',(0.0947929255850369,0.0561976855339808,0.003));
#9947=CARTESIAN_POINT('',(0.0935899295165482,0.055293965531127,0.003));
#9948=CARTESIAN_POINT('',(0.0924269196028841,0.0545156556423075,0.003));
#9949=CARTESIAN_POINT('',(0.0959558356672274,0.0571531215252365,0.003));
#9950=CARTESIAN_POINT('',(0.0959558356672274,0.0571531215252365,0.004));
#9951=CARTESIAN_POINT('',(0.0959558356672274,0.0571531215252365,0.004));
#9952=CARTESIAN_POINT('',(0.0959558356672274,0.0571531215252365,0.004));
#9953=CARTESIAN_POINT('',(0.0947929255850369,0.0561976855339808,0.004));
#9954=CARTESIAN_POINT('',(0.0935899295165482,0.055293965531127,0.004));
#9955=CARTESIAN_POINT('',(0.0924269196028841,0.0545156556423075,0.004));
#9956=CARTESIAN_POINT('',(0.0961239279808078,0.0619989836956007,0.004));
#9957=CARTESIAN_POINT('',(0.0961239279808078,0.0619989836956007,0.003));
#9958=CARTESIAN_POINT('',(0.0981145418669512,0.0626916740444535,0.004));
#9959=CARTESIAN_POINT('',(0.0981145418669512,0.0626916740444535,0.003));
#9960=CARTESIAN_POINT('',(0.100171863374105,0.0632613216542259,0.004));
#9961=CARTESIAN_POINT('',(0.100171863374105,0.0632613216542259,0.003));
#9962=CARTESIAN_POINT('',(0.10224437713623,0.0634918361902237,0.004));
#9963=CARTESIAN_POINT('',(0.10224437713623,0.0634918361902237,0.003));
#9964=CARTESIAN_POINT('',(0.0961239279808078,0.0619989836956007,0.003));
#9965=CARTESIAN_POINT('',(0.0981145418669512,0.0626916740444535,0.003));
#9966=CARTESIAN_POINT('',(0.100171863374105,0.0632613216542259,0.003));
#9967=CARTESIAN_POINT('',(0.10224437713623,0.0634918361902237,0.003));
#9968=CARTESIAN_POINT('',(0.10224437713623,0.0634918361902237,0.003));
#9969=CARTESIAN_POINT('',(0.0961239279808078,0.0619989836956007,0.004));
#9970=CARTESIAN_POINT('',(0.0981145418669512,0.0626916740444535,0.004));
#9971=CARTESIAN_POINT('',(0.100171863374105,0.0632613216542259,0.004));
#9972=CARTESIAN_POINT('',(0.10224437713623,0.0634918361902237,0.004));
#9973=CARTESIAN_POINT('',(0.10224437713623,0.0634918361902237,0.004));
#9974=CARTESIAN_POINT('',(0.10224437713623,0.0634918361902237,0.004));
#9975=CARTESIAN_POINT('',(0.10224437713623,0.0634918361902237,0.004));
#9976=CARTESIAN_POINT('',(0.10224437713623,0.0634918361902237,0.003));
#9977=CARTESIAN_POINT('',(0.101277308305409,0.0621410130552608,0.004));
#9978=CARTESIAN_POINT('',(0.101277308305409,0.0621410130552608,0.003));
#9979=CARTESIAN_POINT('',(0.0997179752720624,0.0604853895535653,0.004));
#9980=CARTESIAN_POINT('',(0.0997179752720624,0.0604853895535653,0.003));
#9981=CARTESIAN_POINT('',(0.0979239495196047,0.0588540553966375,0.004));
#9982=CARTESIAN_POINT('',(0.0979239495196047,0.0588540553966375,0.003));
#9983=CARTESIAN_POINT('',(0.10224437713623,0.0634918361902237,0.003));
#9984=CARTESIAN_POINT('',(0.101277308305409,0.0621410130552608,0.003));
#9985=CARTESIAN_POINT('',(0.0997179752720624,0.0604853895535653,0.003));
#9986=CARTESIAN_POINT('',(0.0979239495196047,0.0588540553966375,0.003));
#9987=CARTESIAN_POINT('',(0.10224437713623,0.0634918361902237,0.004));
#9988=CARTESIAN_POINT('',(0.101277308305409,0.0621410130552608,0.004));
#9989=CARTESIAN_POINT('',(0.0997179752720624,0.0604853895535653,0.004));
#9990=CARTESIAN_POINT('',(0.0979239495196047,0.0588540553966375,0.004));
#9991=CARTESIAN_POINT('',(0.082990622150415,0.0619827876372288,0.004));
#9992=CARTESIAN_POINT('',(0.082990622150415,0.0619827876372288,0.003));
#9993=CARTESIAN_POINT('',(0.0809983058630915,0.0626705662166905,0.004));
#9994=CARTESIAN_POINT('',(0.0809983058630915,0.0626705662166905,0.003));
#9995=CARTESIAN_POINT('',(0.0789395856310347,0.0632351379032239,0.004));
#9996=CARTESIAN_POINT('',(0.0789395856310347,0.0632351379032239,0.003));
#9997=CARTESIAN_POINT('',(0.0768665096301441,0.0634605400772121,0.004));
#9998=CARTESIAN_POINT('',(0.0768665096301441,0.0634605400772121,0.003));
#9999=CARTESIAN_POINT('',(0.082990622150415,0.0619827876372288,0.003));
#10000=CARTESIAN_POINT('',(0.0809983058630915,0.0626705662166905,0.003));
#10001=CARTESIAN_POINT('',(0.0789395856310347,0.0632351379032239,0.003));
#10002=CARTESIAN_POINT('',(0.0768665096301441,0.0634605400772121,0.003));
#10003=CARTESIAN_POINT('',(0.0768665096301441,0.0634605400772121,0.003));
#10004=CARTESIAN_POINT('',(0.0768665096301441,0.0634605400772121,0.004));
#10005=CARTESIAN_POINT('',(0.0768665096301441,0.0634605400772121,0.004));
#10006=CARTESIAN_POINT('',(0.082990622150415,0.0619827876372288,0.004));
#10007=CARTESIAN_POINT('',(0.0809983058630915,0.0626705662166905,0.004));
#10008=CARTESIAN_POINT('',(0.0789395856310347,0.0632351379032239,0.004));
#10009=CARTESIAN_POINT('',(0.0768665096301441,0.0634605400772121,0.004));
#10010=CARTESIAN_POINT('',(0.0768665096301441,0.0634605400772121,0.004));
#10011=CARTESIAN_POINT('',(0.0768665096301441,0.0634605400772121,0.003));
#10012=CARTESIAN_POINT('',(0.0778369071978659,0.062112106235897,0.004));
#10013=CARTESIAN_POINT('',(0.0778369071978659,0.062112106235897,0.003));
#10014=CARTESIAN_POINT('',(0.0794003189278624,0.0604603337192333,0.004));
#10015=CARTESIAN_POINT('',(0.0794003189278624,0.0604603337192333,0.003));
#10016=CARTESIAN_POINT('',(0.0811983627557079,0.0588334293209334,0.004));
#10017=CARTESIAN_POINT('',(0.0811983627557079,0.0588334293209334,0.003));
#10018=CARTESIAN_POINT('',(0.0768665096301441,0.0634605400772121,0.003));
#10019=CARTESIAN_POINT('',(0.0778369071978659,0.062112106235897,0.003));
#10020=CARTESIAN_POINT('',(0.0794003189278624,0.0604603337192333,0.003));
#10021=CARTESIAN_POINT('',(0.0811983627557079,0.0588334293209334,0.003));
#10022=CARTESIAN_POINT('',(0.0768665096301441,0.0634605400772121,0.004));
#10023=CARTESIAN_POINT('',(0.0778369071978659,0.062112106235897,0.004));
#10024=CARTESIAN_POINT('',(0.0794003189278624,0.0604603337192333,0.004));
#10025=CARTESIAN_POINT('',(0.0811983627557079,0.0588334293209334,0.004));
#10026=CARTESIAN_POINT('',(0.117238260291509,0.00188899672534917,0.004));
#10027=CARTESIAN_POINT('',(0.117238260291509,0.00188899672534917,0.003));
#10028=CARTESIAN_POINT('',(0.117238260291509,0.00188899672534917,0.004));
#10029=CARTESIAN_POINT('',(0.0620246097071462,0.00182090697371748,0.004));
#10030=CARTESIAN_POINT('',(0.0620246097071462,0.00182090697371748,0.003));
#10031=CARTESIAN_POINT('',(0.0620246097071462,0.00182090697371748,0.004));
#10032=CARTESIAN_POINT('',(0.119013265103138,0.0562000926976021,0.004));
#10033=CARTESIAN_POINT('',(0.119013265103138,0.0562000926976021,0.003));
#10034=CARTESIAN_POINT('',(0.119013265103138,0.0562000926976021,0.004));
#10035=CARTESIAN_POINT('',(0.115408456347516,0.0556953485592005,0.004));
#10036=CARTESIAN_POINT('',(0.115408456347516,0.0556953485592005,0.003));
#10037=CARTESIAN_POINT('',(0.115408456347516,0.0556953485592005,0.004));
#10038=CARTESIAN_POINT('',(0.113103409288934,0.055432783771854,0.004));
#10039=CARTESIAN_POINT('',(0.113103409288934,0.055432783771854,0.003));
#10040=CARTESIAN_POINT('',(0.113103409288934,0.055432783771854,0.004));
#10041=CARTESIAN_POINT('',(0.0827195185514864,0.052203567253435,0.004));
#10042=CARTESIAN_POINT('',(0.0827195185514864,0.052203567253435,0.003));
#10043=CARTESIAN_POINT('',(0.0828901529400567,0.0506302404313487,0.004));
#10044=CARTESIAN_POINT('',(0.0828901529400567,0.0506302404313487,0.003));
#10045=CARTESIAN_POINT('',(0.0832469539216951,0.0486986009155991,0.004));
#10046=CARTESIAN_POINT('',(0.0832469539216951,0.0486986009155991,0.003));
#10047=CARTESIAN_POINT('',(0.0835997878029688,0.0473109518321787,0.004));
#10048=CARTESIAN_POINT('',(0.0835997878029688,0.0473109518321787,0.003));
#10049=CARTESIAN_POINT('',(0.083650156472968,0.0470837982943151,0.004));
#10050=CARTESIAN_POINT('',(0.083650156472968,0.0470837982943151,0.003));
#10051=CARTESIAN_POINT('',(0.0836657080338199,0.0470829530101206,0.004));
#10052=CARTESIAN_POINT('',(0.0836657080338199,0.0470829530101206,0.003));
#10053=CARTESIAN_POINT('',(0.0827195185514864,0.052203567253435,0.003));
#10054=CARTESIAN_POINT('',(0.0830259144155117,0.0493784577600525,0.003));
#10055=CARTESIAN_POINT('',(0.0836168754934224,0.0472532203000609,0.003));
#10056=CARTESIAN_POINT('',(0.0836593514226475,0.0470832985151799,0.003));
#10057=CARTESIAN_POINT('',(0.0836657080338199,0.0470829530101206,0.003));
#10058=CARTESIAN_POINT('',(0.0827195185514864,0.052203567253435,0.004));
#10059=CARTESIAN_POINT('',(0.0830259144155117,0.0493784577600525,0.004));
#10060=CARTESIAN_POINT('',(0.0836168754934224,0.0472532203000609,0.004));
#10061=CARTESIAN_POINT('',(0.0836593514226475,0.0470832985151799,0.004));
#10062=CARTESIAN_POINT('',(0.0836657080338199,0.0470829530101206,0.004));
#10063=CARTESIAN_POINT('',(0.0895644498106575,0.0601729194192319,0.004));
#10064=CARTESIAN_POINT('',(0.0964191502853514,0.0522204617077409,0.004));
#10065=CARTESIAN_POINT('',(0.0961197232209446,0.0493946051104959,0.004));
#10066=CARTESIAN_POINT('',(0.0955340056394303,0.0472679165645041,0.004));
#10067=CARTESIAN_POINT('',(0.0954919489355497,0.0470978905335559,0.004));
#10068=CARTESIAN_POINT('',(0.0954855931958674,0.0470975293515617,0.004));
#10069=CARTESIAN_POINT('',(0.0601156570528827,0.0561274598737135,0.004));
#10070=CARTESIAN_POINT('',(0.063721699768434,0.0556316081926325,0.004));
#10071=CARTESIAN_POINT('',(0.0660273874049314,0.0553747293861661,0.004));
#10072=CARTESIAN_POINT('',(0.0895644498106575,0.0601729194192319,0.003));
#10073=CARTESIAN_POINT('',(0.0964191502853514,0.0522204617077409,0.003));
#10074=CARTESIAN_POINT('',(0.0961197232209446,0.0493946051104959,0.003));
#10075=CARTESIAN_POINT('',(0.0955340056394303,0.0472679165645041,0.003));
#10076=CARTESIAN_POINT('',(0.0954919489355497,0.0470978905335559,0.003));
#10077=CARTESIAN_POINT('',(0.0954855931958674,0.0470975293515617,0.003));
#10078=CARTESIAN_POINT('',(0.0601156570528827,0.0561274598737135,0.003));
#10079=CARTESIAN_POINT('',(0.063721699768434,0.0556316081926325,0.003));
#10080=CARTESIAN_POINT('',(0.0660273874049314,0.0553747293861661,0.003));
#10081=CARTESIAN_POINT('',(0.0601156570528827,0.0561274598737135,0.004));
#10082=CARTESIAN_POINT('',(0.063721699768434,0.0556316081926325,0.004));
#10083=CARTESIAN_POINT('',(0.0660273874049314,0.0553747293861661,0.004));
#10084=CARTESIAN_POINT('',(0.0964191502853514,0.0522204617077409,0.004));
#10085=CARTESIAN_POINT('',(0.0964191502853514,0.0522204617077409,0.003));
#10086=CARTESIAN_POINT('',(0.0962523968788754,0.0506467188173414,0.004));
#10087=CARTESIAN_POINT('',(0.0962523968788754,0.0506467188173414,0.003));
#10088=CARTESIAN_POINT('',(0.0959003611902372,0.0487142051606695,0.004));
#10089=CARTESIAN_POINT('',(0.0959003611902372,0.0487142051606695,0.003));
#10090=CARTESIAN_POINT('',(0.0955509508884991,0.0473256900662132,0.004));
#10091=CARTESIAN_POINT('',(0.0955509508884991,0.0473256900662132,0.003));
#10092=CARTESIAN_POINT('',(0.0955011426246035,0.0470984129896527,0.004));
#10093=CARTESIAN_POINT('',(0.0955011426246035,0.0470984129896527,0.003));
#10094=CARTESIAN_POINT('',(0.0954855931958674,0.0470975293515617,0.004));
#10095=CARTESIAN_POINT('',(0.0954855931958674,0.0470975293515617,0.003));
#10096=CARTESIAN_POINT('',(0.,0.,0.));
#10097=CARTESIAN_POINT('',(-0.0271085984101332,0.00834972465429215,0.004));
#10098=CARTESIAN_POINT('',(-0.0271085984101332,0.00834972465429215,0.003));
#10099=CARTESIAN_POINT('',(-0.02675710523044,0.00844750562390928,0.004));
#10100=CARTESIAN_POINT('',(-0.02675710523044,0.00844750562390928,0.003));
#10101=CARTESIAN_POINT('',(-0.0260567888577274,0.00864778988239075,0.004));
#10102=CARTESIAN_POINT('',(-0.0260567888577274,0.00864778988239075,0.003));
#10103=CARTESIAN_POINT('',(-0.024985402105167,0.00874143203860699,0.004));
#10104=CARTESIAN_POINT('',(-0.024985402105167,0.00874143203860699,0.003));
#10105=CARTESIAN_POINT('',(-0.0239230760434513,0.00855070154311208,0.004));
#10106=CARTESIAN_POINT('',(-0.0239230760434513,0.00855070154311208,0.003));
#10107=CARTESIAN_POINT('',(-0.0226455773344981,0.00804139593242974,0.004));
#10108=CARTESIAN_POINT('',(-0.0226455773344981,0.00804139593242974,0.003));
#10109=CARTESIAN_POINT('',(-0.0216184556205078,0.00712509174452445,0.004));
#10110=CARTESIAN_POINT('',(-0.0216184556205078,0.00712509174452445,0.003));
#10111=CARTESIAN_POINT('',(-0.0206886284504892,0.00591534119170595,0.004));
#10112=CARTESIAN_POINT('',(-0.0206886284504892,0.00591534119170595,0.003));
#10113=CARTESIAN_POINT('',(-0.020108996309244,0.00492624724269269,0.004));
#10114=CARTESIAN_POINT('',(-0.020108996309244,0.00492624724269269,0.003));
#10115=CARTESIAN_POINT('',(-0.0196858463288937,0.00394443918843342,0.004));
#10116=CARTESIAN_POINT('',(-0.0196858463288937,0.00394443918843342,0.003));
#10117=CARTESIAN_POINT('',(-0.0193797830007034,0.00322317385974909,0.004));
#10118=CARTESIAN_POINT('',(-0.0193797830007034,0.00322317385974909,0.003));
#10119=CARTESIAN_POINT('',(-0.0191160963534875,0.00237751340288588,0.004));
#10120=CARTESIAN_POINT('',(-0.0191160963534875,0.00237751340288588,0.003));
#10121=CARTESIAN_POINT('',(-0.0188816055868219,0.00142041937317682,0.004));
#10122=CARTESIAN_POINT('',(-0.0188816055868219,0.00142041937317682,0.003));
#10123=CARTESIAN_POINT('',(-0.0187185677755706,0.000521496164991505,0.004));
#10124=CARTESIAN_POINT('',(-0.0187185677755706,0.000521496164991505,0.003));
#10125=CARTESIAN_POINT('',(-0.0187097304534056,-0.00021119094243153,0.004));
#10126=CARTESIAN_POINT('',(-0.0187097304534056,-0.00021119094243153,0.003));
#10127=CARTESIAN_POINT('',(-0.0186882645660118,-0.000812296023121593,0.004));
#10128=CARTESIAN_POINT('',(-0.0186882645660118,-0.000812296023121593,0.003));
#10129=CARTESIAN_POINT('',(-0.0186843165810484,-0.00123217433877898,0.004));
#10130=CARTESIAN_POINT('',(-0.0186843165810484,-0.00123217433877898,0.003));
#10131=CARTESIAN_POINT('',(-0.0187958749757215,-0.00147977412062922,0.004));
#10132=CARTESIAN_POINT('',(-0.0187958749757215,-0.00147977412062922,0.003));
#10133=CARTESIAN_POINT('',(-0.0189582875510897,-0.00151744070051824,0.004));
#10134=CARTESIAN_POINT('',(-0.0189582875510897,-0.00151744070051824,0.003));
#10135=CARTESIAN_POINT('',(-0.019038306146943,-0.00153931656007737,0.004));
#10136=CARTESIAN_POINT('',(-0.019038306146943,-0.00153931656007737,0.003));
#10137=CARTESIAN_POINT('',(-0.0271085984101332,0.00834972465429215,0.003));
#10138=CARTESIAN_POINT('',(-0.0265651292613582,0.00850091091733888,0.003));
#10139=CARTESIAN_POINT('',(-0.0254920371166362,0.00880359718750004,0.003));
#10140=CARTESIAN_POINT('',(-0.0238563289382159,0.0085786709670402,0.003));
#10141=CARTESIAN_POINT('',(-0.0224758727273352,0.00791875816505759,0.003));
#10142=CARTESIAN_POINT('',(-0.0213279829072194,0.00679999340608001,0.003));
#10143=CARTESIAN_POINT('',(-0.0202791034641971,0.00533073200749479,0.003));
#10144=CARTESIAN_POINT('',(-0.0196571609972062,0.00388085027185883,0.003));
#10145=CARTESIAN_POINT('',(-0.0192756846995361,0.00295744912854963,0.003));
#10146=CARTESIAN_POINT('',(-0.0189484803790898,0.00172786471308802,0.003));
#10147=CARTESIAN_POINT('',(-0.01870470318717,0.000538897739399801,0.003));
#10148=CARTESIAN_POINT('',(-0.0187107340303907,-0.000532962174359145,0.003));
#10149=CARTESIAN_POINT('',(-0.0186545514842936,-0.00143875168846981,0.003));
#10150=CARTESIAN_POINT('',(-0.0189310362798209,-0.00150999061998726,0.003));
#10151=CARTESIAN_POINT('',(-0.019038306146943,-0.00153931656007737,0.003));
#10152=CARTESIAN_POINT('',(-0.0271085984101332,0.00834972465429215,0.003));
#10153=CARTESIAN_POINT('',(-0.019038306146943,-0.00153931656007737,0.003));
#10154=CARTESIAN_POINT('',(-0.019038306146943,-0.00153931656007737,0.004));
#10155=CARTESIAN_POINT('',(-0.019038306146943,-0.00153931656007737,0.004));
#10156=CARTESIAN_POINT('',(-0.0271085984101332,0.00834972465429215,0.004));
#10157=CARTESIAN_POINT('',(-0.0265651292613582,0.00850091091733888,0.004));
#10158=CARTESIAN_POINT('',(-0.0254920371166362,0.00880359718750004,0.004));
#10159=CARTESIAN_POINT('',(-0.0238563289382159,0.0085786709670402,0.004));
#10160=CARTESIAN_POINT('',(-0.0224758727273352,0.00791875816505759,0.004));
#10161=CARTESIAN_POINT('',(-0.0213279829072194,0.00679999340608001,0.004));
#10162=CARTESIAN_POINT('',(-0.0202791034641971,0.00533073200749479,0.004));
#10163=CARTESIAN_POINT('',(-0.0196571609972062,0.00388085027185883,0.004));
#10164=CARTESIAN_POINT('',(-0.0192756846995361,0.00295744912854963,0.004));
#10165=CARTESIAN_POINT('',(-0.0189484803790898,0.00172786471308802,0.004));
#10166=CARTESIAN_POINT('',(-0.01870470318717,0.000538897739399801,0.004));
#10167=CARTESIAN_POINT('',(-0.0187107340303907,-0.000532962174359145,0.004));
#10168=CARTESIAN_POINT('',(-0.0186545514842936,-0.00143875168846981,0.004));
#10169=CARTESIAN_POINT('',(-0.0189310362798209,-0.00150999061998726,0.004));
#10170=CARTESIAN_POINT('',(-0.019038306146943,-0.00153931656007737,0.004));
#10171=CARTESIAN_POINT('',(-0.0271085984101332,0.00834972465429215,0.004));
#10172=CARTESIAN_POINT('',(-0.0271085984101332,0.00834972465429215,0.004));
#10173=CARTESIAN_POINT('',(-0.0211393611001353,-0.00570761367054874,0.004));
#10174=CARTESIAN_POINT('',(-0.0211393611001353,-0.00570761367054874,0.003));
#10175=CARTESIAN_POINT('',(-0.025514624443147,-0.00733432919478653,0.003));
#10176=CARTESIAN_POINT('',(-0.025514624443147,-0.00733432919478653,0.004));
#10177=CARTESIAN_POINT('',(-0.025514624443147,-0.00733432919478653,0.004));
#10178=CARTESIAN_POINT('',(-0.0211393611001353,-0.00570761367054874,0.004));
#10179=CARTESIAN_POINT('',(-0.0381250668848572,-0.00968677304569484,0.004));
#10180=CARTESIAN_POINT('',(-0.0381250668848572,-0.00968677304569484,0.003));
#10181=CARTESIAN_POINT('',(-0.0379703780131955,-0.00987623132399999,0.004));
#10182=CARTESIAN_POINT('',(-0.0379703780131955,-0.00987623132399999,0.003));
#10183=CARTESIAN_POINT('',(-0.037671504355574,-0.0102537746125332,0.004));
#10184=CARTESIAN_POINT('',(-0.037671504355574,-0.0102537746125332,0.003));
#10185=CARTESIAN_POINT('',(-0.0368073365267486,-0.0107676898938912,0.004));
#10186=CARTESIAN_POINT('',(-0.0368073365267486,-0.0107676898938912,0.003));
#10187=CARTESIAN_POINT('',(-0.0356516474150576,-0.0111987716946391,0.004));
#10188=CARTESIAN_POINT('',(-0.0356516474150576,-0.0111987716946391,0.003));
#10189=CARTESIAN_POINT('',(-0.0346299327118118,-0.0115216954914003,0.004));
#10190=CARTESIAN_POINT('',(-0.0346299327118118,-0.0115216954914003,0.003));
#10191=CARTESIAN_POINT('',(-0.0336673691469099,-0.011728615723883,0.004));
#10192=CARTESIAN_POINT('',(-0.0336673691469099,-0.011728615723883,0.003));
#10193=CARTESIAN_POINT('',(-0.032623321982942,-0.0118172553441264,0.004));
#10194=CARTESIAN_POINT('',(-0.032623321982942,-0.0118172553441264,0.003));
#10195=CARTESIAN_POINT('',(-0.0315292468584262,-0.0118670241973528,0.004));
#10196=CARTESIAN_POINT('',(-0.0315292468584262,-0.0118670241973528,0.003));
#10197=CARTESIAN_POINT('',(-0.0304200558315561,-0.0118968914855766,0.004));
#10198=CARTESIAN_POINT('',(-0.0304200558315561,-0.0118968914855766,0.003));
#10199=CARTESIAN_POINT('',(-0.0293970200347432,-0.0117407098333533,0.004));
#10200=CARTESIAN_POINT('',(-0.0293970200347432,-0.0117407098333533,0.003));
#10201=CARTESIAN_POINT('',(-0.0284948508330444,-0.0113835933563457,0.004));
#10202=CARTESIAN_POINT('',(-0.0284948508330444,-0.0113835933563457,0.003));
#10203=CARTESIAN_POINT('',(-0.0276951386326854,-0.0109634943617745,0.004));
#10204=CARTESIAN_POINT('',(-0.0276951386326854,-0.0109634943617745,0.003));
#10205=CARTESIAN_POINT('',(-0.0269721414813566,-0.0103835963139209,0.004));
#10206=CARTESIAN_POINT('',(-0.0269721414813566,-0.0103835963139209,0.003));
#10207=CARTESIAN_POINT('',(-0.0263312693215452,-0.00961881262271286,0.004));
#10208=CARTESIAN_POINT('',(-0.0263312693215452,-0.00961881262271286,0.003));
#10209=CARTESIAN_POINT('',(-0.0258548501308609,-0.00890856675532159,0.004));
#10210=CARTESIAN_POINT('',(-0.0258548501308609,-0.00890856675532159,0.003));
#10211=CARTESIAN_POINT('',(-0.0255957493724865,-0.00817020872285737,0.004));
#10212=CARTESIAN_POINT('',(-0.0255957493724865,-0.00817020872285737,0.003));
#10213=CARTESIAN_POINT('',(-0.0255429419628571,-0.00761182551820127,0.004));
#10214=CARTESIAN_POINT('',(-0.0255429419628571,-0.00761182551820127,0.003));
#10215=CARTESIAN_POINT('',(-0.025514624443147,-0.00733432919478653,0.004));
#10216=CARTESIAN_POINT('',(-0.025514624443147,-0.00733432919478653,0.003));
#10217=CARTESIAN_POINT('',(-0.0381250668848572,-0.00968677304569484,0.003));
#10218=CARTESIAN_POINT('',(-0.0379199548502177,-0.00993798809772178,0.003));
#10219=CARTESIAN_POINT('',(-0.0374271329303462,-0.010539376143414,0.003));
#10220=CARTESIAN_POINT('',(-0.035427830581233,-0.0112960432797589,0.003));
#10221=CARTESIAN_POINT('',(-0.0337534126167345,-0.0117605180733529,0.003));
#10222=CARTESIAN_POINT('',(-0.0318624638839852,-0.0118512228980919,0.003));
#10223=CARTESIAN_POINT('',(-0.0299053645091721,-0.0119336912025957,0.003));
#10224=CARTESIAN_POINT('',(-0.0283813269539761,-0.0113598762963181,0.003));
#10225=CARTESIAN_POINT('',(-0.0271770828152849,-0.0106422217276548,0.003));
#10226=CARTESIAN_POINT('',(-0.0261928546897019,-0.00946756825029038,0.003));
#10227=CARTESIAN_POINT('',(-0.0256294880395464,-0.00847615829700384,0.003));
#10228=CARTESIAN_POINT('',(-0.0255534724258332,-0.00771501833980512,0.003));
#10229=CARTESIAN_POINT('',(-0.025514624443147,-0.00733432919478653,0.003));
#10230=CARTESIAN_POINT('',(-0.0381250668848572,-0.00968677304569484,0.003));
#10231=CARTESIAN_POINT('',(-0.0381250668848572,-0.00968677304569484,0.004));
#10232=CARTESIAN_POINT('',(-0.0381250668848572,-0.00968677304569484,0.004));
#10233=CARTESIAN_POINT('',(-0.0381250668848572,-0.00968677304569484,0.004));
#10234=CARTESIAN_POINT('',(-0.0379199548502177,-0.00993798809772178,0.004));
#10235=CARTESIAN_POINT('',(-0.0374271329303462,-0.010539376143414,0.004));
#10236=CARTESIAN_POINT('',(-0.035427830581233,-0.0112960432797589,0.004));
#10237=CARTESIAN_POINT('',(-0.0337534126167345,-0.0117605180733529,0.004));
#10238=CARTESIAN_POINT('',(-0.0318624638839852,-0.0118512228980919,0.004));
#10239=CARTESIAN_POINT('',(-0.0299053645091721,-0.0119336912025957,0.004));
#10240=CARTESIAN_POINT('',(-0.0283813269539761,-0.0113598762963181,0.004));
#10241=CARTESIAN_POINT('',(-0.0271770828152849,-0.0106422217276548,0.004));
#10242=CARTESIAN_POINT('',(-0.0261928546897019,-0.00946756825029038,0.004));
#10243=CARTESIAN_POINT('',(-0.0256294880395464,-0.00847615829700384,0.004));
#10244=CARTESIAN_POINT('',(-0.0255534724258332,-0.00771501833980512,0.004));
#10245=CARTESIAN_POINT('',(-0.025514624443147,-0.00733432919478653,0.004));
#10246=CARTESIAN_POINT('',(-0.0405766553432364,-0.00571451339302365,0.004));
#10247=CARTESIAN_POINT('',(-0.0405766553432364,-0.00571451339302365,0.003));
#10248=CARTESIAN_POINT('',(-0.0400940983165247,-0.00107164020571076,0.003));
#10249=CARTESIAN_POINT('',(-0.0400940983165247,-0.00107164020571076,0.004));
#10250=CARTESIAN_POINT('',(-0.0400940983165247,-0.00107164020571076,0.004));
#10251=CARTESIAN_POINT('',(-0.0405766553432364,-0.00571451339302365,0.004));
#10252=CARTESIAN_POINT('',(-0.0400940983165247,-0.00107164020571076,0.004));
#10253=CARTESIAN_POINT('',(-0.0400940983165247,-0.00107164020571076,0.003));
#10254=CARTESIAN_POINT('',(-0.0401906447868967,-0.000967171335787739,0.004));
#10255=CARTESIAN_POINT('',(-0.0401906447868967,-0.000967171335787739,0.003));
#10256=CARTESIAN_POINT('',(-0.0404091982102107,-0.000743593503963228,0.004));
#10257=CARTESIAN_POINT('',(-0.0404091982102107,-0.000743593503963228,0.003));
#10258=CARTESIAN_POINT('',(-0.0409924054146446,-6.64221649355743E-5,0.004));
#10259=CARTESIAN_POINT('',(-0.0409924054146446,-6.64221649355743E-5,0.003));
#10260=CARTESIAN_POINT('',(-0.0415190735538225,0.000800808069629887,0.004));
#10261=CARTESIAN_POINT('',(-0.0415190735538225,0.000800808069629887,0.003));
#10262=CARTESIAN_POINT('',(-0.0418263194494889,0.00185113292982065,0.004));
#10263=CARTESIAN_POINT('',(-0.0418263194494889,0.00185113292982065,0.003));
#10264=CARTESIAN_POINT('',(-0.0418862924888383,0.00299334525186717,0.004));
#10265=CARTESIAN_POINT('',(-0.0418862924888383,0.00299334525186717,0.003));
#10266=CARTESIAN_POINT('',(-0.0417670059077052,0.00411242262965674,0.004));
#10267=CARTESIAN_POINT('',(-0.0417670059077052,0.00411242262965674,0.003));
#10268=CARTESIAN_POINT('',(-0.0414267320465528,0.00518139169644105,0.004));
#10269=CARTESIAN_POINT('',(-0.0414267320465528,0.00518139169644105,0.003));
#10270=CARTESIAN_POINT('',(-0.0408886166340163,0.00617738871746804,0.004));
#10271=CARTESIAN_POINT('',(-0.0408886166340163,0.00617738871746804,0.003));
#10272=CARTESIAN_POINT('',(-0.0403166874944029,0.00709318708160697,0.004));
#10273=CARTESIAN_POINT('',(-0.0403166874944029,0.00709318708160697,0.003));
#10274=CARTESIAN_POINT('',(-0.0397278726836466,0.00790779973406716,0.004));
#10275=CARTESIAN_POINT('',(-0.0397278726836466,0.00790779973406716,0.003));
#10276=CARTESIAN_POINT('',(-0.0390925364919994,0.00861176996578266,0.004));
#10277=CARTESIAN_POINT('',(-0.0390925364919994,0.00861176996578266,0.003));
#10278=CARTESIAN_POINT('',(-0.0383205304760311,0.0093715957258821,0.004));
#10279=CARTESIAN_POINT('',(-0.0383205304760311,0.0093715957258821,0.003));
#10280=CARTESIAN_POINT('',(-0.0374738672672799,0.0100944135876112,0.004));
#10281=CARTESIAN_POINT('',(-0.0374738672672799,0.0100944135876112,0.003));
#10282=CARTESIAN_POINT('',(-0.0366722198851915,0.0105957725993218,0.004));
#10283=CARTESIAN_POINT('',(-0.0366722198851915,0.0105957725993218,0.003));
#10284=CARTESIAN_POINT('',(-0.0360952256232139,0.0109810687106785,0.004));
#10285=CARTESIAN_POINT('',(-0.0360952256232139,0.0109810687106785,0.003));
#10286=CARTESIAN_POINT('',(-0.035744294821009,0.011079925579378,0.004));
#10287=CARTESIAN_POINT('',(-0.035744294821009,0.011079925579378,0.003));
#10288=CARTESIAN_POINT('',(-0.0356027643544632,0.0110431671589492,0.004));
#10289=CARTESIAN_POINT('',(-0.0356027643544632,0.0110431671589492,0.003));
#10290=CARTESIAN_POINT('',(-0.0355308856917779,0.0110264339163074,0.004));
#10291=CARTESIAN_POINT('',(-0.0355308856917779,0.0110264339163074,0.003));
#10292=CARTESIAN_POINT('',(-0.0400940983165247,-0.00107164020571076,0.003));
#10293=CARTESIAN_POINT('',(-0.0401623732701358,-0.000997762753533458,0.003));
#10294=CARTESIAN_POINT('',(-0.0403436705696117,-0.000806874434563444,0.003));
#10295=CARTESIAN_POINT('',(-0.0409744960265215,-0.000116946365287133,0.003));
#10296=CARTESIAN_POINT('',(-0.0417421052400777,0.00116432033479158,0.003));
#10297=CARTESIAN_POINT('',(-0.0419404226433234,0.00299603505398767,0.003));
#10298=CARTESIAN_POINT('',(-0.0416416948386183,0.00482993217777182,0.003));
#10299=CARTESIAN_POINT('',(-0.0407415243917433,0.00644503286995353,0.003));
#10300=CARTESIAN_POINT('',(-0.0398511834498963,0.00778632719170061,0.003));
#10301=CARTESIAN_POINT('',(-0.0388776334934613,0.00884686333083476,0.003));
#10302=CARTESIAN_POINT('',(-0.037609975725755,0.0100259708185139,0.003));
#10303=CARTESIAN_POINT('',(-0.0365304573067656,0.0106851175624097,0.003));
#10304=CARTESIAN_POINT('',(-0.0358710772797496,0.0111063710912516,0.003));
#10305=CARTESIAN_POINT('',(-0.035628277897555,0.011049106672725,0.003));
#10306=CARTESIAN_POINT('',(-0.0355308856917779,0.0110264339163074,0.003));
#10307=CARTESIAN_POINT('',(-0.0355308856917779,0.0110264339163074,0.003));
#10308=CARTESIAN_POINT('',(-0.0355308856917779,0.0110264339163074,0.004));
#10309=CARTESIAN_POINT('',(-0.0355308856917779,0.0110264339163074,0.004));
#10310=CARTESIAN_POINT('',(-0.0400940983165247,-0.00107164020571076,0.004));
#10311=CARTESIAN_POINT('',(-0.0401623732701358,-0.000997762753533458,0.004));
#10312=CARTESIAN_POINT('',(-0.0403436705696117,-0.000806874434563444,0.004));
#10313=CARTESIAN_POINT('',(-0.0409744960265215,-0.000116946365287133,0.004));
#10314=CARTESIAN_POINT('',(-0.0417421052400777,0.00116432033479158,0.004));
#10315=CARTESIAN_POINT('',(-0.0419404226433234,0.00299603505398767,0.004));
#10316=CARTESIAN_POINT('',(-0.0416416948386183,0.00482993217777182,0.004));
#10317=CARTESIAN_POINT('',(-0.0407415243917433,0.00644503286995353,0.004));
#10318=CARTESIAN_POINT('',(-0.0398511834498963,0.00778632719170061,0.004));
#10319=CARTESIAN_POINT('',(-0.0388776334934613,0.00884686333083476,0.004));
#10320=CARTESIAN_POINT('',(-0.037609975725755,0.0100259708185139,0.004));
#10321=CARTESIAN_POINT('',(-0.0365304573067656,0.0106851175624097,0.004));
#10322=CARTESIAN_POINT('',(-0.0358710772797496,0.0111063710912516,0.004));
#10323=CARTESIAN_POINT('',(-0.035628277897555,0.011049106672725,0.004));
#10324=CARTESIAN_POINT('',(-0.0355308856917779,0.0110264339163074,0.004));
#10325=CARTESIAN_POINT('',(-0.0189877255185464,-0.00985002806816019,0.004));
#10326=CARTESIAN_POINT('',(-0.0189877255185464,-0.00985002806816019,0.003));
#10327=CARTESIAN_POINT('',(-0.0197670907126045,-0.0105254646461822,0.004));
#10328=CARTESIAN_POINT('',(-0.0197670907126045,-0.0105254646461822,0.003));
#10329=CARTESIAN_POINT('',(-0.0213285386068036,-0.0118694012372516,0.004));
#10330=CARTESIAN_POINT('',(-0.0213285386068036,-0.0118694012372516,0.003));
#10331=CARTESIAN_POINT('',(-0.0244501522995747,-0.0134270707418527,0.004));
#10332=CARTESIAN_POINT('',(-0.0244501522995747,-0.0134270707418527,0.003));
#10333=CARTESIAN_POINT('',(-0.0278351455823051,-0.0140849503782199,0.004));
#10334=CARTESIAN_POINT('',(-0.0278351455823051,-0.0140849503782199,0.003));
#10335=CARTESIAN_POINT('',(-0.0307593839668575,-0.0141068110418705,0.004));
#10336=CARTESIAN_POINT('',(-0.0307593839668575,-0.0141068110418705,0.003));
#10337=CARTESIAN_POINT('',(-0.0329711095570499,-0.0137804864943202,0.004));
#10338=CARTESIAN_POINT('',(-0.0329711095570499,-0.0137804864943202,0.003));
#10339=CARTESIAN_POINT('',(-0.0345043491114127,-0.0133909196197836,0.004));
#10340=CARTESIAN_POINT('',(-0.0345043491114127,-0.0133909196197836,0.003));
#10341=CARTESIAN_POINT('',(-0.0358016910912358,-0.012979168893892,0.004));
#10342=CARTESIAN_POINT('',(-0.0358016910912358,-0.012979168893892,0.003));
#10343=CARTESIAN_POINT('',(-0.0373187141263525,-0.0123820402599264,0.004));
#10344=CARTESIAN_POINT('',(-0.0373187141263525,-0.0123820402599264,0.003));
#10345=CARTESIAN_POINT('',(-0.0390445501881932,-0.0114431397804105,0.004));
#10346=CARTESIAN_POINT('',(-0.0390445501881932,-0.0114431397804105,0.003));
#10347=CARTESIAN_POINT('',(-0.0401032251560492,-0.0107567982769463,0.004));
#10348=CARTESIAN_POINT('',(-0.0401032251560492,-0.0107567982769463,0.003));
#10349=CARTESIAN_POINT('',(-0.0405145396061962,-0.0105070715202782,0.004));
#10350=CARTESIAN_POINT('',(-0.0405145396061962,-0.0105070715202782,0.003));
#10351=CARTESIAN_POINT('',(-0.0407184359200193,-0.0103802428092613,0.004));
#10352=CARTESIAN_POINT('',(-0.0407184359200193,-0.0103802428092613,0.003));
#10353=CARTESIAN_POINT('',(-0.0189877255185464,-0.00985002806816019,0.003));
#10354=CARTESIAN_POINT('',(-0.0197652901809717,-0.0105239042160604,0.003));
#10355=CARTESIAN_POINT('',(-0.0213825863718268,-0.0119169060427193,0.003));
#10356=CARTESIAN_POINT('',(-0.0246974144073111,-0.0135359236116881,0.003));
#10357=CARTESIAN_POINT('',(-0.0283919518579151,-0.0141447551886884,0.003));
#10358=CARTESIAN_POINT('',(-0.0320871350862115,-0.0140406612013332,0.003));
#10359=CARTESIAN_POINT('',(-0.035092874051677,-0.0132401011525508,0.003));
#10360=CARTESIAN_POINT('',(-0.0370471536928266,-0.0125164256555966,0.003));
#10361=CARTESIAN_POINT('',(-0.0390091027795908,-0.0114664751484268,0.003));
#10362=CARTESIAN_POINT('',(-0.0400683721783109,-0.0107779860472655,0.003));
#10363=CARTESIAN_POINT('',(-0.0405228300252104,-0.0105019146680643,0.003));
#10364=CARTESIAN_POINT('',(-0.0407184359200193,-0.0103802428092613,0.003));
#10365=CARTESIAN_POINT('',(-0.0189877255185464,-0.00985002806816019,0.003));
#10366=CARTESIAN_POINT('',(-0.0407184359200193,-0.0103802428092613,0.003));
#10367=CARTESIAN_POINT('',(-0.0189877255185464,-0.00985002806816019,0.004));
#10368=CARTESIAN_POINT('',(-0.0189877255185464,-0.00985002806816019,0.004));
#10369=CARTESIAN_POINT('',(-0.0189877255185464,-0.00985002806816019,0.004));
#10370=CARTESIAN_POINT('',(-0.0197652901809717,-0.0105239042160604,0.004));
#10371=CARTESIAN_POINT('',(-0.0213825863718268,-0.0119169060427193,0.004));
#10372=CARTESIAN_POINT('',(-0.0246974144073111,-0.0135359236116881,0.004));
#10373=CARTESIAN_POINT('',(-0.0283919518579151,-0.0141447551886884,0.004));
#10374=CARTESIAN_POINT('',(-0.0320871350862115,-0.0140406612013332,0.004));
#10375=CARTESIAN_POINT('',(-0.035092874051677,-0.0132401011525508,0.004));
#10376=CARTESIAN_POINT('',(-0.0370471536928266,-0.0125164256555966,0.004));
#10377=CARTESIAN_POINT('',(-0.0390091027795908,-0.0114664751484268,0.004));
#10378=CARTESIAN_POINT('',(-0.0400683721783109,-0.0107779860472655,0.004));
#10379=CARTESIAN_POINT('',(-0.0405228300252104,-0.0105019146680643,0.004));
#10380=CARTESIAN_POINT('',(-0.0407184359200193,-0.0103802428092613,0.004));
#10381=CARTESIAN_POINT('',(-0.0407184359200193,-0.0103802428092613,0.004));
#10382=CARTESIAN_POINT('',(-0.0407184359200193,-0.0103802428092613,0.004));
#10383=CARTESIAN_POINT('',(-0.0211393611001353,-0.00570761367054874,0.004));
#10384=CARTESIAN_POINT('',(-0.0211393611001353,-0.00570761367054874,0.003));
#10385=CARTESIAN_POINT('',(-0.0170632340085647,-0.0034329003587526,0.003));
#10386=CARTESIAN_POINT('',(-0.0170632340085647,-0.0034329003587526,0.004));
#10387=CARTESIAN_POINT('',(-0.0170632340085647,-0.0034329003587526,0.004));
#10388=CARTESIAN_POINT('',(-0.0211393611001353,-0.00570761367054874,0.004));
#10389=CARTESIAN_POINT('',(-0.0170632340085647,-0.0034329003587526,0.004));
#10390=CARTESIAN_POINT('',(-0.0170632340085647,-0.0034329003587526,0.003));
#10391=CARTESIAN_POINT('',(-0.0162946730852127,0.00155171775259078,0.004));
#10392=CARTESIAN_POINT('',(-0.0162946730852127,0.00155171775259078,0.003));
#10393=CARTESIAN_POINT('',(-0.0184573195874691,0.0123590640723705,0.004));
#10394=CARTESIAN_POINT('',(-0.0184573195874691,0.0123590640723705,0.003));
#10395=CARTESIAN_POINT('',(-0.0285251131852695,0.0151617827547766,0.004));
#10396=CARTESIAN_POINT('',(-0.0285251131852695,0.0151617827547766,0.003));
#10397=CARTESIAN_POINT('',(-0.0170632340085647,-0.0034329003587526,0.003));
#10398=CARTESIAN_POINT('',(-0.0162946730852127,0.00155171775259078,0.003));
#10399=CARTESIAN_POINT('',(-0.0184573195874691,0.0123590640723705,0.003));
#10400=CARTESIAN_POINT('',(-0.0285251131852695,0.0151617827547766,0.003));
#10401=CARTESIAN_POINT('',(-0.0285251131852695,0.0151617827547766,0.003));
#10402=CARTESIAN_POINT('',(-0.0285251131852695,0.0151617827547766,0.004));
#10403=CARTESIAN_POINT('',(-0.0285251131852695,0.0151617827547766,0.004));
#10404=CARTESIAN_POINT('',(-0.0170632340085647,-0.0034329003587526,0.004));
#10405=CARTESIAN_POINT('',(-0.0162946730852127,0.00155171775259078,0.004));
#10406=CARTESIAN_POINT('',(-0.0184573195874691,0.0123590640723705,0.004));
#10407=CARTESIAN_POINT('',(-0.0285251131852695,0.0151617827547766,0.004));
#10408=CARTESIAN_POINT('',(-0.0308639835566283,0.0111221270635724,0.004));
#10409=CARTESIAN_POINT('',(-0.0308639835566283,0.0111221270635724,0.003));
#10410=CARTESIAN_POINT('',(-0.0348978053250949,0.0134710448266586,0.003));
#10411=CARTESIAN_POINT('',(-0.0348978053250949,0.0134710448266586,0.004));
#10412=CARTESIAN_POINT('',(-0.0348978053250949,0.0134710448266586,0.004));
#10413=CARTESIAN_POINT('',(-0.0308639835566283,0.0111221270635724,0.004));
#10414=CARTESIAN_POINT('',(-0.0348978053250949,0.0134710448266586,0.004));
#10415=CARTESIAN_POINT('',(-0.0348978053250949,0.0134710448266586,0.003));
#10416=CARTESIAN_POINT('',(-0.0356178945284195,0.0131076389956088,0.004));
#10417=CARTESIAN_POINT('',(-0.0356178945284195,0.0131076389956088,0.003));
#10418=CARTESIAN_POINT('',(-0.0370557397515195,0.0123822252119152,0.004));
#10419=CARTESIAN_POINT('',(-0.0370557397515195,0.0123822252119152,0.003));
#10420=CARTESIAN_POINT('',(-0.0396566704691658,0.0105623964628678,0.004));
#10421=CARTESIAN_POINT('',(-0.0396566704691658,0.0105623964628678,0.003));
#10422=CARTESIAN_POINT('',(-0.041675136191556,0.00852026989501709,0.004));
#10423=CARTESIAN_POINT('',(-0.041675136191556,0.00852026989501709,0.003));
#10424=CARTESIAN_POINT('',(-0.0430126287037161,0.00672741896435945,0.004));
#10425=CARTESIAN_POINT('',(-0.0430126287037161,0.00672741896435945,0.003));
#10426=CARTESIAN_POINT('',(-0.0441161098281533,0.00491468047057184,0.004));
#10427=CARTESIAN_POINT('',(-0.0441161098281533,0.00491468047057184,0.003));
#10428=CARTESIAN_POINT('',(-0.0450963426177783,0.00250048885093172,0.004));
#10429=CARTESIAN_POINT('',(-0.0450963426177783,0.00250048885093172,0.003));
#10430=CARTESIAN_POINT('',(-0.0457020684575706,-0.000360128596411185,0.004));
#10431=CARTESIAN_POINT('',(-0.0457020684575706,-0.000360128596411185,0.003));
#10432=CARTESIAN_POINT('',(-0.0457750044919261,-0.00208817034348588,0.004));
#10433=CARTESIAN_POINT('',(-0.0457750044919261,-0.00208817034348588,0.003));
#10434=CARTESIAN_POINT('',(-0.0456239103369433,-0.0035256868257777,0.004));
#10435=CARTESIAN_POINT('',(-0.0456239103369433,-0.0035256868257777,0.003));
#10436=CARTESIAN_POINT('',(-0.0453890860389717,-0.00462612651567155,0.004));
#10437=CARTESIAN_POINT('',(-0.0453890860389717,-0.00462612651567155,0.003));
#10438=CARTESIAN_POINT('',(-0.0452314070366487,-0.00536462856886913,0.004));
#10439=CARTESIAN_POINT('',(-0.0452314070366487,-0.00536462856886913,0.003));
#10440=CARTESIAN_POINT('',(-0.0348978053250949,0.0134710448266586,0.003));
#10441=CARTESIAN_POINT('',(-0.0356327475571303,0.0131001431503478,0.003));
#10442=CARTESIAN_POINT('',(-0.0372749156938858,0.0122725826493019,0.003));
#10443=CARTESIAN_POINT('',(-0.0404818540607285,0.00993658574203032,0.003));
#10444=CARTESIAN_POINT('',(-0.0433642008499134,0.00647630086874035,0.003));
#10445=CARTESIAN_POINT('',(-0.0450373211177594,0.00290691631034079,0.003));
#10446=CARTESIAN_POINT('',(-0.0458741711433039,-0.0011538905129215,0.003));
#10447=CARTESIAN_POINT('',(-0.0456592495710768,-0.00334618679940442,0.003));
#10448=CARTESIAN_POINT('',(-0.0453731273515925,-0.00470087028765281,0.003));
#10449=CARTESIAN_POINT('',(-0.0452314070366487,-0.00536462856886913,0.003));
#10450=CARTESIAN_POINT('',(-0.0452314070366487,-0.00536462856886913,0.003));
#10451=CARTESIAN_POINT('',(-0.0452314070366487,-0.00536462856886913,0.004));
#10452=CARTESIAN_POINT('',(-0.0452314070366487,-0.00536462856886913,0.004));
#10453=CARTESIAN_POINT('',(-0.0348978053250949,0.0134710448266586,0.004));
#10454=CARTESIAN_POINT('',(-0.0356327475571303,0.0131001431503478,0.004));
#10455=CARTESIAN_POINT('',(-0.0372749156938858,0.0122725826493019,0.004));
#10456=CARTESIAN_POINT('',(-0.0404818540607285,0.00993658574203032,0.004));
#10457=CARTESIAN_POINT('',(-0.0433642008499134,0.00647630086874035,0.004));
#10458=CARTESIAN_POINT('',(-0.0450373211177594,0.00290691631034079,0.004));
#10459=CARTESIAN_POINT('',(-0.0458741711433039,-0.0011538905129215,0.004));
#10460=CARTESIAN_POINT('',(-0.0456592495710768,-0.00334618679940442,0.004));
#10461=CARTESIAN_POINT('',(-0.0453731273515925,-0.00470087028765281,0.004));
#10462=CARTESIAN_POINT('',(-0.0452314070366487,-0.00536462856886913,0.004));
#10463=CARTESIAN_POINT('',(-0.0308639835566283,0.0111221270635724,0.004));
#10464=CARTESIAN_POINT('',(-0.0308639835566283,0.0111221270635724,0.004));
#10465=CARTESIAN_POINT('',(-0.0280359256334809,0.0111221270635724,0.004));
#10466=CARTESIAN_POINT('',(-0.0308639835566283,0.0111221270635724,0.003));
#10467=CARTESIAN_POINT('',(-0.0280359256334809,0.0111221270635724,0.003));
#10468=CARTESIAN_POINT('',(-0.0211393611001353,-0.00570761367054875,0.004));
#10469=CARTESIAN_POINT('',(-0.0211393611001353,-0.00570761367054875,0.004));
#10470=CARTESIAN_POINT('',(-0.0183113031769879,-0.00570761367054875,0.004));
#10471=CARTESIAN_POINT('',(-0.0211393611001353,-0.00570761367054875,0.003));
#10472=CARTESIAN_POINT('',(-0.0183113031769879,-0.00570761367054875,0.003));
#10473=CARTESIAN_POINT('',(-0.0308639835566282,0.0111221270635724,0.004));
#10474=CARTESIAN_POINT('',(-0.0308639835566282,0.0111221270635724,0.003));
#10475=CARTESIAN_POINT('',(-0.0308639835566282,0.0111221270635724,0.004));
#10476=CARTESIAN_POINT('',(-0.0405766553432364,-0.00571451339302366,0.004));
#10477=CARTESIAN_POINT('',(-0.0405766553432364,-0.00571451339302366,0.003));
#10478=CARTESIAN_POINT('',(-0.0405766553432364,-0.00571451339302366,0.004));
#10479=CARTESIAN_POINT('',(-0.0405766553432364,-0.00571451339302366,0.004));
#10480=CARTESIAN_POINT('',(-0.0405766553432364,-0.00571451339302366,0.004));
#10481=CARTESIAN_POINT('',(-0.0377485974200891,-0.00571451339302366,0.004));
#10482=CARTESIAN_POINT('',(-0.0405766553432364,-0.00571451339302366,0.003));
#10483=CARTESIAN_POINT('',(-0.0377485974200891,-0.00571451339302366,0.003));
#10484=CARTESIAN_POINT('',(-0.0309789901893425,0.00432473941923193,0.004));
#10485=CARTESIAN_POINT('',(-0.0309789901893425,0.00432473941923193,0.003));
#10486=CARTESIAN_POINT('',(0.,0.,0.));
#10487=CARTESIAN_POINT('',(-0.0892430479128571,0.0700793419168133,0.004));
#10488=CARTESIAN_POINT('',(-0.0892430479128571,0.0700793419168133,0.003));
#10489=CARTESIAN_POINT('',(-0.089429108800415,0.0707439809566968,0.004));
#10490=CARTESIAN_POINT('',(-0.089429108800415,0.0707439809566968,0.003));
#10491=CARTESIAN_POINT('',(-0.0901256684787033,0.0725422574655709,0.004));
#10492=CARTESIAN_POINT('',(-0.0901256684787033,0.0725422574655709,0.003));
#10493=CARTESIAN_POINT('',(-0.0891286689348381,0.0729038493740766,0.004));
#10494=CARTESIAN_POINT('',(-0.0891286689348381,0.0729038493740766,0.003));
#10495=CARTESIAN_POINT('',(-0.0877606453800683,0.0732663138372302,0.004));
#10496=CARTESIAN_POINT('',(-0.0877606453800683,0.0732663138372302,0.003));
#10497=CARTESIAN_POINT('',(-0.0892430479128571,0.0700793419168133,0.003));
#10498=CARTESIAN_POINT('',(-0.0894270127443374,0.0707364935114996,0.003));
#10499=CARTESIAN_POINT('',(-0.0901207117669407,0.0725359473271522,0.003));
#10500=CARTESIAN_POINT('',(-0.0891440803097051,0.0728997660557023,0.003));
#10501=CARTESIAN_POINT('',(-0.0877606453800683,0.0732663138372302,0.003));
#10502=CARTESIAN_POINT('',(-0.0892430479128571,0.0700793419168133,0.003));
#10503=CARTESIAN_POINT('',(-0.0877606453800683,0.0732663138372302,0.003));
#10504=CARTESIAN_POINT('',(-0.0877606453800683,0.0732663138372302,0.004));
#10505=CARTESIAN_POINT('',(-0.0877606453800683,0.0732663138372302,0.004));
#10506=CARTESIAN_POINT('',(-0.0892430479128571,0.0700793419168133,0.004));
#10507=CARTESIAN_POINT('',(-0.0894270127443374,0.0707364935114996,0.004));
#10508=CARTESIAN_POINT('',(-0.0901207117669407,0.0725359473271522,0.004));
#10509=CARTESIAN_POINT('',(-0.0891440803097051,0.0728997660557023,0.004));
#10510=CARTESIAN_POINT('',(-0.0877606453800683,0.0732663138372302,0.004));
#10511=CARTESIAN_POINT('',(-0.0892430479128571,0.0700793419168133,0.004));
#10512=CARTESIAN_POINT('',(-0.0892430479128571,0.0700793419168133,0.004));
#10513=CARTESIAN_POINT('',(-0.0877606453800683,0.0732663138372302,0.004));
#10514=CARTESIAN_POINT('',(-0.0877606453800683,0.0732663138372302,0.003));
#10515=CARTESIAN_POINT('',(-0.0898984980030253,0.0741748654106558,0.004));
#10516=CARTESIAN_POINT('',(-0.0898984980030253,0.0741748654106558,0.003));
#10517=CARTESIAN_POINT('',(-0.0922196710271732,0.0726893010511877,0.004));
#10518=CARTESIAN_POINT('',(-0.0922196710271732,0.0726893010511877,0.003));
#10519=CARTESIAN_POINT('',(-0.0935747741111748,0.0709042933600517,0.004));
#10520=CARTESIAN_POINT('',(-0.0935747741111748,0.0709042933600517,0.003));
#10521=CARTESIAN_POINT('',(-0.0877606453800683,0.0732663138372302,0.003));
#10522=CARTESIAN_POINT('',(-0.0898984980030253,0.0741748654106558,0.003));
#10523=CARTESIAN_POINT('',(-0.0922196710271732,0.0726893010511877,0.003));
#10524=CARTESIAN_POINT('',(-0.0935747741111748,0.0709042933600517,0.003));
#10525=CARTESIAN_POINT('',(-0.0935747741111749,0.0709042933600517,0.003));
#10526=CARTESIAN_POINT('',(-0.0935747741111749,0.0709042933600517,0.004));
#10527=CARTESIAN_POINT('',(-0.0935747741111749,0.0709042933600517,0.004));
#10528=CARTESIAN_POINT('',(-0.0877606453800683,0.0732663138372302,0.004));
#10529=CARTESIAN_POINT('',(-0.0898984980030253,0.0741748654106558,0.004));
#10530=CARTESIAN_POINT('',(-0.0922196710271732,0.0726893010511877,0.004));
#10531=CARTESIAN_POINT('',(-0.0935747741111748,0.0709042933600517,0.004));
#10532=CARTESIAN_POINT('',(-0.0916138607195699,0.0694156500350849,0.004));
#10533=CARTESIAN_POINT('',(-0.0916138607195699,0.0694156500350849,0.003));
#10534=CARTESIAN_POINT('',(-0.0940593861186485,0.0696996320781883,0.003));
#10535=CARTESIAN_POINT('',(-0.0940593861186485,0.0696996320781883,0.004));
#10536=CARTESIAN_POINT('',(-0.0940593861186485,0.0696996320781883,0.004));
#10537=CARTESIAN_POINT('',(-0.0916138607195699,0.0694156500350849,0.004));
#10538=CARTESIAN_POINT('',(-0.0912507101893425,0.0561729194192319,0.004));
#10539=CARTESIAN_POINT('',(-0.0912507101893425,0.0561729194192319,0.003));
#10540=CARTESIAN_POINT('',(-0.103875767974211,0.0505632374529735,0.003));
#10541=CARTESIAN_POINT('',(-0.103875767974211,0.0505632374529735,0.004));
#10542=CARTESIAN_POINT('',(-0.103875767974211,0.0505632374529735,0.004));
#10543=CARTESIAN_POINT('',(-0.0912507101893425,0.0561729194192319,0.004));
#10544=CARTESIAN_POINT('',(-0.103875771515586,0.0505632454231397,0.004));
#10545=CARTESIAN_POINT('',(-0.103875771515586,0.0505632454231397,0.003));
#10546=CARTESIAN_POINT('',(-0.104325851170432,0.0500390513291473,0.004));
#10547=CARTESIAN_POINT('',(-0.104325851170432,0.0500390513291473,0.003));
#10548=CARTESIAN_POINT('',(-0.10543372474036,0.0484692686029345,0.004));
#10549=CARTESIAN_POINT('',(-0.10543372474036,0.0484692686029345,0.003));
#10550=CARTESIAN_POINT('',(-0.106287245917299,0.0491005139140919,0.004));
#10551=CARTESIAN_POINT('',(-0.106287245917299,0.0491005139140919,0.003));
#10552=CARTESIAN_POINT('',(-0.107345193308525,0.0500366502722178,0.004));
#10553=CARTESIAN_POINT('',(-0.107345193308525,0.0500366502722178,0.003));
#10554=CARTESIAN_POINT('',(-0.103875771515586,0.0505632454231397,0.003));
#10555=CARTESIAN_POINT('',(-0.104319953098048,0.050045920634784,0.003));
#10556=CARTESIAN_POINT('',(-0.105430826302984,0.0484780553137345,0.003));
#10557=CARTESIAN_POINT('',(-0.106273382037371,0.0490882463078076,0.003));
#10558=CARTESIAN_POINT('',(-0.107345193308525,0.0500366502722178,0.003));
#10559=CARTESIAN_POINT('',(-0.107345193308525,0.0500366502722178,0.003));
#10560=CARTESIAN_POINT('',(-0.107345193308525,0.0500366502722178,0.004));
#10561=CARTESIAN_POINT('',(-0.107345193308525,0.0500366502722178,0.004));
#10562=CARTESIAN_POINT('',(-0.103875771515586,0.0505632454231397,0.004));
#10563=CARTESIAN_POINT('',(-0.104319953098048,0.050045920634784,0.004));
#10564=CARTESIAN_POINT('',(-0.105430826302984,0.0484780553137345,0.004));
#10565=CARTESIAN_POINT('',(-0.106273382037371,0.0490882463078076,0.004));
#10566=CARTESIAN_POINT('',(-0.107345193308525,0.0500366502722178,0.004));
#10567=CARTESIAN_POINT('',(-0.107345193308525,0.0500366502722178,0.004));
#10568=CARTESIAN_POINT('',(-0.107345193308525,0.0500366502722178,0.003));
#10569=CARTESIAN_POINT('',(-0.106916650834907,0.0477536191407254,0.004));
#10570=CARTESIAN_POINT('',(-0.106916650834907,0.0477536191407254,0.003));
#10571=CARTESIAN_POINT('',(-0.104393693572877,0.0466448214458668,0.004));
#10572=CARTESIAN_POINT('',(-0.104393693572877,0.0466448214458668,0.003));
#10573=CARTESIAN_POINT('',(-0.102156883938769,0.0465061149700024,0.004));
#10574=CARTESIAN_POINT('',(-0.102156883938769,0.0465061149700024,0.003));
#10575=CARTESIAN_POINT('',(-0.107345193308525,0.0500366502722178,0.003));
#10576=CARTESIAN_POINT('',(-0.106916650834907,0.0477536191407254,0.003));
#10577=CARTESIAN_POINT('',(-0.104393693572877,0.0466448214458668,0.003));
#10578=CARTESIAN_POINT('',(-0.102156883938769,0.0465061149700024,0.003));
#10579=CARTESIAN_POINT('',(-0.102156883938769,0.0465061149700023,0.003));
#10580=CARTESIAN_POINT('',(-0.102156883938769,0.0465061149700023,0.004));
#10581=CARTESIAN_POINT('',(-0.102156883938769,0.0465061149700023,0.004));
#10582=CARTESIAN_POINT('',(-0.107345193308525,0.0500366502722178,0.004));
#10583=CARTESIAN_POINT('',(-0.106916650834907,0.0477536191407254,0.004));
#10584=CARTESIAN_POINT('',(-0.104393693572877,0.0466448214458668,0.004));
#10585=CARTESIAN_POINT('',(-0.102156883938769,0.0465061149700024,0.004));
#10586=CARTESIAN_POINT('',(-0.102004508468694,0.04896335366302,0.004));
#10587=CARTESIAN_POINT('',(-0.102004508468694,0.04896335366302,0.003));
#10588=CARTESIAN_POINT('',(-0.101235263281469,0.0466246569917357,0.003));
#10589=CARTESIAN_POINT('',(-0.101235263281469,0.0466246569917357,0.004));
#10590=CARTESIAN_POINT('',(-0.101235263281469,0.0466246569917357,0.004));
#10591=CARTESIAN_POINT('',(-0.102004508468694,0.04896335366302,0.004));
#10592=CARTESIAN_POINT('',(-0.0912507101893425,0.0561729194192319,0.004));
#10593=CARTESIAN_POINT('',(-0.0912507101893425,0.0561729194192319,0.003));
#10594=CARTESIAN_POINT('',(-0.0801069258326451,0.0480073400738787,0.003));
#10595=CARTESIAN_POINT('',(-0.0801069258326451,0.0480073400738787,0.004));
#10596=CARTESIAN_POINT('',(-0.0801069258326451,0.0480073400738787,0.004));
#10597=CARTESIAN_POINT('',(-0.0912507101893425,0.0561729194192319,0.004));
#10598=CARTESIAN_POINT('',(-0.0801069258326451,0.0480073400738788,0.004));
#10599=CARTESIAN_POINT('',(-0.0801069258326451,0.0480073400738788,0.003));
#10600=CARTESIAN_POINT('',(-0.0797857805523829,0.0478856940531547,0.004));
#10601=CARTESIAN_POINT('',(-0.0797857805523829,0.0478856940531547,0.003));
#10602=CARTESIAN_POINT('',(-0.0791025054741162,0.047624051201792,0.004));
#10603=CARTESIAN_POINT('',(-0.0791025054741162,0.047624051201792,0.003));
#10604=CARTESIAN_POINT('',(-0.0782086465220554,0.0470001564949498,0.004));
#10605=CARTESIAN_POINT('',(-0.0782086465220554,0.0470001564949498,0.003));
#10606=CARTESIAN_POINT('',(-0.0784981743393429,0.0462157449207449,0.004));
#10607=CARTESIAN_POINT('',(-0.0784981743393429,0.0462157449207449,0.003));
#10608=CARTESIAN_POINT('',(-0.0789888877595087,0.0450659656719995,0.004));
#10609=CARTESIAN_POINT('',(-0.0789888877595087,0.0450659656719995,0.003));
#10610=CARTESIAN_POINT('',(-0.0801069258326451,0.0480073400738788,0.003));
#10611=CARTESIAN_POINT('',(-0.0795576579398704,0.047799283914956,0.003));
#10612=CARTESIAN_POINT('',(-0.0781499587511941,0.0472601654551813,0.003));
#10613=CARTESIAN_POINT('',(-0.0784271045241379,0.0463822669586123,0.003));
#10614=CARTESIAN_POINT('',(-0.0789888877595087,0.0450659656719995,0.003));
#10615=CARTESIAN_POINT('',(-0.0789888877595087,0.0450659656719995,0.003));
#10616=CARTESIAN_POINT('',(-0.0789888877595087,0.0450659656719995,0.004));
#10617=CARTESIAN_POINT('',(-0.0789888877595087,0.0450659656719995,0.004));
#10618=CARTESIAN_POINT('',(-0.0801069258326451,0.0480073400738788,0.004));
#10619=CARTESIAN_POINT('',(-0.0795576579398704,0.047799283914956,0.004));
#10620=CARTESIAN_POINT('',(-0.0781499587511941,0.0472601654551813,0.004));
#10621=CARTESIAN_POINT('',(-0.0784271045241379,0.0463822669586123,0.004));
#10622=CARTESIAN_POINT('',(-0.0789888877595087,0.0450659656719995,0.004));
#10623=CARTESIAN_POINT('',(-0.0789888877595088,0.0450659656719995,0.004));
#10624=CARTESIAN_POINT('',(-0.0789888877595088,0.0450659656719995,0.003));
#10625=CARTESIAN_POINT('',(-0.076957687756026,0.0461929556208942,0.004));
#10626=CARTESIAN_POINT('',(-0.076957687756026,0.0461929556208942,0.003));
#10627=CARTESIAN_POINT('',(-0.0767015665769581,0.0489368848502634,0.004));
#10628=CARTESIAN_POINT('',(-0.0767015665769581,0.0489368848502634,0.003));
#10629=CARTESIAN_POINT('',(-0.0772756991820447,0.0511032016732285,0.004));
#10630=CARTESIAN_POINT('',(-0.0772756991820447,0.0511032016732285,0.003));
#10631=CARTESIAN_POINT('',(-0.0789888877595088,0.0450659656719995,0.003));
#10632=CARTESIAN_POINT('',(-0.076957687756026,0.0461929556208942,0.003));
#10633=CARTESIAN_POINT('',(-0.0767015665769581,0.0489368848502634,0.003));
#10634=CARTESIAN_POINT('',(-0.0772756991820447,0.0511032016732285,0.003));
#10635=CARTESIAN_POINT('',(-0.0772756991820446,0.0511032016732286,0.003));
#10636=CARTESIAN_POINT('',(-0.0772756991820446,0.0511032016732286,0.004));
#10637=CARTESIAN_POINT('',(-0.0772756991820446,0.0511032016732286,0.004));
#10638=CARTESIAN_POINT('',(-0.0789888877595088,0.0450659656719995,0.004));
#10639=CARTESIAN_POINT('',(-0.076957687756026,0.0461929556208942,0.004));
#10640=CARTESIAN_POINT('',(-0.0767015665769581,0.0489368848502634,0.004));
#10641=CARTESIAN_POINT('',(-0.0772756991820447,0.0511032016732285,0.004));
#10642=CARTESIAN_POINT('',(-0.0796554982662201,0.0504724904894829,0.004));
#10643=CARTESIAN_POINT('',(-0.0796554982662201,0.0504724904894829,0.003));
#10644=CARTESIAN_POINT('',(-0.077992885693321,0.0522882436970479,0.003));
#10645=CARTESIAN_POINT('',(-0.077992885693321,0.0522882436970479,0.004));
#10646=CARTESIAN_POINT('',(-0.077992885693321,0.0522882436970479,0.004));
#10647=CARTESIAN_POINT('',(-0.0796554982662201,0.0504724904894829,0.004));
#10648=CARTESIAN_POINT('',(-0.0912507101893425,0.0561729194192319,0.004));
#10649=CARTESIAN_POINT('',(-0.0912507101893425,0.0561729194192319,0.003));
#10650=CARTESIAN_POINT('',(-0.0891875739970832,0.0698332299898603,0.003));
#10651=CARTESIAN_POINT('',(-0.0891875739970832,0.0698332299898603,0.004));
#10652=CARTESIAN_POINT('',(-0.0891875739970832,0.0698332299898603,0.004));
#10653=CARTESIAN_POINT('',(-0.0912507101893425,0.0561729194192319,0.004));
#10654=CARTESIAN_POINT('',(-0.0916138607195697,0.0694156500350849,0.004));
#10655=CARTESIAN_POINT('',(-0.0916138607195697,0.0694156500350849,0.003));
#10656=CARTESIAN_POINT('',(-0.0940652062060475,0.0691872959585512,0.003));
#10657=CARTESIAN_POINT('',(-0.0891536845613923,0.0693219828098675,0.003));
#10658=CARTESIAN_POINT('',(-0.0891536845613923,0.0693219828098675,0.004));
#10659=CARTESIAN_POINT('',(-0.0891536845613923,0.0693219828098675,0.004));
#10660=CARTESIAN_POINT('',(-0.0916138607195697,0.0694156500350849,0.004));
#10661=CARTESIAN_POINT('',(-0.0940652062060475,0.0691872959585512,0.004));
#10662=CARTESIAN_POINT('',(-0.0940652062060475,0.0691872959585512,0.004));
#10663=CARTESIAN_POINT('',(-0.0912507101893425,0.0561729194192319,0.004));
#10664=CARTESIAN_POINT('',(-0.0912507101893425,0.0561729194192319,0.003));
#10665=CARTESIAN_POINT('',(-0.0784227940683556,0.0526036124097192,0.003));
#10666=CARTESIAN_POINT('',(-0.0784227940683556,0.0526036124097192,0.004));
#10667=CARTESIAN_POINT('',(-0.0784227940683556,0.0526036124097192,0.004));
#10668=CARTESIAN_POINT('',(-0.0912507101893425,0.0561729194192319,0.004));
#10669=CARTESIAN_POINT('',(-0.0796554982662201,0.0504724904894829,0.004));
#10670=CARTESIAN_POINT('',(-0.0796554982662201,0.0504724904894829,0.003));
#10671=CARTESIAN_POINT('',(-0.0805902153586503,0.0481948723837717,0.003));
#10672=CARTESIAN_POINT('',(-0.0805902153586503,0.0481948723837717,0.004));
#10673=CARTESIAN_POINT('',(-0.0805902153586503,0.0481948723837717,0.004));
#10674=CARTESIAN_POINT('',(-0.0796554982662201,0.0504724904894829,0.004));
#10675=CARTESIAN_POINT('',(-0.0912507101893425,0.0561729194192319,0.004));
#10676=CARTESIAN_POINT('',(-0.0912507101893425,0.0561729194192319,0.003));
#10677=CARTESIAN_POINT('',(-0.100751620548092,0.0468440348722867,0.003));
#10678=CARTESIAN_POINT('',(-0.100751620548092,0.0468440348722867,0.004));
#10679=CARTESIAN_POINT('',(-0.100751620548092,0.0468440348722867,0.004));
#10680=CARTESIAN_POINT('',(-0.0912507101893425,0.0561729194192319,0.004));
#10681=CARTESIAN_POINT('',(-0.102004508468694,0.0489633536630201,0.004));
#10682=CARTESIAN_POINT('',(-0.102004508468694,0.0489633536630201,0.003));
#10683=CARTESIAN_POINT('',(-0.103489132658019,0.0509273117315168,0.003));
#10684=CARTESIAN_POINT('',(-0.103489132658019,0.0509273117315168,0.004));
#10685=CARTESIAN_POINT('',(-0.103489132658019,0.0509273117315168,0.004));
#10686=CARTESIAN_POINT('',(-0.102004508468694,0.0489633536630201,0.004));
#10687=CARTESIAN_POINT('',(-0.0912507101893425,0.0561729194192319,0.004));
#10688=CARTESIAN_POINT('',(-0.0912507101893425,0.0561729194192319,0.003));
#10689=CARTESIAN_POINT('',(-0.0912507101893425,0.0561729194192319,0.004));
#10690=CARTESIAN_POINT('',(-0.0916138607195666,0.0694156500350855,0.004));
#10691=CARTESIAN_POINT('',(-0.0916138607195666,0.0694156500350855,0.003));
#10692=CARTESIAN_POINT('',(-0.0916138607195666,0.0694156500350855,0.004));
#10693=CARTESIAN_POINT('',(-0.0126939550335437,-0.00618580145407387,0.004));
#10694=CARTESIAN_POINT('',(-0.0126939550335437,-0.00618580145407387,0.003));
#10695=CARTESIAN_POINT('',(0.,0.,0.));
#10696=CARTESIAN_POINT('',(0.0295825631048282,-0.0500235630892969,0.004));
#10697=CARTESIAN_POINT('',(0.0295825631048282,-0.0500235630892969,0.003));
#10698=CARTESIAN_POINT('',(0.0297590256380753,-0.0459315553307533,0.004));
#10699=CARTESIAN_POINT('',(0.0297590256380753,-0.0459315553307533,0.003));
#10700=CARTESIAN_POINT('',(0.0320642890447766,-0.0421397238969803,0.004));
#10701=CARTESIAN_POINT('',(0.0320642890447766,-0.0421397238969803,0.003));
#10702=CARTESIAN_POINT('',(0.0361618125119094,-0.0395765007530158,0.004));
#10703=CARTESIAN_POINT('',(0.0361618125119094,-0.0395765007530158,0.003));
#10704=CARTESIAN_POINT('',(0.0295825631048282,-0.0500235630892969,0.003));
#10705=CARTESIAN_POINT('',(0.0297590256380753,-0.0459315553307533,0.003));
#10706=CARTESIAN_POINT('',(0.0320642890447766,-0.0421397238969803,0.003));
#10707=CARTESIAN_POINT('',(0.0361618125119094,-0.0395765007530158,0.003));
#10708=CARTESIAN_POINT('',(0.0295825631048282,-0.0500235630892969,0.003));
#10709=CARTESIAN_POINT('',(0.0361618125119094,-0.0395765007530158,0.003));
#10710=CARTESIAN_POINT('',(0.0361618125119094,-0.0395765007530158,0.004));
#10711=CARTESIAN_POINT('',(0.0361618125119094,-0.0395765007530158,0.004));
#10712=CARTESIAN_POINT('',(0.0295825631048282,-0.0500235630892969,0.004));
#10713=CARTESIAN_POINT('',(0.0297590256380753,-0.0459315553307533,0.004));
#10714=CARTESIAN_POINT('',(0.0320642890447766,-0.0421397238969803,0.004));
#10715=CARTESIAN_POINT('',(0.0361618125119094,-0.0395765007530158,0.004));
#10716=CARTESIAN_POINT('',(0.0295825631048282,-0.0500235630892969,0.004));
#10717=CARTESIAN_POINT('',(0.0295825631048282,-0.0500235630892969,0.004));
#10718=CARTESIAN_POINT('',(0.0292927298106575,-0.0568823005807681,0.004));
#10719=CARTESIAN_POINT('',(0.0292927298106575,-0.0568823005807681,0.003));
#10720=CARTESIAN_POINT('',(0.0474950196189632,-0.0529641823373607,0.003));
#10721=CARTESIAN_POINT('',(0.0474950196189632,-0.0529641823373607,0.004));
#10722=CARTESIAN_POINT('',(0.0474950196189632,-0.0529641823373607,0.004));
#10723=CARTESIAN_POINT('',(0.0292927298106575,-0.0568823005807681,0.004));
#10724=CARTESIAN_POINT('',(0.0474950196189632,-0.0529641823373607,0.004));
#10725=CARTESIAN_POINT('',(0.0474950196189632,-0.0529641823373607,0.003));
#10726=CARTESIAN_POINT('',(0.0423712238793111,-0.0501330498466811,0.004));
#10727=CARTESIAN_POINT('',(0.0423712238793111,-0.0501330498466811,0.003));
#10728=CARTESIAN_POINT('',(0.0369630917987253,-0.0490478882295633,0.004));
#10729=CARTESIAN_POINT('',(0.0369630917987253,-0.0490478882295633,0.003));
#10730=CARTESIAN_POINT('',(0.0300457833388232,-0.050054499522411,0.004));
#10731=CARTESIAN_POINT('',(0.0300457833388232,-0.050054499522411,0.003));
#10732=CARTESIAN_POINT('',(0.0474950196189632,-0.0529641823373607,0.003));
#10733=CARTESIAN_POINT('',(0.0423712238793111,-0.0501330498466811,0.003));
#10734=CARTESIAN_POINT('',(0.0369630917987253,-0.0490478882295633,0.003));
#10735=CARTESIAN_POINT('',(0.0300457833388232,-0.050054499522411,0.003));
#10736=CARTESIAN_POINT('',(0.0300457833388232,-0.050054499522411,0.003));
#10737=CARTESIAN_POINT('',(0.0300457833388232,-0.050054499522411,0.004));
#10738=CARTESIAN_POINT('',(0.0300457833388232,-0.050054499522411,0.004));
#10739=CARTESIAN_POINT('',(0.0474950196189632,-0.0529641823373607,0.004));
#10740=CARTESIAN_POINT('',(0.0423712238793111,-0.0501330498466811,0.004));
#10741=CARTESIAN_POINT('',(0.0369630917987253,-0.0490478882295633,0.004));
#10742=CARTESIAN_POINT('',(0.0300457833388232,-0.050054499522411,0.004));
#10743=CARTESIAN_POINT('',(0.0292927298106575,-0.0568823005807681,0.004));
#10744=CARTESIAN_POINT('',(0.0292927298106575,-0.0568823005807681,0.003));
#10745=CARTESIAN_POINT('',(0.035517852000862,-0.0393345697145879,0.003));
#10746=CARTESIAN_POINT('',(0.0235055871812048,-0.0391852956075744,0.003));
#10747=CARTESIAN_POINT('',(0.035517852000862,-0.0393345697145879,0.004));
#10748=CARTESIAN_POINT('',(0.035517852000862,-0.0393345697145879,0.004));
#10749=CARTESIAN_POINT('',(0.0292927298106575,-0.0568823005807681,0.004));
#10750=CARTESIAN_POINT('',(0.0235055871812048,-0.0391852956075744,0.004));
#10751=CARTESIAN_POINT('',(0.0235055871812048,-0.0391852956075744,0.004));
#10752=CARTESIAN_POINT('',(0.0290138297190999,-0.0500283042230375,0.004));
#10753=CARTESIAN_POINT('',(0.0290138297190999,-0.0500283042230375,0.003));
#10754=CARTESIAN_POINT('',(0.0291654687974756,-0.0459899649449424,0.004));
#10755=CARTESIAN_POINT('',(0.0291654687974756,-0.0459899649449424,0.003));
#10756=CARTESIAN_POINT('',(0.0314513112093196,-0.0416175664195714,0.004));
#10757=CARTESIAN_POINT('',(0.0314513112093196,-0.0416175664195714,0.003));
#10758=CARTESIAN_POINT('',(0.035517852000862,-0.0393345697145879,0.004));
#10759=CARTESIAN_POINT('',(0.035517852000862,-0.0393345697145879,0.003));
#10760=CARTESIAN_POINT('',(0.0290138297190999,-0.0500283042230375,0.003));
#10761=CARTESIAN_POINT('',(0.0291654687974756,-0.0459899649449424,0.003));
#10762=CARTESIAN_POINT('',(0.0314513112093196,-0.0416175664195714,0.003));
#10763=CARTESIAN_POINT('',(0.035517852000862,-0.0393345697145879,0.003));
#10764=CARTESIAN_POINT('',(0.0290138297190999,-0.0500283042230375,0.003));
#10765=CARTESIAN_POINT('',(0.0290138297190999,-0.0500283042230375,0.004));
#10766=CARTESIAN_POINT('',(0.0290138297190999,-0.0500283042230375,0.004));
#10767=CARTESIAN_POINT('',(0.0290138297190999,-0.0500283042230375,0.004));
#10768=CARTESIAN_POINT('',(0.0291654687974756,-0.0459899649449424,0.004));
#10769=CARTESIAN_POINT('',(0.0314513112093196,-0.0416175664195714,0.004));
#10770=CARTESIAN_POINT('',(0.035517852000862,-0.0393345697145879,0.004));
#10771=CARTESIAN_POINT('',(0.0293555516151941,-0.0569061063547293,0.004));
#10772=CARTESIAN_POINT('',(0.0293555516151941,-0.0569061063547293,0.003));
#10773=CARTESIAN_POINT('',(0.0224785298872698,-0.0572631892171453,0.003));
#10774=CARTESIAN_POINT('',(0.0224785298872698,-0.0572631892171453,0.004));
#10775=CARTESIAN_POINT('',(0.0224785298872698,-0.0572631892171453,0.004));
#10776=CARTESIAN_POINT('',(0.0293555516151941,-0.0569061063547293,0.004));
#10777=CARTESIAN_POINT('',(0.0292927298106575,-0.0568823005807681,0.004));
#10778=CARTESIAN_POINT('',(0.0292927298106575,-0.0568823005807681,0.003));
#10779=CARTESIAN_POINT('',(0.0167705765848387,-0.0431029434323383,0.003));
#10780=CARTESIAN_POINT('',(0.0108552798139266,-0.0594775736787135,0.003));
#10781=CARTESIAN_POINT('',(0.0167705765848387,-0.0431029434323383,0.004));
#10782=CARTESIAN_POINT('',(0.0167705765848387,-0.0431029434323383,0.004));
#10783=CARTESIAN_POINT('',(0.0292927298106575,-0.0568823005807681,0.004));
#10784=CARTESIAN_POINT('',(0.0108552798139266,-0.0594775736787135,0.004));
#10785=CARTESIAN_POINT('',(0.0108552798139266,-0.0594775736787135,0.004));
#10786=CARTESIAN_POINT('',(0.0230042199247501,-0.0595672192375166,0.004));
#10787=CARTESIAN_POINT('',(0.0230042199247501,-0.0595672192375166,0.003));
#10788=CARTESIAN_POINT('',(0.0193093945807746,-0.0550834176828946,0.004));
#10789=CARTESIAN_POINT('',(0.0193093945807746,-0.0550834176828946,0.003));
#10790=CARTESIAN_POINT('',(0.0168233252682485,-0.0493517147500561,0.004));
#10791=CARTESIAN_POINT('',(0.0168233252682485,-0.0493517147500561,0.003));
#10792=CARTESIAN_POINT('',(0.0167705765848387,-0.0431029434323383,0.004));
#10793=CARTESIAN_POINT('',(0.0167705765848387,-0.0431029434323383,0.003));
#10794=CARTESIAN_POINT('',(0.0230042199247501,-0.0595672192375166,0.003));
#10795=CARTESIAN_POINT('',(0.0193093945807746,-0.0550834176828946,0.003));
#10796=CARTESIAN_POINT('',(0.0168233252682485,-0.0493517147500561,0.003));
#10797=CARTESIAN_POINT('',(0.0167705765848387,-0.0431029434323383,0.003));
#10798=CARTESIAN_POINT('',(0.0230042199247501,-0.0595672192375166,0.003));
#10799=CARTESIAN_POINT('',(0.0230042199247501,-0.0595672192375166,0.004));
#10800=CARTESIAN_POINT('',(0.0230042199247501,-0.0595672192375166,0.004));
#10801=CARTESIAN_POINT('',(0.0230042199247501,-0.0595672192375166,0.004));
#10802=CARTESIAN_POINT('',(0.0193093945807746,-0.0550834176828946,0.004));
#10803=CARTESIAN_POINT('',(0.0168233252682485,-0.0493517147500561,0.004));
#10804=CARTESIAN_POINT('',(0.0167705765848387,-0.0431029434323383,0.004));
#10805=CARTESIAN_POINT('',(0.0293555516151948,-0.056906106354729,0.004));
#10806=CARTESIAN_POINT('',(0.0293555516151948,-0.056906106354729,0.003));
#10807=CARTESIAN_POINT('',(0.0232623124077181,-0.0601144348880084,0.003));
#10808=CARTESIAN_POINT('',(0.0232623124077181,-0.0601144348880084,0.004));
#10809=CARTESIAN_POINT('',(0.0232623124077181,-0.0601144348880084,0.004));
#10810=CARTESIAN_POINT('',(0.0293555516151948,-0.056906106354729,0.004));
#10811=CARTESIAN_POINT('',(0.0292927298106576,-0.0568823005807681,0.004));
#10812=CARTESIAN_POINT('',(0.0292927298106576,-0.0568823005807681,0.003));
#10813=CARTESIAN_POINT('',(0.0109612789672295,-0.0601431156337654,0.003));
#10814=CARTESIAN_POINT('',(0.0169054142220573,-0.0707829990288063,0.003));
#10815=CARTESIAN_POINT('',(0.0109612789672295,-0.0601431156337654,0.004));
#10816=CARTESIAN_POINT('',(0.0109612789672295,-0.0601431156337654,0.004));
#10817=CARTESIAN_POINT('',(0.0292927298106576,-0.0568823005807681,0.004));
#10818=CARTESIAN_POINT('',(0.0169054142220573,-0.0707829990288063,0.004));
#10819=CARTESIAN_POINT('',(0.0169054142220573,-0.0707829990288063,0.004));
#10820=CARTESIAN_POINT('',(0.0235480770091749,-0.0606066704627293,0.004));
#10821=CARTESIAN_POINT('',(0.0235480770091749,-0.0606066704627293,0.003));
#10822=CARTESIAN_POINT('',(0.0198695278984683,-0.0623441436444308,0.004));
#10823=CARTESIAN_POINT('',(0.0198695278984683,-0.0623441436444308,0.003));
#10824=CARTESIAN_POINT('',(0.014674693410104,-0.062277490928722,0.004));
#10825=CARTESIAN_POINT('',(0.014674693410104,-0.062277490928722,0.003));
#10826=CARTESIAN_POINT('',(0.0109612789672295,-0.0601431156337654,0.004));
#10827=CARTESIAN_POINT('',(0.0109612789672295,-0.0601431156337654,0.003));
#10828=CARTESIAN_POINT('',(0.0235480770091749,-0.0606066704627293,0.003));
#10829=CARTESIAN_POINT('',(0.0198695278984683,-0.0623441436444308,0.003));
#10830=CARTESIAN_POINT('',(0.014674693410104,-0.062277490928722,0.003));
#10831=CARTESIAN_POINT('',(0.0109612789672295,-0.0601431156337654,0.003));
#10832=CARTESIAN_POINT('',(0.0235480770091749,-0.0606066704627293,0.003));
#10833=CARTESIAN_POINT('',(0.0235480770091749,-0.0606066704627293,0.004));
#10834=CARTESIAN_POINT('',(0.0235480770091749,-0.0606066704627293,0.004));
#10835=CARTESIAN_POINT('',(0.0235480770091749,-0.0606066704627293,0.004));
#10836=CARTESIAN_POINT('',(0.0198695278984683,-0.0623441436444308,0.004));
#10837=CARTESIAN_POINT('',(0.014674693410104,-0.062277490928722,0.004));
#10838=CARTESIAN_POINT('',(0.0109612789672295,-0.0601431156337654,0.004));
#10839=CARTESIAN_POINT('',(0.0293555516151942,-0.0569061063547293,0.004));
#10840=CARTESIAN_POINT('',(0.0293555516151942,-0.0569061063547293,0.003));
#10841=CARTESIAN_POINT('',(0.0330860682553763,-0.0626943860313084,0.003));
#10842=CARTESIAN_POINT('',(0.0330860682553763,-0.0626943860313084,0.004));
#10843=CARTESIAN_POINT('',(0.0330860682553763,-0.0626943860313084,0.004));
#10844=CARTESIAN_POINT('',(0.0293555516151942,-0.0569061063547293,0.004));
#10845=CARTESIAN_POINT('',(0.0292927298106576,-0.056882300580768,0.004));
#10846=CARTESIAN_POINT('',(0.0292927298106576,-0.056882300580768,0.003));
#10847=CARTESIAN_POINT('',(0.0237077808683781,-0.0746441515582704,0.003));
#10848=CARTESIAN_POINT('',(0.0408784338006353,-0.0714578440660547,0.003));
#10849=CARTESIAN_POINT('',(0.0237077808683781,-0.0746441515582704,0.004));
#10850=CARTESIAN_POINT('',(0.0237077808683781,-0.0746441515582704,0.004));
#10851=CARTESIAN_POINT('',(0.0292927298106576,-0.056882300580768,0.004));
#10852=CARTESIAN_POINT('',(0.0408784338006353,-0.0714578440660547,0.004));
#10853=CARTESIAN_POINT('',(0.0408784338006353,-0.0714578440660547,0.004));
#10854=CARTESIAN_POINT('',(0.0347924413062219,-0.0611323536859407,0.004));
#10855=CARTESIAN_POINT('',(0.0347924413062219,-0.0611323536859407,0.003));
#10856=CARTESIAN_POINT('',(0.0326522245983179,-0.0669114798884428,0.004));
#10857=CARTESIAN_POINT('',(0.0326522245983179,-0.0669114798884428,0.003));
#10858=CARTESIAN_POINT('',(0.0293194985906963,-0.0712354523043928,0.004));
#10859=CARTESIAN_POINT('',(0.0293194985906963,-0.0712354523043928,0.003));
#10860=CARTESIAN_POINT('',(0.0237077808683781,-0.0746441515582704,0.004));
#10861=CARTESIAN_POINT('',(0.0237077808683781,-0.0746441515582704,0.003));
#10862=CARTESIAN_POINT('',(0.0347924413062219,-0.0611323536859407,0.003));
#10863=CARTESIAN_POINT('',(0.0326522245983179,-0.0669114798884428,0.003));
#10864=CARTESIAN_POINT('',(0.0293194985906963,-0.0712354523043928,0.003));
#10865=CARTESIAN_POINT('',(0.0237077808683781,-0.0746441515582704,0.003));
#10866=CARTESIAN_POINT('',(0.0347924413062219,-0.0611323536859407,0.003));
#10867=CARTESIAN_POINT('',(0.0347924413062219,-0.0611323536859407,0.004));
#10868=CARTESIAN_POINT('',(0.0347924413062219,-0.0611323536859407,0.004));
#10869=CARTESIAN_POINT('',(0.0347924413062219,-0.0611323536859407,0.004));
#10870=CARTESIAN_POINT('',(0.0326522245983179,-0.0669114798884428,0.004));
#10871=CARTESIAN_POINT('',(0.0293194985906963,-0.0712354523043928,0.004));
#10872=CARTESIAN_POINT('',(0.0237077808683781,-0.0746441515582704,0.004));
#10873=CARTESIAN_POINT('',(0.0293555516151946,-0.0569061063547297,0.004));
#10874=CARTESIAN_POINT('',(0.0293555516151946,-0.0569061063547297,0.003));
#10875=CARTESIAN_POINT('',(0.0352146229836513,-0.0605244234658047,0.003));
#10876=CARTESIAN_POINT('',(0.0352146229836513,-0.0605244234658047,0.004));
#10877=CARTESIAN_POINT('',(0.0352146229836513,-0.0605244234658047,0.004));
#10878=CARTESIAN_POINT('',(0.0293555516151946,-0.0569061063547297,0.004));
#10879=CARTESIAN_POINT('',(0.0292927298106575,-0.056882300580768,0.004));
#10880=CARTESIAN_POINT('',(0.0292927298106575,-0.056882300580768,0.003));
#10881=CARTESIAN_POINT('',(0.0414138454457663,-0.0710157205701122,0.003));
#10882=CARTESIAN_POINT('',(0.047563460437612,-0.0604677443736809,0.003));
#10883=CARTESIAN_POINT('',(0.0414138454457663,-0.0710157205701122,0.004));
#10884=CARTESIAN_POINT('',(0.0414138454457663,-0.0710157205701122,0.004));
#10885=CARTESIAN_POINT('',(0.0292927298106575,-0.056882300580768,0.004));
#10886=CARTESIAN_POINT('',(0.047563460437612,-0.0604677443736809,0.004));
#10887=CARTESIAN_POINT('',(0.047563460437612,-0.0604677443736809,0.004));
#10888=CARTESIAN_POINT('',(0.0355087475888278,-0.0599978882563248,0.004));
#10889=CARTESIAN_POINT('',(0.0355087475888278,-0.0599978882563248,0.003));
#10890=CARTESIAN_POINT('',(0.0389700669532974,-0.0623220650811494,0.004));
#10891=CARTESIAN_POINT('',(0.0389700669532974,-0.0623220650811494,0.003));
#10892=CARTESIAN_POINT('',(0.0418298168188349,-0.066475491770681,0.004));
#10893=CARTESIAN_POINT('',(0.0418298168188349,-0.066475491770681,0.003));
#10894=CARTESIAN_POINT('',(0.0414138454457663,-0.0710157205701122,0.004));
#10895=CARTESIAN_POINT('',(0.0414138454457663,-0.0710157205701122,0.003));
#10896=CARTESIAN_POINT('',(0.0355087475888278,-0.0599978882563248,0.003));
#10897=CARTESIAN_POINT('',(0.0389700669532974,-0.0623220650811494,0.003));
#10898=CARTESIAN_POINT('',(0.0418298168188349,-0.066475491770681,0.003));
#10899=CARTESIAN_POINT('',(0.0414138454457663,-0.0710157205701122,0.003));
#10900=CARTESIAN_POINT('',(0.0355087475888278,-0.0599978882563248,0.003));
#10901=CARTESIAN_POINT('',(0.0355087475888278,-0.0599978882563248,0.004));
#10902=CARTESIAN_POINT('',(0.0355087475888278,-0.0599978882563248,0.004));
#10903=CARTESIAN_POINT('',(0.0355087475888278,-0.0599978882563248,0.004));
#10904=CARTESIAN_POINT('',(0.0389700669532974,-0.0623220650811494,0.004));
#10905=CARTESIAN_POINT('',(0.0418298168188349,-0.066475491770681,0.004));
#10906=CARTESIAN_POINT('',(0.0414138454457663,-0.0710157205701122,0.004));
#10907=CARTESIAN_POINT('',(0.0293555516151941,-0.0569061063547293,0.004));
#10908=CARTESIAN_POINT('',(0.0293555516151941,-0.0569061063547293,0.003));
#10909=CARTESIAN_POINT('',(0.0326350359621225,-0.0508508674300273,0.003));
#10910=CARTESIAN_POINT('',(0.0326350359621225,-0.0508508674300273,0.004));
#10911=CARTESIAN_POINT('',(0.0326350359621225,-0.0508508674300273,0.004));
#10912=CARTESIAN_POINT('',(0.0293555516151941,-0.0569061063547293,0.004));
#10913=CARTESIAN_POINT('',(0.0292927298106575,-0.0568823005807681,0.004));
#10914=CARTESIAN_POINT('',(0.0292927298106575,-0.0568823005807681,0.004));
#10915=CARTESIAN_POINT('',(0.0494300964041218,-0.0568823005807681,0.004));
#10916=CARTESIAN_POINT('',(0.0292927298106575,-0.0568823005807681,0.003));
#10917=CARTESIAN_POINT('',(0.0494300964041218,-0.0568823005807681,0.003));
#10918=CARTESIAN_POINT('',(0.0293555516151946,-0.0569061063547225,0.004));
#10919=CARTESIAN_POINT('',(0.0293555516151946,-0.0569061063547225,0.003));
#10920=CARTESIAN_POINT('',(0.0293555516151946,-0.0569061063547225,0.004));
#10921=CARTESIAN_POINT('',(0.0235055871812048,-0.0391852956075744,0.004));
#10922=CARTESIAN_POINT('',(0.0235055871812048,-0.0391852956075744,0.003));
#10923=CARTESIAN_POINT('',(0.0208799947787147,-0.0451598527261433,0.004));
#10924=CARTESIAN_POINT('',(0.0208799947787147,-0.0451598527261433,0.003));
#10925=CARTESIAN_POINT('',(0.0209119557551358,-0.0517996203948665,0.004));
#10926=CARTESIAN_POINT('',(0.0209119557551358,-0.0517996203948665,0.003));
#10927=CARTESIAN_POINT('',(0.0224785298872698,-0.0572631892171453,0.004));
#10928=CARTESIAN_POINT('',(0.0224785298872698,-0.0572631892171453,0.003));
#10929=CARTESIAN_POINT('',(0.0235055871812048,-0.0391852956075744,0.003));
#10930=CARTESIAN_POINT('',(0.0208799947787147,-0.0451598527261433,0.003));
#10931=CARTESIAN_POINT('',(0.0209119557551358,-0.0517996203948665,0.003));
#10932=CARTESIAN_POINT('',(0.0224785298872698,-0.0572631892171453,0.003));
#10933=CARTESIAN_POINT('',(0.0235055871812048,-0.0391852956075744,0.004));
#10934=CARTESIAN_POINT('',(0.0208799947787147,-0.0451598527261433,0.004));
#10935=CARTESIAN_POINT('',(0.0209119557551358,-0.0517996203948665,0.004));
#10936=CARTESIAN_POINT('',(0.0224785298872698,-0.0572631892171453,0.004));
#10937=CARTESIAN_POINT('',(0.0108552798139266,-0.0594775736787135,0.004));
#10938=CARTESIAN_POINT('',(0.0108552798139266,-0.0594775736787135,0.003));
#10939=CARTESIAN_POINT('',(0.0147147548926785,-0.0617270767688751,0.004));
#10940=CARTESIAN_POINT('',(0.0147147548926785,-0.0617270767688751,0.003));
#10941=CARTESIAN_POINT('',(0.0192434999026234,-0.0617136582732201,0.004));
#10942=CARTESIAN_POINT('',(0.0192434999026234,-0.0617136582732201,0.003));
#10943=CARTESIAN_POINT('',(0.0232623124077181,-0.0601144348880084,0.004));
#10944=CARTESIAN_POINT('',(0.0232623124077181,-0.0601144348880084,0.003));
#10945=CARTESIAN_POINT('',(0.0108552798139266,-0.0594775736787135,0.003));
#10946=CARTESIAN_POINT('',(0.0147147548926785,-0.0617270767688751,0.003));
#10947=CARTESIAN_POINT('',(0.0192434999026234,-0.0617136582732201,0.003));
#10948=CARTESIAN_POINT('',(0.0232623124077181,-0.0601144348880084,0.003));
#10949=CARTESIAN_POINT('',(0.0108552798139266,-0.0594775736787135,0.004));
#10950=CARTESIAN_POINT('',(0.0147147548926785,-0.0617270767688751,0.004));
#10951=CARTESIAN_POINT('',(0.0192434999026234,-0.0617136582732201,0.004));
#10952=CARTESIAN_POINT('',(0.0232623124077181,-0.0601144348880084,0.004));
#10953=CARTESIAN_POINT('',(0.0169054142220573,-0.0707829990288063,0.004));
#10954=CARTESIAN_POINT('',(0.0169054142220573,-0.0707829990288063,0.003));
#10955=CARTESIAN_POINT('',(0.022358401717666,-0.0706495531123414,0.004));
#10956=CARTESIAN_POINT('',(0.022358401717666,-0.0706495531123414,0.003));
#10957=CARTESIAN_POINT('',(0.0294538834206028,-0.0665378118085582,0.004));
#10958=CARTESIAN_POINT('',(0.0294538834206028,-0.0665378118085582,0.003));
#10959=CARTESIAN_POINT('',(0.0330860682553763,-0.0626943860313084,0.004));
#10960=CARTESIAN_POINT('',(0.0330860682553763,-0.0626943860313084,0.003));
#10961=CARTESIAN_POINT('',(0.0169054142220573,-0.0707829990288063,0.003));
#10962=CARTESIAN_POINT('',(0.022358401717666,-0.0706495531123414,0.003));
#10963=CARTESIAN_POINT('',(0.0294538834206028,-0.0665378118085582,0.003));
#10964=CARTESIAN_POINT('',(0.0330860682553763,-0.0626943860313084,0.003));
#10965=CARTESIAN_POINT('',(0.0169054142220573,-0.0707829990288063,0.004));
#10966=CARTESIAN_POINT('',(0.022358401717666,-0.0706495531123414,0.004));
#10967=CARTESIAN_POINT('',(0.0294538834206028,-0.0665378118085582,0.004));
#10968=CARTESIAN_POINT('',(0.0330860682553763,-0.0626943860313084,0.004));
#10969=CARTESIAN_POINT('',(0.0408784338006353,-0.0714578440660547,0.004));
#10970=CARTESIAN_POINT('',(0.0408784338006353,-0.0714578440660547,0.003));
#10971=CARTESIAN_POINT('',(0.0408050793884358,-0.0662961751222611,0.004));
#10972=CARTESIAN_POINT('',(0.0408050793884358,-0.0662961751222611,0.003));
#10973=CARTESIAN_POINT('',(0.0381442720888222,-0.0629410669207573,0.004));
#10974=CARTESIAN_POINT('',(0.0381442720888222,-0.0629410669207573,0.003));
#10975=CARTESIAN_POINT('',(0.0352146229836513,-0.0605244234658047,0.004));
#10976=CARTESIAN_POINT('',(0.0352146229836513,-0.0605244234658047,0.003));
#10977=CARTESIAN_POINT('',(0.0408784338006353,-0.0714578440660547,0.003));
#10978=CARTESIAN_POINT('',(0.0408050793884358,-0.0662961751222611,0.003));
#10979=CARTESIAN_POINT('',(0.0381442720888222,-0.0629410669207573,0.003));
#10980=CARTESIAN_POINT('',(0.0352146229836513,-0.0605244234658047,0.003));
#10981=CARTESIAN_POINT('',(0.0408784338006353,-0.0714578440660547,0.004));
#10982=CARTESIAN_POINT('',(0.0408050793884358,-0.0662961751222611,0.004));
#10983=CARTESIAN_POINT('',(0.0381442720888222,-0.0629410669207573,0.004));
#10984=CARTESIAN_POINT('',(0.0352146229836513,-0.0605244234658047,0.004));
#10985=CARTESIAN_POINT('',(0.0326350359621225,-0.0508508674300273,0.004));
#10986=CARTESIAN_POINT('',(0.0326350359621225,-0.0508508674300273,0.003));
#10987=CARTESIAN_POINT('',(0.0379484204496993,-0.0520815723538855,0.004));
#10988=CARTESIAN_POINT('',(0.0379484204496993,-0.0520815723538855,0.003));
#10989=CARTESIAN_POINT('',(0.0422313431694103,-0.0545686342443813,0.004));
#10990=CARTESIAN_POINT('',(0.0422313431694103,-0.0545686342443813,0.003));
#10991=CARTESIAN_POINT('',(0.047563460437612,-0.0604677443736809,0.004));
#10992=CARTESIAN_POINT('',(0.047563460437612,-0.0604677443736809,0.003));
#10993=CARTESIAN_POINT('',(0.0326350359621225,-0.0508508674300273,0.003));
#10994=CARTESIAN_POINT('',(0.0379484204496993,-0.0520815723538855,0.003));
#10995=CARTESIAN_POINT('',(0.0422313431694103,-0.0545686342443813,0.003));
#10996=CARTESIAN_POINT('',(0.047563460437612,-0.0604677443736809,0.003));
#10997=CARTESIAN_POINT('',(0.0326350359621225,-0.0508508674300273,0.004));
#10998=CARTESIAN_POINT('',(0.0379484204496993,-0.0520815723538855,0.004));
#10999=CARTESIAN_POINT('',(0.0422313431694103,-0.0545686342443813,0.004));
#11000=CARTESIAN_POINT('',(0.047563460437612,-0.0604677443736809,0.004));
#11001=CARTESIAN_POINT('',(0.0293555516151941,-0.0569061063547293,0.004));
#11002=CARTESIAN_POINT('',(0.0293555516151941,-0.0569061063547293,0.004));
#11003=CARTESIAN_POINT('',(0.0354418376981981,-0.0569061063547293,0.004));
#11004=CARTESIAN_POINT('',(0.0293555516151941,-0.0569061063547293,0.003));
#11005=CARTESIAN_POINT('',(0.0354418376981981,-0.0569061063547293,0.003));
#11006=CARTESIAN_POINT('',(0.0292927298106575,-0.0528823005807681,0.004));
#11007=CARTESIAN_POINT('',(0.0292927298106575,-0.0528823005807681,0.003));
#11008=CARTESIAN_POINT('',(0.,0.,0.));
#11009=CARTESIAN_POINT('',(0.0895644498106575,0.000324739419231943,0.004));
#11010=CARTESIAN_POINT('',(0.0895644498106575,0.000324739419231943,0.003));
#11011=CARTESIAN_POINT('',(0.0988816350009525,0.0165022307166808,0.003));
#11012=CARTESIAN_POINT('',(0.107970062640084,-0.00279849302849334,0.003));
#11013=CARTESIAN_POINT('',(0.0988816350009525,0.0165022307166808,0.004));
#11014=CARTESIAN_POINT('',(0.0988816350009525,0.0165022307166808,0.004));
#11015=CARTESIAN_POINT('',(0.0895644498106575,0.000324739419231943,0.004));
#11016=CARTESIAN_POINT('',(0.107970062640084,-0.00279849302849334,0.004));
#11017=CARTESIAN_POINT('',(0.107970062640084,-0.00279849302849334,0.004));
#11018=CARTESIAN_POINT('',(0.0988816350009525,0.0165022307166808,0.004));
#11019=CARTESIAN_POINT('',(0.0988816350009525,0.0165022307166808,0.003));
#11020=CARTESIAN_POINT('',(0.0993944359853581,0.0160587052713795,0.004));
#11021=CARTESIAN_POINT('',(0.0993944359853581,0.0160587052713795,0.003));
#11022=CARTESIAN_POINT('',(0.100439097693941,0.015157445257386,0.004));
#11023=CARTESIAN_POINT('',(0.100439097693941,0.015157445257386,0.003));
#11024=CARTESIAN_POINT('',(0.10187601600582,0.0138670250686807,0.004));
#11025=CARTESIAN_POINT('',(0.10187601600582,0.0138670250686807,0.003));
#11026=CARTESIAN_POINT('',(0.102932330793674,0.0128003956432519,0.004));
#11027=CARTESIAN_POINT('',(0.102932330793674,0.0128003956432519,0.003));
#11028=CARTESIAN_POINT('',(0.103623747495375,0.0118735035166655,0.004));
#11029=CARTESIAN_POINT('',(0.103623747495375,0.0118735035166655,0.003));
#11030=CARTESIAN_POINT('',(0.104429866625983,0.0105353111623677,0.004));
#11031=CARTESIAN_POINT('',(0.104429866625983,0.0105353111623677,0.003));
#11032=CARTESIAN_POINT('',(0.105335116953448,0.008846331434412,0.004));
#11033=CARTESIAN_POINT('',(0.105335116953448,0.008846331434412,0.003));
#11034=CARTESIAN_POINT('',(0.106068462901803,0.00721054783565979,0.004));
#11035=CARTESIAN_POINT('',(0.106068462901803,0.00721054783565979,0.003));
#11036=CARTESIAN_POINT('',(0.106482288965308,0.00584400164645524,0.004));
#11037=CARTESIAN_POINT('',(0.106482288965308,0.00584400164645524,0.003));
#11038=CARTESIAN_POINT('',(0.106734434093967,0.00441229943842599,0.004));
#11039=CARTESIAN_POINT('',(0.106734434093967,0.00441229943842599,0.003));
#11040=CARTESIAN_POINT('',(0.106925409000204,0.00273603081275059,0.004));
#11041=CARTESIAN_POINT('',(0.106925409000204,0.00273603081275059,0.003));
#11042=CARTESIAN_POINT('',(0.107021213103834,0.00118144864582285,0.004));
#11043=CARTESIAN_POINT('',(0.107021213103834,0.00118144864582285,0.003));
#11044=CARTESIAN_POINT('',(0.107001582138911,7.00633780108866E-5,0.004));
#11045=CARTESIAN_POINT('',(0.107001582138911,7.00633780108866E-5,0.003));
#11046=CARTESIAN_POINT('',(0.106854279882636,-0.0011141466563059,0.004));
#11047=CARTESIAN_POINT('',(0.106854279882636,-0.0011141466563059,0.003));
#11048=CARTESIAN_POINT('',(0.106592849136654,-0.00254142540046939,0.004));
#11049=CARTESIAN_POINT('',(0.106592849136654,-0.00254142540046939,0.003));
#11050=CARTESIAN_POINT('',(0.106327539270811,-0.00367658928931999,0.004));
#11051=CARTESIAN_POINT('',(0.106327539270811,-0.00367658928931999,0.003));
#11052=CARTESIAN_POINT('',(0.105949603202905,-0.00471846832377999,0.004));
#11053=CARTESIAN_POINT('',(0.105949603202905,-0.00471846832377999,0.003));
#11054=CARTESIAN_POINT('',(0.105188207073153,-0.00631918755651268,0.004));
#11055=CARTESIAN_POINT('',(0.105188207073153,-0.00631918755651268,0.003));
#11056=CARTESIAN_POINT('',(0.104215229296655,-0.00810067675722431,0.004));
#11057=CARTESIAN_POINT('',(0.104215229296655,-0.00810067675722431,0.003));
#11058=CARTESIAN_POINT('',(0.103267509903282,-0.00957118886804818,0.004));
#11059=CARTESIAN_POINT('',(0.103267509903282,-0.00957118886804818,0.003));
#11060=CARTESIAN_POINT('',(0.10235948481628,-0.0106117958727046,0.004));
#11061=CARTESIAN_POINT('',(0.10235948481628,-0.0106117958727046,0.003));
#11062=CARTESIAN_POINT('',(0.101159646177186,-0.0116515373718659,0.004));
#11063=CARTESIAN_POINT('',(0.101159646177186,-0.0116515373718659,0.003));
#11064=CARTESIAN_POINT('',(0.0995732775487729,-0.0128168082869258,0.004));
#11065=CARTESIAN_POINT('',(0.0995732775487729,-0.0128168082869258,0.003));
#11066=CARTESIAN_POINT('',(0.0978149284652045,-0.0138836634294228,0.004));
#11067=CARTESIAN_POINT('',(0.0978149284652045,-0.0138836634294228,0.003));
#11068=CARTESIAN_POINT('',(0.0960755851724225,-0.0146558549863706,0.004));
#11069=CARTESIAN_POINT('',(0.0960755851724225,-0.0146558549863706,0.003));
#11070=CARTESIAN_POINT('',(0.0943567870842651,-0.0151404700688861,0.004));
#11071=CARTESIAN_POINT('',(0.0943567870842651,-0.0151404700688861,0.003));
#11072=CARTESIAN_POINT('',(0.0919823717597197,-0.0155392358711169,0.004));
#11073=CARTESIAN_POINT('',(0.0919823717597197,-0.0155392358711169,0.003));
#11074=CARTESIAN_POINT('',(0.0894031724263073,-0.0156484310454045,0.004));
#11075=CARTESIAN_POINT('',(0.0894031724263073,-0.0156484310454045,0.003));
#11076=CARTESIAN_POINT('',(0.0865947355457736,-0.0150662656970409,0.004));
#11077=CARTESIAN_POINT('',(0.0865947355457736,-0.0150662656970409,0.003));
#11078=CARTESIAN_POINT('',(0.084466121287103,-0.0143042089507667,0.004));
#11079=CARTESIAN_POINT('',(0.084466121287103,-0.0143042089507667,0.003));
#11080=CARTESIAN_POINT('',(0.0824926951718694,-0.0133336333256751,0.004));
#11081=CARTESIAN_POINT('',(0.0824926951718694,-0.0133336333256751,0.003));
#11082=CARTESIAN_POINT('',(0.0808668445663361,-0.0122627221101203,0.004));
#11083=CARTESIAN_POINT('',(0.0808668445663361,-0.0122627221101203,0.003));
#11084=CARTESIAN_POINT('',(0.0795849535024102,-0.0111299572221802,0.004));
#11085=CARTESIAN_POINT('',(0.0795849535024102,-0.0111299572221802,0.003));
#11086=CARTESIAN_POINT('',(0.0781567547214012,-0.00954283712809726,0.004));
#11087=CARTESIAN_POINT('',(0.0781567547214012,-0.00954283712809726,0.003));
#11088=CARTESIAN_POINT('',(0.0767120515453078,-0.00734823226249385,0.004));
#11089=CARTESIAN_POINT('',(0.0767120515453078,-0.00734823226249385,0.003));
#11090=CARTESIAN_POINT('',(0.0756813970347439,-0.00396953979476717,0.004));
#11091=CARTESIAN_POINT('',(0.0756813970347439,-0.00396953979476717,0.003));
#11092=CARTESIAN_POINT('',(0.0753138137682933,-0.00140096952866561,0.004));
#11093=CARTESIAN_POINT('',(0.0753138137682933,-0.00140096952866561,0.003));
#11094=CARTESIAN_POINT('',(0.0752917439305036,0.000898874689410255,0.004));
#11095=CARTESIAN_POINT('',(0.0752917439305036,0.000898874689410255,0.003));
#11096=CARTESIAN_POINT('',(0.075689218266884,0.00292921737641358,0.004));
#11097=CARTESIAN_POINT('',(0.075689218266884,0.00292921737641358,0.003));
#11098=CARTESIAN_POINT('',(0.0764410080920152,0.00488888865952152,0.004));
#11099=CARTESIAN_POINT('',(0.0764410080920152,0.00488888865952152,0.003));
#11100=CARTESIAN_POINT('',(0.0771900815550676,0.00640348082354979,0.004));
#11101=CARTESIAN_POINT('',(0.0771900815550676,0.00640348082354979,0.003));
#11102=CARTESIAN_POINT('',(0.0780896476044347,0.00784213335400998,0.004));
#11103=CARTESIAN_POINT('',(0.0780896476044347,0.00784213335400998,0.003));
#11104=CARTESIAN_POINT('',(0.0790956636795062,0.00901767057190373,0.004));
#11105=CARTESIAN_POINT('',(0.0790956636795062,0.00901767057190373,0.003));
#11106=CARTESIAN_POINT('',(0.0801990164979239,0.00995016540319828,0.004));
#11107=CARTESIAN_POINT('',(0.0801990164979239,0.00995016540319828,0.003));
#11108=CARTESIAN_POINT('',(0.0814221015929557,0.0108247349919291,0.004));
#11109=CARTESIAN_POINT('',(0.0814221015929557,0.0108247349919291,0.003));
#11110=CARTESIAN_POINT('',(0.0827426053693826,0.0116414114557521,0.004));
#11111=CARTESIAN_POINT('',(0.0827426053693826,0.0116414114557521,0.003));
#11112=CARTESIAN_POINT('',(0.0841151227735297,0.0122759719155176,0.004));
#11113=CARTESIAN_POINT('',(0.0841151227735297,0.0122759719155176,0.003));
#11114=CARTESIAN_POINT('',(0.0854795771430472,0.0127007430107335,0.004));
#11115=CARTESIAN_POINT('',(0.0854795771430472,0.0127007430107335,0.003));
#11116=CARTESIAN_POINT('',(0.0866903581529022,0.0129631390305082,0.004));
#11117=CARTESIAN_POINT('',(0.0866903581529022,0.0129631390305082,0.003));
#11118=CARTESIAN_POINT('',(0.0878604064828662,0.0130756497749208,0.004));
#11119=CARTESIAN_POINT('',(0.0878604064828662,0.0130756497749208,0.003));
#11120=CARTESIAN_POINT('',(0.0893262122120185,0.0130400429017506,0.004));
#11121=CARTESIAN_POINT('',(0.0893262122120185,0.0130400429017506,0.003));
#11122=CARTESIAN_POINT('',(0.0909140685794592,0.0128565467895787,0.004));
#11123=CARTESIAN_POINT('',(0.0909140685794592,0.0128565467895787,0.003));
#11124=CARTESIAN_POINT('',(0.0923851280214742,0.0125247175269772,0.004));
#11125=CARTESIAN_POINT('',(0.0923851280214742,0.0125247175269772,0.003));
#11126=CARTESIAN_POINT('',(0.0937262946132538,0.0120385088571886,0.004));
#11127=CARTESIAN_POINT('',(0.0937262946132538,0.0120385088571886,0.003));
#11128=CARTESIAN_POINT('',(0.0949627851532737,0.0113840771788927,0.004));
#11129=CARTESIAN_POINT('',(0.0949627851532737,0.0113840771788927,0.003));
#11130=CARTESIAN_POINT('',(0.0961120178371627,0.0106132680131974,0.004));
#11131=CARTESIAN_POINT('',(0.0961120178371627,0.0106132680131974,0.003));
#11132=CARTESIAN_POINT('',(0.0971961283180918,0.00979968641869246,0.004));
#11133=CARTESIAN_POINT('',(0.0971961283180918,0.00979968641869246,0.003));
#11134=CARTESIAN_POINT('',(0.0981952552028026,0.00879993914866253,0.004));
#11135=CARTESIAN_POINT('',(0.0981952552028026,0.00879993914866253,0.003));
#11136=CARTESIAN_POINT('',(0.0990854192392841,0.00747786319540483,0.004));
#11137=CARTESIAN_POINT('',(0.0990854192392841,0.00747786319540483,0.003));
#11138=CARTESIAN_POINT('',(0.0997818046418184,0.00619157506421367,0.004));
#11139=CARTESIAN_POINT('',(0.0997818046418184,0.00619157506421367,0.00300000000000001));
#11140=CARTESIAN_POINT('',(0.100199409626261,0.00529128842719234,0.004));
#11141=CARTESIAN_POINT('',(0.100199409626261,0.00529128842719234,0.003));
#11142=CARTESIAN_POINT('',(0.100512093355365,0.00411099594843329,0.004));
#11143=CARTESIAN_POINT('',(0.100512093355365,0.00411099594843329,0.003));
#11144=CARTESIAN_POINT('',(0.100762844143268,0.00249895287870178,0.004));
#11145=CARTESIAN_POINT('',(0.100762844143268,0.00249895287870178,0.003));
#11146=CARTESIAN_POINT('',(0.100861512905801,0.000836218426624043,0.004));
#11147=CARTESIAN_POINT('',(0.100861512905801,0.000836218426624043,0.003));
#11148=CARTESIAN_POINT('',(0.100764994506619,-0.000713203988113282,0.004));
#11149=CARTESIAN_POINT('',(0.100764994506619,-0.000713203988113282,0.003));
#11150=CARTESIAN_POINT('',(0.100438414720336,-0.00212076454681674,0.004));
#11151=CARTESIAN_POINT('',(0.100438414720336,-0.00212076454681674,0.003));
#11152=CARTESIAN_POINT('',(0.0998909984769764,-0.00336157748114573,0.004));
#11153=CARTESIAN_POINT('',(0.0998909984769764,-0.00336157748114573,0.003));
#11154=CARTESIAN_POINT('',(0.0993161613907018,-0.00448203577541632,0.004));
#11155=CARTESIAN_POINT('',(0.0993161613907018,-0.00448203577541632,0.003));
#11156=CARTESIAN_POINT('',(0.0986804173901581,-0.00552211101815242,0.004));
#11157=CARTESIAN_POINT('',(0.0986804173901581,-0.00552211101815242,0.003));
#11158=CARTESIAN_POINT('',(0.0976666375532235,-0.00655380885343745,0.004));
#11159=CARTESIAN_POINT('',(0.0976666375532235,-0.00655380885343745,0.003));
#11160=CARTESIAN_POINT('',(0.0963794993760154,-0.00752052127424171,0.004));
#11161=CARTESIAN_POINT('',(0.0963794993760154,-0.00752052127424171,0.003));
#11162=CARTESIAN_POINT('',(0.0950660438340895,-0.00831953769525472,0.004));
#11163=CARTESIAN_POINT('',(0.0950660438340895,-0.00831953769525472,0.003));
#11164=CARTESIAN_POINT('',(0.0937102601558361,-0.00890556161213284,0.004));
#11165=CARTESIAN_POINT('',(0.0937102601558361,-0.00890556161213284,0.003));
#11166=CARTESIAN_POINT('',(0.0921446709171463,-0.00924296493227035,0.004));
#11167=CARTESIAN_POINT('',(0.0921446709171463,-0.00924296493227035,0.003));
#11168=CARTESIAN_POINT('',(0.0904625933917014,-0.00934026804761722,0.004));
#11169=CARTESIAN_POINT('',(0.0904625933917014,-0.00934026804761722,0.003));
#11170=CARTESIAN_POINT('',(0.0889429405817379,-0.00924548546962298,0.004));
#11171=CARTESIAN_POINT('',(0.0889429405817379,-0.00924548546962298,0.003));
#11172=CARTESIAN_POINT('',(0.0876597649071514,-0.0089692637713118,0.004));
#11173=CARTESIAN_POINT('',(0.0876597649071514,-0.0089692637713118,0.003));
#11174=CARTESIAN_POINT('',(0.086397135899834,-0.0084660180143736,0.004));
#11175=CARTESIAN_POINT('',(0.086397135899834,-0.0084660180143736,0.003));
#11176=CARTESIAN_POINT('',(0.0851657287435466,-0.00775158041002255,0.004));
#11177=CARTESIAN_POINT('',(0.0851657287435466,-0.00775158041002255,0.003));
#11178=CARTESIAN_POINT('',(0.0841326504577353,-0.00687512898577145,0.004));
#11179=CARTESIAN_POINT('',(0.0841326504577353,-0.00687512898577145,0.003));
#11180=CARTESIAN_POINT('',(0.0833123686150812,-0.00591212069912709,0.004));
#11181=CARTESIAN_POINT('',(0.0833123686150812,-0.00591212069912709,0.003));
#11182=CARTESIAN_POINT('',(0.0826718912712958,-0.00496769000329472,0.004));
#11183=CARTESIAN_POINT('',(0.0826718912712958,-0.00496769000329472,0.003));
#11184=CARTESIAN_POINT('',(0.0821611647653539,-0.00398947499952557,0.004));
#11185=CARTESIAN_POINT('',(0.0821611647653539,-0.00398947499952557,0.003));
#11186=CARTESIAN_POINT('',(0.0817643082113285,-0.00291740417664491,0.004));
#11187=CARTESIAN_POINT('',(0.0817643082113285,-0.00291740417664491,0.003));
#11188=CARTESIAN_POINT('',(0.0815529070028601,-0.0016305047025224,0.004));
#11189=CARTESIAN_POINT('',(0.0815529070028601,-0.0016305047025224,0.003));
#11190=CARTESIAN_POINT('',(0.0815003408687097,-0.000375343067893252,0.004));
#11191=CARTESIAN_POINT('',(0.0815003408687097,-0.000375343067893252,0.003));
#11192=CARTESIAN_POINT('',(0.081566575464104,0.000544904239283353,0.004));
#11193=CARTESIAN_POINT('',(0.081566575464104,0.000544904239283353,0.003));
#11194=CARTESIAN_POINT('',(0.0818265925491818,0.00177323000481503,0.004));
#11195=CARTESIAN_POINT('',(0.0818265925491818,0.00177323000481503,0.003));
#11196=CARTESIAN_POINT('',(0.0822447058269021,0.00310189897240647,0.004));
#11197=CARTESIAN_POINT('',(0.0822447058269021,0.00310189897240647,0.003));
#11198=CARTESIAN_POINT('',(0.0827041652397133,0.00381878688226215,0.004));
#11199=CARTESIAN_POINT('',(0.0827041652397133,0.00381878688226215,0.003));
#11200=CARTESIAN_POINT('',(0.0833918561900447,0.00456490472595431,0.004));
#11201=CARTESIAN_POINT('',(0.0833918561900447,0.00456490472595431,0.003));
#11202=CARTESIAN_POINT('',(0.0842618912088496,0.00538249243844906,0.004));
#11203=CARTESIAN_POINT('',(0.0842618912088496,0.00538249243844906,0.003));
#11204=CARTESIAN_POINT('',(0.0851525709227814,0.00596977413751433,0.004));
#11205=CARTESIAN_POINT('',(0.0851525709227814,0.00596977413751433,0.003));
#11206=CARTESIAN_POINT('',(0.0860422582969159,0.00645514936749526,0.004));
#11207=CARTESIAN_POINT('',(0.0860422582969159,0.00645514936749526,0.003));
#11208=CARTESIAN_POINT('',(0.0870230322270347,0.00679354480984191,0.004));
#11209=CARTESIAN_POINT('',(0.0870230322270347,0.00679354480984191,0.003));
#11210=CARTESIAN_POINT('',(0.0881617293491413,0.00692829633376927,0.004));
#11211=CARTESIAN_POINT('',(0.0881617293491413,0.00692829633376927,0.003));
#11212=CARTESIAN_POINT('',(0.0892229031593061,0.00693002908351758,0.004));
#11213=CARTESIAN_POINT('',(0.0892229031593061,0.00693002908351758,0.003));
#11214=CARTESIAN_POINT('',(0.0901273518644931,0.00679095397810486,0.004));
#11215=CARTESIAN_POINT('',(0.0901273518644931,0.00679095397810486,0.003));
#11216=CARTESIAN_POINT('',(0.0909602953388691,0.00651001995899361,0.004));
#11217=CARTESIAN_POINT('',(0.0909602953388691,0.00651001995899361,0.003));
#11218=CARTESIAN_POINT('',(0.0919115445870326,0.00611670245471334,0.004));
#11219=CARTESIAN_POINT('',(0.0919115445870326,0.00611670245471334,0.003));
#11220=CARTESIAN_POINT('',(0.0925967833648024,0.00567888264021617,0.004));
#11221=CARTESIAN_POINT('',(0.0925967833648024,0.00567888264021617,0.003));
#11222=CARTESIAN_POINT('',(0.0932318969786002,0.00510273203557607,0.004));
#11223=CARTESIAN_POINT('',(0.0932318969786002,0.00510273203557607,0.003));
#11224=CARTESIAN_POINT('',(0.0937830043434561,0.00445358660565567,0.004));
#11225=CARTESIAN_POINT('',(0.0937830043434561,0.00445358660565567,0.003));
#11226=CARTESIAN_POINT('',(0.0942030527362977,0.00364351899156487,0.004));
#11227=CARTESIAN_POINT('',(0.0942030527362977,0.00364351899156487,0.003));
#11228=CARTESIAN_POINT('',(0.0945007467825535,0.00269265322022553,0.004));
#11229=CARTESIAN_POINT('',(0.0945007467825535,0.00269265322022553,0.003));
#11230=CARTESIAN_POINT('',(0.0945984703232595,0.0020335016336507,0.004));
#11231=CARTESIAN_POINT('',(0.0945984703232595,0.0020335016336507,0.003));
#11232=CARTESIAN_POINT('',(0.094736950643492,0.0012273353703754,0.004));
#11233=CARTESIAN_POINT('',(0.094736950643492,0.0012273353703754,0.003));
#11234=CARTESIAN_POINT('',(0.0946577674219986,0.000460770337098926,0.004));
#11235=CARTESIAN_POINT('',(0.0946577674219986,0.000460770337098926,0.003));
#11236=CARTESIAN_POINT('',(0.0944896206258537,-0.000291587458838176,0.004));
#11237=CARTESIAN_POINT('',(0.0944896206258537,-0.000291587458838176,0.003));
#11238=CARTESIAN_POINT('',(0.0942182885178709,-0.00104994728619704,0.004));
#11239=CARTESIAN_POINT('',(0.0942182885178709,-0.00104994728619704,0.003));
#11240=CARTESIAN_POINT('',(0.0937665278561412,-0.00172469066570139,0.004));
#11241=CARTESIAN_POINT('',(0.0937665278561412,-0.00172469066570139,0.003));
#11242=CARTESIAN_POINT('',(0.0931763521407475,-0.00227864113400173,0.004));
#11243=CARTESIAN_POINT('',(0.0931763521407475,-0.00227864113400173,0.003));
#11244=CARTESIAN_POINT('',(0.092466556141521,-0.00278257324111264,0.004));
#11245=CARTESIAN_POINT('',(0.092466556141521,-0.00278257324111264,0.003));
#11246=CARTESIAN_POINT('',(0.0917399633896629,-0.00307826634687588,0.004));
#11247=CARTESIAN_POINT('',(0.0917399633896629,-0.00307826634687588,0.003));
#11248=CARTESIAN_POINT('',(0.0909832615575703,-0.00316774531941706,0.004));
#11249=CARTESIAN_POINT('',(0.0909832615575703,-0.00316774531941706,0.003));
#11250=CARTESIAN_POINT('',(0.0900943763071299,-0.00321895898264289,0.004));
#11251=CARTESIAN_POINT('',(0.0900943763071299,-0.00321895898264289,0.003));
#11252=CARTESIAN_POINT('',(0.0892594045402271,-0.0030206073989371,0.004));
#11253=CARTESIAN_POINT('',(0.0892594045402271,-0.0030206073989371,0.003));
#11254=CARTESIAN_POINT('',(0.0886280780856253,-0.0026187081455883,0.004));
#11255=CARTESIAN_POINT('',(0.0886280780856253,-0.0026187081455883,0.003));
#11256=CARTESIAN_POINT('',(0.0880595831037582,-0.00207384788136768,0.004));
#11257=CARTESIAN_POINT('',(0.0880595831037582,-0.00207384788136768,0.003));
#11258=CARTESIAN_POINT('',(0.0877132767011797,-0.00138949987530672,0.004));
#11259=CARTESIAN_POINT('',(0.0877132767011797,-0.00138949987530672,0.003));
#11260=CARTESIAN_POINT('',(0.0876026640082763,-0.000570114204072107,0.004));
#11261=CARTESIAN_POINT('',(0.0876026640082763,-0.000570114204072107,0.003));
#11262=CARTESIAN_POINT('',(0.0877853080738678,0.000326407410127448,0.004));
#11263=CARTESIAN_POINT('',(0.0877853080738678,0.000326407410127448,0.003));
#11264=CARTESIAN_POINT('',(0.0883044475554821,0.000812739563683221,0.004));
#11265=CARTESIAN_POINT('',(0.0883044475554821,0.000812739563683221,0.003));
#11266=CARTESIAN_POINT('',(0.0891250787725182,0.000730135963817693,0.004));
#11267=CARTESIAN_POINT('',(0.0891250787725182,0.000730135963817693,0.003));
#11268=CARTESIAN_POINT('',(0.089431934184447,0.000455395348308587,0.004));
#11269=CARTESIAN_POINT('',(0.089431934184447,0.000455395348308587,0.003));
#11270=CARTESIAN_POINT('',(0.0895644498106575,0.000324739419231942,0.004));
#11271=CARTESIAN_POINT('',(0.0895644498106575,0.000324739419231942,0.003));
#11272=CARTESIAN_POINT('',(0.0988816350009525,0.0165022307166808,0.003));
#11273=CARTESIAN_POINT('',(0.10019940901198,0.0153624780195889,0.003));
#11274=CARTESIAN_POINT('',(0.102566500406825,0.0133274439521707,0.003));
#11275=CARTESIAN_POINT('',(0.103951341030453,0.0114530659999864,0.003));
#11276=CARTESIAN_POINT('',(0.106082199612848,0.00751939408111605,0.003));
#11277=CARTESIAN_POINT('',(0.106742562668893,0.004760359905396,0.003));
#11278=CARTESIAN_POINT('',(0.10706188721381,0.00126077676773913,0.003));
#11279=CARTESIAN_POINT('',(0.106960589390781,-0.00058135059010722,0.003));
#11280=CARTESIAN_POINT('',(0.106493229289869,-0.00312136178271098,0.003));
#11281=CARTESIAN_POINT('',(0.105942197786321,-0.00490277175698575,0.003));
#11282=CARTESIAN_POINT('',(0.103717580352893,-0.00915298907707999,0.003));
#11283=CARTESIAN_POINT('',(0.101716414768738,-0.0113414652227774,0.003));
#11284=CARTESIAN_POINT('',(0.0973553885169538,-0.0144000718833708,0.003));
#11285=CARTESIAN_POINT('',(0.0929892790346563,-0.0155237734309817,0.003));
#11286=CARTESIAN_POINT('',(0.0877301882515697,-0.0157467271478299,0.003));
#11287=CARTESIAN_POINT('',(0.0817599273598275,-0.0132066426694604,0.003));
#11288=CARTESIAN_POINT('',(0.0787106854564919,-0.0103342854724456,0.003));
#11289=CARTESIAN_POINT('',(0.0765658262518218,-0.00722956462166744,0.003));
#11290=CARTESIAN_POINT('',(0.0751737905028959,-0.00205456733879173,0.003));
#11291=CARTESIAN_POINT('',(0.0753546102717896,0.0018858899926185,0.003));
#11292=CARTESIAN_POINT('',(0.0764473770262584,0.00513426511865227,0.003));
#11293=CARTESIAN_POINT('',(0.0783529795195747,0.00844474317441972,0.003));
#11294=CARTESIAN_POINT('',(0.0806694760540391,0.0103548046122777,0.003));
#11295=CARTESIAN_POINT('',(0.0833526930823236,0.0120687014097849,0.003));
#11296=CARTESIAN_POINT('',(0.0859918266377331,0.0128675047889425,0.003));
#11297=CARTESIAN_POINT('',(0.0880587044511958,0.0131426017797909,0.003));
#11298=CARTESIAN_POINT('',(0.0912215695172119,0.0128923348523438,0.003));
#11299=CARTESIAN_POINT('',(0.0939447770395519,0.0120369638306188,0.003));
#11300=CARTESIAN_POINT('',(0.0962082517832113,0.0105851629027526,0.003));
#11301=CARTESIAN_POINT('',(0.0982425138198945,0.00895833180617074,0.003));
#11302=CARTESIAN_POINT('',(0.0997710016298173,0.00627149072168299,0.003));
#11303=CARTESIAN_POINT('',(0.100436878981784,0.00472962733383431,0.003));
#11304=CARTESIAN_POINT('',(0.10094793031171,0.0014438122638872,0.003));
#11305=CARTESIAN_POINT('',(0.100713635099543,-0.00166775660119848,0.003));
#11306=CARTESIAN_POINT('',(0.0995976756194118,-0.00395697045270956,0.003));
#11307=CARTESIAN_POINT('',(0.0985339967008644,-0.00590212366860873,0.003));
#11308=CARTESIAN_POINT('',(0.0959427618604513,-0.00790634796938783,0.003));
#11309=CARTESIAN_POINT('',(0.093190101173108,-0.00923657596488965,0.003));
#11310=CARTESIAN_POINT('',(0.0895623856887504,-0.00940758332914749,0.003));
#11311=CARTESIAN_POINT('',(0.0870946636631104,-0.00886646839304378,0.003));
#11312=CARTESIAN_POINT('',(0.0847536865695188,-0.00756625394940309,0.003));
#11313=CARTESIAN_POINT('',(0.0832482580200845,-0.00588820351004579,0.003));
#11314=CARTESIAN_POINT('',(0.0823072508420761,-0.00436356364153469,0.003));
#11315=CARTESIAN_POINT('',(0.0816400424842837,-0.00267129641665871,0.003));
#11316=CARTESIAN_POINT('',(0.0814711156851303,-0.000493612680989961,0.003));
#11317=CARTESIAN_POINT('',(0.0816050293385675,0.000933190099189314,0.003));
#11318=CARTESIAN_POINT('',(0.082201841604592,0.00315069409210205,0.003));
#11319=CARTESIAN_POINT('',(0.0829284718879365,0.00408199876184624,0.003));
#11320=CARTESIAN_POINT('',(0.0841343073246877,0.00532243635589107,0.003));
#11321=CARTESIAN_POINT('',(0.0854387599401644,0.00615244031694751,0.003));
#11322=CARTESIAN_POINT('',(0.0867511129805927,0.00677387018501703,0.003));
#11323=CARTESIAN_POINT('',(0.088402228723403,0.00696105688200947,0.003));
#11324=CARTESIAN_POINT('',(0.0897706764162231,0.00688776677219577,0.003));
#11325=CARTESIAN_POINT('',(0.0908223188775271,0.00656869377459929,0.003));
#11326=CARTESIAN_POINT('',(0.0920031852403621,0.00608550739398555,0.003));
#11327=CARTESIAN_POINT('',(0.0927793508817822,0.00553519257847345,0.003));
#11328=CARTESIAN_POINT('',(0.0935181477008948,0.00480697972094701,0.003));
#11329=CARTESIAN_POINT('',(0.0940851158885867,0.00396435988112006,0.003));
#11330=CARTESIAN_POINT('',(0.094480502389407,0.00280596471466163,0.003));
#11331=CARTESIAN_POINT('',(0.0945944874782928,0.00205763712813727,0.003));
#11332=CARTESIAN_POINT('',(0.0947412222197344,0.00121537938112764,0.003));
#11333=CARTESIAN_POINT('',(0.0946488236178509,0.000403270980127555,0.003));
#11334=CARTESIAN_POINT('',(0.0944612108747704,-0.000401393807879729,0.003));
#11335=CARTESIAN_POINT('',(0.0941386838474742,-0.00121860970842114,0.003));
#11336=CARTESIAN_POINT('',(0.0935859086252113,-0.0019265475378193,0.003));
#11337=CARTESIAN_POINT('',(0.0928742292630681,-0.00251186733432604,0.003));
#11338=CARTESIAN_POINT('',(0.0920536814375272,-0.00300488758624923,0.003));
#11339=CARTESIAN_POINT('',(0.0912683768143792,-0.00313072855577427,0.003));
#11340=CARTESIAN_POINT('',(0.0903011319092302,-0.00323929347559549,0.003));
#11341=CARTESIAN_POINT('',(0.0893368401701651,-0.00306255216321782,0.003));
#11342=CARTESIAN_POINT('',(0.0886468855848161,-0.00263685698800846,0.003));
#11343=CARTESIAN_POINT('',(0.0880500260591023,-0.00206757377916997,0.003));
#11344=CARTESIAN_POINT('',(0.08768690375732,-0.00132904252319645,0.003));
#11345=CARTESIAN_POINT('',(0.0875998422718757,-0.000409682530714994,0.003));
#11346=CARTESIAN_POINT('',(0.0878709755231487,0.000498915954040128,0.003));
#11347=CARTESIAN_POINT('',(0.0884796913540427,0.000827926495942428,0.003));
#11348=CARTESIAN_POINT('',(0.0892075176792559,0.000676662438269165,0.003));
#11349=CARTESIAN_POINT('',(0.0894564116786126,0.000431261366278499,0.003));
#11350=CARTESIAN_POINT('',(0.0895644498106575,0.000324739419231942,0.003));
#11351=CARTESIAN_POINT('',(0.0895644498106575,0.000324739419231942,0.003));
#11352=CARTESIAN_POINT('',(0.0895644498106575,0.000324739419231942,0.004));
#11353=CARTESIAN_POINT('',(0.0895644498106575,0.000324739419231942,0.004));
#11354=CARTESIAN_POINT('',(0.0988816350009525,0.0165022307166808,0.004));
#11355=CARTESIAN_POINT('',(0.10019940901198,0.0153624780195889,0.004));
#11356=CARTESIAN_POINT('',(0.102566500406825,0.0133274439521707,0.004));
#11357=CARTESIAN_POINT('',(0.103951341030453,0.0114530659999864,0.004));
#11358=CARTESIAN_POINT('',(0.106082199612848,0.00751939408111605,0.004));
#11359=CARTESIAN_POINT('',(0.106742562668893,0.004760359905396,0.004));
#11360=CARTESIAN_POINT('',(0.10706188721381,0.00126077676773913,0.004));
#11361=CARTESIAN_POINT('',(0.106960589390781,-0.00058135059010722,0.004));
#11362=CARTESIAN_POINT('',(0.106493229289869,-0.00312136178271098,0.004));
#11363=CARTESIAN_POINT('',(0.105942197786321,-0.00490277175698575,0.004));
#11364=CARTESIAN_POINT('',(0.103717580352893,-0.00915298907707999,0.004));
#11365=CARTESIAN_POINT('',(0.101716414768738,-0.0113414652227774,0.004));
#11366=CARTESIAN_POINT('',(0.0973553885169538,-0.0144000718833708,0.004));
#11367=CARTESIAN_POINT('',(0.0929892790346563,-0.0155237734309817,0.004));
#11368=CARTESIAN_POINT('',(0.0877301882515697,-0.0157467271478299,0.004));
#11369=CARTESIAN_POINT('',(0.0817599273598275,-0.0132066426694604,0.004));
#11370=CARTESIAN_POINT('',(0.0787106854564919,-0.0103342854724456,0.004));
#11371=CARTESIAN_POINT('',(0.0765658262518218,-0.00722956462166744,0.004));
#11372=CARTESIAN_POINT('',(0.0751737905028959,-0.00205456733879173,0.004));
#11373=CARTESIAN_POINT('',(0.0753546102717896,0.0018858899926185,0.004));
#11374=CARTESIAN_POINT('',(0.0764473770262584,0.00513426511865227,0.004));
#11375=CARTESIAN_POINT('',(0.0783529795195747,0.00844474317441972,0.004));
#11376=CARTESIAN_POINT('',(0.0806694760540391,0.0103548046122777,0.004));
#11377=CARTESIAN_POINT('',(0.0833526930823236,0.0120687014097849,0.004));
#11378=CARTESIAN_POINT('',(0.0859918266377331,0.0128675047889425,0.004));
#11379=CARTESIAN_POINT('',(0.0880587044511958,0.0131426017797909,0.004));
#11380=CARTESIAN_POINT('',(0.0912215695172119,0.0128923348523438,0.004));
#11381=CARTESIAN_POINT('',(0.0939447770395519,0.0120369638306188,0.004));
#11382=CARTESIAN_POINT('',(0.0962082517832113,0.0105851629027526,0.004));
#11383=CARTESIAN_POINT('',(0.0982425138198945,0.00895833180617074,0.004));
#11384=CARTESIAN_POINT('',(0.0997710016298173,0.00627149072168299,0.004));
#11385=CARTESIAN_POINT('',(0.100436878981784,0.00472962733383431,0.004));
#11386=CARTESIAN_POINT('',(0.10094793031171,0.0014438122638872,0.004));
#11387=CARTESIAN_POINT('',(0.100713635099543,-0.00166775660119848,0.004));
#11388=CARTESIAN_POINT('',(0.0995976756194118,-0.00395697045270956,0.004));
#11389=CARTESIAN_POINT('',(0.0985339967008644,-0.00590212366860873,0.004));
#11390=CARTESIAN_POINT('',(0.0959427618604513,-0.00790634796938783,0.004));
#11391=CARTESIAN_POINT('',(0.093190101173108,-0.00923657596488965,0.004));
#11392=CARTESIAN_POINT('',(0.0895623856887504,-0.00940758332914749,0.004));
#11393=CARTESIAN_POINT('',(0.0870946636631104,-0.00886646839304378,0.004));
#11394=CARTESIAN_POINT('',(0.0847536865695188,-0.00756625394940309,0.004));
#11395=CARTESIAN_POINT('',(0.0832482580200845,-0.00588820351004579,0.004));
#11396=CARTESIAN_POINT('',(0.0823072508420761,-0.00436356364153469,0.004));
#11397=CARTESIAN_POINT('',(0.0816400424842837,-0.00267129641665871,0.004));
#11398=CARTESIAN_POINT('',(0.0814711156851303,-0.000493612680989961,0.004));
#11399=CARTESIAN_POINT('',(0.0816050293385675,0.000933190099189314,0.004));
#11400=CARTESIAN_POINT('',(0.082201841604592,0.00315069409210205,0.004));
#11401=CARTESIAN_POINT('',(0.0829284718879365,0.00408199876184624,0.004));
#11402=CARTESIAN_POINT('',(0.0841343073246877,0.00532243635589107,0.004));
#11403=CARTESIAN_POINT('',(0.0854387599401644,0.00615244031694751,0.004));
#11404=CARTESIAN_POINT('',(0.0867511129805927,0.00677387018501703,0.004));
#11405=CARTESIAN_POINT('',(0.088402228723403,0.00696105688200947,0.004));
#11406=CARTESIAN_POINT('',(0.0897706764162231,0.00688776677219577,0.004));
#11407=CARTESIAN_POINT('',(0.0908223188775271,0.00656869377459929,0.004));
#11408=CARTESIAN_POINT('',(0.0920031852403621,0.00608550739398555,0.004));
#11409=CARTESIAN_POINT('',(0.0927793508817822,0.00553519257847345,0.004));
#11410=CARTESIAN_POINT('',(0.0935181477008948,0.00480697972094701,0.004));
#11411=CARTESIAN_POINT('',(0.0940851158885867,0.00396435988112006,0.004));
#11412=CARTESIAN_POINT('',(0.094480502389407,0.00280596471466163,0.004));
#11413=CARTESIAN_POINT('',(0.0945944874782928,0.00205763712813727,0.004));
#11414=CARTESIAN_POINT('',(0.0947412222197344,0.00121537938112764,0.004));
#11415=CARTESIAN_POINT('',(0.0946488236178509,0.000403270980127555,0.004));
#11416=CARTESIAN_POINT('',(0.0944612108747704,-0.000401393807879729,0.004));
#11417=CARTESIAN_POINT('',(0.0941386838474742,-0.00121860970842114,0.004));
#11418=CARTESIAN_POINT('',(0.0935859086252113,-0.0019265475378193,0.004));
#11419=CARTESIAN_POINT('',(0.0928742292630681,-0.00251186733432604,0.004));
#11420=CARTESIAN_POINT('',(0.0920536814375272,-0.00300488758624923,0.004));
#11421=CARTESIAN_POINT('',(0.0912683768143792,-0.00313072855577427,0.004));
#11422=CARTESIAN_POINT('',(0.0903011319092302,-0.00323929347559549,0.004));
#11423=CARTESIAN_POINT('',(0.0893368401701651,-0.00306255216321782,0.004));
#11424=CARTESIAN_POINT('',(0.0886468855848161,-0.00263685698800846,0.004));
#11425=CARTESIAN_POINT('',(0.0880500260591023,-0.00206757377916997,0.004));
#11426=CARTESIAN_POINT('',(0.08768690375732,-0.00132904252319645,0.004));
#11427=CARTESIAN_POINT('',(0.0875998422718757,-0.000409682530714994,0.004));
#11428=CARTESIAN_POINT('',(0.0878709755231487,0.000498915954040128,0.004));
#11429=CARTESIAN_POINT('',(0.0884796913540427,0.000827926495942428,0.004));
#11430=CARTESIAN_POINT('',(0.0892075176792559,0.000676662438269165,0.004));
#11431=CARTESIAN_POINT('',(0.0894564116786126,0.000431261366278499,0.004));
#11432=CARTESIAN_POINT('',(0.0895644498106575,0.000324739419231942,0.004));
#11433=CARTESIAN_POINT('',(0.107970062640084,-0.00279849302849334,0.004));
#11434=CARTESIAN_POINT('',(0.107970062640084,-0.00279849302849334,0.003));
#11435=CARTESIAN_POINT('',(0.107847648138013,-0.00318980045073117,0.004));
#11436=CARTESIAN_POINT('',(0.107847648138013,-0.00318980045073117,0.003));
#11437=CARTESIAN_POINT('',(0.107597949244097,-0.00396949149928617,0.004));
#11438=CARTESIAN_POINT('',(0.107597949244097,-0.00396949149928617,0.003));
#11439=CARTESIAN_POINT('',(0.107189011175592,-0.00526462314490737,0.004));
#11440=CARTESIAN_POINT('',(0.107189011175592,-0.00526462314490737,0.003));
#11441=CARTESIAN_POINT('',(0.10648528954626,-0.00681378198028053,0.004));
#11442=CARTESIAN_POINT('',(0.10648528954626,-0.00681378198028053,0.003));
#11443=CARTESIAN_POINT('',(0.105942620257528,-0.00789464473220053,0.004));
#11444=CARTESIAN_POINT('',(0.105942620257528,-0.00789464473220053,0.003));
#11445=CARTESIAN_POINT('',(0.105198926687899,-0.00903641011834098,0.004));
#11446=CARTESIAN_POINT('',(0.105198926687899,-0.00903641011834098,0.003));
#11447=CARTESIAN_POINT('',(0.104412834951082,-0.0102661117225942,0.004));
#11448=CARTESIAN_POINT('',(0.104412834951082,-0.0102661117225942,0.003));
#11449=CARTESIAN_POINT('',(0.10349395812926,-0.0111706676103218,0.004));
#11450=CARTESIAN_POINT('',(0.10349395812926,-0.0111706676103218,0.003));
#11451=CARTESIAN_POINT('',(0.102603452654753,-0.0122056338999857,0.004));
#11452=CARTESIAN_POINT('',(0.102603452654753,-0.0122056338999857,0.003));
#11453=CARTESIAN_POINT('',(0.101530504674452,-0.0130393421860116,0.004));
#11454=CARTESIAN_POINT('',(0.101530504674452,-0.0130393421860116,0.003));
#11455=CARTESIAN_POINT('',(0.100718068341889,-0.0136481982480735,0.004));
#11456=CARTESIAN_POINT('',(0.100718068341889,-0.0136481982480735,0.003));
#11457=CARTESIAN_POINT('',(0.100114735944948,-0.0140830266113812,0.004));
#11458=CARTESIAN_POINT('',(0.100114735944948,-0.0140830266113812,0.003));
#11459=CARTESIAN_POINT('',(0.0993831365538494,-0.0145194095606513,0.004));
#11460=CARTESIAN_POINT('',(0.0993831365538494,-0.0145194095606513,0.003));
#11461=CARTESIAN_POINT('',(0.09815037087069,-0.0151167362560838,0.004));
#11462=CARTESIAN_POINT('',(0.09815037087069,-0.0151167362560838,0.003));
#11463=CARTESIAN_POINT('',(0.0964185756969443,-0.0158099399254684,0.004));
#11464=CARTESIAN_POINT('',(0.0964185756969443,-0.0158099399254684,0.003));
#11465=CARTESIAN_POINT('',(0.0947340082324398,-0.0163562818208982,0.004));
#11466=CARTESIAN_POINT('',(0.0947340082324398,-0.0163562818208982,0.003));
#11467=CARTESIAN_POINT('',(0.0928526183832813,-0.0166344382609602,0.004));
#11468=CARTESIAN_POINT('',(0.0928526183832813,-0.0166344382609602,0.003));
#11469=CARTESIAN_POINT('',(0.0908915157773565,-0.0167242255290328,0.004));
#11470=CARTESIAN_POINT('',(0.0908915157773565,-0.0167242255290328,0.003));
#11471=CARTESIAN_POINT('',(0.0891022830698246,-0.0166984813987026,0.004));
#11472=CARTESIAN_POINT('',(0.0891022830698246,-0.0166984813987026,0.003));
#11473=CARTESIAN_POINT('',(0.0874918586971095,-0.0165673279746464,0.004));
#11474=CARTESIAN_POINT('',(0.0874918586971095,-0.0165673279746464,0.003));
#11475=CARTESIAN_POINT('',(0.0858636121670139,-0.01613475042317,0.004));
#11476=CARTESIAN_POINT('',(0.0858636121670139,-0.01613475042317,0.003));
#11477=CARTESIAN_POINT('',(0.0841617754443101,-0.0155758543992225,0.004));
#11478=CARTESIAN_POINT('',(0.0841617754443101,-0.0155758543992225,0.003));
#11479=CARTESIAN_POINT('',(0.0824430148121737,-0.0148830857014766,0.004));
#11480=CARTESIAN_POINT('',(0.0824430148121737,-0.0148830857014766,0.003));
#11481=CARTESIAN_POINT('',(0.0808020744865697,-0.01378421024136,0.004));
#11482=CARTESIAN_POINT('',(0.0808020744865697,-0.01378421024136,0.003));
#11483=CARTESIAN_POINT('',(0.0794320829110832,-0.0126798501275067,0.004));
#11484=CARTESIAN_POINT('',(0.0794320829110832,-0.0126798501275067,0.003));
#11485=CARTESIAN_POINT('',(0.0782105586885662,-0.011506999733964,0.004));
#11486=CARTESIAN_POINT('',(0.0782105586885662,-0.011506999733964,0.003));
#11487=CARTESIAN_POINT('',(0.0770280845280968,-0.0100755819137644,0.004));
#11488=CARTESIAN_POINT('',(0.0770280845280968,-0.0100755819137644,0.003));
#11489=CARTESIAN_POINT('',(0.0761333822031382,-0.0085897802166445,0.004));
#11490=CARTESIAN_POINT('',(0.0761333822031382,-0.0085897802166445,0.003));
#11491=CARTESIAN_POINT('',(0.0755803937297301,-0.00748488044402643,0.004));
#11492=CARTESIAN_POINT('',(0.0755803937297301,-0.00748488044402643,0.00300000000000001));
#11493=CARTESIAN_POINT('',(0.075252425876081,-0.00672247092035583,0.004));
#11494=CARTESIAN_POINT('',(0.075252425876081,-0.00672247092035583,0.003));
#11495=CARTESIAN_POINT('',(0.0749645679339798,-0.00597164525988454,0.004));
#11496=CARTESIAN_POINT('',(0.0749645679339798,-0.00597164525988454,0.003));
#11497=CARTESIAN_POINT('',(0.0746737842307451,-0.00518610289030075,0.004));
#11498=CARTESIAN_POINT('',(0.0746737842307451,-0.00518610289030075,0.003));
#11499=CARTESIAN_POINT('',(0.0744188655433539,-0.00439052221168029,0.004));
#11500=CARTESIAN_POINT('',(0.0744188655433539,-0.00439052221168029,0.003));
#11501=CARTESIAN_POINT('',(0.0742193901308973,-0.00337775624464981,0.004));
#11502=CARTESIAN_POINT('',(0.0742193901308973,-0.00337775624464981,0.003));
#11503=CARTESIAN_POINT('',(0.0741871667691725,-0.00218693327482238,0.004));
#11504=CARTESIAN_POINT('',(0.0741871667691725,-0.00218693327482238,0.003));
#11505=CARTESIAN_POINT('',(0.0740036840229318,-0.000602729893090776,0.004));
#11506=CARTESIAN_POINT('',(0.0740036840229318,-0.000602729893090776,0.003));
#11507=CARTESIAN_POINT('',(0.0741297005611105,0.000962787162007594,0.004));
#11508=CARTESIAN_POINT('',(0.0741297005611105,0.000962787162007594,0.003));
#11509=CARTESIAN_POINT('',(0.0743195718489004,0.00222193576998561,0.004));
#11510=CARTESIAN_POINT('',(0.0743195718489004,0.00222193576998561,0.003));
#11511=CARTESIAN_POINT('',(0.0744805808927534,0.00316401127624405,0.004));
#11512=CARTESIAN_POINT('',(0.0744805808927534,0.00316401127624405,0.003));
#11513=CARTESIAN_POINT('',(0.0746223095061591,0.00384730840140383,0.004));
#11514=CARTESIAN_POINT('',(0.0746223095061591,0.00384730840140383,0.003));
#11515=CARTESIAN_POINT('',(0.0748498061839469,0.00455647678181108,0.004));
#11516=CARTESIAN_POINT('',(0.0748498061839469,0.00455647678181108,0.003));
#11517=CARTESIAN_POINT('',(0.075163268353894,0.00528381512185549,0.004));
#11518=CARTESIAN_POINT('',(0.075163268353894,0.00528381512185549,0.003));
#11519=CARTESIAN_POINT('',(0.0754576008932516,0.00592550564186788,0.004));
#11520=CARTESIAN_POINT('',(0.0754576008932516,0.00592550564186788,0.003));
#11521=CARTESIAN_POINT('',(0.0756778602638943,0.00642857048844016,0.004));
#11522=CARTESIAN_POINT('',(0.0756778602638943,0.00642857048844016,0.003));
#11523=CARTESIAN_POINT('',(0.0759634576933718,0.00694713027465755,0.004));
#11524=CARTESIAN_POINT('',(0.0759634576933718,0.00694713027465755,0.003));
#11525=CARTESIAN_POINT('',(0.0764746259645792,0.00772021790303061,0.004));
#11526=CARTESIAN_POINT('',(0.0764746259645792,0.00772021790303061,0.003));
#11527=CARTESIAN_POINT('',(0.0771261291146818,0.00870705626469339,0.004));
#11528=CARTESIAN_POINT('',(0.0771261291146818,0.00870705626469339,0.003));
#11529=CARTESIAN_POINT('',(0.0778758400016421,0.00967791161941853,0.004));
#11530=CARTESIAN_POINT('',(0.0778758400016421,0.00967791161941853,0.003));
#11531=CARTESIAN_POINT('',(0.0787876937824168,0.0103823173740213,0.004));
#11532=CARTESIAN_POINT('',(0.0787876937824168,0.0103823173740213,0.003));
#11533=CARTESIAN_POINT('',(0.0796864471074818,0.0112702578125637,0.004));
#11534=CARTESIAN_POINT('',(0.0796864471074818,0.0112702578125637,0.003));
#11535=CARTESIAN_POINT('',(0.0806276326304947,0.0118687543598936,0.004));
#11536=CARTESIAN_POINT('',(0.0806276326304947,0.0118687543598936,0.003));
#11537=CARTESIAN_POINT('',(0.0812381731771132,0.0122733173852297,0.004));
#11538=CARTESIAN_POINT('',(0.0812381731771132,0.0122733173852297,0.003));
#11539=CARTESIAN_POINT('',(0.0819590703381794,0.0126990045527446,0.004));
#11540=CARTESIAN_POINT('',(0.0819590703381794,0.0126990045527446,0.003));
#11541=CARTESIAN_POINT('',(0.0830983859555864,0.0132623367125248,0.004));
#11542=CARTESIAN_POINT('',(0.0830983859555864,0.0132623367125248,0.003));
#11543=CARTESIAN_POINT('',(0.084502970522176,0.0137871259540518,0.004));
#11544=CARTESIAN_POINT('',(0.084502970522176,0.0137871259540518,0.003));
#11545=CARTESIAN_POINT('',(0.0859330778678458,0.0141865884697393,0.004));
#11546=CARTESIAN_POINT('',(0.0859330778678458,0.0141865884697393,0.003));
#11547=CARTESIAN_POINT('',(0.0872836837519354,0.0142430507742358,0.004));
#11548=CARTESIAN_POINT('',(0.0872836837519354,0.0142430507742358,0.003));
#11549=CARTESIAN_POINT('',(0.0887176142526748,0.0143499482459588,0.004));
#11550=CARTESIAN_POINT('',(0.0887176142526748,0.0143499482459588,0.003));
#11551=CARTESIAN_POINT('',(0.0901089886885169,0.0142554611447883,0.004));
#11552=CARTESIAN_POINT('',(0.0901089886885169,0.0142554611447883,0.003));
#11553=CARTESIAN_POINT('',(0.09153898635812,0.0140137229353535,0.004));
#11554=CARTESIAN_POINT('',(0.09153898635812,0.0140137229353535,0.003));
#11555=CARTESIAN_POINT('',(0.0927508548736019,0.0137644642800948,0.004));
#11556=CARTESIAN_POINT('',(0.0927508548736019,0.0137644642800948,0.003));
#11557=CARTESIAN_POINT('',(0.0941288238963626,0.0133457695757916,0.004));
#11558=CARTESIAN_POINT('',(0.0941288238963626,0.0133457695757916,0.003));
#11559=CARTESIAN_POINT('',(0.0950779697688084,0.0128751240566021,0.004));
#11560=CARTESIAN_POINT('',(0.0950779697688084,0.0128751240566021,0.003));
#11561=CARTESIAN_POINT('',(0.0956106319229039,0.0124846846537874,0.004));
#11562=CARTESIAN_POINT('',(0.0956106319229039,0.0124846846537874,0.003));
#11563=CARTESIAN_POINT('',(0.0960513926569262,0.0122168132788289,0.004));
#11564=CARTESIAN_POINT('',(0.0960513926569262,0.0122168132788289,0.003));
#11565=CARTESIAN_POINT('',(0.0965838351665448,0.0119320429997549,0.004));
#11566=CARTESIAN_POINT('',(0.0965838351665448,0.0119320429997549,0.003));
#11567=CARTESIAN_POINT('',(0.0971859562306405,0.0114985724481035,0.004));
#11568=CARTESIAN_POINT('',(0.0971859562306405,0.0114985724481035,0.003));
#11569=CARTESIAN_POINT('',(0.0978094410585967,0.0109622315080018,0.004));
#11570=CARTESIAN_POINT('',(0.0978094410585967,0.0109622315080018,0.003));
#11571=CARTESIAN_POINT('',(0.09857041699386,0.0102437675507184,0.004));
#11572=CARTESIAN_POINT('',(0.09857041699386,0.0102437675507184,0.003));
#11573=CARTESIAN_POINT('',(0.0993187130647963,0.00941048095438022,0.004));
#11574=CARTESIAN_POINT('',(0.0993187130647963,0.00941048095438022,0.003));
#11575=CARTESIAN_POINT('',(0.100080862451198,0.00832811761776547,0.004));
#11576=CARTESIAN_POINT('',(0.100080862451198,0.00832811761776547,0.003));
#11577=CARTESIAN_POINT('',(0.10089437039099,0.00706190925573755,0.004));
#11578=CARTESIAN_POINT('',(0.10089437039099,0.00706190925573755,0.003));
#11579=CARTESIAN_POINT('',(0.101359652324614,0.00591682076832308,0.004));
#11580=CARTESIAN_POINT('',(0.101359652324614,0.00591682076832308,0.003));
#11581=CARTESIAN_POINT('',(0.101653973968582,0.00514411267461147,0.004));
#11582=CARTESIAN_POINT('',(0.101653973968582,0.00514411267461147,0.003));
#11583=CARTESIAN_POINT('',(0.101790634772379,0.00456657746084993,0.004));
#11584=CARTESIAN_POINT('',(0.101790634772379,0.00456657746084993,0.003));
#11585=CARTESIAN_POINT('',(0.101843424512861,0.00395718582966107,0.004));
#11586=CARTESIAN_POINT('',(0.101843424512861,0.00395718582966107,0.003));
#11587=CARTESIAN_POINT('',(0.101940232391418,0.00333039033658447,0.004));
#11588=CARTESIAN_POINT('',(0.101940232391418,0.00333039033658447,0.003));
#11589=CARTESIAN_POINT('',(0.102085015217924,0.00269577040808061,0.004));
#11590=CARTESIAN_POINT('',(0.102085015217924,0.00269577040808061,0.003));
#11591=CARTESIAN_POINT('',(0.102146968940941,0.0020630194389038,0.004));
#11592=CARTESIAN_POINT('',(0.102146968940941,0.0020630194389038,0.003));
#11593=CARTESIAN_POINT('',(0.102139576953515,0.00146101527975809,0.004));
#11594=CARTESIAN_POINT('',(0.102139576953515,0.00146101527975809,0.003));
#11595=CARTESIAN_POINT('',(0.102169447805478,0.000949648063444002,0.004));
#11596=CARTESIAN_POINT('',(0.102169447805478,0.000949648063444002,0.003));
#11597=CARTESIAN_POINT('',(0.102162059739176,0.00044835077642085,0.004));
#11598=CARTESIAN_POINT('',(0.102162059739176,0.00044835077642085,0.003));
#11599=CARTESIAN_POINT('',(0.102070680147525,-0.00011568301174711,0.004));
#11600=CARTESIAN_POINT('',(0.102070680147525,-0.00011568301174711,0.003));
#11601=CARTESIAN_POINT('',(0.101990163165614,-0.000761142900059594,0.004));
#11602=CARTESIAN_POINT('',(0.101990163165614,-0.000761142900059594,0.00300000000000001));
#11603=CARTESIAN_POINT('',(0.101885763596496,-0.00168222328656917,0.004));
#11604=CARTESIAN_POINT('',(0.101885763596496,-0.00168222328656917,0.003));
#11605=CARTESIAN_POINT('',(0.101540742502786,-0.00269987922811778,0.004));
#11606=CARTESIAN_POINT('',(0.101540742502786,-0.00269987922811778,0.003));
#11607=CARTESIAN_POINT('',(0.101161122347738,-0.00369813539705371,0.004));
#11608=CARTESIAN_POINT('',(0.101161122347738,-0.00369813539705371,0.003));
#11609=CARTESIAN_POINT('',(0.100413313603464,-0.00526686624387511,0.004));
#11610=CARTESIAN_POINT('',(0.100413313603464,-0.00526686624387511,0.003));
#11611=CARTESIAN_POINT('',(0.099538527332119,-0.0064197219061769,0.004));
#11612=CARTESIAN_POINT('',(0.099538527332119,-0.0064197219061769,0.003));
#11613=CARTESIAN_POINT('',(0.0986937239656612,-0.00729581943568328,0.004));
#11614=CARTESIAN_POINT('',(0.0986937239656612,-0.00729581943568328,0.003));
#11615=CARTESIAN_POINT('',(0.097940426647143,-0.00796450639073479,0.004));
#11616=CARTESIAN_POINT('',(0.097940426647143,-0.00796450639073479,0.003));
#11617=CARTESIAN_POINT('',(0.0973538492153098,-0.00841967544173373,0.004));
#11618=CARTESIAN_POINT('',(0.0973538492153098,-0.00841967544173373,0.003));
#11619=CARTESIAN_POINT('',(0.0968126809133169,-0.0087976543148846,0.004));
#11620=CARTESIAN_POINT('',(0.0968126809133169,-0.0087976543148846,0.003));
#11621=CARTESIAN_POINT('',(0.0963287785145971,-0.00909222437779747,0.004));
#11622=CARTESIAN_POINT('',(0.0963287785145971,-0.00909222437779747,0.003));
#11623=CARTESIAN_POINT('',(0.0957122896802576,-0.00941473875704466,0.004));
#11624=CARTESIAN_POINT('',(0.0957122896802576,-0.00941473875704466,0.003));
#11625=CARTESIAN_POINT('',(0.0949151616011417,-0.00978890063616535,0.004));
#11626=CARTESIAN_POINT('',(0.0949151616011417,-0.00978890063616535,0.003));
#11627=CARTESIAN_POINT('',(0.0940524716200052,-0.0101371469394329,0.004));
#11628=CARTESIAN_POINT('',(0.0940524716200052,-0.0101371469394329,0.003));
#11629=CARTESIAN_POINT('',(0.0929344119858598,-0.0104812094211241,0.004));
#11630=CARTESIAN_POINT('',(0.0929344119858598,-0.0104812094211241,0.003));
#11631=CARTESIAN_POINT('',(0.0916460487491702,-0.010688537687683,0.004));
#11632=CARTESIAN_POINT('',(0.0916460487491702,-0.010688537687683,0.003));
#11633=CARTESIAN_POINT('',(0.0902067896563234,-0.0106851064109763,0.004));
#11634=CARTESIAN_POINT('',(0.0902067896563234,-0.0106851064109763,0.003));
#11635=CARTESIAN_POINT('',(0.0886265925062099,-0.0105496876558764,0.004));
#11636=CARTESIAN_POINT('',(0.0886265925062099,-0.0105496876558764,0.003));
#11637=CARTESIAN_POINT('',(0.0873870663757394,-0.0102379926263952,0.004));
#11638=CARTESIAN_POINT('',(0.0873870663757394,-0.0102379926263952,0.003));
#11639=CARTESIAN_POINT('',(0.0861544900770962,-0.00980640421722148,0.004));
#11640=CARTESIAN_POINT('',(0.0861544900770962,-0.00980640421722148,0.003));
#11641=CARTESIAN_POINT('',(0.0848257646081217,-0.00908390231326914,0.004));
#11642=CARTESIAN_POINT('',(0.0848257646081217,-0.00908390231326914,0.003));
#11643=CARTESIAN_POINT('',(0.0838169930897181,-0.00826534152783883,0.004));
#11644=CARTESIAN_POINT('',(0.0838169930897181,-0.00826534152783883,0.003));
#11645=CARTESIAN_POINT('',(0.0828509739820128,-0.00752628241668843,0.004));
#11646=CARTESIAN_POINT('',(0.0828509739820128,-0.00752628241668843,0.003));
#11647=CARTESIAN_POINT('',(0.08220831067651,-0.00664535896755845,0.004));
#11648=CARTESIAN_POINT('',(0.08220831067651,-0.00664535896755845,0.003));
#11649=CARTESIAN_POINT('',(0.0816746386879597,-0.00582724619813327,0.004));
#11650=CARTESIAN_POINT('',(0.0816746386879597,-0.00582724619813327,0.003));
#11651=CARTESIAN_POINT('',(0.0813238481896472,-0.00525090703644626,0.004));
#11652=CARTESIAN_POINT('',(0.0813238481896472,-0.00525090703644626,0.003));
#11653=CARTESIAN_POINT('',(0.0810443641705082,-0.00474671087506837,0.004));
#11654=CARTESIAN_POINT('',(0.0810443641705082,-0.00474671087506837,0.003));
#11655=CARTESIAN_POINT('',(0.0808125404701074,-0.00417600994089864,0.004));
#11656=CARTESIAN_POINT('',(0.0808125404701074,-0.00417600994089864,0.003));
#11657=CARTESIAN_POINT('',(0.0806129740180047,-0.00352227017010197,0.004));
#11658=CARTESIAN_POINT('',(0.0806129740180047,-0.00352227017010197,0.003));
#11659=CARTESIAN_POINT('',(0.0804220806380997,-0.00289908771976069,0.004));
#11660=CARTESIAN_POINT('',(0.0804220806380997,-0.00289908771976069,0.003));
#11661=CARTESIAN_POINT('',(0.0802529253567887,-0.00230104774190849,0.004));
#11662=CARTESIAN_POINT('',(0.0802529253567887,-0.00230104774190849,0.003));
#11663=CARTESIAN_POINT('',(0.0801587592997775,-0.00161484635183955,0.004));
#11664=CARTESIAN_POINT('',(0.0801587592997775,-0.00161484635183955,0.003));
#11665=CARTESIAN_POINT('',(0.080142875721929,-0.000900740023843778,0.004));
#11666=CARTESIAN_POINT('',(0.080142875721929,-0.000900740023843778,0.003));
#11667=CARTESIAN_POINT('',(0.0801941114434206,-0.000351777214976064,0.004));
#11668=CARTESIAN_POINT('',(0.0801941114434206,-0.000351777214976064,0.003));
#11669=CARTESIAN_POINT('',(0.0802745583809062,0.000135909164753167,0.004));
#11670=CARTESIAN_POINT('',(0.0802745583809062,0.000135909164753167,0.003));
#11671=CARTESIAN_POINT('',(0.0803367075353442,0.000771242694776783,0.004));
#11672=CARTESIAN_POINT('',(0.0803367075353442,0.000771242694776783,0.003));
#11673=CARTESIAN_POINT('',(0.0804186407049537,0.00142993500984831,0.004));
#11674=CARTESIAN_POINT('',(0.0804186407049537,0.00142993500984831,0.003));
#11675=CARTESIAN_POINT('',(0.0805885493357545,0.00224963783337094,0.004));
#11676=CARTESIAN_POINT('',(0.0805885493357545,0.00224963783337094,0.003));
#11677=CARTESIAN_POINT('',(0.0808948126529349,0.00299739592627605,0.004));
#11678=CARTESIAN_POINT('',(0.0808948126529349,0.00299739592627605,0.003));
#11679=CARTESIAN_POINT('',(0.0813236410773442,0.00382058647933075,0.004));
#11680=CARTESIAN_POINT('',(0.0813236410773442,0.00382058647933075,0.003));
#11681=CARTESIAN_POINT('',(0.0816939906501837,0.00447388368097018,0.004));
#11682=CARTESIAN_POINT('',(0.0816939906501837,0.00447388368097018,0.003));
#11683=CARTESIAN_POINT('',(0.0821049471486878,0.00506628329821946,0.004));
#11684=CARTESIAN_POINT('',(0.0821049471486878,0.00506628329821946,0.003));
#11685=CARTESIAN_POINT('',(0.0825604397987232,0.00556732623603854,0.004));
#11686=CARTESIAN_POINT('',(0.0825604397987232,0.00556732623603854,0.003));
#11687=CARTESIAN_POINT('',(0.083103154551977,0.00605439697539957,0.004));
#11688=CARTESIAN_POINT('',(0.083103154551977,0.00605439697539957,0.003));
#11689=CARTESIAN_POINT('',(0.0837464550290832,0.00655629774805034,0.004));
#11690=CARTESIAN_POINT('',(0.0837464550290832,0.00655629774805034,0.003));
#11691=CARTESIAN_POINT('',(0.0844354421870528,0.00701241021285948,0.004));
#11692=CARTESIAN_POINT('',(0.0844354421870528,0.00701241021285948,0.003));
#11693=CARTESIAN_POINT('',(0.0851225979199947,0.00737011057650688,0.004));
#11694=CARTESIAN_POINT('',(0.0851225979199947,0.00737011057650688,0.003));
#11695=CARTESIAN_POINT('',(0.0857872091187286,0.00764584198703281,0.004));
#11696=CARTESIAN_POINT('',(0.0857872091187286,0.00764584198703281,0.003));
#11697=CARTESIAN_POINT('',(0.0864026350846777,0.00786764503734251,0.004));
#11698=CARTESIAN_POINT('',(0.0864026350846777,0.00786764503734251,0.003));
#11699=CARTESIAN_POINT('',(0.0870078187354891,0.00803343990241506,0.004));
#11700=CARTESIAN_POINT('',(0.0870078187354891,0.00803343990241506,0.003));
#11701=CARTESIAN_POINT('',(0.0879005045877483,0.0081575693224981,0.004));
#11702=CARTESIAN_POINT('',(0.0879005045877483,0.0081575693224981,0.003));
#11703=CARTESIAN_POINT('',(0.0890797943419118,0.0081909761180633,0.004));
#11704=CARTESIAN_POINT('',(0.0890797943419118,0.0081909761180633,0.003));
#11705=CARTESIAN_POINT('',(0.0903602467488682,0.00808382426005754,0.004));
#11706=CARTESIAN_POINT('',(0.0903602467488682,0.00808382426005754,0.003));
#11707=CARTESIAN_POINT('',(0.0914219948707912,0.00773153991962988,0.004));
#11708=CARTESIAN_POINT('',(0.0914219948707912,0.00773153991962988,0.003));
#11709=CARTESIAN_POINT('',(0.0922297195103547,0.00734609385686755,0.004));
#11710=CARTESIAN_POINT('',(0.0922297195103547,0.00734609385686755,0.003));
#11711=CARTESIAN_POINT('',(0.0929150916650357,0.00695862921293845,0.004));
#11712=CARTESIAN_POINT('',(0.0929150916650357,0.00695862921293845,0.003));
#11713=CARTESIAN_POINT('',(0.0936899208567461,0.00646357473991112,0.004));
#11714=CARTESIAN_POINT('',(0.0936899208567461,0.00646357473991112,0.003));
#11715=CARTESIAN_POINT('',(0.0945680858558783,0.00549926929496769,0.004));
#11716=CARTESIAN_POINT('',(0.0945680858558783,0.00549926929496769,0.003));
#11717=CARTESIAN_POINT('',(0.0950508387608582,0.00480017494080565,0.004));
#11718=CARTESIAN_POINT('',(0.0950508387608582,0.00480017494080565,0.003));
#11719=CARTESIAN_POINT('',(0.0954199706324544,0.00399813795393621,0.004));
#11720=CARTESIAN_POINT('',(0.0954199706324544,0.00399813795393621,0.003));
#11721=CARTESIAN_POINT('',(0.0956393344758613,0.00342891521556295,0.004));
#11722=CARTESIAN_POINT('',(0.0956393344758613,0.00342891521556295,0.003));
#11723=CARTESIAN_POINT('',(0.0957720767080781,0.00296523938461121,0.004));
#11724=CARTESIAN_POINT('',(0.0957720767080781,0.00296523938461121,0.003));
#11725=CARTESIAN_POINT('',(0.0958437210391388,0.00236144170623819,0.004));
#11726=CARTESIAN_POINT('',(0.0958437210391388,0.00236144170623819,0.003));
#11727=CARTESIAN_POINT('',(0.0958709198602655,0.00166423607842206,0.004));
#11728=CARTESIAN_POINT('',(0.0958709198602655,0.00166423607842206,0.003));
#11729=CARTESIAN_POINT('',(0.0958755275739394,0.00104633242133783,0.004));
#11730=CARTESIAN_POINT('',(0.0958755275739394,0.00104633242133783,0.003));
#11731=CARTESIAN_POINT('',(0.0958542588854687,0.000459807232038429,0.004));
#11732=CARTESIAN_POINT('',(0.0958542588854687,0.000459807232038429,0.003));
#11733=CARTESIAN_POINT('',(0.0957979510181581,-0.000192325342765068,0.004));
#11734=CARTESIAN_POINT('',(0.0957979510181581,-0.000192325342765068,0.003));
#11735=CARTESIAN_POINT('',(0.0956830434250357,-0.000850683936823518,0.004));
#11736=CARTESIAN_POINT('',(0.0956830434250357,-0.000850683936823518,0.003));
#11737=CARTESIAN_POINT('',(0.095424158838576,-0.0016590469601822,0.004));
#11738=CARTESIAN_POINT('',(0.095424158838576,-0.0016590469601822,0.003));
#11739=CARTESIAN_POINT('',(0.0949902350351321,-0.00236406883436694,0.004));
#11740=CARTESIAN_POINT('',(0.0949902350351321,-0.00236406883436694,0.003));
#11741=CARTESIAN_POINT('',(0.0944443952861376,-0.00289953252936423,0.004));
#11742=CARTESIAN_POINT('',(0.0944443952861376,-0.00289953252936423,0.00300000000000001));
#11743=CARTESIAN_POINT('',(0.0939986964763623,-0.0032384970436159,0.004));
#11744=CARTESIAN_POINT('',(0.0939986964763623,-0.0032384970436159,0.003));
#11745=CARTESIAN_POINT('',(0.0935208795950691,-0.003636342071965,0.004));
#11746=CARTESIAN_POINT('',(0.0935208795950691,-0.003636342071965,0.003));
#11747=CARTESIAN_POINT('',(0.0927791803754632,-0.0041617666475188,0.004));
#11748=CARTESIAN_POINT('',(0.0927791803754632,-0.0041617666475188,0.003));
#11749=CARTESIAN_POINT('',(0.0916959565450798,-0.00441848869065669,0.004));
#11750=CARTESIAN_POINT('',(0.0916959565450798,-0.00441848869065669,0.00300000000000001));
#11751=CARTESIAN_POINT('',(0.0905829404775321,-0.00450977245541829,0.004));
#11752=CARTESIAN_POINT('',(0.0905829404775321,-0.00450977245541829,0.003));
#11753=CARTESIAN_POINT('',(0.0897898474203325,-0.00449794879742151,0.004));
#11754=CARTESIAN_POINT('',(0.0897898474203325,-0.00449794879742151,0.003));
#11755=CARTESIAN_POINT('',(0.0890291133408396,-0.00434319904497218,0.004));
#11756=CARTESIAN_POINT('',(0.0890291133408396,-0.00434319904497218,0.003));
#11757=CARTESIAN_POINT('',(0.0880681037328502,-0.00388955559644246,0.004));
#11758=CARTESIAN_POINT('',(0.0880681037328502,-0.00388955559644246,0.003));
#11759=CARTESIAN_POINT('',(0.0870421548009215,-0.00303999050173812,0.004));
#11760=CARTESIAN_POINT('',(0.0870421548009215,-0.00303999050173812,0.003));
#11761=CARTESIAN_POINT('',(0.0863384860711856,-0.00179931551820251,0.004));
#11762=CARTESIAN_POINT('',(0.0863384860711856,-0.00179931551820251,0.003));
#11763=CARTESIAN_POINT('',(0.0862702798107327,-0.000615249745713343,0.004));
#11764=CARTESIAN_POINT('',(0.0862702798107327,-0.000615249745713343,0.003));
#11765=CARTESIAN_POINT('',(0.0864672439086231,0.000283652425710925,0.004));
#11766=CARTESIAN_POINT('',(0.0864672439086231,0.000283652425710925,0.003));
#11767=CARTESIAN_POINT('',(0.0867509493944421,0.000915907296881134,0.004));
#11768=CARTESIAN_POINT('',(0.0867509493944421,0.000915907296881134,0.003));
#11769=CARTESIAN_POINT('',(0.0871361178111129,0.00145811626233715,0.004));
#11770=CARTESIAN_POINT('',(0.0871361178111129,0.00145811626233715,0.003));
#11771=CARTESIAN_POINT('',(0.0875433152065946,0.00184359866176913,0.004));
#11772=CARTESIAN_POINT('',(0.0875433152065946,0.00184359866176913,0.003));
#11773=CARTESIAN_POINT('',(0.0880285289123486,0.00203874773135127,0.004));
#11774=CARTESIAN_POINT('',(0.0880285289123486,0.00203874773135127,0.003));
#11775=CARTESIAN_POINT('',(0.0886695708678926,0.00203313998837843,0.004));
#11776=CARTESIAN_POINT('',(0.0886695708678926,0.00203313998837843,0.003));
#11777=CARTESIAN_POINT('',(0.0892781182493843,0.00195760920747787,0.004));
#11778=CARTESIAN_POINT('',(0.0892781182493843,0.00195760920747787,0.003));
#11779=CARTESIAN_POINT('',(0.089775842511714,0.00185257672863079,0.004));
#11780=CARTESIAN_POINT('',(0.089775842511714,0.00185257672863079,0.003));
#11781=CARTESIAN_POINT('',(0.0902969200433364,0.00156388335012896,0.004));
#11782=CARTESIAN_POINT('',(0.0902969200433364,0.00156388335012896,0.003));
#11783=CARTESIAN_POINT('',(0.0907431100629088,0.00112877441980933,0.004));
#11784=CARTESIAN_POINT('',(0.0907431100629088,0.00112877441980933,0.003));
#11785=CARTESIAN_POINT('',(0.0909540009520374,0.000634262857237681,0.004));
#11786=CARTESIAN_POINT('',(0.0909540009520374,0.000634262857237681,0.003));
#11787=CARTESIAN_POINT('',(0.0910744152691562,3.12850006743416E-5,0.004));
#11788=CARTESIAN_POINT('',(0.0910744152691562,3.12850006743416E-5,0.003));
#11789=CARTESIAN_POINT('',(0.0911401958031876,-0.000640957513643147,0.004));
#11790=CARTESIAN_POINT('',(0.0911401958031876,-0.000640957513643147,0.003));
#11791=CARTESIAN_POINT('',(0.0908885964347072,-0.00112599849737985,0.004));
#11792=CARTESIAN_POINT('',(0.0908885964347072,-0.00112599849737985,0.003));
#11793=CARTESIAN_POINT('',(0.0903597875157674,-0.00132886036716964,0.004));
#11794=CARTESIAN_POINT('',(0.0903597875157674,-0.00132886036716964,0.003));
#11795=CARTESIAN_POINT('',(0.0897906397123459,-0.00126387911909619,0.004));
#11796=CARTESIAN_POINT('',(0.0897906397123459,-0.00126387911909619,0.003));
#11797=CARTESIAN_POINT('',(0.0893517769902397,-0.000870393884188714,0.004));
#11798=CARTESIAN_POINT('',(0.0893517769902397,-0.000870393884188714,0.003));
#11799=CARTESIAN_POINT('',(0.0891872980807329,-0.000283164179095834,0.004));
#11800=CARTESIAN_POINT('',(0.0891872980807329,-0.000283164179095834,0.003));
#11801=CARTESIAN_POINT('',(0.0895208028012665,0.000111128010925656,0.004));
#11802=CARTESIAN_POINT('',(0.0895208028012665,0.000111128010925656,0.003));
#11803=CARTESIAN_POINT('',(0.0895674858050707,0.000255413478459468,0.004));
#11804=CARTESIAN_POINT('',(0.0895674858050707,0.000255413478459468,0.003));
#11805=CARTESIAN_POINT('',(0.0895644498106575,0.000324739419231942,0.004));
#11806=CARTESIAN_POINT('',(0.0895644498106575,0.000324739419231942,0.003));
#11807=CARTESIAN_POINT('',(0.107970062640084,-0.00279849302849334,0.003));
#11808=CARTESIAN_POINT('',(0.107857588492372,-0.00315802533932897,0.003));
#11809=CARTESIAN_POINT('',(0.107614039290818,-0.00391227689673382,0.003));
#11810=CARTESIAN_POINT('',(0.107210434783386,-0.00522022454301526,0.003));
#11811=CARTESIAN_POINT('',(0.106474912436105,-0.00683986280217503,0.003));
#11812=CARTESIAN_POINT('',(0.105912225565167,-0.00794354881596111,0.003));
#11813=CARTESIAN_POINT('',(0.105163118924884,-0.00909424703380045,0.003));
#11814=CARTESIAN_POINT('',(0.104369939956766,-0.0103192469698365,0.003));
#11815=CARTESIAN_POINT('',(0.103437050273003,-0.0112303345937986,0.003));
#11816=CARTESIAN_POINT('',(0.102486532356597,-0.0123300011237957,0.003));
#11817=CARTESIAN_POINT('',(0.10100096975775,-0.013429591889453,0.003));
#11818=CARTESIAN_POINT('',(0.0995738571527167,-0.0145141639520864,0.003));
#11819=CARTESIAN_POINT('',(0.0966096586380907,-0.0157655592394222,0.003));
#11820=CARTESIAN_POINT('',(0.0942411097776289,-0.0165087630209323,0.003));
#11821=CARTESIAN_POINT('',(0.0914890015102047,-0.0167255276876451,0.003));
#11822=CARTESIAN_POINT('',(0.0890892196946275,-0.0167124781707609,0.003));
#11823=CARTESIAN_POINT('',(0.0870681233118067,-0.0165123875312839,0.003));
#11824=CARTESIAN_POINT('',(0.0849470907206695,-0.0158289149488377,0.003));
#11825=CARTESIAN_POINT('',(0.0826241261159633,-0.015039328721479,0.003));
#11826=CARTESIAN_POINT('',(0.0804220007205495,-0.0135190038231529,0.003));
#11827=CARTESIAN_POINT('',(0.0787307068189227,-0.0120561289943183,0.003));
#11828=CARTESIAN_POINT('',(0.0771066175238547,-0.0102637612442765,0.003));
#11829=CARTESIAN_POINT('',(0.0756704818098043,-0.00779990030089765,0.003));
#11830=CARTESIAN_POINT('',(0.0749387688778165,-0.00592315833941254,0.003));
#11831=CARTESIAN_POINT('',(0.0742465877171504,-0.00400137412022099,0.003));
#11832=CARTESIAN_POINT('',(0.0742072780458959,-0.00237703085351121,0.003));
#11833=CARTESIAN_POINT('',(0.0739908301991456,-0.000594843909285775,0.003));
#11834=CARTESIAN_POINT('',(0.074154612993107,0.00117768957402992,0.003));
#11835=CARTESIAN_POINT('',(0.0744152908896157,0.00282023970885572,0.003));
#11836=CARTESIAN_POINT('',(0.0746904971740976,0.00427434508093934,0.003));
#11837=CARTESIAN_POINT('',(0.075404791359991,0.0057924501374072,0.003));
#11838=CARTESIAN_POINT('',(0.0757967728364552,0.00671603151239437,0.003));
#11839=CARTESIAN_POINT('',(0.0765617335122039,0.00784250732354348,0.003));
#11840=CARTESIAN_POINT('',(0.0772898163903845,0.00894666062745668,0.003));
#11841=CARTESIAN_POINT('',(0.0780010092950783,0.00978049835301426,0.003));
#11842=CARTESIAN_POINT('',(0.0788237764436551,0.0104165047733232,0.003));
#11843=CARTESIAN_POINT('',(0.0796345548500917,0.0112237115987201,0.003));
#11844=CARTESIAN_POINT('',(0.0806653551045594,0.0118930808526371,0.003));
#11845=CARTESIAN_POINT('',(0.0815035022639141,0.0124528144591269,0.003));
#11846=CARTESIAN_POINT('',(0.082830913400795,0.0131491623249871,0.003));
#11847=CARTESIAN_POINT('',(0.0843395300991011,0.0137349992682492,0.003));
#11848=CARTESIAN_POINT('',(0.0858682731407168,0.0141811353137425,0.003));
#11849=CARTESIAN_POINT('',(0.0872821601317435,0.014243273991786,0.003));
#11850=CARTESIAN_POINT('',(0.0887622495565354,0.0143533222038367,0.003));
#11851=CARTESIAN_POINT('',(0.0902063259356479,0.0142434833175296,0.003));
#11852=CARTESIAN_POINT('',(0.0916390890265354,0.0139947235478088,0.003));
#11853=CARTESIAN_POINT('',(0.0928501433433213,0.0137391000670111,0.003));
#11854=CARTESIAN_POINT('',(0.0941762666207607,0.0133248332269263,0.003));
#11855=CARTESIAN_POINT('',(0.0951754330937106,0.0128213358178752,0.003));
#11856=CARTESIAN_POINT('',(0.0958140073737259,0.0123251410024974,0.003));
#11857=CARTESIAN_POINT('',(0.0967857001616877,0.0118586430464654,0.003));
#11858=CARTESIAN_POINT('',(0.0981368947716152,0.0106870895166995,0.003));
#11859=CARTESIAN_POINT('',(0.0991589535049948,0.00961765299976195,0.003));
#11860=CARTESIAN_POINT('',(0.0999417747615158,0.00852307292802524,0.003));
#11861=CARTESIAN_POINT('',(0.100807891553182,0.00724025719978098,0.003));
#11862=CARTESIAN_POINT('',(0.101398134920181,0.00583108321575174,0.003));
#11863=CARTESIAN_POINT('',(0.101798935526535,0.00475908208286086,0.003));
#11864=CARTESIAN_POINT('',(0.101851736078962,0.00362971095037743,0.003));
#11865=CARTESIAN_POINT('',(0.102161619331702,0.00246574021325691,0.003));
#11866=CARTESIAN_POINT('',(0.102130553067434,0.00139128543909671,0.003));
#11867=CARTESIAN_POINT('',(0.102197676343675,0.000597189841501767,0.003));
#11868=CARTESIAN_POINT('',(0.102019189511674,-0.000373755134317449,0.003));
#11869=CARTESIAN_POINT('',(0.101908908826189,-0.00168537839728328,0.003));
#11870=CARTESIAN_POINT('',(0.101502718181459,-0.00278268620991314,0.003));
#11871=CARTESIAN_POINT('',(0.101121564514485,-0.00379841592855581,0.003));
#11872=CARTESIAN_POINT('',(0.10031095954142,-0.00546430062787664,0.003));
#11873=CARTESIAN_POINT('',(0.0993209401540552,-0.00665674044274166,0.003));
#11874=CARTESIAN_POINT('',(0.0981821856566411,-0.00779823424047533,0.003));
#11875=CARTESIAN_POINT('',(0.0969501036093836,-0.00872576121664005,0.003));
#11876=CARTESIAN_POINT('',(0.0959675633369497,-0.00930812372034511,0.003));
#11877=CARTESIAN_POINT('',(0.0939389973283098,-0.0102500221817331,0.003));
#11878=CARTESIAN_POINT('',(0.0920147862568628,-0.0106690547777872,0.003));
#11879=CARTESIAN_POINT('',(0.0903960646369435,-0.0106975349552909,0.003));
#11880=CARTESIAN_POINT('',(0.0887060284912378,-0.010565300432333,0.003));
#11881=CARTESIAN_POINT('',(0.0874277989579868,-0.0102494116556451,0.003));
#11882=CARTESIAN_POINT('',(0.0861956243798471,-0.0098250900280583,0.003));
#11883=CARTESIAN_POINT('',(0.0848569894202232,-0.0091071833169239,0.003));
#11884=CARTESIAN_POINT('',(0.0838666978667269,-0.00830274444465304,0.003));
#11885=CARTESIAN_POINT('',(0.082940771140232,-0.00760486110457943,0.003));
#11886=CARTESIAN_POINT('',(0.0821869369589675,-0.00663422918014203,0.003));
#11887=CARTESIAN_POINT('',(0.0814063218261285,-0.00540605279811446,0.003));
#11888=CARTESIAN_POINT('',(0.0808900818493968,-0.00447704940773108,0.003));
#11889=CARTESIAN_POINT('',(0.0805256188093347,-0.00321152883803085,0.003));
#11890=CARTESIAN_POINT('',(0.0801670347731049,-0.00209429214591625,0.003));
#11891=CARTESIAN_POINT('',(0.0801267936320889,-0.00070666450005206,0.003));
#11892=CARTESIAN_POINT('',(0.0802804060196367,9.64773918206318E-5,0.003));
#11893=CARTESIAN_POINT('',(0.0803784919953558,0.00129716192272688,0.003));
#11894=CARTESIAN_POINT('',(0.080629746378714,0.00242774704396349,0.003));
#11895=CARTESIAN_POINT('',(0.0811616746156085,0.00353451555893333,0.003));
#11896=CARTESIAN_POINT('',(0.0819312244712675,0.00492242099273839,0.003));
#11897=CARTESIAN_POINT('',(0.0829330728644964,0.00595618832953569,0.003));
#11898=CARTESIAN_POINT('',(0.0844612224143432,0.00709509050440565,0.003));
#11899=CARTESIAN_POINT('',(0.0859233797479856,0.00771392496989836,0.003));
#11900=CARTESIAN_POINT('',(0.0871054359010131,0.00809120372253318,0.003));
#11901=CARTESIAN_POINT('',(0.0885010014683472,0.00818522359959225,0.003));
#11902=CARTESIAN_POINT('',(0.0898191145882792,0.00815717173387847,0.003));
#11903=CARTESIAN_POINT('',(0.0910352614266213,0.0078985649180309,0.003));
#11904=CARTESIAN_POINT('',(0.0922324684092478,0.0073617691316808,0.003));
#11905=CARTESIAN_POINT('',(0.0931035576935645,0.0068420911852644,0.003));
#11906=CARTESIAN_POINT('',(0.0939135461796207,0.0062548550497195,0.003));
#11907=CARTESIAN_POINT('',(0.0946296008945757,0.00540337436096079,0.003));
#11908=CARTESIAN_POINT('',(0.0951350026843286,0.00466472813461603,0.003));
#11909=CARTESIAN_POINT('',(0.0956011049179111,0.00357136790764159,0.003));
#11910=CARTESIAN_POINT('',(0.0958289660172699,0.00278822534713949,0.003));
#11911=CARTESIAN_POINT('',(0.0958813327382645,0.00150261546311512,0.003));
#11912=CARTESIAN_POINT('',(0.0958661163974445,0.000444872324970284,0.003));
#11913=CARTESIAN_POINT('',(0.0957293046838758,-0.00082147907058854,0.003));
#11914=CARTESIAN_POINT('',(0.0953153529230444,-0.00190575264080932,0.003));
#11915=CARTESIAN_POINT('',(0.0946562458345384,-0.00275149654975885,0.003));
#11916=CARTESIAN_POINT('',(0.0938610782511634,-0.00333340181478147,0.003));
#11917=CARTESIAN_POINT('',(0.0928479677808806,-0.00421723693699252,0.003));
#11918=CARTESIAN_POINT('',(0.0909327173782817,-0.00453507795626361,0.003));
#11919=CARTESIAN_POINT('',(0.0890936896324279,-0.00450594271897938,0.003));
#11920=CARTESIAN_POINT('',(0.0875073582882712,-0.00351384030174463,0.003));
#11921=CARTESIAN_POINT('',(0.0864998920803414,-0.00227244369986176,0.003));
#11922=CARTESIAN_POINT('',(0.0862235012078912,-0.000832850889682344,0.003));
#11923=CARTESIAN_POINT('',(0.0864889816126139,0.000537352695487505,0.003));
#11924=CARTESIAN_POINT('',(0.0872041067860158,0.00160150553716517,0.003));
#11925=CARTESIAN_POINT('',(0.0879465273678964,0.00209613703721419,0.003));
#11926=CARTESIAN_POINT('',(0.0890852194259034,0.00199069202759119,0.003));
#11927=CARTESIAN_POINT('',(0.0899226361033327,0.0018450474356652,0.003));
#11928=CARTESIAN_POINT('',(0.0908053292287751,0.00116292178719674,0.003));
#11929=CARTESIAN_POINT('',(0.0910461550042722,0.000264946005922953,0.003));
#11930=CARTESIAN_POINT('',(0.0912017956801051,-0.000924963609728488,0.003));
#11931=CARTESIAN_POINT('',(0.0903826225094065,-0.00139351836893781,0.003));
#11932=CARTESIAN_POINT('',(0.089473632753789,-0.00117578953870072,0.003));
#11933=CARTESIAN_POINT('',(0.089122251096336,-0.000252653045554278,0.003));
#11934=CARTESIAN_POINT('',(0.0895722456149985,0.00014672461745062,0.003));
#11935=CARTESIAN_POINT('',(0.0895664846922125,0.000278273563580522,0.003));
#11936=CARTESIAN_POINT('',(0.0895644498106575,0.000324739419231942,0.003));
#11937=CARTESIAN_POINT('',(0.107970062640084,-0.00279849302849334,0.004));
#11938=CARTESIAN_POINT('',(0.107857588492372,-0.00315802533932897,0.004));
#11939=CARTESIAN_POINT('',(0.107614039290818,-0.00391227689673382,0.004));
#11940=CARTESIAN_POINT('',(0.107210434783386,-0.00522022454301526,0.004));
#11941=CARTESIAN_POINT('',(0.106474912436105,-0.00683986280217503,0.004));
#11942=CARTESIAN_POINT('',(0.105912225565167,-0.00794354881596111,0.004));
#11943=CARTESIAN_POINT('',(0.105163118924884,-0.00909424703380045,0.004));
#11944=CARTESIAN_POINT('',(0.104369939956766,-0.0103192469698365,0.004));
#11945=CARTESIAN_POINT('',(0.103437050273003,-0.0112303345937986,0.004));
#11946=CARTESIAN_POINT('',(0.102486532356597,-0.0123300011237957,0.004));
#11947=CARTESIAN_POINT('',(0.10100096975775,-0.013429591889453,0.004));
#11948=CARTESIAN_POINT('',(0.0995738571527167,-0.0145141639520864,0.004));
#11949=CARTESIAN_POINT('',(0.0966096586380907,-0.0157655592394222,0.004));
#11950=CARTESIAN_POINT('',(0.0942411097776289,-0.0165087630209323,0.004));
#11951=CARTESIAN_POINT('',(0.0914890015102047,-0.0167255276876451,0.004));
#11952=CARTESIAN_POINT('',(0.0890892196946275,-0.0167124781707609,0.004));
#11953=CARTESIAN_POINT('',(0.0870681233118067,-0.0165123875312839,0.004));
#11954=CARTESIAN_POINT('',(0.0849470907206695,-0.0158289149488377,0.004));
#11955=CARTESIAN_POINT('',(0.0826241261159633,-0.015039328721479,0.004));
#11956=CARTESIAN_POINT('',(0.0804220007205495,-0.0135190038231529,0.004));
#11957=CARTESIAN_POINT('',(0.0787307068189227,-0.0120561289943183,0.004));
#11958=CARTESIAN_POINT('',(0.0771066175238547,-0.0102637612442765,0.004));
#11959=CARTESIAN_POINT('',(0.0756704818098043,-0.00779990030089765,0.004));
#11960=CARTESIAN_POINT('',(0.0749387688778165,-0.00592315833941254,0.004));
#11961=CARTESIAN_POINT('',(0.0742465877171504,-0.00400137412022099,0.004));
#11962=CARTESIAN_POINT('',(0.0742072780458959,-0.00237703085351121,0.004));
#11963=CARTESIAN_POINT('',(0.0739908301991456,-0.000594843909285775,0.004));
#11964=CARTESIAN_POINT('',(0.074154612993107,0.00117768957402992,0.004));
#11965=CARTESIAN_POINT('',(0.0744152908896157,0.00282023970885572,0.004));
#11966=CARTESIAN_POINT('',(0.0746904971740976,0.00427434508093934,0.004));
#11967=CARTESIAN_POINT('',(0.075404791359991,0.0057924501374072,0.004));
#11968=CARTESIAN_POINT('',(0.0757967728364552,0.00671603151239437,0.004));
#11969=CARTESIAN_POINT('',(0.0765617335122039,0.00784250732354348,0.004));
#11970=CARTESIAN_POINT('',(0.0772898163903845,0.00894666062745668,0.004));
#11971=CARTESIAN_POINT('',(0.0780010092950783,0.00978049835301426,0.004));
#11972=CARTESIAN_POINT('',(0.0788237764436551,0.0104165047733232,0.004));
#11973=CARTESIAN_POINT('',(0.0796345548500917,0.0112237115987201,0.004));
#11974=CARTESIAN_POINT('',(0.0806653551045594,0.0118930808526371,0.004));
#11975=CARTESIAN_POINT('',(0.0815035022639141,0.0124528144591269,0.004));
#11976=CARTESIAN_POINT('',(0.082830913400795,0.0131491623249871,0.004));
#11977=CARTESIAN_POINT('',(0.0843395300991011,0.0137349992682492,0.004));
#11978=CARTESIAN_POINT('',(0.0858682731407168,0.0141811353137425,0.004));
#11979=CARTESIAN_POINT('',(0.0872821601317435,0.014243273991786,0.004));
#11980=CARTESIAN_POINT('',(0.0887622495565354,0.0143533222038367,0.004));
#11981=CARTESIAN_POINT('',(0.0902063259356479,0.0142434833175296,0.004));
#11982=CARTESIAN_POINT('',(0.0916390890265354,0.0139947235478088,0.004));
#11983=CARTESIAN_POINT('',(0.0928501433433213,0.0137391000670111,0.004));
#11984=CARTESIAN_POINT('',(0.0941762666207607,0.0133248332269263,0.004));
#11985=CARTESIAN_POINT('',(0.0951754330937106,0.0128213358178752,0.004));
#11986=CARTESIAN_POINT('',(0.0958140073737259,0.0123251410024974,0.004));
#11987=CARTESIAN_POINT('',(0.0967857001616877,0.0118586430464654,0.004));
#11988=CARTESIAN_POINT('',(0.0981368947716152,0.0106870895166995,0.004));
#11989=CARTESIAN_POINT('',(0.0991589535049948,0.00961765299976195,0.004));
#11990=CARTESIAN_POINT('',(0.0999417747615158,0.00852307292802524,0.004));
#11991=CARTESIAN_POINT('',(0.100807891553182,0.00724025719978098,0.004));
#11992=CARTESIAN_POINT('',(0.101398134920181,0.00583108321575174,0.004));
#11993=CARTESIAN_POINT('',(0.101798935526535,0.00475908208286086,0.004));
#11994=CARTESIAN_POINT('',(0.101851736078962,0.00362971095037743,0.004));
#11995=CARTESIAN_POINT('',(0.102161619331702,0.00246574021325691,0.004));
#11996=CARTESIAN_POINT('',(0.102130553067434,0.00139128543909671,0.004));
#11997=CARTESIAN_POINT('',(0.102197676343675,0.000597189841501767,0.004));
#11998=CARTESIAN_POINT('',(0.102019189511674,-0.000373755134317449,0.004));
#11999=CARTESIAN_POINT('',(0.101908908826189,-0.00168537839728328,0.004));
#12000=CARTESIAN_POINT('',(0.101502718181459,-0.00278268620991314,0.004));
#12001=CARTESIAN_POINT('',(0.101121564514485,-0.00379841592855581,0.004));
#12002=CARTESIAN_POINT('',(0.10031095954142,-0.00546430062787664,0.004));
#12003=CARTESIAN_POINT('',(0.0993209401540552,-0.00665674044274166,0.004));
#12004=CARTESIAN_POINT('',(0.0981821856566411,-0.00779823424047533,0.004));
#12005=CARTESIAN_POINT('',(0.0969501036093836,-0.00872576121664005,0.004));
#12006=CARTESIAN_POINT('',(0.0959675633369497,-0.00930812372034511,0.004));
#12007=CARTESIAN_POINT('',(0.0939389973283098,-0.0102500221817331,0.004));
#12008=CARTESIAN_POINT('',(0.0920147862568628,-0.0106690547777872,0.004));
#12009=CARTESIAN_POINT('',(0.0903960646369435,-0.0106975349552909,0.004));
#12010=CARTESIAN_POINT('',(0.0887060284912378,-0.010565300432333,0.004));
#12011=CARTESIAN_POINT('',(0.0874277989579868,-0.0102494116556451,0.004));
#12012=CARTESIAN_POINT('',(0.0861956243798471,-0.0098250900280583,0.004));
#12013=CARTESIAN_POINT('',(0.0848569894202232,-0.0091071833169239,0.004));
#12014=CARTESIAN_POINT('',(0.0838666978667269,-0.00830274444465304,0.004));
#12015=CARTESIAN_POINT('',(0.082940771140232,-0.00760486110457943,0.004));
#12016=CARTESIAN_POINT('',(0.0821869369589675,-0.00663422918014203,0.004));
#12017=CARTESIAN_POINT('',(0.0814063218261285,-0.00540605279811446,0.004));
#12018=CARTESIAN_POINT('',(0.0808900818493968,-0.00447704940773108,0.004));
#12019=CARTESIAN_POINT('',(0.0805256188093347,-0.00321152883803085,0.004));
#12020=CARTESIAN_POINT('',(0.0801670347731049,-0.00209429214591625,0.004));
#12021=CARTESIAN_POINT('',(0.0801267936320889,-0.00070666450005206,0.004));
#12022=CARTESIAN_POINT('',(0.0802804060196367,9.64773918206318E-5,0.004));
#12023=CARTESIAN_POINT('',(0.0803784919953558,0.00129716192272688,0.004));
#12024=CARTESIAN_POINT('',(0.080629746378714,0.00242774704396349,0.004));
#12025=CARTESIAN_POINT('',(0.0811616746156085,0.00353451555893333,0.004));
#12026=CARTESIAN_POINT('',(0.0819312244712675,0.00492242099273839,0.004));
#12027=CARTESIAN_POINT('',(0.0829330728644964,0.00595618832953569,0.004));
#12028=CARTESIAN_POINT('',(0.0844612224143432,0.00709509050440565,0.004));
#12029=CARTESIAN_POINT('',(0.0859233797479856,0.00771392496989836,0.004));
#12030=CARTESIAN_POINT('',(0.0871054359010131,0.00809120372253318,0.004));
#12031=CARTESIAN_POINT('',(0.0885010014683472,0.00818522359959225,0.004));
#12032=CARTESIAN_POINT('',(0.0898191145882792,0.00815717173387847,0.004));
#12033=CARTESIAN_POINT('',(0.0910352614266213,0.0078985649180309,0.004));
#12034=CARTESIAN_POINT('',(0.0922324684092478,0.0073617691316808,0.004));
#12035=CARTESIAN_POINT('',(0.0931035576935645,0.0068420911852644,0.004));
#12036=CARTESIAN_POINT('',(0.0939135461796207,0.0062548550497195,0.004));
#12037=CARTESIAN_POINT('',(0.0946296008945757,0.00540337436096079,0.004));
#12038=CARTESIAN_POINT('',(0.0951350026843286,0.00466472813461603,0.004));
#12039=CARTESIAN_POINT('',(0.0956011049179111,0.00357136790764159,0.004));
#12040=CARTESIAN_POINT('',(0.0958289660172699,0.00278822534713949,0.004));
#12041=CARTESIAN_POINT('',(0.0958813327382645,0.00150261546311512,0.004));
#12042=CARTESIAN_POINT('',(0.0958661163974445,0.000444872324970284,0.004));
#12043=CARTESIAN_POINT('',(0.0957293046838758,-0.00082147907058854,0.004));
#12044=CARTESIAN_POINT('',(0.0953153529230444,-0.00190575264080932,0.004));
#12045=CARTESIAN_POINT('',(0.0946562458345384,-0.00275149654975885,0.004));
#12046=CARTESIAN_POINT('',(0.0938610782511634,-0.00333340181478147,0.004));
#12047=CARTESIAN_POINT('',(0.0928479677808806,-0.00421723693699252,0.004));
#12048=CARTESIAN_POINT('',(0.0909327173782817,-0.00453507795626361,0.004));
#12049=CARTESIAN_POINT('',(0.0890936896324279,-0.00450594271897938,0.004));
#12050=CARTESIAN_POINT('',(0.0875073582882712,-0.00351384030174463,0.004));
#12051=CARTESIAN_POINT('',(0.0864998920803414,-0.00227244369986176,0.004));
#12052=CARTESIAN_POINT('',(0.0862235012078912,-0.000832850889682344,0.004));
#12053=CARTESIAN_POINT('',(0.0864889816126139,0.000537352695487505,0.004));
#12054=CARTESIAN_POINT('',(0.0872041067860158,0.00160150553716517,0.004));
#12055=CARTESIAN_POINT('',(0.0879465273678964,0.00209613703721419,0.004));
#12056=CARTESIAN_POINT('',(0.0890852194259034,0.00199069202759119,0.004));
#12057=CARTESIAN_POINT('',(0.0899226361033327,0.0018450474356652,0.004));
#12058=CARTESIAN_POINT('',(0.0908053292287751,0.00116292178719674,0.004));
#12059=CARTESIAN_POINT('',(0.0910461550042722,0.000264946005922953,0.004));
#12060=CARTESIAN_POINT('',(0.0912017956801051,-0.000924963609728488,0.004));
#12061=CARTESIAN_POINT('',(0.0903826225094065,-0.00139351836893781,0.004));
#12062=CARTESIAN_POINT('',(0.089473632753789,-0.00117578953870072,0.004));
#12063=CARTESIAN_POINT('',(0.089122251096336,-0.000252653045554278,0.004));
#12064=CARTESIAN_POINT('',(0.0895722456149985,0.00014672461745062,0.004));
#12065=CARTESIAN_POINT('',(0.0895664846922125,0.000278273563580522,0.004));
#12066=CARTESIAN_POINT('',(0.0895644498106575,0.000324739419231942,0.004));
#12067=CARTESIAN_POINT('',(0.0895644498106575,0.000324739419231943,0.004));
#12068=CARTESIAN_POINT('',(0.0895644498106575,0.000324739419231943,0.004));
#12069=CARTESIAN_POINT('',(0.109701816404122,0.000324739419231943,0.004));
#12070=CARTESIAN_POINT('',(0.0895644498106575,0.000324739419231943,0.003));
#12071=CARTESIAN_POINT('',(0.109701816404122,0.000324739419231943,0.003));
#12072=CARTESIAN_POINT('',(0.0895644498106575,0.00432473941923193,0.004));
#12073=CARTESIAN_POINT('',(0.0895644498106575,0.00432473941923193,0.003));
#12074=CARTESIAN_POINT('',(0.,0.,0.));
#12075=CARTESIAN_POINT('',(-0.0271866004914046,0.0673293769359589,0.004));
#12076=CARTESIAN_POINT('',(-0.0271866004914046,0.0673293769359589,0.003));
#12077=CARTESIAN_POINT('',(-0.0200661681592465,0.0651579275727272,0.004));
#12078=CARTESIAN_POINT('',(-0.0200661681592465,0.0651579275727272,0.003));
#12079=CARTESIAN_POINT('',(-0.0167465507984161,0.0589612051844597,0.004));
#12080=CARTESIAN_POINT('',(-0.0167465507984161,0.0589612051844597,0.003));
#12081=CARTESIAN_POINT('',(-0.0182583454389861,0.0526296738497386,0.004));
#12082=CARTESIAN_POINT('',(-0.0182583454389861,0.0526296738497386,0.003));
#12083=CARTESIAN_POINT('',(-0.0271866004914046,0.0673293769359589,0.003));
#12084=CARTESIAN_POINT('',(-0.0200661681592465,0.0651579275727272,0.003));
#12085=CARTESIAN_POINT('',(-0.0167465507984161,0.0589612051844597,0.003));
#12086=CARTESIAN_POINT('',(-0.0182583454389861,0.0526296738497386,0.003));
#12087=CARTESIAN_POINT('',(-0.0271866004914046,0.0673293769359589,0.003));
#12088=CARTESIAN_POINT('',(-0.0182583454389861,0.0526296738497386,0.003));
#12089=CARTESIAN_POINT('',(-0.0182583454389861,0.0526296738497386,0.004));
#12090=CARTESIAN_POINT('',(-0.0182583454389861,0.0526296738497386,0.004));
#12091=CARTESIAN_POINT('',(-0.0271866004914046,0.0673293769359589,0.004));
#12092=CARTESIAN_POINT('',(-0.0200661681592465,0.0651579275727272,0.004));
#12093=CARTESIAN_POINT('',(-0.0167465507984161,0.0589612051844597,0.004));
#12094=CARTESIAN_POINT('',(-0.0182583454389861,0.0526296738497386,0.004));
#12095=CARTESIAN_POINT('',(-0.0271866004914046,0.0673293769359589,0.004));
#12096=CARTESIAN_POINT('',(-0.0271866004914046,0.0673293769359589,0.004));
#12097=CARTESIAN_POINT('',(-0.0255030803382397,0.0591922663152218,0.004));
#12098=CARTESIAN_POINT('',(-0.0255030803382397,0.0591922663152218,0.003));
#12099=CARTESIAN_POINT('',(-0.0228362824682665,0.0573104823322452,0.004));
#12100=CARTESIAN_POINT('',(-0.0228362824682665,0.0573104823322452,0.003));
#12101=CARTESIAN_POINT('',(-0.0204292982491415,0.0550265082345102,0.004));
#12102=CARTESIAN_POINT('',(-0.0204292982491415,0.0550265082345102,0.003));
#12103=CARTESIAN_POINT('',(-0.0182583454389861,0.0526296738497386,0.004));
#12104=CARTESIAN_POINT('',(-0.0182583454389861,0.0526296738497386,0.003));
#12105=CARTESIAN_POINT('',(-0.0255030803382397,0.0591922663152218,0.003));
#12106=CARTESIAN_POINT('',(-0.0228362824682665,0.0573104823322452,0.003));
#12107=CARTESIAN_POINT('',(-0.0204292982491415,0.0550265082345102,0.003));
#12108=CARTESIAN_POINT('',(-0.0182583454389861,0.0526296738497386,0.003));
#12109=CARTESIAN_POINT('',(-0.0255030803382397,0.0591922663152218,0.003));
#12110=CARTESIAN_POINT('',(-0.0255030803382397,0.0591922663152218,0.004));
#12111=CARTESIAN_POINT('',(-0.0255030803382397,0.0591922663152218,0.004));
#12112=CARTESIAN_POINT('',(-0.0255030803382397,0.0591922663152218,0.004));
#12113=CARTESIAN_POINT('',(-0.0228362824682665,0.0573104823322452,0.004));
#12114=CARTESIAN_POINT('',(-0.0204292982491415,0.0550265082345102,0.004));
#12115=CARTESIAN_POINT('',(-0.0182583454389861,0.0526296738497386,0.004));
#12116=CARTESIAN_POINT('',(-0.0402794155797611,0.046916960224735,0.004));
#12117=CARTESIAN_POINT('',(-0.0402794155797611,0.046916960224735,0.003));
#12118=CARTESIAN_POINT('',(-0.0361023545265198,0.0424205362796783,0.004));
#12119=CARTESIAN_POINT('',(-0.0361023545265198,0.0424205362796783,0.003));
#12120=CARTESIAN_POINT('',(-0.027484118938446,0.0425162948668003,0.004));
#12121=CARTESIAN_POINT('',(-0.027484118938446,0.0425162948668003,0.003));
#12122=CARTESIAN_POINT('',(-0.0233574192970991,0.0471777655184269,0.004));
#12123=CARTESIAN_POINT('',(-0.0233574192970991,0.0471777655184269,0.003));
#12124=CARTESIAN_POINT('',(-0.0402794155797611,0.046916960224735,0.003));
#12125=CARTESIAN_POINT('',(-0.0361023545265198,0.0424205362796783,0.003));
#12126=CARTESIAN_POINT('',(-0.027484118938446,0.0425162948668003,0.003));
#12127=CARTESIAN_POINT('',(-0.0233574192970991,0.0471777655184269,0.003));
#12128=CARTESIAN_POINT('',(-0.0402794155797611,0.046916960224735,0.003));
#12129=CARTESIAN_POINT('',(-0.0233574192970991,0.0471777655184269,0.003));
#12130=CARTESIAN_POINT('',(-0.0402794155797611,0.046916960224735,0.004));
#12131=CARTESIAN_POINT('',(-0.0402794155797611,0.046916960224735,0.004));
#12132=CARTESIAN_POINT('',(-0.0402794155797611,0.046916960224735,0.004));
#12133=CARTESIAN_POINT('',(-0.0361023545265198,0.0424205362796783,0.004));
#12134=CARTESIAN_POINT('',(-0.027484118938446,0.0425162948668003,0.004));
#12135=CARTESIAN_POINT('',(-0.0233574192970991,0.0471777655184269,0.004));
#12136=CARTESIAN_POINT('',(-0.0233574192970991,0.0471777655184269,0.004));
#12137=CARTESIAN_POINT('',(-0.0233574192970991,0.0471777655184269,0.004));
#12138=CARTESIAN_POINT('',(-0.0402794155797618,0.0469169602247349,0.004));
#12139=CARTESIAN_POINT('',(-0.0402794155797618,0.0469169602247349,0.003));
#12140=CARTESIAN_POINT('',(-0.0372025781492031,0.047644313159972,0.004));
#12141=CARTESIAN_POINT('',(-0.0372025781492031,0.047644313159972,0.003));
#12142=CARTESIAN_POINT('',(-0.0340502018205598,0.0487098151644682,0.004));
#12143=CARTESIAN_POINT('',(-0.0340502018205598,0.0487098151644682,0.003));
#12144=CARTESIAN_POINT('',(-0.0310485567897558,0.0498470813035965,0.004));
#12145=CARTESIAN_POINT('',(-0.0310485567897558,0.0498470813035965,0.003));
#12146=CARTESIAN_POINT('',(-0.0402794155797618,0.0469169602247349,0.003));
#12147=CARTESIAN_POINT('',(-0.0372025781492031,0.047644313159972,0.003));
#12148=CARTESIAN_POINT('',(-0.0340502018205598,0.0487098151644682,0.003));
#12149=CARTESIAN_POINT('',(-0.0310485567897558,0.0498470813035965,0.003));
#12150=CARTESIAN_POINT('',(-0.0310485567897558,0.0498470813035965,0.003));
#12151=CARTESIAN_POINT('',(-0.0310485567897558,0.0498470813035965,0.004));
#12152=CARTESIAN_POINT('',(-0.0310485567897558,0.0498470813035965,0.004));
#12153=CARTESIAN_POINT('',(-0.0402794155797618,0.0469169602247349,0.004));
#12154=CARTESIAN_POINT('',(-0.0372025781492031,0.047644313159972,0.004));
#12155=CARTESIAN_POINT('',(-0.0340502018205598,0.0487098151644682,0.004));
#12156=CARTESIAN_POINT('',(-0.0310485567897558,0.0498470813035965,0.004));
#12157=CARTESIAN_POINT('',(-0.0342708713294708,0.0690269162382077,0.004));
#12158=CARTESIAN_POINT('',(-0.0342708713294708,0.0690269162382077,0.003));
#12159=CARTESIAN_POINT('',(-0.0402562245726586,0.0672023147344589,0.004));
#12160=CARTESIAN_POINT('',(-0.0402562245726586,0.0672023147344589,0.003));
#12161=CARTESIAN_POINT('',(-0.044329471886158,0.0611302107572556,0.004));
#12162=CARTESIAN_POINT('',(-0.044329471886158,0.0611302107572556,0.003));
#12163=CARTESIAN_POINT('',(-0.0425758250057698,0.0539604909718037,0.004));
#12164=CARTESIAN_POINT('',(-0.0425758250057698,0.0539604909718037,0.003));
#12165=CARTESIAN_POINT('',(-0.0342708713294708,0.0690269162382077,0.003));
#12166=CARTESIAN_POINT('',(-0.0402562245726586,0.0672023147344589,0.003));
#12167=CARTESIAN_POINT('',(-0.044329471886158,0.0611302107572556,0.003));
#12168=CARTESIAN_POINT('',(-0.0425758250057698,0.0539604909718037,0.003));
#12169=CARTESIAN_POINT('',(-0.0342708713294708,0.0690269162382077,0.003));
#12170=CARTESIAN_POINT('',(-0.0425758250057698,0.0539604909718037,0.003));
#12171=CARTESIAN_POINT('',(-0.0342708713294708,0.0690269162382077,0.004));
#12172=CARTESIAN_POINT('',(-0.0342708713294708,0.0690269162382077,0.004));
#12173=CARTESIAN_POINT('',(-0.0342708713294708,0.0690269162382077,0.004));
#12174=CARTESIAN_POINT('',(-0.0402562245726586,0.0672023147344589,0.004));
#12175=CARTESIAN_POINT('',(-0.044329471886158,0.0611302107572556,0.004));
#12176=CARTESIAN_POINT('',(-0.0425758250057698,0.0539604909718037,0.004));
#12177=CARTESIAN_POINT('',(-0.0425758250057698,0.0539604909718037,0.004));
#12178=CARTESIAN_POINT('',(-0.0425758250057698,0.0539604909718037,0.004));
#12179=CARTESIAN_POINT('',(-0.0362785458564759,0.0595541596412659,0.004));
#12180=CARTESIAN_POINT('',(-0.0362785458564759,0.0595541596412659,0.003));
#12181=CARTESIAN_POINT('',(-0.0358472428236316,0.0627975591756778,0.004));
#12182=CARTESIAN_POINT('',(-0.0358472428236316,0.0627975591756778,0.003));
#12183=CARTESIAN_POINT('',(-0.0352037129393238,0.0659337425225774,0.004));
#12184=CARTESIAN_POINT('',(-0.0352037129393238,0.0659337425225774,0.003));
#12185=CARTESIAN_POINT('',(-0.0342708713294708,0.0690269162382078,0.004));
#12186=CARTESIAN_POINT('',(-0.0342708713294708,0.0690269162382078,0.003));
#12187=CARTESIAN_POINT('',(-0.0362785458564759,0.0595541596412659,0.003));
#12188=CARTESIAN_POINT('',(-0.0358472428236316,0.0627975591756778,0.003));
#12189=CARTESIAN_POINT('',(-0.0352037129393238,0.0659337425225774,0.003));
#12190=CARTESIAN_POINT('',(-0.0342708713294708,0.0690269162382078,0.003));
#12191=CARTESIAN_POINT('',(-0.0362785458564759,0.0595541596412659,0.003));
#12192=CARTESIAN_POINT('',(-0.0362785458564759,0.0595541596412659,0.004));
#12193=CARTESIAN_POINT('',(-0.0362785458564759,0.0595541596412659,0.004));
#12194=CARTESIAN_POINT('',(-0.0362785458564759,0.0595541596412659,0.004));
#12195=CARTESIAN_POINT('',(-0.0358472428236316,0.0627975591756778,0.004));
#12196=CARTESIAN_POINT('',(-0.0352037129393238,0.0659337425225774,0.004));
#12197=CARTESIAN_POINT('',(-0.0342708713294708,0.0690269162382078,0.004));
#12198=CARTESIAN_POINT('',(-0.0479941185827416,0.0482253044608442,0.004));
#12199=CARTESIAN_POINT('',(-0.0479941185827416,0.0482253044608442,0.003));
#12200=CARTESIAN_POINT('',(-0.0487404055893421,0.0571720972657204,0.004));
#12201=CARTESIAN_POINT('',(-0.0487404055893421,0.0571720972657204,0.003));
#12202=CARTESIAN_POINT('',(-0.0440555810928345,0.0668896660208702,0.004));
#12203=CARTESIAN_POINT('',(-0.0440555810928345,0.0668896660208702,0.003));
#12204=CARTESIAN_POINT('',(-0.0339802432319724,0.0699599241034599,0.004));
#12205=CARTESIAN_POINT('',(-0.0339802432319724,0.0699599241034599,0.003));
#12206=CARTESIAN_POINT('',(-0.0479941185827416,0.0482253044608442,0.003));
#12207=CARTESIAN_POINT('',(-0.0487404055893421,0.0571720972657204,0.003));
#12208=CARTESIAN_POINT('',(-0.0440555810928345,0.0668896660208702,0.003));
#12209=CARTESIAN_POINT('',(-0.0339802432319724,0.0699599241034599,0.003));
#12210=CARTESIAN_POINT('',(-0.0479941185827416,0.0482253044608442,0.003));
#12211=CARTESIAN_POINT('',(-0.0339802422976087,0.0699599238031183,0.003));
#12212=CARTESIAN_POINT('',(-0.0479941185827416,0.0482253044608442,0.004));
#12213=CARTESIAN_POINT('',(-0.0479941185827416,0.0482253044608442,0.004));
#12214=CARTESIAN_POINT('',(-0.0479941185827416,0.0482253044608442,0.004));
#12215=CARTESIAN_POINT('',(-0.0487404055893421,0.0571720972657204,0.004));
#12216=CARTESIAN_POINT('',(-0.0440555810928345,0.0668896660208702,0.004));
#12217=CARTESIAN_POINT('',(-0.0339802432319724,0.0699599241034599,0.004));
#12218=CARTESIAN_POINT('',(-0.0339802422976087,0.0699599238031183,0.004));
#12219=CARTESIAN_POINT('',(-0.0339802432319724,0.0699599241034599,0.004));
#12220=CARTESIAN_POINT('',(-0.0309789901893425,0.0561729194192319,0.004));
#12221=CARTESIAN_POINT('',(-0.0309789901893425,0.0561729194192319,0.003));
#12222=CARTESIAN_POINT('',(-0.0321089535030188,0.0749186485509672,0.003));
#12223=CARTESIAN_POINT('',(-0.0321089086801261,0.0749186512527675,0.004));
#12224=CARTESIAN_POINT('',(-0.0321089535030188,0.0749186485509672,0.004));
#12225=CARTESIAN_POINT('',(-0.0309789901893425,0.0561729194192319,0.004));
#12226=CARTESIAN_POINT('',(-0.0309789901893425,0.0561729194192319,0.004));
#12227=CARTESIAN_POINT('',(-0.0309789901893425,0.0561729194192319,0.003));
#12228=CARTESIAN_POINT('',(-0.0467456621450623,0.0459704082964072,0.003));
#12229=CARTESIAN_POINT('',(-0.0156535664065472,0.0453188619452559,0.003));
#12230=CARTESIAN_POINT('',(-0.0467456621450623,0.0459704082964072,0.004));
#12231=CARTESIAN_POINT('',(-0.0467456621450623,0.0459704082964072,0.004));
#12232=CARTESIAN_POINT('',(-0.0309789901893425,0.0561729194192319,0.004));
#12233=CARTESIAN_POINT('',(-0.0156535664065472,0.0453188619452559,0.004));
#12234=CARTESIAN_POINT('',(-0.0156535664065472,0.0453188619452559,0.004));
#12235=CARTESIAN_POINT('',(-0.0467456621450623,0.0459704082964072,0.004));
#12236=CARTESIAN_POINT('',(-0.0467456621450623,0.0459704082964072,0.003));
#12237=CARTESIAN_POINT('',(-0.0450238327849096,0.0460305732546566,0.004));
#12238=CARTESIAN_POINT('',(-0.0450238327849096,0.0460305732546566,0.003));
#12239=CARTESIAN_POINT('',(-0.0432147246241939,0.0462844849988278,0.004));
#12240=CARTESIAN_POINT('',(-0.0432147246241939,0.0462844849988278,0.003));
#12241=CARTESIAN_POINT('',(-0.0413682584428589,0.046673372449294,0.004));
#12242=CARTESIAN_POINT('',(-0.0413682584428589,0.046673372449294,0.003));
#12243=CARTESIAN_POINT('',(-0.0467456621450623,0.0459704082964072,0.003));
#12244=CARTESIAN_POINT('',(-0.0450238327849096,0.0460305732546566,0.003));
#12245=CARTESIAN_POINT('',(-0.0432147246241939,0.0462844849988278,0.003));
#12246=CARTESIAN_POINT('',(-0.0413682584428589,0.046673372449294,0.003));
#12247=CARTESIAN_POINT('',(-0.0413682584428572,0.0466733724492943,0.003));
#12248=CARTESIAN_POINT('',(-0.0413682584428572,0.0466733724492943,0.004));
#12249=CARTESIAN_POINT('',(-0.0413682584428572,0.0466733724492943,0.004));
#12250=CARTESIAN_POINT('',(-0.0467456621450623,0.0459704082964072,0.004));
#12251=CARTESIAN_POINT('',(-0.0450238327849096,0.0460305732546566,0.004));
#12252=CARTESIAN_POINT('',(-0.0432147246241939,0.0462844849988278,0.004));
#12253=CARTESIAN_POINT('',(-0.0413682584428589,0.046673372449294,0.004));
#12254=CARTESIAN_POINT('',(-0.0309789901893425,0.0561729194192319,0.004));
#12255=CARTESIAN_POINT('',(-0.0309789901893425,0.0561729194192319,0.003));
#12256=CARTESIAN_POINT('',(-0.0141994450104631,0.0477392937836829,0.003));
#12257=CARTESIAN_POINT('',(-0.0295702889021185,0.0748997648143864,0.003));
#12258=CARTESIAN_POINT('',(-0.0141994450104631,0.0477392937836829,0.004));
#12259=CARTESIAN_POINT('',(-0.0141994450104631,0.0477392937836829,0.004));
#12260=CARTESIAN_POINT('',(-0.0309789901893425,0.0561729194192319,0.004));
#12261=CARTESIAN_POINT('',(-0.0295702889021185,0.0748997648143864,0.004));
#12262=CARTESIAN_POINT('',(-0.0295702889021185,0.0748997648143864,0.004));
#12263=CARTESIAN_POINT('',(-0.0175550131082481,0.0518401930650071,0.004));
#12264=CARTESIAN_POINT('',(-0.0175550131082481,0.0518401930650071,0.003));
#12265=CARTESIAN_POINT('',(-0.0163642237448449,0.050481766986575,0.004));
#12266=CARTESIAN_POINT('',(-0.0163642237448449,0.050481766986575,0.003));
#12267=CARTESIAN_POINT('',(-0.0152471065929721,0.0490977009611218,0.004));
#12268=CARTESIAN_POINT('',(-0.0152471065929721,0.0490977009611218,0.003));
#12269=CARTESIAN_POINT('',(-0.0141994450104631,0.0477392937836829,0.004));
#12270=CARTESIAN_POINT('',(-0.0141994450104631,0.0477392937836829,0.003));
#12271=CARTESIAN_POINT('',(-0.0175550131082481,0.0518401930650071,0.003));
#12272=CARTESIAN_POINT('',(-0.0163642237448449,0.050481766986575,0.003));
#12273=CARTESIAN_POINT('',(-0.015247106592972,0.0490977009611218,0.003));
#12274=CARTESIAN_POINT('',(-0.0141994450104631,0.0477392937836829,0.003));
#12275=CARTESIAN_POINT('',(-0.0175550131082481,0.0518401930650071,0.003));
#12276=CARTESIAN_POINT('',(-0.0175550131082481,0.0518401930650071,0.004));
#12277=CARTESIAN_POINT('',(-0.0175550131082481,0.0518401930650071,0.004));
#12278=CARTESIAN_POINT('',(-0.0175550131082481,0.0518401930650071,0.004));
#12279=CARTESIAN_POINT('',(-0.0163642237448449,0.050481766986575,0.004));
#12280=CARTESIAN_POINT('',(-0.015247106592972,0.0490977009611218,0.004));
#12281=CARTESIAN_POINT('',(-0.0141994450104631,0.0477392937836829,0.004));
#12282=CARTESIAN_POINT('',(-0.0263448404148221,0.0632608216255903,0.004));
#12283=CARTESIAN_POINT('',(-0.0263448404148221,0.0632608216255903,0.003));
#12284=CARTESIAN_POINT('',(-0.0263448404148221,0.0632608216255903,0.004));
#12285=CARTESIAN_POINT('',(-0.0272029880434274,0.0485124234110117,0.004));
#12286=CARTESIAN_POINT('',(-0.0272029880434274,0.0485124234110117,0.003));
#12287=CARTESIAN_POINT('',(-0.0272029880434274,0.0485124234110117,0.004));
#12288=CARTESIAN_POINT('',(-0.0394271854311228,0.0567573253065348,0.004));
#12289=CARTESIAN_POINT('',(-0.0394271854311228,0.0567573253065348,0.003));
#12290=CARTESIAN_POINT('',(-0.0394271854311228,0.0567573253065348,0.004));
#12291=CARTESIAN_POINT('',(-0.0309789901893425,0.0561729194192319,0.004));
#12292=CARTESIAN_POINT('',(-0.0309789901893425,0.0561729194192319,0.004));
#12293=CARTESIAN_POINT('',(-0.0108416235958782,0.0561729194192319,0.004));
#12294=CARTESIAN_POINT('',(-0.0309789901893425,0.0561729194192319,0.003));
#12295=CARTESIAN_POINT('',(-0.0108416235958782,0.0561729194192319,0.003));
#12296=CARTESIAN_POINT('',(0.01665209125421,0.0536846792337151,0.004));
#12297=CARTESIAN_POINT('',(0.01665209125421,0.0536846792337151,0.003));
#12298=CARTESIAN_POINT('',(0.01665209125421,0.0536846792337151,0.004));
#12299=CARTESIAN_POINT('',(-0.0413682584428572,0.0466733724492943,0.004));
#12300=CARTESIAN_POINT('',(-0.0413682584428572,0.0466733724492943,0.003));
#12301=CARTESIAN_POINT('',(-0.0342370048165321,0.0400001741945743,0.004));
#12302=CARTESIAN_POINT('',(-0.0342370048165321,0.0400001741945743,0.003));
#12303=CARTESIAN_POINT('',(-0.0239223223179579,0.0399550311267376,0.004));
#12304=CARTESIAN_POINT('',(-0.0239223223179579,0.0399550311267376,0.003));
#12305=CARTESIAN_POINT('',(-0.0156535664065472,0.0453188619452559,0.004));
#12306=CARTESIAN_POINT('',(-0.0156535664065472,0.0453188619452559,0.003));
#12307=CARTESIAN_POINT('',(-0.0413682584428572,0.0466733724492943,0.003));
#12308=CARTESIAN_POINT('',(-0.0342370048165321,0.0400001741945743,0.003));
#12309=CARTESIAN_POINT('',(-0.0239223223179579,0.0399550311267376,0.003));
#12310=CARTESIAN_POINT('',(-0.0156535664065472,0.0453188619452559,0.003));
#12311=CARTESIAN_POINT('',(-0.0413682584428572,0.0466733724492943,0.004));
#12312=CARTESIAN_POINT('',(-0.0342370048165321,0.0400001741945743,0.004));
#12313=CARTESIAN_POINT('',(-0.0239223223179579,0.0399550311267376,0.004));
#12314=CARTESIAN_POINT('',(-0.0156535664065472,0.0453188619452559,0.004));
#12315=CARTESIAN_POINT('',(-0.0295702889021185,0.0748997648143864,0.004));
#12316=CARTESIAN_POINT('',(-0.0295702889021185,0.0748997648143864,0.003));
#12317=CARTESIAN_POINT('',(-0.0196290407329798,0.0706022083759308,0.004));
#12318=CARTESIAN_POINT('',(-0.0196290407329798,0.0706022083759308,0.003));
#12319=CARTESIAN_POINT('',(-0.0154861025512219,0.060201857239008,0.004));
#12320=CARTESIAN_POINT('',(-0.0154861025512219,0.060201857239008,0.003));
#12321=CARTESIAN_POINT('',(-0.0175550131082481,0.0518401930650072,0.004));
#12322=CARTESIAN_POINT('',(-0.0175550131082481,0.0518401930650072,0.003));
#12323=CARTESIAN_POINT('',(-0.0295702889021185,0.0748997648143864,0.003));
#12324=CARTESIAN_POINT('',(-0.0196290407329798,0.0706022083759308,0.003));
#12325=CARTESIAN_POINT('',(-0.0154861025512219,0.060201857239008,0.003));
#12326=CARTESIAN_POINT('',(-0.0175550131082481,0.0518401930650072,0.003));
#12327=CARTESIAN_POINT('',(-0.0295702889021185,0.0748997648143864,0.004));
#12328=CARTESIAN_POINT('',(-0.0196290407329798,0.0706022083759308,0.004));
#12329=CARTESIAN_POINT('',(-0.0154861025512219,0.060201857239008,0.004));
#12330=CARTESIAN_POINT('',(-0.0175550131082481,0.0518401930650072,0.004));
#12331=CARTESIAN_POINT('',(-0.0309789901893425,0.0561729194192319,0.004));
#12332=CARTESIAN_POINT('',(-0.0309789901893425,0.0561729194192319,0.004));
#12333=CARTESIAN_POINT('',(-0.0269810579232122,0.0561729194192319,0.004));
#12334=CARTESIAN_POINT('',(-0.0309789901893425,0.0561729194192319,0.003));
#12335=CARTESIAN_POINT('',(-0.0269810579232122,0.0561729194192319,0.003));
#12336=CARTESIAN_POINT('',(-0.0309789901893425,0.0601729194192319,0.004));
#12337=CARTESIAN_POINT('',(-0.0309789901893425,0.0601729194192319,0.003));
#12338=CARTESIAN_POINT('',(0.,0.,0.));
#12339=CARTESIAN_POINT('',(-0.0309789901893425,-0.0568823005807681,0.004));
#12340=CARTESIAN_POINT('',(-0.0309789901893425,-0.0568823005807681,0.003));
#12341=CARTESIAN_POINT('',(-0.0288767522395138,-0.0667417720774722,0.003));
#12342=CARTESIAN_POINT('',(-0.0213918554823564,-0.0537653420147741,0.003));
#12343=CARTESIAN_POINT('',(-0.0213918554823564,-0.0537653420147741,0.004));
#12344=CARTESIAN_POINT('',(-0.0213918554823564,-0.0537653420147741,0.004));
#12345=CARTESIAN_POINT('',(-0.0309789901893425,-0.0568823005807681,0.004));
#12346=CARTESIAN_POINT('',(-0.0288767522395138,-0.0667417720774722,0.004));
#12347=CARTESIAN_POINT('',(-0.0288767522395138,-0.0667417720774722,0.004));
#12348=CARTESIAN_POINT('',(-0.0309789901893425,-0.0568823005807681,0.004));
#12349=CARTESIAN_POINT('',(-0.0309789901893425,-0.0568823005807681,0.003));
#12350=CARTESIAN_POINT('',(-0.0234915563802226,-0.0501319733630646,0.003));
#12351=CARTESIAN_POINT('',(-0.0384719228435299,-0.0501380776580117,0.003));
#12352=CARTESIAN_POINT('',(-0.0384719228435299,-0.0501380776580117,0.004));
#12353=CARTESIAN_POINT('',(-0.0384719228435299,-0.0501380776580117,0.004));
#12354=CARTESIAN_POINT('',(-0.0309789901893425,-0.0568823005807681,0.004));
#12355=CARTESIAN_POINT('',(-0.0234915563802226,-0.0501319733630646,0.004));
#12356=CARTESIAN_POINT('',(-0.0234915563802226,-0.0501319733630646,0.004));
#12357=CARTESIAN_POINT('',(-0.0399876315405176,-0.062088337772925,0.004));
#12358=CARTESIAN_POINT('',(-0.0399876315405176,-0.062088337772925,0.003));
#12359=CARTESIAN_POINT('',(-0.0405686619482912,-0.0537731563017674,0.003));
#12360=CARTESIAN_POINT('',(-0.0330731922421412,-0.0667434820695185,0.003));
#12361=CARTESIAN_POINT('',(-0.0405686619482912,-0.0537731563017674,0.004));
#12362=CARTESIAN_POINT('',(-0.0405686619482912,-0.0537731563017674,0.004));
#12363=CARTESIAN_POINT('',(-0.0399876315405176,-0.062088337772925,0.004));
#12364=CARTESIAN_POINT('',(-0.0330731922421412,-0.0667434820695185,0.004));
#12365=CARTESIAN_POINT('',(-0.0330731922421412,-0.0667434820695185,0.004));
#12366=CARTESIAN_POINT('',(-0.0309832299752095,-0.046477569720989,0.004));
#12367=CARTESIAN_POINT('',(-0.0309832299752095,-0.046477569720989,0.003));
#12368=CARTESIAN_POINT('',(-0.0279424297462665,-0.0542385859689233,0.003));
#12369=CARTESIAN_POINT('',(-0.0238250116680069,-0.0507483717416251,0.003));
#12370=CARTESIAN_POINT('',(-0.0279424297462665,-0.0542385859689233,0.004));
#12371=CARTESIAN_POINT('',(-0.0279424297462665,-0.0542385859689233,0.004));
#12372=CARTESIAN_POINT('',(-0.0309832299752095,-0.046477569720989,0.004));
#12373=CARTESIAN_POINT('',(-0.0238250116680069,-0.0507483717416251,0.004));
#12374=CARTESIAN_POINT('',(-0.0238250116680069,-0.0507483717416251,0.004));
#12375=CARTESIAN_POINT('',(-0.0309789901893425,-0.0568823005807681,0.004));
#12376=CARTESIAN_POINT('',(-0.0309789901893425,-0.0568823005807681,0.003));
#12377=CARTESIAN_POINT('',(-0.0340177041789176,-0.0542410615603658,0.003));
#12378=CARTESIAN_POINT('',(-0.0340177041789176,-0.0542410615603658,0.004));
#12379=CARTESIAN_POINT('',(-0.0340177041789176,-0.0542410615603658,0.004));
#12380=CARTESIAN_POINT('',(-0.0309789901893425,-0.0568823005807681,0.004));
#12381=CARTESIAN_POINT('',(-0.0309832299752094,-0.046477569720989,0.004));
#12382=CARTESIAN_POINT('',(-0.0309832299752094,-0.046477569720989,0.003));
#12383=CARTESIAN_POINT('',(-0.0381379653187075,-0.050754204074957,0.003));
#12384=CARTESIAN_POINT('',(-0.0381379653187075,-0.050754204074957,0.004));
#12385=CARTESIAN_POINT('',(-0.0381379653187075,-0.050754204074957,0.004));
#12386=CARTESIAN_POINT('',(-0.0309832299752094,-0.046477569720989,0.004));
#12387=CARTESIAN_POINT('',(-0.0219661090523004,-0.0620809942483902,0.004));
#12388=CARTESIAN_POINT('',(-0.0219661090523004,-0.0620809942483902,0.003));
#12389=CARTESIAN_POINT('',(-0.0302077463966668,-0.0608338963705212,0.003));
#12390=CARTESIAN_POINT('',(-0.0292438412503065,-0.0661447921379444,0.003));
#12391=CARTESIAN_POINT('',(-0.0302077463966668,-0.0608338963705212,0.004));
#12392=CARTESIAN_POINT('',(-0.0302077463966668,-0.0608338963705212,0.004));
#12393=CARTESIAN_POINT('',(-0.0219661090523004,-0.0620809942483902,0.004));
#12394=CARTESIAN_POINT('',(-0.0292438412503065,-0.0661447921379444,0.004));
#12395=CARTESIAN_POINT('',(-0.0292438412503065,-0.0661447921379444,0.004));
#12396=CARTESIAN_POINT('',(-0.0309789901893425,-0.0568823005807681,0.004));
#12397=CARTESIAN_POINT('',(-0.0309789901893425,-0.0568823005807681,0.003));
#12398=CARTESIAN_POINT('',(-0.0271722531054198,-0.055571316581162,0.003));
#12399=CARTESIAN_POINT('',(-0.0271722531054198,-0.055571316581162,0.004));
#12400=CARTESIAN_POINT('',(-0.0271722531054198,-0.055571316581162,0.004));
#12401=CARTESIAN_POINT('',(-0.0309789901893425,-0.0568823005807681,0.004));
#12402=CARTESIAN_POINT('',(-0.0219661090523005,-0.0620809942483902,0.004));
#12403=CARTESIAN_POINT('',(-0.0219661090523005,-0.0620809942483902,0.003));
#12404=CARTESIAN_POINT('',(-0.022092415373785,-0.0537464945065826,0.003));
#12405=CARTESIAN_POINT('',(-0.022092415373785,-0.0537464945065826,0.004));
#12406=CARTESIAN_POINT('',(-0.022092415373785,-0.0537464945065826,0.004));
#12407=CARTESIAN_POINT('',(-0.0219661090523005,-0.0620809942483902,0.004));
#12408=CARTESIAN_POINT('',(-0.0399876315405176,-0.0620883377729249,0.004));
#12409=CARTESIAN_POINT('',(-0.0399876315405176,-0.0620883377729249,0.003));
#12410=CARTESIAN_POINT('',(-0.0347867944250942,-0.0555744194028597,0.003));
#12411=CARTESIAN_POINT('',(-0.0398681176497141,-0.0537537378627347,0.003));
#12412=CARTESIAN_POINT('',(-0.0347867944250942,-0.0555744194028597,0.004));
#12413=CARTESIAN_POINT('',(-0.0347867944250942,-0.0555744194028597,0.004));
#12414=CARTESIAN_POINT('',(-0.0399876315405176,-0.0620883377729249,0.004));
#12415=CARTESIAN_POINT('',(-0.0398681176497141,-0.0537537378627347,0.004));
#12416=CARTESIAN_POINT('',(-0.0398681176497141,-0.0537537378627347,0.004));
#12417=CARTESIAN_POINT('',(-0.0309789901893425,-0.0568823005807681,0.004));
#12418=CARTESIAN_POINT('',(-0.0309789901893425,-0.0568823005807681,0.003));
#12419=CARTESIAN_POINT('',(-0.0317470132836901,-0.0608345236007765,0.003));
#12420=CARTESIAN_POINT('',(-0.0317470132836901,-0.0608345236007765,0.004));
#12421=CARTESIAN_POINT('',(-0.0317470132836901,-0.0608345236007765,0.004));
#12422=CARTESIAN_POINT('',(-0.0309789901893425,-0.0568823005807681,0.004));
#12423=CARTESIAN_POINT('',(-0.0399876315405176,-0.062088337772925,0.004));
#12424=CARTESIAN_POINT('',(-0.0399876315405176,-0.062088337772925,0.003));
#12425=CARTESIAN_POINT('',(-0.032706589875535,-0.0661462031607647,0.003));
#12426=CARTESIAN_POINT('',(-0.032706589875535,-0.0661462031607647,0.004));
#12427=CARTESIAN_POINT('',(-0.032706589875535,-0.0661462031607647,0.004));
#12428=CARTESIAN_POINT('',(-0.0399876315405176,-0.062088337772925,0.004));
#12429=CARTESIAN_POINT('',(-0.0219661090523004,-0.0620809942483902,0.004));
#12430=CARTESIAN_POINT('',(-0.0219661090523004,-0.0620809942483902,0.003));
#12431=CARTESIAN_POINT('',(-0.0219661090523004,-0.0620809942483902,0.004));
#12432=CARTESIAN_POINT('',(-0.0309832299752094,-0.046477569720989,0.004));
#12433=CARTESIAN_POINT('',(-0.0309832299752094,-0.046477569720989,0.003));
#12434=CARTESIAN_POINT('',(-0.0309832299752094,-0.046477569720989,0.004));
#12435=CARTESIAN_POINT('',(-0.0309789901893425,-0.0568823005807681,0.004));
#12436=CARTESIAN_POINT('',(-0.0309789901893425,-0.0568823005807681,0.003));
#12437=CARTESIAN_POINT('',(-0.0309789901893425,-0.0568823005807681,0.004));
#12438=CARTESIAN_POINT('',(-0.0309789901893425,-0.0568823005807681,0.004));
#12439=CARTESIAN_POINT('',(-0.0309789901893425,-0.0568823005807681,0.003));
#12440=CARTESIAN_POINT('',(-0.0309789901893425,-0.0568823005807681,0.004));
#12441=CARTESIAN_POINT('',(-0.0309789901893425,-0.0568823005807681,0.004));
#12442=CARTESIAN_POINT('',(-0.0309789901893425,-0.0568823005807681,0.003));
#12443=CARTESIAN_POINT('',(-0.0309789901893425,-0.0568823005807681,0.004));
#12444=CARTESIAN_POINT('',(-0.0309789901893425,-0.0568823005807681,0.004));
#12445=CARTESIAN_POINT('',(-0.0309789901893425,-0.0568823005807681,0.003));
#12446=CARTESIAN_POINT('',(-0.0309789901893425,-0.0568823005807681,0.004));
#12447=CARTESIAN_POINT('',(-0.0309789901893425,-0.0568823005807681,0.004));
#12448=CARTESIAN_POINT('',(-0.0309789901893425,-0.0568823005807681,0.004));
#12449=CARTESIAN_POINT('',(-0.0108416235958782,-0.0568823005807681,0.004));
#12450=CARTESIAN_POINT('',(-0.0309789901893425,-0.0568823005807681,0.003));
#12451=CARTESIAN_POINT('',(-0.0108416235958782,-0.0568823005807681,0.003));
#12452=CARTESIAN_POINT('',(-0.0309789901893425,-0.0528823005807681,0.004));
#12453=CARTESIAN_POINT('',(-0.0309789901893425,-0.0528823005807681,0.003));
#12454=CARTESIAN_POINT('',(0.,0.,0.));
#12455=CARTESIAN_POINT('',(0.0993986470678607,-0.0649373387421317,0.004));
#12456=CARTESIAN_POINT('',(0.0993986470678607,-0.0649373387421317,0.003));
#12457=CARTESIAN_POINT('',(0.0975192630468915,-0.0647878753685912,0.003));
#12458=CARTESIAN_POINT('',(0.10127803108883,-0.0650868021156721,0.003));
#12459=CARTESIAN_POINT('',(0.10127803108883,-0.0650868021156721,0.004));
#12460=CARTESIAN_POINT('',(0.10127803108883,-0.0650868021156721,0.004));
#12461=CARTESIAN_POINT('',(0.0993986470678607,-0.0649373387421317,0.004));
#12462=CARTESIAN_POINT('',(0.0975192630468915,-0.0647878753685912,0.004));
#12463=CARTESIAN_POINT('',(0.0975192630468915,-0.0647878753685912,0.004));
#12464=CARTESIAN_POINT('',(0.0895644498106575,-0.0568823005807681,0.004));
#12465=CARTESIAN_POINT('',(0.0895644498106575,-0.0568823005807681,0.003));
#12466=CARTESIAN_POINT('',(0.077919105221465,-0.0651833716680171,0.003));
#12467=CARTESIAN_POINT('',(0.077919105221465,-0.0651833716680171,0.004));
#12468=CARTESIAN_POINT('',(0.077919105221465,-0.0651833716680171,0.004));
#12469=CARTESIAN_POINT('',(0.0895644498106575,-0.0568823005807681,0.004));
#12470=CARTESIAN_POINT('',(0.0797846504687053,-0.0650059252397273,0.004));
#12471=CARTESIAN_POINT('',(0.0797846504687053,-0.0650059252397273,0.003));
#12472=CARTESIAN_POINT('',(0.0816501957159456,-0.0648284788114375,0.003));
#12473=CARTESIAN_POINT('',(0.0816501957159456,-0.0648284788114375,0.004));
#12474=CARTESIAN_POINT('',(0.0816501957159456,-0.0648284788114375,0.004));
#12475=CARTESIAN_POINT('',(0.0797846504687053,-0.0650059252397273,0.004));
#12476=CARTESIAN_POINT('',(0.0895644498106575,-0.0568823005807681,0.004));
#12477=CARTESIAN_POINT('',(0.0895644498106575,-0.0568823005807681,0.003));
#12478=CARTESIAN_POINT('',(0.0774173325438954,-0.0652310991458577,0.003));
#12479=CARTESIAN_POINT('',(0.101782514438657,-0.0651269225926576,0.003));
#12480=CARTESIAN_POINT('',(0.101782514438657,-0.0651269225926576,0.004));
#12481=CARTESIAN_POINT('',(0.101782514438657,-0.0651269225926576,0.004));
#12482=CARTESIAN_POINT('',(0.0895644498106575,-0.0568823005807681,0.004));
#12483=CARTESIAN_POINT('',(0.0774173325438954,-0.0652310991458577,0.004));
#12484=CARTESIAN_POINT('',(0.0774173325438954,-0.0652310991458577,0.004));
#12485=CARTESIAN_POINT('',(0.103110849254145,-0.065232562206754,0.004));
#12486=CARTESIAN_POINT('',(0.103110849254145,-0.065232562206754,0.003));
#12487=CARTESIAN_POINT('',(0.104439184069633,-0.0653382018208504,0.003));
#12488=CARTESIAN_POINT('',(0.104439184069633,-0.0653382018208504,0.004));
#12489=CARTESIAN_POINT('',(0.104439184069633,-0.0653382018208504,0.004));
#12490=CARTESIAN_POINT('',(0.103110849254145,-0.065232562206754,0.004));
#12491=CARTESIAN_POINT('',(0.103663914064994,-0.0642614709237606,0.004));
#12492=CARTESIAN_POINT('',(0.103663914064994,-0.0642614709237606,0.003));
#12493=CARTESIAN_POINT('',(0.102888644060354,-0.0631847400266709,0.003));
#12494=CARTESIAN_POINT('',(0.102888644060354,-0.0631847400266709,0.004));
#12495=CARTESIAN_POINT('',(0.102888644060354,-0.0631847400266709,0.004));
#12496=CARTESIAN_POINT('',(0.103663914064994,-0.0642614709237606,0.004));
#12497=CARTESIAN_POINT('',(0.0895644498106575,-0.0568823005807681,0.004));
#12498=CARTESIAN_POINT('',(0.0895644498106575,-0.0568823005807681,0.003));
#12499=CARTESIAN_POINT('',(0.0907992555733777,-0.0421945454731533,0.003));
#12500=CARTESIAN_POINT('',(0.0907992555733777,-0.0421945454731533,0.004));
#12501=CARTESIAN_POINT('',(0.0907992555733777,-0.0421945454731533,0.004));
#12502=CARTESIAN_POINT('',(0.0895644498106575,-0.0568823005807681,0.004));
#12503=CARTESIAN_POINT('',(0.0902157492456961,-0.0409502145923649,0.004));
#12504=CARTESIAN_POINT('',(0.0902157492456961,-0.0409502145923649,0.003));
#12505=CARTESIAN_POINT('',(0.0896322429180145,-0.0397058837115764,0.003));
#12506=CARTESIAN_POINT('',(0.0896322429180145,-0.0397058837115764,0.004));
#12507=CARTESIAN_POINT('',(0.0896322429180145,-0.0397058837115764,0.004));
#12508=CARTESIAN_POINT('',(0.0902157492456961,-0.0409502145923649,0.004));
#12509=CARTESIAN_POINT('',(0.0890592098641514,-0.0409440543450861,0.004));
#12510=CARTESIAN_POINT('',(0.0890592098641514,-0.0409440543450861,0.003));
#12511=CARTESIAN_POINT('',(0.0884861768102882,-0.0421822249785957,0.003));
#12512=CARTESIAN_POINT('',(0.0884861768102882,-0.0421822249785957,0.004));
#12513=CARTESIAN_POINT('',(0.0884861768102882,-0.0421822249785957,0.004));
#12514=CARTESIAN_POINT('',(0.0890592098641514,-0.0409440543450861,0.004));
#12515=CARTESIAN_POINT('',(0.0895644498106575,-0.0568823005807681,0.004));
#12516=CARTESIAN_POINT('',(0.0895644498106575,-0.0568823005807681,0.003));
#12517=CARTESIAN_POINT('',(0.076302871008253,-0.0633154509008312,0.003));
#12518=CARTESIAN_POINT('',(0.076302871008253,-0.0633154509008312,0.004));
#12519=CARTESIAN_POINT('',(0.076302871008253,-0.0633154509008312,0.004));
#12520=CARTESIAN_POINT('',(0.0895644498106575,-0.0568823005807681,0.004));
#12521=CARTESIAN_POINT('',(0.0755538269378423,-0.064397524920125,0.004));
#12522=CARTESIAN_POINT('',(0.0755538269378423,-0.064397524920125,0.003));
#12523=CARTESIAN_POINT('',(0.0748047828674316,-0.0654795989394188,0.003));
#12524=CARTESIAN_POINT('',(0.0748047828674316,-0.0654795989394188,0.004));
#12525=CARTESIAN_POINT('',(0.0748047828674316,-0.0654795989394188,0.004));
#12526=CARTESIAN_POINT('',(0.0755538269378423,-0.064397524920125,0.004));
#12527=CARTESIAN_POINT('',(0.0918214278415103,-0.0443743342061677,0.004));
#12528=CARTESIAN_POINT('',(0.0918214278415103,-0.0443743342061677,0.003));
#12529=CARTESIAN_POINT('',(0.0910151576227697,-0.0426549579392039,0.003));
#12530=CARTESIAN_POINT('',(0.0926276980602509,-0.0460937104731317,0.003));
#12531=CARTESIAN_POINT('',(0.0910151576227697,-0.0426549579392039,0.004));
#12532=CARTESIAN_POINT('',(0.0910151576227697,-0.0426549579392039,0.004));
#12533=CARTESIAN_POINT('',(0.0918214278415103,-0.0443743342061677,0.004));
#12534=CARTESIAN_POINT('',(0.0926276980602509,-0.0460937104731317,0.004));
#12535=CARTESIAN_POINT('',(0.0926276980602509,-0.0460937104731317,0.004));
#12536=CARTESIAN_POINT('',(0.0895644498106575,-0.0568823005807681,0.004));
#12537=CARTESIAN_POINT('',(0.0895644498106575,-0.0568823005807681,0.003));
#12538=CARTESIAN_POINT('',(0.102594531768775,-0.062776263251275,0.003));
#12539=CARTESIAN_POINT('',(0.102594531768775,-0.062776263251275,0.004));
#12540=CARTESIAN_POINT('',(0.102594531768775,-0.062776263251275,0.004));
#12541=CARTESIAN_POINT('',(0.0895644498106575,-0.0568823005807681,0.004));
#12542=CARTESIAN_POINT('',(0.101501788373976,-0.0612586106028687,0.004));
#12543=CARTESIAN_POINT('',(0.101501788373976,-0.0612586106028687,0.003));
#12544=CARTESIAN_POINT('',(0.100409044979176,-0.0597409579544624,0.003));
#12545=CARTESIAN_POINT('',(0.100409044979176,-0.0597409579544624,0.004));
#12546=CARTESIAN_POINT('',(0.100409044979176,-0.0597409579544624,0.004));
#12547=CARTESIAN_POINT('',(0.101501788373976,-0.0612586106028687,0.004));
#12548=CARTESIAN_POINT('',(0.0895644498106575,-0.0568823005807681,0.004));
#12549=CARTESIAN_POINT('',(0.0895644498106575,-0.0568823005807681,0.003));
#12550=CARTESIAN_POINT('',(0.0882745575110099,-0.0426394774879994,0.003));
#12551=CARTESIAN_POINT('',(0.0765908121847377,-0.0628994891724538,0.003));
#12552=CARTESIAN_POINT('',(0.0882745575110099,-0.0426394774879994,0.004));
#12553=CARTESIAN_POINT('',(0.0882745575110099,-0.0426394774879994,0.004));
#12554=CARTESIAN_POINT('',(0.0895644498106575,-0.0568823005807681,0.004));
#12555=CARTESIAN_POINT('',(0.0765908121847377,-0.0628994891724538,0.004));
#12556=CARTESIAN_POINT('',(0.0765908121847377,-0.0628994891724538,0.004));
#12557=CARTESIAN_POINT('',(0.0874879219280411,-0.0443391858582922,0.004));
#12558=CARTESIAN_POINT('',(0.0874879219280411,-0.0443391858582922,0.003));
#12559=CARTESIAN_POINT('',(0.0867012863450722,-0.046038894228585,0.003));
#12560=CARTESIAN_POINT('',(0.0867012863450722,-0.046038894228585,0.004));
#12561=CARTESIAN_POINT('',(0.0867012863450722,-0.046038894228585,0.004));
#12562=CARTESIAN_POINT('',(0.0874879219280411,-0.0443391858582922,0.004));
#12563=CARTESIAN_POINT('',(0.0895644498106575,-0.0568823005807681,0.004));
#12564=CARTESIAN_POINT('',(0.0895644498106575,-0.0568823005807681,0.003));
#12565=CARTESIAN_POINT('',(0.0787358092580849,-0.0598008122104192,0.003));
#12566=CARTESIAN_POINT('',(0.0787358092580849,-0.0598008122104192,0.004));
#12567=CARTESIAN_POINT('',(0.0787358092580849,-0.0598008122104192,0.004));
#12568=CARTESIAN_POINT('',(0.0895644498106575,-0.0568823005807681,0.004));
#12569=CARTESIAN_POINT('',(0.0761110577056635,-0.0653553490426382,0.004));
#12570=CARTESIAN_POINT('',(0.0761110577056635,-0.0653553490426382,0.003));
#12571=CARTESIAN_POINT('',(0.0761110577056635,-0.0653553490426382,0.004));
#12572=CARTESIAN_POINT('',(0.0895644498106575,-0.0568823005807681,0.004));
#12573=CARTESIAN_POINT('',(0.0895644498106575,-0.0568823005807681,0.003));
#12574=CARTESIAN_POINT('',(0.0895644498106575,-0.0568823005807681,0.004));
#12575=CARTESIAN_POINT('',(0.0776633107214113,-0.0613501506914365,0.004));
#12576=CARTESIAN_POINT('',(0.0776633107214113,-0.0613501506914365,0.003));
#12577=CARTESIAN_POINT('',(0.0776633107214113,-0.0613501506914365,0.004));
#12578=CARTESIAN_POINT('',(0.0895644498106575,-0.0568823005807681,0.004));
#12579=CARTESIAN_POINT('',(0.0895644498106575,-0.0568823005807681,0.003));
#12580=CARTESIAN_POINT('',(0.0895644498106575,-0.0568823005807681,0.004));
#12581=CARTESIAN_POINT('',(0.0895644498106575,-0.0528823005807681,0.004));
#12582=CARTESIAN_POINT('',(0.0895644498106575,-0.0528823005807681,0.003));
#12583=CARTESIAN_POINT('',(0.,0.,0.));
#12584=CARTESIAN_POINT('',(0.0246120450370935,0.0159880875070177,0.004));
#12585=CARTESIAN_POINT('',(0.0246120450370935,0.0159880875070177,0.003));
#12586=CARTESIAN_POINT('',(0.0246120450370935,0.0193961147439597,0.003));
#12587=CARTESIAN_POINT('',(0.0246120450370935,0.0125800602700756,0.003));
#12588=CARTESIAN_POINT('',(0.0246120450370935,0.0125800602700756,0.004));
#12589=CARTESIAN_POINT('',(0.0246120450370935,0.0125800602700756,0.004));
#12590=CARTESIAN_POINT('',(0.0246120450370935,0.0159880875070177,0.004));
#12591=CARTESIAN_POINT('',(0.0246120450370935,0.0193961147439597,0.004));
#12592=CARTESIAN_POINT('',(0.0246120450370935,0.0193961147439597,0.004));
#12593=CARTESIAN_POINT('',(0.0292927298106575,0.00032473941923195,0.004));
#12594=CARTESIAN_POINT('',(0.0292927298106575,0.00032473941923195,0.003));
#12595=CARTESIAN_POINT('',(0.0163235012351237,-0.0016503072288641,0.003));
#12596=CARTESIAN_POINT('',(0.0163235012351237,-0.0016503072288641,0.004));
#12597=CARTESIAN_POINT('',(0.0163235012351237,-0.0016503072288641,0.004));
#12598=CARTESIAN_POINT('',(0.0292927298106575,0.00032473941923195,0.004));
#12599=CARTESIAN_POINT('',(0.0133776131041847,-0.00339631016448665,0.004));
#12600=CARTESIAN_POINT('',(0.0133776131041847,-0.00339631016448665,0.003));
#12601=CARTESIAN_POINT('',(0.0104317249732457,-0.00514231310010921,0.003));
#12602=CARTESIAN_POINT('',(0.0104317249732457,-0.00514231310010921,0.004));
#12603=CARTESIAN_POINT('',(0.0104317249732457,-0.00514231310010921,0.004));
#12604=CARTESIAN_POINT('',(0.0133776131041847,-0.00339631016448665,0.004));
#12605=CARTESIAN_POINT('',(0.0404775851779039,-0.0115974257345012,0.004));
#12606=CARTESIAN_POINT('',(0.0404775851779039,-0.0115974257345012,0.003));
#12607=CARTESIAN_POINT('',(0.0375280908209679,-0.00988704436894415,0.003));
#12608=CARTESIAN_POINT('',(0.0434270795348399,-0.0133078071000583,0.003));
#12609=CARTESIAN_POINT('',(0.0434270795348399,-0.0133078071000583,0.004));
#12610=CARTESIAN_POINT('',(0.0434270795348399,-0.0133078071000583,0.004));
#12611=CARTESIAN_POINT('',(0.0404775851779039,-0.0115974257345012,0.004));
#12612=CARTESIAN_POINT('',(0.0375280908209679,-0.00988704436894415,0.004));
#12613=CARTESIAN_POINT('',(0.0375280908209679,-0.00988704436894415,0.004));
#12614=CARTESIAN_POINT('',(0.0292927298106575,0.000324739419231953,0.004));
#12615=CARTESIAN_POINT('',(0.0292927298106575,0.000324739419231953,0.003));
#12616=CARTESIAN_POINT('',(0.0152454887483893,-0.013397548482741,0.003));
#12617=CARTESIAN_POINT('',(0.0152454887483893,-0.013397548482741,0.004));
#12618=CARTESIAN_POINT('',(0.0152454887483893,-0.013397548482741,0.004));
#12619=CARTESIAN_POINT('',(0.0292927298106575,0.000324739419231953,0.004));
#12620=CARTESIAN_POINT('',(0.0182112558303402,-0.0116899712734977,0.004));
#12621=CARTESIAN_POINT('',(0.0182112558303402,-0.0116899712734977,0.003));
#12622=CARTESIAN_POINT('',(0.0211770229122912,-0.00998239406425448,0.003));
#12623=CARTESIAN_POINT('',(0.0211770229122912,-0.00998239406425448,0.004));
#12624=CARTESIAN_POINT('',(0.0211770229122912,-0.00998239406425448,0.004));
#12625=CARTESIAN_POINT('',(0.0182112558303402,-0.0116899712734977,0.004));
#12626=CARTESIAN_POINT('',(0.0292927298106575,0.000324739419231962,0.004));
#12627=CARTESIAN_POINT('',(0.0292927298106575,0.000324739419231962,0.003));
#12628=CARTESIAN_POINT('',(0.0481878269113612,-0.00502329501232199,0.003));
#12629=CARTESIAN_POINT('',(0.0341381929496493,0.0193549168670326,0.003));
#12630=CARTESIAN_POINT('',(0.0481878269113612,-0.00502329501232199,0.004));
#12631=CARTESIAN_POINT('',(0.0481878269113612,-0.00502329501232199,0.004));
#12632=CARTESIAN_POINT('',(0.0292927298106575,0.000324739419231962,0.004));
#12633=CARTESIAN_POINT('',(0.0341381929496493,0.0193549168670326,0.004));
#12634=CARTESIAN_POINT('',(0.0341381929496493,0.0193549168670326,0.004));
#12635=CARTESIAN_POINT('',(0.0452292642490423,-0.00330765502997605,0.004));
#12636=CARTESIAN_POINT('',(0.0452292642490423,-0.00330765502997605,0.003));
#12637=CARTESIAN_POINT('',(0.0422707015867234,-0.00159201504763008,0.003));
#12638=CARTESIAN_POINT('',(0.0422707015867234,-0.00159201504763008,0.004));
#12639=CARTESIAN_POINT('',(0.0422707015867234,-0.00159201504763008,0.004));
#12640=CARTESIAN_POINT('',(0.0452292642490423,-0.00330765502997605,0.004));
#12641=CARTESIAN_POINT('',(0.0292927298106575,0.000324739419231943,0.004));
#12642=CARTESIAN_POINT('',(0.0292927298106575,0.000324739419231943,0.003));
#12643=CARTESIAN_POINT('',(0.0341381929496493,0.0125158503643127,0.003));
#12644=CARTESIAN_POINT('',(0.0341381929496493,0.0125158503643127,0.004));
#12645=CARTESIAN_POINT('',(0.0341381929496493,0.0125158503643127,0.004));
#12646=CARTESIAN_POINT('',(0.0292927298106575,0.000324739419231943,0.004));
#12647=CARTESIAN_POINT('',(0.0292927298106575,0.000324739419231956,0.004));
#12648=CARTESIAN_POINT('',(0.0292927298106575,0.000324739419231956,0.004));
#12649=CARTESIAN_POINT('',(0.0318139200367473,0.000324739419231956,0.004));
#12650=CARTESIAN_POINT('',(0.0292927298106575,0.000324739419231956,0.003));
#12651=CARTESIAN_POINT('',(0.0318139200367473,0.000324739419231956,0.003));
#12652=CARTESIAN_POINT('',(0.0292927298106575,0.000324739419231952,0.004));
#12653=CARTESIAN_POINT('',(0.0292927298106575,0.000324739419231952,0.003));
#12654=CARTESIAN_POINT('',(0.0292927298106575,0.000324739419231952,0.004));
#12655=CARTESIAN_POINT('',(0.0292927298106575,0.000324739419231947,0.004));
#12656=CARTESIAN_POINT('',(0.0292927298106575,0.000324739419231947,0.003));
#12657=CARTESIAN_POINT('',(0.0292927298106575,0.000324739419231947,0.004));
#12658=CARTESIAN_POINT('',(0.0341381929496493,0.0159353836156726,0.004));
#12659=CARTESIAN_POINT('',(0.0341381929496493,0.0159353836156726,0.003));
#12660=CARTESIAN_POINT('',(0.0341381929496493,0.0159353836156726,0.004));
#12661=CARTESIAN_POINT('',(0.0292927298106575,0.000324739419231957,0.004));
#12662=CARTESIAN_POINT('',(0.0292927298106575,0.000324739419231957,0.004));
#12663=CARTESIAN_POINT('',(0.0494300964041218,0.000324739419231957,0.004));
#12664=CARTESIAN_POINT('',(0.0292927298106575,0.000324739419231957,0.003));
#12665=CARTESIAN_POINT('',(0.0494300964041218,0.000324739419231957,0.003));
#12666=CARTESIAN_POINT('',(0.0292927298106575,0.00432473941923194,0.004));
#12667=CARTESIAN_POINT('',(0.0292927298106575,0.00432473941923194,0.003));
#12668=CARTESIAN_POINT('',(0.,0.,0.));
#12669=CARTESIAN_POINT('',(-0.101984619909047,0.0154607870240287,0.004));
#12670=CARTESIAN_POINT('',(-0.101984619909047,0.0154607870240287,0.003));
#12671=CARTESIAN_POINT('',(-0.100877151200867,0.0132050696754598,0.004));
#12672=CARTESIAN_POINT('',(-0.100877151200867,0.0132050696754598,0.003));
#12673=CARTESIAN_POINT('',(-0.0993472188711167,0.0116482963785529,0.004));
#12674=CARTESIAN_POINT('',(-0.0993472188711167,0.0116482963785529,0.003));
#12675=CARTESIAN_POINT('',(-0.0974799543619156,0.00944648869335651,0.004));
#12676=CARTESIAN_POINT('',(-0.0974799543619156,0.00944648869335651,0.003));
#12677=CARTESIAN_POINT('',(-0.101984619909047,0.0154607870240287,0.003));
#12678=CARTESIAN_POINT('',(-0.100877151200867,0.0132050696754598,0.003));
#12679=CARTESIAN_POINT('',(-0.0993472188711167,0.0116482963785529,0.003));
#12680=CARTESIAN_POINT('',(-0.0974799543619156,0.00944648869335651,0.003));
#12681=CARTESIAN_POINT('',(-0.101984619909047,0.0154607870240287,0.003));
#12682=CARTESIAN_POINT('',(-0.0974799543619156,0.00944648869335651,0.003));
#12683=CARTESIAN_POINT('',(-0.101984619909047,0.0154607870240287,0.004));
#12684=CARTESIAN_POINT('',(-0.101984619909047,0.0154607870240287,0.004));
#12685=CARTESIAN_POINT('',(-0.101984619909047,0.0154607870240287,0.004));
#12686=CARTESIAN_POINT('',(-0.100877151200867,0.0132050696754598,0.004));
#12687=CARTESIAN_POINT('',(-0.0993472188711167,0.0116482963785529,0.004));
#12688=CARTESIAN_POINT('',(-0.0974799543619156,0.00944648869335651,0.004));
#12689=CARTESIAN_POINT('',(-0.0974799543619156,0.00944648869335651,0.004));
#12690=CARTESIAN_POINT('',(-0.0974799543619156,0.00944648869335651,0.004));
#12691=CARTESIAN_POINT('',(-0.0912507101893425,0.000324739419231928,0.004));
#12692=CARTESIAN_POINT('',(-0.0912507101893425,0.000324739419231928,0.003));
#12693=CARTESIAN_POINT('',(-0.0769147522357691,0.0121059560168003,0.003));
#12694=CARTESIAN_POINT('',(-0.0769147522357691,0.0121059560168003,0.004));
#12695=CARTESIAN_POINT('',(-0.0769147522357691,0.0121059560168003,0.004));
#12696=CARTESIAN_POINT('',(-0.0912507101893425,0.000324739419231928,0.004));
#12697=CARTESIAN_POINT('',(-0.0912507101893425,0.00032473941923194,0.004));
#12698=CARTESIAN_POINT('',(-0.0912507101893425,0.00032473941923194,0.003));
#12699=CARTESIAN_POINT('',(-0.102579752092143,0.0150206424037383,0.003));
#12700=CARTESIAN_POINT('',(-0.10603005378366,-0.0108952319660501,0.003));
#12701=CARTESIAN_POINT('',(-0.102579752092143,0.0150206424037383,0.004));
#12702=CARTESIAN_POINT('',(-0.102579752092143,0.0150206424037383,0.004));
#12703=CARTESIAN_POINT('',(-0.0912507101893425,0.00032473941923194,0.004));
#12704=CARTESIAN_POINT('',(-0.10603005378366,-0.0108952319660501,0.004));
#12705=CARTESIAN_POINT('',(-0.10603005378366,-0.0108952319660501,0.004));
#12706=CARTESIAN_POINT('',(-0.100187331438065,-0.00629952782765031,0.004));
#12707=CARTESIAN_POINT('',(-0.100187331438065,-0.00629952782765031,0.003));
#12708=CARTESIAN_POINT('',(-0.101954452693462,0.00026659679133445,0.004));
#12709=CARTESIAN_POINT('',(-0.101954452693462,0.00026659679133445,0.003));
#12710=CARTESIAN_POINT('',(-0.102960355579853,0.0081430422142148,0.004));
#12711=CARTESIAN_POINT('',(-0.102960355579853,0.0081430422142148,0.003));
#12712=CARTESIAN_POINT('',(-0.102579752092143,0.0150206424037383,0.004));
#12713=CARTESIAN_POINT('',(-0.102579752092143,0.0150206424037383,0.003));
#12714=CARTESIAN_POINT('',(-0.100187331438065,-0.00629952782765031,0.003));
#12715=CARTESIAN_POINT('',(-0.101954452693462,0.000266596791334451,0.003));
#12716=CARTESIAN_POINT('',(-0.102960355579853,0.0081430422142148,0.003));
#12717=CARTESIAN_POINT('',(-0.102579752092143,0.0150206424037383,0.003));
#12718=CARTESIAN_POINT('',(-0.100187331438065,-0.00629952782765031,0.003));
#12719=CARTESIAN_POINT('',(-0.100187331438065,-0.00629952782765031,0.004));
#12720=CARTESIAN_POINT('',(-0.100187331438065,-0.00629952782765031,0.004));
#12721=CARTESIAN_POINT('',(-0.100187331438065,-0.00629952782765031,0.004));
#12722=CARTESIAN_POINT('',(-0.101954452693462,0.000266596791334451,0.004));
#12723=CARTESIAN_POINT('',(-0.102960355579853,0.0081430422142148,0.004));
#12724=CARTESIAN_POINT('',(-0.102579752092143,0.0150206424037383,0.004));
#12725=CARTESIAN_POINT('',(-0.0912507101893425,0.00032473941923192,0.004));
#12726=CARTESIAN_POINT('',(-0.0912507101893425,0.00032473941923192,0.003));
#12727=CARTESIAN_POINT('',(-0.105451841668379,-0.0116186528828135,0.003));
#12728=CARTESIAN_POINT('',(-0.0804020530627362,-0.0147292764408227,0.003));
#12729=CARTESIAN_POINT('',(-0.105451841668379,-0.0116186528828135,0.004));
#12730=CARTESIAN_POINT('',(-0.105451841668379,-0.0116186528828135,0.004));
#12731=CARTESIAN_POINT('',(-0.0912507101893425,0.00032473941923192,0.004));
#12732=CARTESIAN_POINT('',(-0.0804020530627362,-0.0147292764408227,0.004));
#12733=CARTESIAN_POINT('',(-0.0804020530627362,-0.0147292764408227,0.004));
#12734=CARTESIAN_POINT('',(-0.0847891718149185,-0.0089116171002388,0.004));
#12735=CARTESIAN_POINT('',(-0.0847891718149185,-0.0089116171002388,0.003));
#12736=CARTESIAN_POINT('',(-0.090270571410656,-0.0105638653039932,0.004));
#12737=CARTESIAN_POINT('',(-0.090270571410656,-0.0105638653039932,0.003));
#12738=CARTESIAN_POINT('',(-0.0984316989779472,-0.011740586720407,0.004));
#12739=CARTESIAN_POINT('',(-0.0984316989779472,-0.011740586720407,0.003));
#12740=CARTESIAN_POINT('',(-0.105451841668379,-0.0116186528828135,0.004));
#12741=CARTESIAN_POINT('',(-0.105451841668379,-0.0116186528828135,0.003));
#12742=CARTESIAN_POINT('',(-0.0847891718149185,-0.0089116171002388,0.003));
#12743=CARTESIAN_POINT('',(-0.090270571410656,-0.0105638653039932,0.003));
#12744=CARTESIAN_POINT('',(-0.0984316989779472,-0.011740586720407,0.003));
#12745=CARTESIAN_POINT('',(-0.105451841668379,-0.0116186528828135,0.003));
#12746=CARTESIAN_POINT('',(-0.0847891718149185,-0.0089116171002388,0.003));
#12747=CARTESIAN_POINT('',(-0.0847891718149185,-0.0089116171002388,0.004));
#12748=CARTESIAN_POINT('',(-0.0847891718149185,-0.0089116171002388,0.004));
#12749=CARTESIAN_POINT('',(-0.0847891718149185,-0.0089116171002388,0.004));
#12750=CARTESIAN_POINT('',(-0.090270571410656,-0.0105638653039932,0.004));
#12751=CARTESIAN_POINT('',(-0.0984316989779472,-0.011740586720407,0.004));
#12752=CARTESIAN_POINT('',(-0.105451841668379,-0.0116186528828135,0.004));
#12753=CARTESIAN_POINT('',(-0.0912507101893425,0.00032473941923194,0.004));
#12754=CARTESIAN_POINT('',(-0.0912507101893425,0.00032473941923194,0.003));
#12755=CARTESIAN_POINT('',(-0.0796561523834841,-0.0141625993374912,0.003));
#12756=CARTESIAN_POINT('',(-0.076364723294124,0.0114028326270374,0.003));
#12757=CARTESIAN_POINT('',(-0.0796561523834841,-0.0141625993374912,0.004));
#12758=CARTESIAN_POINT('',(-0.0796561523834841,-0.0141625993374912,0.004));
#12759=CARTESIAN_POINT('',(-0.0912507101893425,0.00032473941923194,0.004));
#12760=CARTESIAN_POINT('',(-0.076364723294124,0.0114028326270374,0.004));
#12761=CARTESIAN_POINT('',(-0.076364723294124,0.0114028326270374,0.004));
#12762=CARTESIAN_POINT('',(-0.0820055678486824,0.00687284208834171,0.004));
#12763=CARTESIAN_POINT('',(-0.0820055678486824,0.00687284208834171,0.003));
#12764=CARTESIAN_POINT('',(-0.0802368521690369,0.0006366252200678,0.004));
#12765=CARTESIAN_POINT('',(-0.0802368521690369,0.0006366252200678,0.003));
#12766=CARTESIAN_POINT('',(-0.0795597359538078,-0.0074887271039188,0.004));
#12767=CARTESIAN_POINT('',(-0.0795597359538078,-0.0074887271039188,0.003));
#12768=CARTESIAN_POINT('',(-0.0796561523834841,-0.0141625993374912,0.004));
#12769=CARTESIAN_POINT('',(-0.0796561523834841,-0.0141625993374912,0.003));
#12770=CARTESIAN_POINT('',(-0.0820055678486824,0.00687284208834171,0.003));
#12771=CARTESIAN_POINT('',(-0.0802368521690369,0.0006366252200678,0.003));
#12772=CARTESIAN_POINT('',(-0.0795597359538078,-0.0074887271039188,0.003));
#12773=CARTESIAN_POINT('',(-0.0796561523834841,-0.0141625993374912,0.003));
#12774=CARTESIAN_POINT('',(-0.0820055678486824,0.00687284208834171,0.003));
#12775=CARTESIAN_POINT('',(-0.0820055678486824,0.00687284208834171,0.004));
#12776=CARTESIAN_POINT('',(-0.0820055678486824,0.00687284208834171,0.004));
#12777=CARTESIAN_POINT('',(-0.0820055678486824,0.00687284208834171,0.004));
#12778=CARTESIAN_POINT('',(-0.0802368521690369,0.0006366252200678,0.004));
#12779=CARTESIAN_POINT('',(-0.0795597359538078,-0.0074887271039188,0.004));
#12780=CARTESIAN_POINT('',(-0.0796561523834841,-0.0141625993374912,0.004));
#12781=CARTESIAN_POINT('',(-0.0912507101893425,0.000324739419231932,0.004));
#12782=CARTESIAN_POINT('',(-0.0912507101893425,0.000324739419231932,0.004));
#12783=CARTESIAN_POINT('',(-0.0711133435958782,0.000324739419231932,0.004));
#12784=CARTESIAN_POINT('',(-0.0912507101893425,0.000324739419231932,0.003));
#12785=CARTESIAN_POINT('',(-0.0711133435958782,0.000324739419231932,0.003));
#12786=CARTESIAN_POINT('',(-0.0974799543619156,0.00944648869335651,0.004));
#12787=CARTESIAN_POINT('',(-0.0974799543619156,0.00944648869335651,0.003));
#12788=CARTESIAN_POINT('',(-0.092019647359848,0.0110577968880534,0.004));
#12789=CARTESIAN_POINT('',(-0.092019647359848,0.0110577968880534,0.003));
#12790=CARTESIAN_POINT('',(-0.0842626243829727,0.0120240692049265,0.004));
#12791=CARTESIAN_POINT('',(-0.0842626243829727,0.0120240692049265,0.003));
#12792=CARTESIAN_POINT('',(-0.0769147522357691,0.0121059560168003,0.004));
#12793=CARTESIAN_POINT('',(-0.0769147522357691,0.0121059560168003,0.003));
#12794=CARTESIAN_POINT('',(-0.0974799543619156,0.00944648869335651,0.003));
#12795=CARTESIAN_POINT('',(-0.092019647359848,0.0110577968880534,0.003));
#12796=CARTESIAN_POINT('',(-0.0842626243829727,0.0120240692049265,0.003));
#12797=CARTESIAN_POINT('',(-0.0769147522357691,0.0121059560168003,0.003));
#12798=CARTESIAN_POINT('',(-0.0974799543619156,0.00944648869335651,0.004));
#12799=CARTESIAN_POINT('',(-0.092019647359848,0.0110577968880534,0.004));
#12800=CARTESIAN_POINT('',(-0.0842626243829727,0.0120240692049265,0.004));
#12801=CARTESIAN_POINT('',(-0.0769147522357691,0.0121059560168003,0.004));
#12802=CARTESIAN_POINT('',(-0.10603005378366,-0.0108952319660501,0.004));
#12803=CARTESIAN_POINT('',(-0.10603005378366,-0.0108952319660501,0.003));
#12804=CARTESIAN_POINT('',(-0.103747255659406,-0.00959479780722972,0.004));
#12805=CARTESIAN_POINT('',(-0.103747255659406,-0.00959479780722972,0.003));
#12806=CARTESIAN_POINT('',(-0.101908653974533,-0.00789040047675371,0.004));
#12807=CARTESIAN_POINT('',(-0.101908653974533,-0.00789040047675371,0.003));
#12808=CARTESIAN_POINT('',(-0.100187331438065,-0.00629952782765031,0.004));
#12809=CARTESIAN_POINT('',(-0.100187331438065,-0.00629952782765031,0.003));
#12810=CARTESIAN_POINT('',(-0.10603005378366,-0.0108952319660501,0.003));
#12811=CARTESIAN_POINT('',(-0.103747255659406,-0.00959479780722972,0.003));
#12812=CARTESIAN_POINT('',(-0.101908653974533,-0.00789040047675371,0.003));
#12813=CARTESIAN_POINT('',(-0.100187331438065,-0.00629952782765031,0.003));
#12814=CARTESIAN_POINT('',(-0.10603005378366,-0.0108952319660501,0.004));
#12815=CARTESIAN_POINT('',(-0.103747255659406,-0.00959479780722972,0.004));
#12816=CARTESIAN_POINT('',(-0.101908653974533,-0.00789040047675371,0.004));
#12817=CARTESIAN_POINT('',(-0.100187331438065,-0.00629952782765031,0.004));
#12818=CARTESIAN_POINT('',(-0.0825956055291149,-0.0118204417910505,0.00399999999784086));
#12819=CARTESIAN_POINT('',(-0.0825956055291149,-0.0118204417910505,0.003));
#12820=CARTESIAN_POINT('',(-0.0825956055291149,-0.0118204417910505,0.004));
#12821=CARTESIAN_POINT('',(-0.076364723294124,0.0114028326270374,0.004));
#12822=CARTESIAN_POINT('',(-0.076364723294124,0.0114028326270374,0.003));
#12823=CARTESIAN_POINT('',(-0.0783584415912628,0.00999463815242053,0.004));
#12824=CARTESIAN_POINT('',(-0.0783584415912628,0.00999463815242053,0.003));
#12825=CARTESIAN_POINT('',(-0.0801709742433047,0.00859965279705938,0.004));
#12826=CARTESIAN_POINT('',(-0.0801709742433047,0.00859965279705938,0.003));
#12827=CARTESIAN_POINT('',(-0.0820055678486824,0.00687284208834171,0.004));
#12828=CARTESIAN_POINT('',(-0.0820055678486824,0.00687284208834171,0.003));
#12829=CARTESIAN_POINT('',(-0.076364723294124,0.0114028326270374,0.003));
#12830=CARTESIAN_POINT('',(-0.0783584415912628,0.00999463815242053,0.003));
#12831=CARTESIAN_POINT('',(-0.0801709742433047,0.00859965279705938,0.003));
#12832=CARTESIAN_POINT('',(-0.0820055678486824,0.00687284208834171,0.003));
#12833=CARTESIAN_POINT('',(-0.076364723294124,0.0114028326270374,0.004));
#12834=CARTESIAN_POINT('',(-0.0783584415912628,0.00999463815242053,0.004));
#12835=CARTESIAN_POINT('',(-0.0801709742433047,0.00859965279705938,0.004));
#12836=CARTESIAN_POINT('',(-0.0820055678486824,0.00687284208834171,0.004));
#12837=CARTESIAN_POINT('',(-0.0912507101893425,0.000324739419231932,0.004));
#12838=CARTESIAN_POINT('',(-0.0912507101893425,0.000324739419231932,0.004));
#12839=CARTESIAN_POINT('',(-0.0867197507239567,0.000324739419231932,0.004));
#12840=CARTESIAN_POINT('',(-0.0912507101893425,0.000324739419231932,0.003));
#12841=CARTESIAN_POINT('',(-0.0867197507239567,0.000324739419231932,0.003));
#12842=CARTESIAN_POINT('',(-0.0912507101893425,0.00432473941923193,0.004));
#12843=CARTESIAN_POINT('',(-0.0912507101893425,0.00432473941923193,0.003));
#12844=CARTESIAN_POINT('',(0.,0.,0.));
#12845=CARTESIAN_POINT('',(0.0115041815204361,0.0499426345889501,0.004));
#12846=CARTESIAN_POINT('',(0.0115041815204361,0.0499426345889501,0.003));
#12847=CARTESIAN_POINT('',(0.0118698081999662,0.049873212238688,0.004));
#12848=CARTESIAN_POINT('',(0.0118698081999662,0.049873212238688,0.003));
#12849=CARTESIAN_POINT('',(0.0130902421554877,0.0497007260019755,0.004));
#12850=CARTESIAN_POINT('',(0.0130902421554877,0.0497007260019755,0.003));
#12851=CARTESIAN_POINT('',(0.0157004328179639,0.0496410431702247,0.004));
#12852=CARTESIAN_POINT('',(0.0157004328179639,0.0496410431702247,0.003));
#12853=CARTESIAN_POINT('',(0.0183342819045216,0.0501368560192564,0.004));
#12854=CARTESIAN_POINT('',(0.0183342819045216,0.0501368560192564,0.003));
#12855=CARTESIAN_POINT('',(0.0205129989371207,0.0513146620012282,0.004));
#12856=CARTESIAN_POINT('',(0.0205129989371207,0.0513146620012282,0.003));
#12857=CARTESIAN_POINT('',(0.0221890841712427,0.0529619922135097,0.004));
#12858=CARTESIAN_POINT('',(0.0221890841712427,0.0529619922135097,0.003));
#12859=CARTESIAN_POINT('',(0.0231882768405653,0.0549201019042155,0.004));
#12860=CARTESIAN_POINT('',(0.0231882768405653,0.0549201019042155,0.003));
#12861=CARTESIAN_POINT('',(0.0236430245560835,0.0570805444442429,0.004));
#12862=CARTESIAN_POINT('',(0.0236430245560835,0.0570805444442429,0.003));
#12863=CARTESIAN_POINT('',(0.0238101908482205,0.0593679361820884,0.004));
#12864=CARTESIAN_POINT('',(0.0238101908482205,0.0593679361820884,0.003));
#12865=CARTESIAN_POINT('',(0.0239113136429405,0.061705285324788,0.004));
#12866=CARTESIAN_POINT('',(0.0239113136429405,0.061705285324788,0.003));
#12867=CARTESIAN_POINT('',(0.0240982250826277,0.0640788967649453,0.004));
#12868=CARTESIAN_POINT('',(0.0240982250826277,0.0640788967649453,0.003));
#12869=CARTESIAN_POINT('',(0.0245409444502425,0.0664852694030635,0.004));
#12870=CARTESIAN_POINT('',(0.0245409444502425,0.0664852694030635,0.003));
#12871=CARTESIAN_POINT('',(0.0253452988960763,0.0688603816305966,0.004));
#12872=CARTESIAN_POINT('',(0.0253452988960763,0.0688603816305966,0.003));
#12873=CARTESIAN_POINT('',(0.0264739957946786,0.0710158058906346,0.004));
#12874=CARTESIAN_POINT('',(0.0264739957946786,0.0710158058906346,0.003));
#12875=CARTESIAN_POINT('',(0.0283944262933899,0.0733279403694912,0.004));
#12876=CARTESIAN_POINT('',(0.0283944262933899,0.0733279403694912,0.003));
#12877=CARTESIAN_POINT('',(0.0302660077379357,0.0743688724294562,0.004));
#12878=CARTESIAN_POINT('',(0.0302660077379357,0.0743688724294562,0.003));
#12879=CARTESIAN_POINT('',(0.031669810572071,0.0748704696971078,0.004));
#12880=CARTESIAN_POINT('',(0.031669810572071,0.0748704696971078,0.003));
#12881=CARTESIAN_POINT('',(0.0115041815204361,0.0499426345889501,0.003));
#12882=CARTESIAN_POINT('',(0.0124521385878324,0.0497626438736916,0.003));
#12883=CARTESIAN_POINT('',(0.0177872653757583,0.0491501046632237,0.003));
#12884=CARTESIAN_POINT('',(0.0232221596811021,0.0532103889697404,0.003));
#12885=CARTESIAN_POINT('',(0.0238948807492553,0.0592399867035983,0.003));
#12886=CARTESIAN_POINT('',(0.0239649987595048,0.0657156928201395,0.003));
#12887=CARTESIAN_POINT('',(0.0266915973760085,0.0722446425462491,0.003));
#12888=CARTESIAN_POINT('',(0.029903395101428,0.0742393061518669,0.003));
#12889=CARTESIAN_POINT('',(0.031669810572071,0.0748704696971078,0.003));
#12890=CARTESIAN_POINT('',(0.0115041815204361,0.0499426345889501,0.003));
#12891=CARTESIAN_POINT('',(0.031669810572071,0.0748704696971078,0.003));
#12892=CARTESIAN_POINT('',(0.0115041815204361,0.0499426345889501,0.004));
#12893=CARTESIAN_POINT('',(0.0115041815204361,0.0499426345889501,0.004));
#12894=CARTESIAN_POINT('',(0.0115041815204361,0.0499426345889501,0.004));
#12895=CARTESIAN_POINT('',(0.0124521385878324,0.0497626438736916,0.004));
#12896=CARTESIAN_POINT('',(0.0177872653757583,0.0491501046632237,0.004));
#12897=CARTESIAN_POINT('',(0.0232221596811021,0.0532103889697404,0.004));
#12898=CARTESIAN_POINT('',(0.0238948807492553,0.0592399867035983,0.004));
#12899=CARTESIAN_POINT('',(0.0239649987595048,0.0657156928201395,0.004));
#12900=CARTESIAN_POINT('',(0.0266915973760085,0.0722446425462491,0.004));
#12901=CARTESIAN_POINT('',(0.029903395101428,0.0742393061518669,0.004));
#12902=CARTESIAN_POINT('',(0.031669810572071,0.0748704696971078,0.004));
#12903=CARTESIAN_POINT('',(0.031669810572071,0.0748704696971078,0.004));
#12904=CARTESIAN_POINT('',(0.031669810572071,0.0748704696971078,0.004));
#12905=CARTESIAN_POINT('',(0.0292927298106575,0.0561729194192319,0.004));
#12906=CARTESIAN_POINT('',(0.0292927298106575,0.0561729194192319,0.003));
#12907=CARTESIAN_POINT('',(0.0444466156044526,0.044965393167262,0.003));
#12908=CARTESIAN_POINT('',(0.0329286385402014,0.0746669472944787,0.003));
#12909=CARTESIAN_POINT('',(0.0444466156044526,0.044965393167262,0.004));
#12910=CARTESIAN_POINT('',(0.0444466156044526,0.044965393167262,0.004));
#12911=CARTESIAN_POINT('',(0.0292927298106575,0.0561729194192319,0.004));
#12912=CARTESIAN_POINT('',(0.0329286385402014,0.0746669472944787,0.004));
#12913=CARTESIAN_POINT('',(0.0329286385402014,0.0746669472944787,0.004));
#12914=CARTESIAN_POINT('',(0.0292927298106575,0.0561729194192319,0.004));
#12915=CARTESIAN_POINT('',(0.0292927298106575,0.0561729194192319,0.003));
#12916=CARTESIAN_POINT('',(0.0119581920390702,0.0487727370170614,0.003));
#12917=CARTESIAN_POINT('',(0.0434512939730414,0.0437316992138165,0.003));
#12918=CARTESIAN_POINT('',(0.0119581920390702,0.0487727370170614,0.004));
#12919=CARTESIAN_POINT('',(0.0119581920390702,0.0487727370170614,0.004));
#12920=CARTESIAN_POINT('',(0.0292927298106575,0.0561729194192319,0.004));
#12921=CARTESIAN_POINT('',(0.0434512939730414,0.0437316992138165,0.004));
#12922=CARTESIAN_POINT('',(0.0434512939730414,0.0437316992138165,0.004));
#12923=CARTESIAN_POINT('',(0.0292927298106575,0.0561729194192319,0.004));
#12924=CARTESIAN_POINT('',(0.0292927298106575,0.0561729194192319,0.004));
#12925=CARTESIAN_POINT('',(0.0320499910984221,0.0561729194192319,0.004));
#12926=CARTESIAN_POINT('',(0.0292927298106575,0.0561729194192319,0.003));
#12927=CARTESIAN_POINT('',(0.0320499910984221,0.0561729194192319,0.003));
#12928=CARTESIAN_POINT('',(0.0292927298106575,0.0561729194192319,0.004));
#12929=CARTESIAN_POINT('',(0.0292927298106575,0.0561729194192319,0.003));
#12930=CARTESIAN_POINT('',(0.0292927298106575,0.0561729194192319,0.004));
#12931=CARTESIAN_POINT('',(0.0329286385402014,0.0746669472944787,0.004));
#12932=CARTESIAN_POINT('',(0.0329286385402014,0.0746669472944787,0.003));
#12933=CARTESIAN_POINT('',(0.0314388196230532,0.0726835929212142,0.004));
#12934=CARTESIAN_POINT('',(0.0314388196230532,0.0726835929212142,0.003));
#12935=CARTESIAN_POINT('',(0.0296058494773878,0.0690606938133555,0.004));
#12936=CARTESIAN_POINT('',(0.0296058494773878,0.0690606938133555,0.003));
#12937=CARTESIAN_POINT('',(0.029609331948901,0.0646773372156122,0.004));
#12938=CARTESIAN_POINT('',(0.029609331948901,0.0646773372156122,0.003));
#12939=CARTESIAN_POINT('',(0.0316955012784412,0.0614310841711555,0.004));
#12940=CARTESIAN_POINT('',(0.0316955012784412,0.0614310841711555,0.003));
#12941=CARTESIAN_POINT('',(0.0351318659128146,0.0591617014390586,0.004));
#12942=CARTESIAN_POINT('',(0.0351318659128146,0.0591617014390586,0.003));
#12943=CARTESIAN_POINT('',(0.0383395238718525,0.0572743828670742,0.004));
#12944=CARTESIAN_POINT('',(0.0383395238718525,0.0572743828670742,0.003));
#12945=CARTESIAN_POINT('',(0.0406524475939522,0.055317742746144,0.004));
#12946=CARTESIAN_POINT('',(0.0406524475939522,0.055317742746144,0.003));
#12947=CARTESIAN_POINT('',(0.0426599716427704,0.0529755610224446,0.004));
#12948=CARTESIAN_POINT('',(0.0426599716427704,0.0529755610224446,0.003));
#12949=CARTESIAN_POINT('',(0.044434718910212,0.0495142852115293,0.004));
#12950=CARTESIAN_POINT('',(0.044434718910212,0.0495142852115293,0.003));
#12951=CARTESIAN_POINT('',(0.0446972385208125,0.0464748498822605,0.004));
#12952=CARTESIAN_POINT('',(0.0446972385208125,0.0464748498822605,0.003));
#12953=CARTESIAN_POINT('',(0.0444466156044526,0.044965393167262,0.004));
#12954=CARTESIAN_POINT('',(0.0444466156044526,0.044965393167262,0.003));
#12955=CARTESIAN_POINT('',(0.0329286385402014,0.0746669472944787,0.003));
#12956=CARTESIAN_POINT('',(0.0288222432136536,0.0692002177238464,0.003));
#12957=CARTESIAN_POINT('',(0.0293013802905647,0.0611341870305349,0.003));
#12958=CARTESIAN_POINT('',(0.0410900680178881,0.0570438492735373,0.003));
#12959=CARTESIAN_POINT('',(0.0451146773993969,0.0489890091121197,0.003));
#12960=CARTESIAN_POINT('',(0.0444466156044526,0.044965393167262,0.003));
#12961=CARTESIAN_POINT('',(0.0329286385402014,0.0746669472944787,0.004));
#12962=CARTESIAN_POINT('',(0.0288222432136536,0.0692002177238464,0.004));
#12963=CARTESIAN_POINT('',(0.0293013802905647,0.0611341870305349,0.004));
#12964=CARTESIAN_POINT('',(0.0410900680178881,0.0570438492735373,0.004));
#12965=CARTESIAN_POINT('',(0.0451146773993969,0.0489890091121197,0.004));
#12966=CARTESIAN_POINT('',(0.0444466156044526,0.044965393167262,0.004));
#12967=CARTESIAN_POINT('',(0.0434512939730414,0.0437316992138165,0.004));
#12968=CARTESIAN_POINT('',(0.0434512939730414,0.0437316992138165,0.003));
#12969=CARTESIAN_POINT('',(0.0429178376563227,0.0454376576806246,0.004));
#12970=CARTESIAN_POINT('',(0.0429178376563227,0.0454376576806246,0.003));
#12971=CARTESIAN_POINT('',(0.0411829510099926,0.0484531243606897,0.004));
#12972=CARTESIAN_POINT('',(0.0411829510099926,0.0484531243606897,0.003));
#12973=CARTESIAN_POINT('',(0.0380581012385258,0.0507874045067754,0.004));
#12974=CARTESIAN_POINT('',(0.0380581012385258,0.0507874045067754,0.003));
#12975=CARTESIAN_POINT('',(0.0354054130514179,0.0515396708886778,0.004));
#12976=CARTESIAN_POINT('',(0.0354054130514179,0.0515396708886778,0.003));
#12977=CARTESIAN_POINT('',(0.0334597410962492,0.0514575344748812,0.004));
#12978=CARTESIAN_POINT('',(0.0334597410962492,0.0514575344748812,0.003));
#12979=CARTESIAN_POINT('',(0.0315562932115409,0.0508448661422899,0.004));
#12980=CARTESIAN_POINT('',(0.0315562932115409,0.0508448661422899,0.003));
#12981=CARTESIAN_POINT('',(0.029006631181094,0.0495841435757891,0.004));
#12982=CARTESIAN_POINT('',(0.029006631181094,0.0495841435757891,0.003));
#12983=CARTESIAN_POINT('',(0.0257178774785536,0.0475989797861923,0.004));
#12984=CARTESIAN_POINT('',(0.0257178774785536,0.0475989797861923,0.003));
#12985=CARTESIAN_POINT('',(0.0212115581880753,0.0460960295281101,0.004));
#12986=CARTESIAN_POINT('',(0.0212115581880753,0.0460960295281101,0.003));
#12987=CARTESIAN_POINT('',(0.0164375332730686,0.046174580762222,0.004));
#12988=CARTESIAN_POINT('',(0.0164375332730686,0.046174580762222,0.003));
#12989=CARTESIAN_POINT('',(0.0133837215778934,0.0476139227378584,0.004));
#12990=CARTESIAN_POINT('',(0.0133837215778934,0.0476139227378584,0.003));
#12991=CARTESIAN_POINT('',(0.0119581920390702,0.0487727370170614,0.004));
#12992=CARTESIAN_POINT('',(0.0119581920390702,0.0487727370170614,0.003));
#12993=CARTESIAN_POINT('',(0.0434512939730414,0.0437316992138165,0.003));
#12994=CARTESIAN_POINT('',(0.0420405119657517,0.0482432879507542,0.003));
#12995=CARTESIAN_POINT('',(0.0346517105127156,0.0544041586360516,0.003));
#12996=CARTESIAN_POINT('',(0.0250793856478456,0.0458749222515533,0.003));
#12997=CARTESIAN_POINT('',(0.0159248765558005,0.045548215508461,0.003));
#12998=CARTESIAN_POINT('',(0.0119581920390702,0.0487727370170614,0.003));
#12999=CARTESIAN_POINT('',(0.0434512939730414,0.0437316992138165,0.004));
#13000=CARTESIAN_POINT('',(0.0420405119657517,0.0482432879507542,0.004));
#13001=CARTESIAN_POINT('',(0.0346517105127156,0.0544041586360516,0.004));
#13002=CARTESIAN_POINT('',(0.0250793856478456,0.0458749222515533,0.004));
#13003=CARTESIAN_POINT('',(0.0159248765558005,0.045548215508461,0.004));
#13004=CARTESIAN_POINT('',(0.0119581920390702,0.0487727370170614,0.004));
#13005=CARTESIAN_POINT('',(0.0292927298106575,0.0561729194192319,0.004));
#13006=CARTESIAN_POINT('',(0.0292927298106575,0.0561729194192319,0.004));
#13007=CARTESIAN_POINT('',(0.0494300964041218,0.0561729194192319,0.004));
#13008=CARTESIAN_POINT('',(0.0292927298106575,0.0561729194192319,0.003));
#13009=CARTESIAN_POINT('',(0.0494300964041218,0.0561729194192319,0.003));
#13010=CARTESIAN_POINT('',(0.0292927298106575,0.0601729194192319,0.004));
#13011=CARTESIAN_POINT('',(0.0292927298106575,0.0601729194192319,0.003));
#13012=CARTESIAN_POINT('',(0.,0.,0.));
#13013=CARTESIAN_POINT('',(-0.100680366158485,-0.0407166704535485,0.004));
#13014=CARTESIAN_POINT('',(-0.100680366158485,-0.0407166704535485,0.003));
#13015=CARTESIAN_POINT('',(-0.101256316671202,-0.041342615176779,0.004));
#13016=CARTESIAN_POINT('',(-0.101256316671202,-0.041342615176779,0.003));
#13017=CARTESIAN_POINT('',(-0.102372659808961,-0.0426484167692757,0.004));
#13018=CARTESIAN_POINT('',(-0.102372659808961,-0.0426484167692757,0.003));
#13019=CARTESIAN_POINT('',(-0.103780968515418,-0.0449915051170034,0.004));
#13020=CARTESIAN_POINT('',(-0.103780968515418,-0.0449915051170034,0.003));
#13021=CARTESIAN_POINT('',(-0.104772177083584,-0.047842148997834,0.004));
#13022=CARTESIAN_POINT('',(-0.104772177083584,-0.047842148997834,0.003));
#13023=CARTESIAN_POINT('',(-0.105215523288068,-0.0508248593900628,0.004));
#13024=CARTESIAN_POINT('',(-0.105215523288068,-0.0508248593900628,0.003));
#13025=CARTESIAN_POINT('',(-0.105010473670905,-0.0536653313207382,0.004));
#13026=CARTESIAN_POINT('',(-0.105010473670905,-0.0536653313207382,0.003));
#13027=CARTESIAN_POINT('',(-0.104245273026333,-0.0563988914206216,0.004));
#13028=CARTESIAN_POINT('',(-0.104245273026333,-0.0563988914206216,0.003));
#13029=CARTESIAN_POINT('',(-0.103012203278819,-0.0589830486508098,0.004));
#13030=CARTESIAN_POINT('',(-0.103012203278819,-0.0589830486508098,0.003));
#13031=CARTESIAN_POINT('',(-0.101570119528505,-0.0610131483248126,0.004));
#13032=CARTESIAN_POINT('',(-0.101570119528505,-0.0610131483248126,0.003));
#13033=CARTESIAN_POINT('',(-0.100039579648924,-0.0624136391635145,0.004));
#13034=CARTESIAN_POINT('',(-0.100039579648924,-0.0624136391635145,0.003));
#13035=CARTESIAN_POINT('',(-0.0984846581767748,-0.0634904945310268,0.004));
#13036=CARTESIAN_POINT('',(-0.0984846581767748,-0.0634904945310268,0.003));
#13037=CARTESIAN_POINT('',(-0.0974101171774622,-0.0644480539750896,0.004));
#13038=CARTESIAN_POINT('',(-0.0974101171774622,-0.0644480539750896,0.003));
#13039=CARTESIAN_POINT('',(-0.0966123493497824,-0.0655295195524805,0.004));
#13040=CARTESIAN_POINT('',(-0.0966123493497824,-0.0655295195524805,0.003));
#13041=CARTESIAN_POINT('',(-0.0961677543809526,-0.0671104710230319,0.004));
#13042=CARTESIAN_POINT('',(-0.0961677543809526,-0.0671104710230319,0.003));
#13043=CARTESIAN_POINT('',(-0.0963406810658806,-0.0688881769584471,0.004));
#13044=CARTESIAN_POINT('',(-0.0963406810658806,-0.0688881769584471,0.003));
#13045=CARTESIAN_POINT('',(-0.0967522155907754,-0.0701370335114244,0.004));
#13046=CARTESIAN_POINT('',(-0.0967522155907754,-0.0701370335114244,0.003));
#13047=CARTESIAN_POINT('',(-0.0973178174452097,-0.0711931422179521,0.004));
#13048=CARTESIAN_POINT('',(-0.0973178174452097,-0.0711931422179521,0.003));
#13049=CARTESIAN_POINT('',(-0.0984152119738576,-0.0722654076634452,0.004));
#13050=CARTESIAN_POINT('',(-0.0984152119738576,-0.0722654076634452,0.003));
#13051=CARTESIAN_POINT('',(-0.0996753246030028,-0.072895814859816,0.004));
#13052=CARTESIAN_POINT('',(-0.0996753246030028,-0.072895814859816,0.003));
#13053=CARTESIAN_POINT('',(-0.100317023694515,-0.0731130912899971,0.004));
#13054=CARTESIAN_POINT('',(-0.100317023694515,-0.0731130912899971,0.003));
#13055=CARTESIAN_POINT('',(-0.100680366158485,-0.0407166704535485,0.003));
#13056=CARTESIAN_POINT('',(-0.101727746427059,-0.0418549664318561,0.003));
#13057=CARTESIAN_POINT('',(-0.103816034006636,-0.0444581850726865,0.003));
#13058=CARTESIAN_POINT('',(-0.105503715654213,-0.0503531358429079,0.003));
#13059=CARTESIAN_POINT('',(-0.104692234888429,-0.0558106489701758,0.003));
#13060=CARTESIAN_POINT('',(-0.102268060689716,-0.0603962571472699,0.003));
#13061=CARTESIAN_POINT('',(-0.099822622657372,-0.062632915787997,0.003));
#13062=CARTESIAN_POINT('',(-0.096989866817961,-0.0644978686484713,0.003));
#13063=CARTESIAN_POINT('',(-0.0960573950032459,-0.0671113449074645,0.003));
#13064=CARTESIAN_POINT('',(-0.0965256318590587,-0.0699946765110456,0.003));
#13065=CARTESIAN_POINT('',(-0.097820583379411,-0.0719088414171373,0.003));
#13066=CARTESIAN_POINT('',(-0.0994391813874245,-0.0728158578276634,0.003));
#13067=CARTESIAN_POINT('',(-0.100317023694515,-0.0731130912899971,0.003));
#13068=CARTESIAN_POINT('',(-0.100680366158485,-0.0407166704535485,0.003));
#13069=CARTESIAN_POINT('',(-0.100317023694515,-0.0731130912899971,0.003));
#13070=CARTESIAN_POINT('',(-0.100680366158485,-0.0407166704535485,0.004));
#13071=CARTESIAN_POINT('',(-0.100680366158485,-0.0407166704535485,0.004));
#13072=CARTESIAN_POINT('',(-0.100680366158485,-0.0407166704535485,0.004));
#13073=CARTESIAN_POINT('',(-0.101727746427059,-0.0418549664318561,0.004));
#13074=CARTESIAN_POINT('',(-0.103816034006636,-0.0444581850726865,0.004));
#13075=CARTESIAN_POINT('',(-0.105503715654213,-0.0503531358429079,0.004));
#13076=CARTESIAN_POINT('',(-0.104692234888429,-0.0558106489701758,0.004));
#13077=CARTESIAN_POINT('',(-0.102268060689716,-0.0603962571472699,0.004));
#13078=CARTESIAN_POINT('',(-0.099822622657372,-0.062632915787997,0.004));
#13079=CARTESIAN_POINT('',(-0.096989866817961,-0.0644978686484713,0.004));
#13080=CARTESIAN_POINT('',(-0.0960573950032459,-0.0671113449074645,0.004));
#13081=CARTESIAN_POINT('',(-0.0965256318590587,-0.0699946765110456,0.004));
#13082=CARTESIAN_POINT('',(-0.097820583379411,-0.0719088414171373,0.004));
#13083=CARTESIAN_POINT('',(-0.0994391813874245,-0.0728158578276634,0.004));
#13084=CARTESIAN_POINT('',(-0.100317023694515,-0.0731130912899971,0.004));
#13085=CARTESIAN_POINT('',(-0.100317023694515,-0.0731130912899971,0.004));
#13086=CARTESIAN_POINT('',(-0.100317023694515,-0.0731130912899971,0.004));
#13087=CARTESIAN_POINT('',(-0.100680366158485,-0.0407166704535485,0.004));
#13088=CARTESIAN_POINT('',(-0.100680366158485,-0.0407166704535485,0.003));
#13089=CARTESIAN_POINT('',(-0.10106885912652,-0.0427771384396687,0.004));
#13090=CARTESIAN_POINT('',(-0.10106885912652,-0.0427771384396687,0.003));
#13091=CARTESIAN_POINT('',(-0.100218780751659,-0.0462956501562725,0.004));
#13092=CARTESIAN_POINT('',(-0.100218780751659,-0.0462956501562725,0.003));
#13093=CARTESIAN_POINT('',(-0.0958460067387163,-0.0484393500777767,0.004));
#13094=CARTESIAN_POINT('',(-0.0958460067387163,-0.0484393500777767,0.003));
#13095=CARTESIAN_POINT('',(-0.0913440918894223,-0.0462388915617623,0.004));
#13096=CARTESIAN_POINT('',(-0.0913440918894223,-0.0462388915617623,0.003));
#13097=CARTESIAN_POINT('',(-0.0877772011758444,-0.0455224918757868,0.004));
#13098=CARTESIAN_POINT('',(-0.0877772011758444,-0.0455224918757868,0.003));
#13099=CARTESIAN_POINT('',(-0.0840103208341732,-0.0459966152443102,0.004));
#13100=CARTESIAN_POINT('',(-0.0840103208341732,-0.0459966152443102,0.003));
#13101=CARTESIAN_POINT('',(-0.0812492151126876,-0.0467514870050581,0.004));
#13102=CARTESIAN_POINT('',(-0.0812492151126876,-0.0467514870050581,0.003));
#13103=CARTESIAN_POINT('',(-0.0791038101427393,-0.0477724384508766,0.004));
#13104=CARTESIAN_POINT('',(-0.0791038101427393,-0.0477724384508766,0.003));
#13105=CARTESIAN_POINT('',(-0.0774233340228119,-0.0490615269717475,0.004));
#13106=CARTESIAN_POINT('',(-0.0774233340228119,-0.0490615269717475,0.003));
#13107=CARTESIAN_POINT('',(-0.0758073018787668,-0.0506768238213773,0.004));
#13108=CARTESIAN_POINT('',(-0.0758073018787668,-0.0506768238213773,0.003));
#13109=CARTESIAN_POINT('',(-0.0739010235359199,-0.0530686037380006,0.004));
#13110=CARTESIAN_POINT('',(-0.0739010235359199,-0.0530686037380006,0.003));
#13111=CARTESIAN_POINT('',(-0.0730159019566583,-0.0548329062320563,0.004));
#13112=CARTESIAN_POINT('',(-0.0730159019566583,-0.0548329062320563,0.003));
#13113=CARTESIAN_POINT('',(-0.0726062655448914,-0.0567116364836693,0.004));
#13114=CARTESIAN_POINT('',(-0.0726062655448914,-0.0567116364836693,0.003));
#13115=CARTESIAN_POINT('',(-0.100680366158485,-0.0407166704535485,0.003));
#13116=CARTESIAN_POINT('',(-0.101098254323006,-0.0429330430924892,0.003));
#13117=CARTESIAN_POINT('',(-0.100118460381971,-0.0463993403096996,0.003));
#13118=CARTESIAN_POINT('',(-0.0957743171274166,-0.0483703854257895,0.003));
#13119=CARTESIAN_POINT('',(-0.0914336538923824,-0.0462948250557714,0.003));
#13120=CARTESIAN_POINT('',(-0.087014417525762,-0.0453273458088117,0.003));
#13121=CARTESIAN_POINT('',(-0.0806149001119824,-0.0467000993319572,0.003));
#13122=CARTESIAN_POINT('',(-0.077179279828245,-0.0491221848243287,0.003));
#13123=CARTESIAN_POINT('',(-0.0741415876385615,-0.0525742955363672,0.003));
#13124=CARTESIAN_POINT('',(-0.0730080232024191,-0.0548690408468247,0.003));
#13125=CARTESIAN_POINT('',(-0.0726062655448914,-0.0567116364836693,0.003));
#13126=CARTESIAN_POINT('',(-0.0726062655448914,-0.0567116364836693,0.003));
#13127=CARTESIAN_POINT('',(-0.0726062655448914,-0.0567116364836693,0.004));
#13128=CARTESIAN_POINT('',(-0.0726062655448914,-0.0567116364836693,0.004));
#13129=CARTESIAN_POINT('',(-0.100680366158485,-0.0407166704535485,0.004));
#13130=CARTESIAN_POINT('',(-0.101098254323006,-0.0429330430924892,0.004));
#13131=CARTESIAN_POINT('',(-0.100118460381971,-0.0463993403096996,0.004));
#13132=CARTESIAN_POINT('',(-0.0957743171274166,-0.0483703854257895,0.004));
#13133=CARTESIAN_POINT('',(-0.0914336538923824,-0.0462948250557714,0.004));
#13134=CARTESIAN_POINT('',(-0.087014417525762,-0.0453273458088117,0.004));
#13135=CARTESIAN_POINT('',(-0.0806149001119824,-0.0467000993319572,0.004));
#13136=CARTESIAN_POINT('',(-0.077179279828245,-0.0491221848243287,0.004));
#13137=CARTESIAN_POINT('',(-0.0741415876385615,-0.0525742955363672,0.004));
#13138=CARTESIAN_POINT('',(-0.0730080232024191,-0.0548690408468247,0.004));
#13139=CARTESIAN_POINT('',(-0.0726062655448914,-0.0567116364836693,0.004));
#13140=CARTESIAN_POINT('',(-0.0912507101893425,-0.0568823005807681,0.004));
#13141=CARTESIAN_POINT('',(-0.0912507101893425,-0.0568823005807681,0.004));
#13142=CARTESIAN_POINT('',(-0.0711133435958782,-0.0568823005807681,0.004));
#13143=CARTESIAN_POINT('',(-0.0912507101893425,-0.0568823005807681,0.003));
#13144=CARTESIAN_POINT('',(-0.0711133435958782,-0.0568823005807681,0.003));
#13145=CARTESIAN_POINT('',(-0.100317023694515,-0.0731130912899971,0.004));
#13146=CARTESIAN_POINT('',(-0.100317023694515,-0.0731130912899971,0.003));
#13147=CARTESIAN_POINT('',(-0.0995332325766782,-0.073366325847376,0.004));
#13148=CARTESIAN_POINT('',(-0.0995332325766782,-0.073366325847376,0.003));
#13149=CARTESIAN_POINT('',(-0.0980223027655386,-0.0736136403061909,0.004));
#13150=CARTESIAN_POINT('',(-0.0980223027655386,-0.0736136403061909,0.003));
#13151=CARTESIAN_POINT('',(-0.0959294373703824,-0.0736692825828051,0.004));
#13152=CARTESIAN_POINT('',(-0.0959294373703824,-0.0736692825828051,0.003));
#13153=CARTESIAN_POINT('',(-0.0940118041431875,-0.0735359339551906,0.004));
#13154=CARTESIAN_POINT('',(-0.0940118041431875,-0.0735359339551906,0.003));
#13155=CARTESIAN_POINT('',(-0.092048490928246,-0.0730386142416471,0.004));
#13156=CARTESIAN_POINT('',(-0.092048490928246,-0.0730386142416471,0.003));
#13157=CARTESIAN_POINT('',(-0.0898247712517169,-0.0721138021325635,0.004));
#13158=CARTESIAN_POINT('',(-0.0898247712517169,-0.0721138021325635,0.003));
#13159=CARTESIAN_POINT('',(-0.0877454549795583,-0.0708840709509771,0.004));
#13160=CARTESIAN_POINT('',(-0.0877454549795583,-0.0708840709509771,0.003));
#13161=CARTESIAN_POINT('',(-0.0858780184890709,-0.0692512056371802,0.004));
#13162=CARTESIAN_POINT('',(-0.0858780184890709,-0.0692512056371802,0.003));
#13163=CARTESIAN_POINT('',(-0.0839747398186801,-0.0668729386653048,0.004));
#13164=CARTESIAN_POINT('',(-0.0839747398186801,-0.0668729386653048,0.003));
#13165=CARTESIAN_POINT('',(-0.0824968307005085,-0.063988576784432,0.004));
#13166=CARTESIAN_POINT('',(-0.0824968307005085,-0.063988576784432,0.003));
#13167=CARTESIAN_POINT('',(-0.0821309022542281,-0.0614553228468093,0.004));
#13168=CARTESIAN_POINT('',(-0.0821309022542281,-0.0614553228468093,0.003));
#13169=CARTESIAN_POINT('',(-0.0818698506991534,-0.0596591004181972,0.004));
#13170=CARTESIAN_POINT('',(-0.0818698506991534,-0.0596591004181972,0.003));
#13171=CARTESIAN_POINT('',(-0.081442060935725,-0.058142985041323,0.004));
#13172=CARTESIAN_POINT('',(-0.081442060935725,-0.058142985041323,0.003));
#13173=CARTESIAN_POINT('',(-0.0805025789985661,-0.0567616908666505,0.004));
#13174=CARTESIAN_POINT('',(-0.0805025789985661,-0.0567616908666505,0.003));
#13175=CARTESIAN_POINT('',(-0.0788795739376956,-0.055493254689266,0.004));
#13176=CARTESIAN_POINT('',(-0.0788795739376956,-0.055493254689266,0.003));
#13177=CARTESIAN_POINT('',(-0.0770272032443793,-0.0549640775076375,0.004));
#13178=CARTESIAN_POINT('',(-0.0770272032443793,-0.0549640775076375,0.003));
#13179=CARTESIAN_POINT('',(-0.0753529994422157,-0.0551497276350547,0.004));
#13180=CARTESIAN_POINT('',(-0.0753529994422157,-0.0551497276350547,0.003));
#13181=CARTESIAN_POINT('',(-0.0742444565225767,-0.0555611766132847,0.004));
#13182=CARTESIAN_POINT('',(-0.0742444565225767,-0.0555611766132847,0.003));
#13183=CARTESIAN_POINT('',(-0.0736045662974102,-0.0559576139042739,0.004));
#13184=CARTESIAN_POINT('',(-0.0736045662974102,-0.0559576139042739,0.003));
#13185=CARTESIAN_POINT('',(-0.0731209082874053,-0.0562748921513646,0.004));
#13186=CARTESIAN_POINT('',(-0.0731209082874053,-0.0562748921513646,0.003));
#13187=CARTESIAN_POINT('',(-0.0728070811499801,-0.0565167221806121,0.004));
#13188=CARTESIAN_POINT('',(-0.0728070811499801,-0.0565167221806121,0.003));
#13189=CARTESIAN_POINT('',(-0.0726062655448914,-0.0567116364836693,0.004));
#13190=CARTESIAN_POINT('',(-0.0726062655448914,-0.0567116364836693,0.003));
#13191=CARTESIAN_POINT('',(-0.100317023694515,-0.0731130912899971,0.003));
#13192=CARTESIAN_POINT('',(-0.0989518207457619,-0.0735541738138894,0.003));
#13193=CARTESIAN_POINT('',(-0.0951340093290312,-0.0738776013418477,0.003));
#13194=CARTESIAN_POINT('',(-0.091536047127723,-0.0729123534991883,0.003));
#13195=CARTESIAN_POINT('',(-0.088284122475982,-0.0713420573828778,0.003));
#13196=CARTESIAN_POINT('',(-0.0853194734333223,-0.0688514481864092,0.003));
#13197=CARTESIAN_POINT('',(-0.0821639172735604,-0.0641192320732975,0.003));
#13198=CARTESIAN_POINT('',(-0.0820547293059544,-0.0592078656869501,0.003));
#13199=CARTESIAN_POINT('',(-0.0806344949688839,-0.0568274684128062,0.003));
#13200=CARTESIAN_POINT('',(-0.0786788673891275,-0.0553442912548893,0.003));
#13201=CARTESIAN_POINT('',(-0.0765167124489586,-0.0549228340940271,0.003));
#13202=CARTESIAN_POINT('',(-0.0744676683422811,-0.0553728648130448,0.003));
#13203=CARTESIAN_POINT('',(-0.0733547879825978,-0.0561322627580555,0.003));
#13204=CARTESIAN_POINT('',(-0.0729119032621384,-0.056414980441332,0.003));
#13205=CARTESIAN_POINT('',(-0.0726062655448914,-0.0567116364836693,0.003));
#13206=CARTESIAN_POINT('',(-0.100317023694515,-0.0731130912899971,0.004));
#13207=CARTESIAN_POINT('',(-0.0989518207457619,-0.0735541738138894,0.004));
#13208=CARTESIAN_POINT('',(-0.0951340093290312,-0.0738776013418477,0.004));
#13209=CARTESIAN_POINT('',(-0.091536047127723,-0.0729123534991883,0.004));
#13210=CARTESIAN_POINT('',(-0.088284122475982,-0.0713420573828778,0.004));
#13211=CARTESIAN_POINT('',(-0.0853194734333223,-0.0688514481864092,0.004));
#13212=CARTESIAN_POINT('',(-0.0821639172735604,-0.0641192320732975,0.004));
#13213=CARTESIAN_POINT('',(-0.0820547293059544,-0.0592078656869501,0.004));
#13214=CARTESIAN_POINT('',(-0.0806344949688839,-0.0568274684128062,0.004));
#13215=CARTESIAN_POINT('',(-0.0786788673891275,-0.0553442912548893,0.004));
#13216=CARTESIAN_POINT('',(-0.0765167124489586,-0.0549228340940271,0.004));
#13217=CARTESIAN_POINT('',(-0.0744676683422811,-0.0553728648130448,0.004));
#13218=CARTESIAN_POINT('',(-0.0733547879825978,-0.0561322627580555,0.004));
#13219=CARTESIAN_POINT('',(-0.0729119032621384,-0.056414980441332,0.004));
#13220=CARTESIAN_POINT('',(-0.0726062655448914,-0.0567116364836693,0.004));
#13221=CARTESIAN_POINT('',(-0.0912507101893425,-0.0528823005807681,0.004));
#13222=CARTESIAN_POINT('',(-0.0912507101893425,-0.0528823005807681,0.003));
#13223=CARTESIAN_POINT('',(0.,0.,0.));
#13224=CARTESIAN_POINT('',(-0.0419663965621115,0.0234883200372476,0.003));
#13225=CARTESIAN_POINT('',(-0.0419663965621115,0.0234883200372476,0.));
#13226=CARTESIAN_POINT('',(-0.0396092615252535,0.0185190228617895,0.));
#13227=CARTESIAN_POINT('',(-0.036472693375727,0.0232252130249719,0.));
#13228=CARTESIAN_POINT('',(-0.0396092615252535,0.0185190228617895,0.003));
#13229=CARTESIAN_POINT('',(-0.0396092615252535,0.0185190228617895,0.003));
#13230=CARTESIAN_POINT('',(-0.0419663965621115,0.0234883200372476,0.003));
#13231=CARTESIAN_POINT('',(-0.036472693375727,0.0232252130249719,0.003));
#13232=CARTESIAN_POINT('',(-0.036472693375727,0.0232252130249719,0.003));
#13233=CARTESIAN_POINT('',(-0.0309789901893425,0.000324739419231956,0.003));
#13234=CARTESIAN_POINT('',(-0.0309789901893425,0.000324739419231956,0.));
#13235=CARTESIAN_POINT('',(-0.0223487188534316,0.0185190228617895,0.));
#13236=CARTESIAN_POINT('',(-0.0223487188534316,0.0185190228617895,0.003));
#13237=CARTESIAN_POINT('',(-0.0223487188534316,0.0185190228617895,0.003));
#13238=CARTESIAN_POINT('',(-0.0309789901893425,0.000324739419231956,0.003));
#13239=CARTESIAN_POINT('',(-0.0199915838165735,0.0234883200372476,0.003));
#13240=CARTESIAN_POINT('',(-0.0199915838165735,0.0234883200372476,0.));
#13241=CARTESIAN_POINT('',(-0.025485287002958,0.0232252130249719,0.));
#13242=CARTESIAN_POINT('',(-0.025485287002958,0.0232252130249719,0.003));
#13243=CARTESIAN_POINT('',(-0.025485287002958,0.0232252130249719,0.003));
#13244=CARTESIAN_POINT('',(-0.0199915838165735,0.0234883200372476,0.003));
#13245=CARTESIAN_POINT('',(-0.0309789901893425,0.0229621060126962,0.003));
#13246=CARTESIAN_POINT('',(-0.0309789901893425,0.0229621060126962,0.));
#13247=CARTESIAN_POINT('',(-0.0309789901893425,0.0229621060126962,0.003));
#13248=CARTESIAN_POINT('',(-0.0309789901893425,0.0229621060126962,0.003));
#13249=CARTESIAN_POINT('',(-0.0309789901893425,0.0229621060126962,0.003));
#13250=CARTESIAN_POINT('',(-0.0284789901893425,0.0229621060126962,0.003));
#13251=CARTESIAN_POINT('',(-0.0309789901893425,0.0229621060126962,0.));
#13252=CARTESIAN_POINT('',(-0.0284789901893425,0.0229621060126962,0.));
#13253=CARTESIAN_POINT('',(0.,0.,0.003));
#13254=CARTESIAN_POINT('',(0.,0.,0.));
#13255=CARTESIAN_POINT('',(0.,0.,0.));
#13256=CARTESIAN_POINT('',(-0.0912507101893425,0.0561729194192319,0.003));
#13257=CARTESIAN_POINT('',(-0.0912507101893425,0.0561729194192319,0.));
#13258=CARTESIAN_POINT('',(-0.0998809815252534,0.0743672028617895,0.));
#13259=CARTESIAN_POINT('',(-0.0826204388534315,0.0743672028617895,0.));
#13260=CARTESIAN_POINT('',(-0.0826204388534315,0.0743672028617895,0.003));
#13261=CARTESIAN_POINT('',(-0.0826204388534315,0.0743672028617895,0.003));
#13262=CARTESIAN_POINT('',(-0.0912507101893425,0.0561729194192319,0.003));
#13263=CARTESIAN_POINT('',(-0.0998809815252534,0.0743672028617895,0.003));
#13264=CARTESIAN_POINT('',(-0.0998809815252534,0.0743672028617895,0.003));
#13265=CARTESIAN_POINT('',(-0.0802633038165735,0.0793365000372476,0.003));
#13266=CARTESIAN_POINT('',(-0.0802633038165735,0.0793365000372476,0.));
#13267=CARTESIAN_POINT('',(-0.085757007002958,0.0790733930249719,0.));
#13268=CARTESIAN_POINT('',(-0.085757007002958,0.0790733930249719,0.003));
#13269=CARTESIAN_POINT('',(-0.085757007002958,0.0790733930249719,0.003));
#13270=CARTESIAN_POINT('',(-0.0802633038165735,0.0793365000372476,0.003));
#13271=CARTESIAN_POINT('',(-0.0912507101893423,0.0788102860126962,0.003));
#13272=CARTESIAN_POINT('',(-0.0912507101893423,0.0788102860126962,0.));
#13273=CARTESIAN_POINT('',(-0.096744413375727,0.0790733930249719,0.));
#13274=CARTESIAN_POINT('',(-0.096744413375727,0.0790733930249719,0.003));
#13275=CARTESIAN_POINT('',(-0.096744413375727,0.0790733930249719,0.003));
#13276=CARTESIAN_POINT('',(-0.0912507101893423,0.0788102860126962,0.003));
#13277=CARTESIAN_POINT('',(-0.102238116562111,0.0793365000372476,0.003));
#13278=CARTESIAN_POINT('',(-0.102238116562111,0.0793365000372476,0.));
#13279=CARTESIAN_POINT('',(-0.102238116562111,0.0793365000372476,0.003));
#13280=CARTESIAN_POINT('',(-0.0912507101893425,0.0788102860126962,0.003));
#13281=CARTESIAN_POINT('',(-0.0912507101893425,0.0788102860126962,0.003));
#13282=CARTESIAN_POINT('',(-0.0887507101893425,0.0788102860126962,0.003));
#13283=CARTESIAN_POINT('',(-0.0912507101893425,0.0788102860126962,0.));
#13284=CARTESIAN_POINT('',(-0.0887507101893425,0.0788102860126962,0.));
#13285=CARTESIAN_POINT('',(0.,0.,0.003));
#13286=CARTESIAN_POINT('',(0.,0.,0.));
#13287=CARTESIAN_POINT('',(0.,0.,0.));
#13288=CARTESIAN_POINT('',(-0.0419663965621116,0.0793365000372476,0.003));
#13289=CARTESIAN_POINT('',(-0.0419663965621116,0.0793365000372476,0.));
#13290=CARTESIAN_POINT('',(-0.0396092615252535,0.0743672028617895,0.));
#13291=CARTESIAN_POINT('',(-0.036472693375727,0.0790733930249719,0.));
#13292=CARTESIAN_POINT('',(-0.0396092615252535,0.0743672028617895,0.003));
#13293=CARTESIAN_POINT('',(-0.0396092615252535,0.0743672028617895,0.003));
#13294=CARTESIAN_POINT('',(-0.0419663965621116,0.0793365000372476,0.003));
#13295=CARTESIAN_POINT('',(-0.036472693375727,0.0790733930249719,0.003));
#13296=CARTESIAN_POINT('',(-0.036472693375727,0.0790733930249719,0.003));
#13297=CARTESIAN_POINT('',(-0.0309789901893425,0.0561729194192319,0.003));
#13298=CARTESIAN_POINT('',(-0.0309789901893425,0.0561729194192319,0.));
#13299=CARTESIAN_POINT('',(-0.0223487188534316,0.0743672028617895,0.));
#13300=CARTESIAN_POINT('',(-0.0223487188534316,0.0743672028617895,0.003));
#13301=CARTESIAN_POINT('',(-0.0223487188534316,0.0743672028617895,0.003));
#13302=CARTESIAN_POINT('',(-0.0309789901893425,0.0561729194192319,0.003));
#13303=CARTESIAN_POINT('',(-0.0199915838165735,0.0793365000372476,0.003));
#13304=CARTESIAN_POINT('',(-0.0199915838165735,0.0793365000372476,0.));
#13305=CARTESIAN_POINT('',(-0.025485287002958,0.0790733930249719,0.));
#13306=CARTESIAN_POINT('',(-0.025485287002958,0.0790733930249719,0.003));
#13307=CARTESIAN_POINT('',(-0.025485287002958,0.0790733930249719,0.003));
#13308=CARTESIAN_POINT('',(-0.0199915838165735,0.0793365000372476,0.003));
#13309=CARTESIAN_POINT('',(-0.0309789901893426,0.0788102860126962,0.003));
#13310=CARTESIAN_POINT('',(-0.0309789901893426,0.0788102860126962,0.));
#13311=CARTESIAN_POINT('',(-0.0309789901893426,0.0788102860126962,0.003));
#13312=CARTESIAN_POINT('',(-0.0309789901893425,0.0788102860126962,0.003));
#13313=CARTESIAN_POINT('',(-0.0309789901893425,0.0788102860126962,0.003));
#13314=CARTESIAN_POINT('',(-0.0284789901893425,0.0788102860126962,0.003));
#13315=CARTESIAN_POINT('',(-0.0309789901893425,0.0788102860126962,0.));
#13316=CARTESIAN_POINT('',(-0.0284789901893425,0.0788102860126962,0.));
#13317=CARTESIAN_POINT('',(0.,0.,0.003));
#13318=CARTESIAN_POINT('',(0.,0.,0.));
#13319=CARTESIAN_POINT('',(0.,0.,0.));
#13320=CARTESIAN_POINT('',(0.0183053234378884,0.0793365000372476,0.003));
#13321=CARTESIAN_POINT('',(0.0183053234378884,0.0793365000372476,0.));
#13322=CARTESIAN_POINT('',(0.0206624584747465,0.0743672028617895,0.));
#13323=CARTESIAN_POINT('',(0.023799026624273,0.0790733930249719,0.));
#13324=CARTESIAN_POINT('',(0.0206624584747465,0.0743672028617895,0.003));
#13325=CARTESIAN_POINT('',(0.0206624584747465,0.0743672028617895,0.003));
#13326=CARTESIAN_POINT('',(0.0183053234378884,0.0793365000372476,0.003));
#13327=CARTESIAN_POINT('',(0.023799026624273,0.0790733930249719,0.003));
#13328=CARTESIAN_POINT('',(0.023799026624273,0.0790733930249719,0.003));
#13329=CARTESIAN_POINT('',(0.0292927298106575,0.0561729194192319,0.003));
#13330=CARTESIAN_POINT('',(0.0292927298106575,0.0561729194192319,0.));
#13331=CARTESIAN_POINT('',(0.0379230011465684,0.0743672028617895,0.));
#13332=CARTESIAN_POINT('',(0.0379230011465684,0.0743672028617895,0.003));
#13333=CARTESIAN_POINT('',(0.0379230011465684,0.0743672028617895,0.003));
#13334=CARTESIAN_POINT('',(0.0292927298106575,0.0561729194192319,0.003));
#13335=CARTESIAN_POINT('',(0.0402801361834266,0.0793365000372476,0.003));
#13336=CARTESIAN_POINT('',(0.0402801361834266,0.0793365000372476,0.));
#13337=CARTESIAN_POINT('',(0.034786432997042,0.0790733930249719,0.));
#13338=CARTESIAN_POINT('',(0.034786432997042,0.0790733930249719,0.003));
#13339=CARTESIAN_POINT('',(0.034786432997042,0.0790733930249719,0.003));
#13340=CARTESIAN_POINT('',(0.0402801361834266,0.0793365000372476,0.003));
#13341=CARTESIAN_POINT('',(0.0292927298106574,0.0788102860126962,0.003));
#13342=CARTESIAN_POINT('',(0.0292927298106574,0.0788102860126962,0.));
#13343=CARTESIAN_POINT('',(0.0292927298106574,0.0788102860126962,0.003));
#13344=CARTESIAN_POINT('',(0.0292927298106575,0.0788102860126962,0.003));
#13345=CARTESIAN_POINT('',(0.0292927298106575,0.0788102860126962,0.003));
#13346=CARTESIAN_POINT('',(0.0317927298106575,0.0788102860126962,0.003));
#13347=CARTESIAN_POINT('',(0.0292927298106575,0.0788102860126962,0.));
#13348=CARTESIAN_POINT('',(0.0317927298106575,0.0788102860126962,0.));
#13349=CARTESIAN_POINT('',(0.,0.,0.003));
#13350=CARTESIAN_POINT('',(0.,0.,0.));
#13351=CARTESIAN_POINT('',(0.,0.,0.));
#13352=CARTESIAN_POINT('',(0.0402801361834266,0.0234883200372476,0.003));
#13353=CARTESIAN_POINT('',(0.0402801361834266,0.0234883200372476,0.));
#13354=CARTESIAN_POINT('',(0.034786432997042,0.023225213024972,0.));
#13355=CARTESIAN_POINT('',(0.0379230011465684,0.0185190228617895,0.));
#13356=CARTESIAN_POINT('',(0.034786432997042,0.023225213024972,0.003));
#13357=CARTESIAN_POINT('',(0.034786432997042,0.023225213024972,0.003));
#13358=CARTESIAN_POINT('',(0.0402801361834266,0.0234883200372476,0.003));
#13359=CARTESIAN_POINT('',(0.0379230011465684,0.0185190228617895,0.003));
#13360=CARTESIAN_POINT('',(0.0379230011465684,0.0185190228617895,0.003));
#13361=CARTESIAN_POINT('',(0.0292927298106574,0.0229621060126962,0.003));
#13362=CARTESIAN_POINT('',(0.0292927298106574,0.0229621060126962,0.));
#13363=CARTESIAN_POINT('',(0.023799026624273,0.023225213024972,0.));
#13364=CARTESIAN_POINT('',(0.023799026624273,0.023225213024972,0.003));
#13365=CARTESIAN_POINT('',(0.023799026624273,0.023225213024972,0.003));
#13366=CARTESIAN_POINT('',(0.0292927298106574,0.0229621060126962,0.003));
#13367=CARTESIAN_POINT('',(0.0183053234378885,0.0234883200372476,0.003));
#13368=CARTESIAN_POINT('',(0.0183053234378885,0.0234883200372476,0.));
#13369=CARTESIAN_POINT('',(0.0206624584747465,0.0185190228617895,0.));
#13370=CARTESIAN_POINT('',(0.0206624584747465,0.0185190228617895,0.003));
#13371=CARTESIAN_POINT('',(0.0206624584747465,0.0185190228617895,0.003));
#13372=CARTESIAN_POINT('',(0.0183053234378885,0.0234883200372476,0.003));
#13373=CARTESIAN_POINT('',(0.0292927298106575,0.0229621060126962,0.003));
#13374=CARTESIAN_POINT('',(0.0292927298106575,0.0229621060126962,0.003));
#13375=CARTESIAN_POINT('',(0.0317927298106575,0.0229621060126962,0.003));
#13376=CARTESIAN_POINT('',(0.0292927298106575,0.0229621060126962,0.));
#13377=CARTESIAN_POINT('',(0.0317927298106575,0.0229621060126962,0.));
#13378=CARTESIAN_POINT('',(0.0292927298106575,0.000324739419231956,0.003));
#13379=CARTESIAN_POINT('',(0.0292927298106575,0.000324739419231956,0.));
#13380=CARTESIAN_POINT('',(0.0292927298106575,0.000324739419231956,0.003));
#13381=CARTESIAN_POINT('',(0.,0.,0.003));
#13382=CARTESIAN_POINT('',(0.,0.,0.));
#13383=CARTESIAN_POINT('',(0.,0.,0.));
#13384=CARTESIAN_POINT('',(-0.102238116562111,0.0234883200372476,0.003));
#13385=CARTESIAN_POINT('',(-0.102238116562111,0.0234883200372476,0.));
#13386=CARTESIAN_POINT('',(-0.0998809815252534,0.0185190228617895,0.));
#13387=CARTESIAN_POINT('',(-0.096744413375727,0.0232252130249719,0.));
#13388=CARTESIAN_POINT('',(-0.0998809815252534,0.0185190228617895,0.003));
#13389=CARTESIAN_POINT('',(-0.0998809815252534,0.0185190228617895,0.003));
#13390=CARTESIAN_POINT('',(-0.102238116562111,0.0234883200372476,0.003));
#13391=CARTESIAN_POINT('',(-0.096744413375727,0.0232252130249719,0.003));
#13392=CARTESIAN_POINT('',(-0.096744413375727,0.0232252130249719,0.003));
#13393=CARTESIAN_POINT('',(-0.0912507101893425,0.000324739419231932,0.003));
#13394=CARTESIAN_POINT('',(-0.0912507101893425,0.000324739419231932,0.));
#13395=CARTESIAN_POINT('',(-0.0826204388534315,0.0185190228617895,0.));
#13396=CARTESIAN_POINT('',(-0.0826204388534315,0.0185190228617895,0.003));
#13397=CARTESIAN_POINT('',(-0.0826204388534315,0.0185190228617895,0.003));
#13398=CARTESIAN_POINT('',(-0.0912507101893425,0.000324739419231932,0.003));
#13399=CARTESIAN_POINT('',(-0.0802633038165735,0.0234883200372476,0.003));
#13400=CARTESIAN_POINT('',(-0.0802633038165735,0.0234883200372476,0.));
#13401=CARTESIAN_POINT('',(-0.085757007002958,0.0232252130249719,0.));
#13402=CARTESIAN_POINT('',(-0.085757007002958,0.0232252130249719,0.003));
#13403=CARTESIAN_POINT('',(-0.085757007002958,0.0232252130249719,0.003));
#13404=CARTESIAN_POINT('',(-0.0802633038165735,0.0234883200372476,0.003));
#13405=CARTESIAN_POINT('',(-0.0912507101893426,0.0229621060126962,0.003));
#13406=CARTESIAN_POINT('',(-0.0912507101893426,0.0229621060126962,0.));
#13407=CARTESIAN_POINT('',(-0.0912507101893426,0.0229621060126962,0.003));
#13408=CARTESIAN_POINT('',(-0.0912507101893425,0.0229621060126962,0.003));
#13409=CARTESIAN_POINT('',(-0.0912507101893425,0.0229621060126962,0.003));
#13410=CARTESIAN_POINT('',(-0.0887507101893425,0.0229621060126962,0.003));
#13411=CARTESIAN_POINT('',(-0.0912507101893425,0.0229621060126962,0.));
#13412=CARTESIAN_POINT('',(-0.0887507101893425,0.0229621060126962,0.));
#13413=CARTESIAN_POINT('',(0.,0.,0.003));
#13414=CARTESIAN_POINT('',(0.,0.,0.));
#13415=CARTESIAN_POINT('',(0.,0.,0.));
#13416=CARTESIAN_POINT('',(-0.0802633038165735,-0.0337187199627524,0.003));
#13417=CARTESIAN_POINT('',(-0.0802633038165735,-0.0337187199627524,0.));
#13418=CARTESIAN_POINT('',(-0.085757007002958,-0.0339818269750281,0.));
#13419=CARTESIAN_POINT('',(-0.0826204388534315,-0.0386880171382105,0.));
#13420=CARTESIAN_POINT('',(-0.085757007002958,-0.0339818269750281,0.003));
#13421=CARTESIAN_POINT('',(-0.085757007002958,-0.0339818269750281,0.003));
#13422=CARTESIAN_POINT('',(-0.0802633038165735,-0.0337187199627524,0.003));
#13423=CARTESIAN_POINT('',(-0.0826204388534315,-0.0386880171382105,0.003));
#13424=CARTESIAN_POINT('',(-0.0826204388534315,-0.0386880171382105,0.003));
#13425=CARTESIAN_POINT('',(-0.0912507101893426,-0.0342449339873038,0.003));
#13426=CARTESIAN_POINT('',(-0.0912507101893426,-0.0342449339873038,0.));
#13427=CARTESIAN_POINT('',(-0.096744413375727,-0.0339818269750281,0.));
#13428=CARTESIAN_POINT('',(-0.096744413375727,-0.0339818269750281,0.003));
#13429=CARTESIAN_POINT('',(-0.096744413375727,-0.0339818269750281,0.003));
#13430=CARTESIAN_POINT('',(-0.0912507101893426,-0.0342449339873038,0.003));
#13431=CARTESIAN_POINT('',(-0.102238116562111,-0.0337187199627524,0.003));
#13432=CARTESIAN_POINT('',(-0.102238116562111,-0.0337187199627524,0.));
#13433=CARTESIAN_POINT('',(-0.0998809815252534,-0.0386880171382105,0.));
#13434=CARTESIAN_POINT('',(-0.0998809815252534,-0.0386880171382105,0.003));
#13435=CARTESIAN_POINT('',(-0.0998809815252534,-0.0386880171382105,0.003));
#13436=CARTESIAN_POINT('',(-0.102238116562111,-0.0337187199627524,0.003));
#13437=CARTESIAN_POINT('',(-0.0912507101893425,-0.0342449339873038,0.003));
#13438=CARTESIAN_POINT('',(-0.0912507101893425,-0.0342449339873038,0.003));
#13439=CARTESIAN_POINT('',(-0.0887507101893425,-0.0342449339873038,0.003));
#13440=CARTESIAN_POINT('',(-0.0912507101893425,-0.0342449339873038,0.));
#13441=CARTESIAN_POINT('',(-0.0887507101893425,-0.0342449339873038,0.));
#13442=CARTESIAN_POINT('',(-0.0912507101893425,-0.0568823005807681,0.003));
#13443=CARTESIAN_POINT('',(-0.0912507101893425,-0.0568823005807681,0.));
#13444=CARTESIAN_POINT('',(-0.0912507101893425,-0.0568823005807681,0.003));
#13445=CARTESIAN_POINT('',(0.,0.,0.003));
#13446=CARTESIAN_POINT('',(0.,0.,0.));
#13447=CARTESIAN_POINT('',(0.,0.,0.));
#13448=CARTESIAN_POINT('',(-0.0419663965621115,-0.0337187199627524,0.003));
#13449=CARTESIAN_POINT('',(-0.0419663965621115,-0.0337187199627524,0.));
#13450=CARTESIAN_POINT('',(-0.0396092615252535,-0.0386880171382105,0.));
#13451=CARTESIAN_POINT('',(-0.036472693375727,-0.0339818269750281,0.));
#13452=CARTESIAN_POINT('',(-0.0396092615252535,-0.0386880171382105,0.003));
#13453=CARTESIAN_POINT('',(-0.0396092615252535,-0.0386880171382105,0.003));
#13454=CARTESIAN_POINT('',(-0.0419663965621115,-0.0337187199627524,0.003));
#13455=CARTESIAN_POINT('',(-0.036472693375727,-0.0339818269750281,0.003));
#13456=CARTESIAN_POINT('',(-0.036472693375727,-0.0339818269750281,0.003));
#13457=CARTESIAN_POINT('',(-0.0309789901893425,-0.0568823005807681,0.003));
#13458=CARTESIAN_POINT('',(-0.0309789901893425,-0.0568823005807681,0.));
#13459=CARTESIAN_POINT('',(-0.0223487188534316,-0.0386880171382105,0.));
#13460=CARTESIAN_POINT('',(-0.0223487188534316,-0.0386880171382105,0.003));
#13461=CARTESIAN_POINT('',(-0.0223487188534316,-0.0386880171382105,0.003));
#13462=CARTESIAN_POINT('',(-0.0309789901893425,-0.0568823005807681,0.003));
#13463=CARTESIAN_POINT('',(-0.0199915838165735,-0.0337187199627524,0.003));
#13464=CARTESIAN_POINT('',(-0.0199915838165735,-0.0337187199627524,0.));
#13465=CARTESIAN_POINT('',(-0.025485287002958,-0.0339818269750281,0.));
#13466=CARTESIAN_POINT('',(-0.025485287002958,-0.0339818269750281,0.003));
#13467=CARTESIAN_POINT('',(-0.025485287002958,-0.0339818269750281,0.003));
#13468=CARTESIAN_POINT('',(-0.0199915838165735,-0.0337187199627524,0.003));
#13469=CARTESIAN_POINT('',(-0.0309789901893427,-0.0342449339873038,0.003));
#13470=CARTESIAN_POINT('',(-0.0309789901893427,-0.0342449339873038,0.));
#13471=CARTESIAN_POINT('',(-0.0309789901893427,-0.0342449339873038,0.003));
#13472=CARTESIAN_POINT('',(-0.0309789901893425,-0.0342449339873038,0.003));
#13473=CARTESIAN_POINT('',(-0.0309789901893425,-0.0342449339873038,0.003));
#13474=CARTESIAN_POINT('',(-0.0284789901893425,-0.0342449339873038,0.003));
#13475=CARTESIAN_POINT('',(-0.0309789901893425,-0.0342449339873038,0.));
#13476=CARTESIAN_POINT('',(-0.0284789901893425,-0.0342449339873038,0.));
#13477=CARTESIAN_POINT('',(0.,0.,0.003));
#13478=CARTESIAN_POINT('',(0.,0.,0.));
#13479=CARTESIAN_POINT('',(0.,0.,0.));
#13480=CARTESIAN_POINT('',(0.0183053234378884,-0.0337187199627524,0.003));
#13481=CARTESIAN_POINT('',(0.0183053234378884,-0.0337187199627524,0.));
#13482=CARTESIAN_POINT('',(0.0206624584747465,-0.0386880171382105,0.));
#13483=CARTESIAN_POINT('',(0.023799026624273,-0.0339818269750281,0.));
#13484=CARTESIAN_POINT('',(0.0206624584747465,-0.0386880171382105,0.003));
#13485=CARTESIAN_POINT('',(0.0206624584747465,-0.0386880171382105,0.003));
#13486=CARTESIAN_POINT('',(0.0183053234378884,-0.0337187199627524,0.003));
#13487=CARTESIAN_POINT('',(0.023799026624273,-0.0339818269750281,0.003));
#13488=CARTESIAN_POINT('',(0.023799026624273,-0.0339818269750281,0.003));
#13489=CARTESIAN_POINT('',(0.0292927298106575,-0.0568823005807681,0.003));
#13490=CARTESIAN_POINT('',(0.0292927298106575,-0.0568823005807681,0.));
#13491=CARTESIAN_POINT('',(0.0379230011465684,-0.0386880171382105,0.));
#13492=CARTESIAN_POINT('',(0.0379230011465684,-0.0386880171382105,0.003));
#13493=CARTESIAN_POINT('',(0.0379230011465684,-0.0386880171382105,0.003));
#13494=CARTESIAN_POINT('',(0.0292927298106575,-0.0568823005807681,0.003));
#13495=CARTESIAN_POINT('',(0.0402801361834266,-0.0337187199627524,0.003));
#13496=CARTESIAN_POINT('',(0.0402801361834266,-0.0337187199627524,0.));
#13497=CARTESIAN_POINT('',(0.034786432997042,-0.0339818269750281,0.));
#13498=CARTESIAN_POINT('',(0.034786432997042,-0.0339818269750281,0.003));
#13499=CARTESIAN_POINT('',(0.034786432997042,-0.0339818269750281,0.003));
#13500=CARTESIAN_POINT('',(0.0402801361834266,-0.0337187199627524,0.003));
#13501=CARTESIAN_POINT('',(0.0292927298106575,-0.0342449339873038,0.003));
#13502=CARTESIAN_POINT('',(0.0292927298106575,-0.0342449339873038,0.));
#13503=CARTESIAN_POINT('',(0.0292927298106575,-0.0342449339873038,0.003));
#13504=CARTESIAN_POINT('',(0.0292927298106575,-0.0342449339873038,0.003));
#13505=CARTESIAN_POINT('',(0.0292927298106575,-0.0342449339873038,0.003));
#13506=CARTESIAN_POINT('',(0.0317927298106575,-0.0342449339873038,0.003));
#13507=CARTESIAN_POINT('',(0.0292927298106575,-0.0342449339873038,0.));
#13508=CARTESIAN_POINT('',(0.0317927298106575,-0.0342449339873038,0.));
#13509=CARTESIAN_POINT('',(0.,0.,0.003));
#13510=CARTESIAN_POINT('',(0.,0.,0.));
#13511=CARTESIAN_POINT('',(0.,0.,0.));
#13512=CARTESIAN_POINT('',(0.0895644498106575,-0.0568823005807681,0.004));
#13513=CARTESIAN_POINT('',(0.0895644498106575,-0.0568823005807681,0.004));
#13514=CARTESIAN_POINT('',(0.108559788305038,-0.0568823005807681,0.004));
#13515=CARTESIAN_POINT('',(0.0895644498106575,-0.0568823005807681,0.003));
#13516=CARTESIAN_POINT('',(0.108559788305038,-0.0568823005807681,0.003));
#13517=CARTESIAN_POINT('',(0.0895644498106575,-0.0568823005807681,0.004));
#13518=CARTESIAN_POINT('',(0.0895644498106575,-0.0568823005807681,0.004));
#13519=CARTESIAN_POINT('',(0.109701816404122,-0.0568823005807681,0.004));
#13520=CARTESIAN_POINT('',(0.0895644498106575,-0.0568823005807681,0.003));
#13521=CARTESIAN_POINT('',(0.109701816404122,-0.0568823005807681,0.003));
#13522=CARTESIAN_POINT('',(0.0895644498106575,-0.0528823005807681,0.004));
#13523=CARTESIAN_POINT('',(0.0895644498106575,-0.0528823005807681,0.003));
#13524=CARTESIAN_POINT('',(0.,0.,0.));
#13525=CARTESIAN_POINT('',(-0.0912507101893425,0.0561729194192319,0.004));
#13526=CARTESIAN_POINT('',(-0.0912507101893425,0.0561729194192319,0.004));
#13527=CARTESIAN_POINT('',(-0.0721133435958782,0.0561729194192319,0.004));
#13528=CARTESIAN_POINT('',(-0.0912507101893425,0.0561729194192319,0.003));
#13529=CARTESIAN_POINT('',(-0.0721133435958782,0.0561729194192319,0.003));
#13530=CARTESIAN_POINT('',(-0.0912507101893425,0.0561729194192319,0.004));
#13531=CARTESIAN_POINT('',(-0.0912507101893425,0.0561729194192319,0.004));
#13532=CARTESIAN_POINT('',(-0.0711133435958782,0.0561729194192319,0.004));
#13533=CARTESIAN_POINT('',(-0.0912507101893425,0.0561729194192319,0.003));
#13534=CARTESIAN_POINT('',(-0.0711133435958782,0.0561729194192319,0.003));
#13535=CARTESIAN_POINT('',(-0.0126939550335437,-0.00618580145407387,0.004));
#13536=CARTESIAN_POINT('',(-0.0126939550335437,-0.00618580145407387,0.003));
#13537=CARTESIAN_POINT('',(0.,0.,0.));
#13538=CARTESIAN_POINT('',(-0.0309789901893425,0.000324739419231957,0.004));
#13539=CARTESIAN_POINT('',(-0.0309789901893425,0.000324739419231957,0.004));
#13540=CARTESIAN_POINT('',(-0.0121724039904525,0.000324739419231957,0.004));
#13541=CARTESIAN_POINT('',(-0.0309789901893425,0.000324739419231957,0.003));
#13542=CARTESIAN_POINT('',(-0.0121724039904525,0.000324739419231957,0.003));
#13543=CARTESIAN_POINT('',(-0.0309789901893425,0.000324739419231957,0.004));
#13544=CARTESIAN_POINT('',(-0.0309789901893425,0.000324739419231957,0.004));
#13545=CARTESIAN_POINT('',(-0.0108416235958782,0.000324739419231957,0.004));
#13546=CARTESIAN_POINT('',(-0.0309789901893425,0.000324739419231957,0.003));
#13547=CARTESIAN_POINT('',(-0.0108416235958782,0.000324739419231957,0.003));
#13548=CARTESIAN_POINT('',(-0.0309789901893425,0.00432473941923193,0.004));
#13549=CARTESIAN_POINT('',(-0.0309789901893425,0.00432473941923193,0.003));
#13550=CARTESIAN_POINT('',(0.,0.,0.));
#13551=CARTESIAN_POINT('',(0.0785770434378885,0.0793365000372476,0.003));
#13552=CARTESIAN_POINT('',(0.0785770434378885,0.0793365000372476,0.));
#13553=CARTESIAN_POINT('',(0.0809341784747465,0.0743672028617895,0.));
#13554=CARTESIAN_POINT('',(0.084070746624273,0.0790733930249719,0.));
#13555=CARTESIAN_POINT('',(0.0809341784747465,0.0743672028617895,0.003));
#13556=CARTESIAN_POINT('',(0.0809341784747465,0.0743672028617895,0.003));
#13557=CARTESIAN_POINT('',(0.0785770434378885,0.0793365000372476,0.003));
#13558=CARTESIAN_POINT('',(0.084070746624273,0.0790733930249719,0.003));
#13559=CARTESIAN_POINT('',(0.084070746624273,0.0790733930249719,0.003));
#13560=CARTESIAN_POINT('',(0.0895644498106575,0.0561729194192319,0.003));
#13561=CARTESIAN_POINT('',(0.0895644498106575,0.0561729194192319,0.));
#13562=CARTESIAN_POINT('',(0.0981947211465684,0.0743672028617895,0.));
#13563=CARTESIAN_POINT('',(0.0981947211465684,0.0743672028617895,0.003));
#13564=CARTESIAN_POINT('',(0.0981947211465684,0.0743672028617895,0.003));
#13565=CARTESIAN_POINT('',(0.0895644498106575,0.0561729194192319,0.003));
#13566=CARTESIAN_POINT('',(0.100551856183426,0.0793365000372476,0.003));
#13567=CARTESIAN_POINT('',(0.100551856183426,0.0793365000372476,0.));
#13568=CARTESIAN_POINT('',(0.095058152997042,0.0790733930249719,0.));
#13569=CARTESIAN_POINT('',(0.095058152997042,0.0790733930249719,0.003));
#13570=CARTESIAN_POINT('',(0.095058152997042,0.0790733930249719,0.003));
#13571=CARTESIAN_POINT('',(0.100551856183426,0.0793365000372476,0.003));
#13572=CARTESIAN_POINT('',(0.0895644498106573,0.0788102860126962,0.003));
#13573=CARTESIAN_POINT('',(0.0895644498106573,0.0788102860126962,0.));
#13574=CARTESIAN_POINT('',(0.0895644498106573,0.0788102860126962,0.003));
#13575=CARTESIAN_POINT('',(0.0895644498106575,0.0788102860126962,0.003));
#13576=CARTESIAN_POINT('',(0.0895644498106575,0.0788102860126962,0.003));
#13577=CARTESIAN_POINT('',(0.0920644498106575,0.0788102860126962,0.003));
#13578=CARTESIAN_POINT('',(0.0895644498106575,0.0788102860126962,0.));
#13579=CARTESIAN_POINT('',(0.0920644498106575,0.0788102860126962,0.));
#13580=CARTESIAN_POINT('',(0.,0.,0.003));
#13581=CARTESIAN_POINT('',(0.,0.,0.));
#13582=CARTESIAN_POINT('',(0.,0.,0.));
#13583=CARTESIAN_POINT('',(0.0785770434378885,0.0234883200372476,0.003));
#13584=CARTESIAN_POINT('',(0.0785770434378885,0.0234883200372476,0.));
#13585=CARTESIAN_POINT('',(0.0809341784747465,0.0185190228617895,0.));
#13586=CARTESIAN_POINT('',(0.084070746624273,0.023225213024972,0.));
#13587=CARTESIAN_POINT('',(0.0809341784747465,0.0185190228617895,0.003));
#13588=CARTESIAN_POINT('',(0.0809341784747465,0.0185190228617895,0.003));
#13589=CARTESIAN_POINT('',(0.0785770434378885,0.0234883200372476,0.003));
#13590=CARTESIAN_POINT('',(0.084070746624273,0.023225213024972,0.003));
#13591=CARTESIAN_POINT('',(0.084070746624273,0.023225213024972,0.003));
#13592=CARTESIAN_POINT('',(0.0895644498106575,0.000324739419231942,0.003));
#13593=CARTESIAN_POINT('',(0.0895644498106575,0.000324739419231942,0.));
#13594=CARTESIAN_POINT('',(0.0981947211465684,0.0185190228617896,0.));
#13595=CARTESIAN_POINT('',(0.0981947211465684,0.0185190228617896,0.003));
#13596=CARTESIAN_POINT('',(0.0981947211465684,0.0185190228617896,0.003));
#13597=CARTESIAN_POINT('',(0.0895644498106575,0.000324739419231942,0.003));
#13598=CARTESIAN_POINT('',(0.100551856183426,0.0234883200372476,0.003));
#13599=CARTESIAN_POINT('',(0.100551856183426,0.0234883200372476,0.));
#13600=CARTESIAN_POINT('',(0.095058152997042,0.023225213024972,0.));
#13601=CARTESIAN_POINT('',(0.095058152997042,0.023225213024972,0.003));
#13602=CARTESIAN_POINT('',(0.095058152997042,0.023225213024972,0.003));
#13603=CARTESIAN_POINT('',(0.100551856183426,0.0234883200372476,0.003));
#13604=CARTESIAN_POINT('',(0.0895644498106574,0.0229621060126962,0.003));
#13605=CARTESIAN_POINT('',(0.0895644498106574,0.0229621060126962,0.));
#13606=CARTESIAN_POINT('',(0.0895644498106574,0.0229621060126962,0.003));
#13607=CARTESIAN_POINT('',(0.0895644498106575,0.0229621060126962,0.003));
#13608=CARTESIAN_POINT('',(0.0895644498106575,0.0229621060126962,0.003));
#13609=CARTESIAN_POINT('',(0.0920644498106575,0.0229621060126962,0.003));
#13610=CARTESIAN_POINT('',(0.0895644498106575,0.0229621060126962,0.));
#13611=CARTESIAN_POINT('',(0.0920644498106575,0.0229621060126962,0.));
#13612=CARTESIAN_POINT('',(0.,0.,0.003));
#13613=CARTESIAN_POINT('',(0.,0.,0.));
#13614=CARTESIAN_POINT('',(0.,0.,0.));
#13615=CARTESIAN_POINT('',(0.0785770434378885,-0.0337187199627524,0.003));
#13616=CARTESIAN_POINT('',(0.0785770434378885,-0.0337187199627524,0.));
#13617=CARTESIAN_POINT('',(0.0809341784747465,-0.0386880171382105,0.));
#13618=CARTESIAN_POINT('',(0.084070746624273,-0.0339818269750281,0.));
#13619=CARTESIAN_POINT('',(0.0809341784747465,-0.0386880171382105,0.003));
#13620=CARTESIAN_POINT('',(0.0809341784747465,-0.0386880171382105,0.003));
#13621=CARTESIAN_POINT('',(0.0785770434378885,-0.0337187199627524,0.003));
#13622=CARTESIAN_POINT('',(0.084070746624273,-0.0339818269750281,0.003));
#13623=CARTESIAN_POINT('',(0.084070746624273,-0.0339818269750281,0.003));
#13624=CARTESIAN_POINT('',(0.0895644498106575,-0.0568823005807681,0.003));
#13625=CARTESIAN_POINT('',(0.0895644498106575,-0.0568823005807681,0.));
#13626=CARTESIAN_POINT('',(0.0981947211465684,-0.0386880171382105,0.));
#13627=CARTESIAN_POINT('',(0.0981947211465684,-0.0386880171382105,0.003));
#13628=CARTESIAN_POINT('',(0.0981947211465684,-0.0386880171382105,0.003));
#13629=CARTESIAN_POINT('',(0.0895644498106575,-0.0568823005807681,0.003));
#13630=CARTESIAN_POINT('',(0.100551856183426,-0.0337187199627524,0.003));
#13631=CARTESIAN_POINT('',(0.100551856183426,-0.0337187199627524,0.));
#13632=CARTESIAN_POINT('',(0.095058152997042,-0.0339818269750281,0.));
#13633=CARTESIAN_POINT('',(0.095058152997042,-0.0339818269750281,0.003));
#13634=CARTESIAN_POINT('',(0.095058152997042,-0.0339818269750281,0.003));
#13635=CARTESIAN_POINT('',(0.100551856183426,-0.0337187199627524,0.003));
#13636=CARTESIAN_POINT('',(0.0895644498106574,-0.0342449339873038,0.003));
#13637=CARTESIAN_POINT('',(0.0895644498106574,-0.0342449339873038,0.));
#13638=CARTESIAN_POINT('',(0.0895644498106574,-0.0342449339873038,0.003));
#13639=CARTESIAN_POINT('',(0.0895644498106575,-0.0342449339873038,0.003));
#13640=CARTESIAN_POINT('',(0.0895644498106575,-0.0342449339873038,0.003));
#13641=CARTESIAN_POINT('',(0.0920644498106575,-0.0342449339873038,0.003));
#13642=CARTESIAN_POINT('',(0.0895644498106575,-0.0342449339873038,0.));
#13643=CARTESIAN_POINT('',(0.0920644498106575,-0.0342449339873038,0.));
#13644=CARTESIAN_POINT('',(0.,0.,0.003));
#13645=CARTESIAN_POINT('',(0.,0.,0.));
#13646=MECHANICAL_DESIGN_GEOMETRIC_PRESENTATION_REPRESENTATION('',(#6392),
#13677);
#13647=MECHANICAL_DESIGN_GEOMETRIC_PRESENTATION_REPRESENTATION('',(#6393),
#13678);
#13648=MECHANICAL_DESIGN_GEOMETRIC_PRESENTATION_REPRESENTATION('',(#6394),
#13679);
#13649=MECHANICAL_DESIGN_GEOMETRIC_PRESENTATION_REPRESENTATION('',(#6395),
#13680);
#13650=MECHANICAL_DESIGN_GEOMETRIC_PRESENTATION_REPRESENTATION('',(#6396),
#13681);
#13651=MECHANICAL_DESIGN_GEOMETRIC_PRESENTATION_REPRESENTATION('',(#6397),
#13682);
#13652=MECHANICAL_DESIGN_GEOMETRIC_PRESENTATION_REPRESENTATION('',(#6398),
#13683);
#13653=MECHANICAL_DESIGN_GEOMETRIC_PRESENTATION_REPRESENTATION('',(#6399),
#13684);
#13654=MECHANICAL_DESIGN_GEOMETRIC_PRESENTATION_REPRESENTATION('',(#6400),
#13685);
#13655=MECHANICAL_DESIGN_GEOMETRIC_PRESENTATION_REPRESENTATION('',(#6401),
#13686);
#13656=MECHANICAL_DESIGN_GEOMETRIC_PRESENTATION_REPRESENTATION('',(#6402),
#13687);
#13657=MECHANICAL_DESIGN_GEOMETRIC_PRESENTATION_REPRESENTATION('',(#6403),
#13688);
#13658=MECHANICAL_DESIGN_GEOMETRIC_PRESENTATION_REPRESENTATION('',(#6404),
#13689);
#13659=MECHANICAL_DESIGN_GEOMETRIC_PRESENTATION_REPRESENTATION('',(#6405),
#13690);
#13660=MECHANICAL_DESIGN_GEOMETRIC_PRESENTATION_REPRESENTATION('',(#6406),
#13691);
#13661=MECHANICAL_DESIGN_GEOMETRIC_PRESENTATION_REPRESENTATION('',(#6407),
#13692);
#13662=MECHANICAL_DESIGN_GEOMETRIC_PRESENTATION_REPRESENTATION('',(#6408),
#13693);
#13663=MECHANICAL_DESIGN_GEOMETRIC_PRESENTATION_REPRESENTATION('',(#6409),
#13694);
#13664=MECHANICAL_DESIGN_GEOMETRIC_PRESENTATION_REPRESENTATION('',(#6410),
#13695);
#13665=MECHANICAL_DESIGN_GEOMETRIC_PRESENTATION_REPRESENTATION('',(#6411),
#13696);
#13666=MECHANICAL_DESIGN_GEOMETRIC_PRESENTATION_REPRESENTATION('',(#6412),
#13697);
#13667=MECHANICAL_DESIGN_GEOMETRIC_PRESENTATION_REPRESENTATION('',(#6413),
#13698);
#13668=MECHANICAL_DESIGN_GEOMETRIC_PRESENTATION_REPRESENTATION('',(#6414),
#13699);
#13669=MECHANICAL_DESIGN_GEOMETRIC_PRESENTATION_REPRESENTATION('',(#6415),
#13700);
#13670=MECHANICAL_DESIGN_GEOMETRIC_PRESENTATION_REPRESENTATION('',(#6416),
#13701);
#13671=MECHANICAL_DESIGN_GEOMETRIC_PRESENTATION_REPRESENTATION('',(#6417),
#13702);
#13672=MECHANICAL_DESIGN_GEOMETRIC_PRESENTATION_REPRESENTATION('',(#6418),
#13703);
#13673=MECHANICAL_DESIGN_GEOMETRIC_PRESENTATION_REPRESENTATION('',(#6419),
#13704);
#13674=MECHANICAL_DESIGN_GEOMETRIC_PRESENTATION_REPRESENTATION('',(#6420),
#13705);
#13675=MECHANICAL_DESIGN_GEOMETRIC_PRESENTATION_REPRESENTATION('',(#6421),
#13706);
#13676=MECHANICAL_DESIGN_GEOMETRIC_PRESENTATION_REPRESENTATION('',(#6422),
#13707);
#13677=(
GEOMETRIC_REPRESENTATION_CONTEXT(3)
GLOBAL_UNCERTAINTY_ASSIGNED_CONTEXT((#13708))
GLOBAL_UNIT_ASSIGNED_CONTEXT((#13801,#13770,#13739))
REPRESENTATION_CONTEXT('Part 29','TOP_LEVEL_ASSEMBLY_PART')
);
#13678=(
GEOMETRIC_REPRESENTATION_CONTEXT(3)
GLOBAL_UNCERTAINTY_ASSIGNED_CONTEXT((#13709))
GLOBAL_UNIT_ASSIGNED_CONTEXT((#13802,#13771,#13740))
REPRESENTATION_CONTEXT('Part 30','TOP_LEVEL_ASSEMBLY_PART')
);
#13679=(
GEOMETRIC_REPRESENTATION_CONTEXT(3)
GLOBAL_UNCERTAINTY_ASSIGNED_CONTEXT((#13710))
GLOBAL_UNIT_ASSIGNED_CONTEXT((#13803,#13772,#13741))
REPRESENTATION_CONTEXT('Part 15','TOP_LEVEL_ASSEMBLY_PART')
);
#13680=(
GEOMETRIC_REPRESENTATION_CONTEXT(3)
GLOBAL_UNCERTAINTY_ASSIGNED_CONTEXT((#13711))
GLOBAL_UNIT_ASSIGNED_CONTEXT((#13804,#13773,#13742))
REPRESENTATION_CONTEXT('Part 26','TOP_LEVEL_ASSEMBLY_PART')
);
#13681=(
GEOMETRIC_REPRESENTATION_CONTEXT(3)
GLOBAL_UNCERTAINTY_ASSIGNED_CONTEXT((#13712))
GLOBAL_UNIT_ASSIGNED_CONTEXT((#13805,#13774,#13743))
REPRESENTATION_CONTEXT('Part 20','TOP_LEVEL_ASSEMBLY_PART')
);
#13682=(
GEOMETRIC_REPRESENTATION_CONTEXT(3)
GLOBAL_UNCERTAINTY_ASSIGNED_CONTEXT((#13713))
GLOBAL_UNIT_ASSIGNED_CONTEXT((#13806,#13775,#13744))
REPRESENTATION_CONTEXT('Part 25','TOP_LEVEL_ASSEMBLY_PART')
);
#13683=(
GEOMETRIC_REPRESENTATION_CONTEXT(3)
GLOBAL_UNCERTAINTY_ASSIGNED_CONTEXT((#13714))
GLOBAL_UNIT_ASSIGNED_CONTEXT((#13807,#13776,#13745))
REPRESENTATION_CONTEXT('Part 14','TOP_LEVEL_ASSEMBLY_PART')
);
#13684=(
GEOMETRIC_REPRESENTATION_CONTEXT(3)
GLOBAL_UNCERTAINTY_ASSIGNED_CONTEXT((#13715))
GLOBAL_UNIT_ASSIGNED_CONTEXT((#13808,#13777,#13746))
REPRESENTATION_CONTEXT('Part 31','TOP_LEVEL_ASSEMBLY_PART')
);
#13685=(
GEOMETRIC_REPRESENTATION_CONTEXT(3)
GLOBAL_UNCERTAINTY_ASSIGNED_CONTEXT((#13716))
GLOBAL_UNIT_ASSIGNED_CONTEXT((#13809,#13778,#13747))
REPRESENTATION_CONTEXT('Part 27','TOP_LEVEL_ASSEMBLY_PART')
);
#13686=(
GEOMETRIC_REPRESENTATION_CONTEXT(3)
GLOBAL_UNCERTAINTY_ASSIGNED_CONTEXT((#13717))
GLOBAL_UNIT_ASSIGNED_CONTEXT((#13810,#13779,#13748))
REPRESENTATION_CONTEXT('Part 21','TOP_LEVEL_ASSEMBLY_PART')
);
#13687=(
GEOMETRIC_REPRESENTATION_CONTEXT(3)
GLOBAL_UNCERTAINTY_ASSIGNED_CONTEXT((#13718))
GLOBAL_UNIT_ASSIGNED_CONTEXT((#13811,#13780,#13749))
REPRESENTATION_CONTEXT('Part 16','TOP_LEVEL_ASSEMBLY_PART')
);
#13688=(
GEOMETRIC_REPRESENTATION_CONTEXT(3)
GLOBAL_UNCERTAINTY_ASSIGNED_CONTEXT((#13719))
GLOBAL_UNIT_ASSIGNED_CONTEXT((#13812,#13781,#13750))
REPRESENTATION_CONTEXT('Part 18','TOP_LEVEL_ASSEMBLY_PART')
);
#13689=(
GEOMETRIC_REPRESENTATION_CONTEXT(3)
GLOBAL_UNCERTAINTY_ASSIGNED_CONTEXT((#13720))
GLOBAL_UNIT_ASSIGNED_CONTEXT((#13813,#13782,#13751))
REPRESENTATION_CONTEXT('Part 19','TOP_LEVEL_ASSEMBLY_PART')
);
#13690=(
GEOMETRIC_REPRESENTATION_CONTEXT(3)
GLOBAL_UNCERTAINTY_ASSIGNED_CONTEXT((#13721))
GLOBAL_UNIT_ASSIGNED_CONTEXT((#13814,#13783,#13752))
REPRESENTATION_CONTEXT('Part 23','TOP_LEVEL_ASSEMBLY_PART')
);
#13691=(
GEOMETRIC_REPRESENTATION_CONTEXT(3)
GLOBAL_UNCERTAINTY_ASSIGNED_CONTEXT((#13722))
GLOBAL_UNIT_ASSIGNED_CONTEXT((#13815,#13784,#13753))
REPRESENTATION_CONTEXT('Part 22','TOP_LEVEL_ASSEMBLY_PART')
);
#13692=(
GEOMETRIC_REPRESENTATION_CONTEXT(3)
GLOBAL_UNCERTAINTY_ASSIGNED_CONTEXT((#13723))
GLOBAL_UNIT_ASSIGNED_CONTEXT((#13816,#13785,#13754))
REPRESENTATION_CONTEXT('Part 28','TOP_LEVEL_ASSEMBLY_PART')
);
#13693=(
GEOMETRIC_REPRESENTATION_CONTEXT(3)
GLOBAL_UNCERTAINTY_ASSIGNED_CONTEXT((#13724))
GLOBAL_UNIT_ASSIGNED_CONTEXT((#13817,#13786,#13755))
REPRESENTATION_CONTEXT('Part 6','TOP_LEVEL_ASSEMBLY_PART')
);
#13694=(
GEOMETRIC_REPRESENTATION_CONTEXT(3)
GLOBAL_UNCERTAINTY_ASSIGNED_CONTEXT((#13725))
GLOBAL_UNIT_ASSIGNED_CONTEXT((#13818,#13787,#13756))
REPRESENTATION_CONTEXT('Part 1','TOP_LEVEL_ASSEMBLY_PART')
);
#13695=(
GEOMETRIC_REPRESENTATION_CONTEXT(3)
GLOBAL_UNCERTAINTY_ASSIGNED_CONTEXT((#13726))
GLOBAL_UNIT_ASSIGNED_CONTEXT((#13819,#13788,#13757))
REPRESENTATION_CONTEXT('Part 2','TOP_LEVEL_ASSEMBLY_PART')
);
#13696=(
GEOMETRIC_REPRESENTATION_CONTEXT(3)
GLOBAL_UNCERTAINTY_ASSIGNED_CONTEXT((#13727))
GLOBAL_UNIT_ASSIGNED_CONTEXT((#13820,#13789,#13758))
REPRESENTATION_CONTEXT('Part 3','TOP_LEVEL_ASSEMBLY_PART')
);
#13697=(
GEOMETRIC_REPRESENTATION_CONTEXT(3)
GLOBAL_UNCERTAINTY_ASSIGNED_CONTEXT((#13728))
GLOBAL_UNIT_ASSIGNED_CONTEXT((#13821,#13790,#13759))
REPRESENTATION_CONTEXT('Part 5','TOP_LEVEL_ASSEMBLY_PART')
);
#13698=(
GEOMETRIC_REPRESENTATION_CONTEXT(3)
GLOBAL_UNCERTAINTY_ASSIGNED_CONTEXT((#13729))
GLOBAL_UNIT_ASSIGNED_CONTEXT((#13822,#13791,#13760))
REPRESENTATION_CONTEXT('Part 8','TOP_LEVEL_ASSEMBLY_PART')
);
#13699=(
GEOMETRIC_REPRESENTATION_CONTEXT(3)
GLOBAL_UNCERTAINTY_ASSIGNED_CONTEXT((#13730))
GLOBAL_UNIT_ASSIGNED_CONTEXT((#13823,#13792,#13761))
REPRESENTATION_CONTEXT('Part 9','TOP_LEVEL_ASSEMBLY_PART')
);
#13700=(
GEOMETRIC_REPRESENTATION_CONTEXT(3)
GLOBAL_UNCERTAINTY_ASSIGNED_CONTEXT((#13731))
GLOBAL_UNIT_ASSIGNED_CONTEXT((#13824,#13793,#13762))
REPRESENTATION_CONTEXT('Part 10','TOP_LEVEL_ASSEMBLY_PART')
);
#13701=(
GEOMETRIC_REPRESENTATION_CONTEXT(3)
GLOBAL_UNCERTAINTY_ASSIGNED_CONTEXT((#13732))
GLOBAL_UNIT_ASSIGNED_CONTEXT((#13825,#13794,#13763))
REPRESENTATION_CONTEXT('Part 11','TOP_LEVEL_ASSEMBLY_PART')
);
#13702=(
GEOMETRIC_REPRESENTATION_CONTEXT(3)
GLOBAL_UNCERTAINTY_ASSIGNED_CONTEXT((#13733))
GLOBAL_UNIT_ASSIGNED_CONTEXT((#13826,#13795,#13764))
REPRESENTATION_CONTEXT('Part 17','TOP_LEVEL_ASSEMBLY_PART')
);
#13703=(
GEOMETRIC_REPRESENTATION_CONTEXT(3)
GLOBAL_UNCERTAINTY_ASSIGNED_CONTEXT((#13734))
GLOBAL_UNIT_ASSIGNED_CONTEXT((#13827,#13796,#13765))
REPRESENTATION_CONTEXT('Part 13','TOP_LEVEL_ASSEMBLY_PART')
);
#13704=(
GEOMETRIC_REPRESENTATION_CONTEXT(3)
GLOBAL_UNCERTAINTY_ASSIGNED_CONTEXT((#13735))
GLOBAL_UNIT_ASSIGNED_CONTEXT((#13828,#13797,#13766))
REPRESENTATION_CONTEXT('Part 24','TOP_LEVEL_ASSEMBLY_PART')
);
#13705=(
GEOMETRIC_REPRESENTATION_CONTEXT(3)
GLOBAL_UNCERTAINTY_ASSIGNED_CONTEXT((#13736))
GLOBAL_UNIT_ASSIGNED_CONTEXT((#13829,#13798,#13767))
REPRESENTATION_CONTEXT('Part 4','TOP_LEVEL_ASSEMBLY_PART')
);
#13706=(
GEOMETRIC_REPRESENTATION_CONTEXT(3)
GLOBAL_UNCERTAINTY_ASSIGNED_CONTEXT((#13737))
GLOBAL_UNIT_ASSIGNED_CONTEXT((#13830,#13799,#13768))
REPRESENTATION_CONTEXT('Part 7','TOP_LEVEL_ASSEMBLY_PART')
);
#13707=(
GEOMETRIC_REPRESENTATION_CONTEXT(3)
GLOBAL_UNCERTAINTY_ASSIGNED_CONTEXT((#13738))
GLOBAL_UNIT_ASSIGNED_CONTEXT((#13831,#13800,#13769))
REPRESENTATION_CONTEXT('Part 12','TOP_LEVEL_ASSEMBLY_PART')
);
#13708=UNCERTAINTY_MEASURE_WITH_UNIT(LENGTH_MEASURE(1.E-8),#13801,
'DISTANCE_ACCURACY_VALUE','Maximum Tolerance applied to model');
#13709=UNCERTAINTY_MEASURE_WITH_UNIT(LENGTH_MEASURE(1.E-8),#13802,
'DISTANCE_ACCURACY_VALUE','Maximum Tolerance applied to model');
#13710=UNCERTAINTY_MEASURE_WITH_UNIT(LENGTH_MEASURE(1.E-8),#13803,
'DISTANCE_ACCURACY_VALUE','Maximum Tolerance applied to model');
#13711=UNCERTAINTY_MEASURE_WITH_UNIT(LENGTH_MEASURE(1.E-8),#13804,
'DISTANCE_ACCURACY_VALUE','Maximum Tolerance applied to model');
#13712=UNCERTAINTY_MEASURE_WITH_UNIT(LENGTH_MEASURE(2.E-5),#13805,
'DISTANCE_ACCURACY_VALUE','Maximum Tolerance applied to model');
#13713=UNCERTAINTY_MEASURE_WITH_UNIT(LENGTH_MEASURE(2.E-5),#13806,
'DISTANCE_ACCURACY_VALUE','Maximum Tolerance applied to model');
#13714=UNCERTAINTY_MEASURE_WITH_UNIT(LENGTH_MEASURE(2.E-5),#13807,
'DISTANCE_ACCURACY_VALUE','Maximum Tolerance applied to model');
#13715=UNCERTAINTY_MEASURE_WITH_UNIT(LENGTH_MEASURE(2.E-5),#13808,
'DISTANCE_ACCURACY_VALUE','Maximum Tolerance applied to model');
#13716=UNCERTAINTY_MEASURE_WITH_UNIT(LENGTH_MEASURE(2.E-5),#13809,
'DISTANCE_ACCURACY_VALUE','Maximum Tolerance applied to model');
#13717=UNCERTAINTY_MEASURE_WITH_UNIT(LENGTH_MEASURE(2.E-5),#13810,
'DISTANCE_ACCURACY_VALUE','Maximum Tolerance applied to model');
#13718=UNCERTAINTY_MEASURE_WITH_UNIT(LENGTH_MEASURE(1.E-8),#13811,
'DISTANCE_ACCURACY_VALUE','Maximum Tolerance applied to model');
#13719=UNCERTAINTY_MEASURE_WITH_UNIT(LENGTH_MEASURE(1.E-8),#13812,
'DISTANCE_ACCURACY_VALUE','Maximum Tolerance applied to model');
#13720=UNCERTAINTY_MEASURE_WITH_UNIT(LENGTH_MEASURE(1.E-8),#13813,
'DISTANCE_ACCURACY_VALUE','Maximum Tolerance applied to model');
#13721=UNCERTAINTY_MEASURE_WITH_UNIT(LENGTH_MEASURE(2.E-5),#13814,
'DISTANCE_ACCURACY_VALUE','Maximum Tolerance applied to model');
#13722=UNCERTAINTY_MEASURE_WITH_UNIT(LENGTH_MEASURE(2.E-5),#13815,
'DISTANCE_ACCURACY_VALUE','Maximum Tolerance applied to model');
#13723=UNCERTAINTY_MEASURE_WITH_UNIT(LENGTH_MEASURE(2.E-5),#13816,
'DISTANCE_ACCURACY_VALUE','Maximum Tolerance applied to model');
#13724=UNCERTAINTY_MEASURE_WITH_UNIT(LENGTH_MEASURE(1.E-8),#13817,
'DISTANCE_ACCURACY_VALUE','Maximum Tolerance applied to model');
#13725=UNCERTAINTY_MEASURE_WITH_UNIT(LENGTH_MEASURE(1.E-8),#13818,
'DISTANCE_ACCURACY_VALUE','Maximum Tolerance applied to model');
#13726=UNCERTAINTY_MEASURE_WITH_UNIT(LENGTH_MEASURE(1.E-8),#13819,
'DISTANCE_ACCURACY_VALUE','Maximum Tolerance applied to model');
#13727=UNCERTAINTY_MEASURE_WITH_UNIT(LENGTH_MEASURE(1.E-8),#13820,
'DISTANCE_ACCURACY_VALUE','Maximum Tolerance applied to model');
#13728=UNCERTAINTY_MEASURE_WITH_UNIT(LENGTH_MEASURE(1.E-8),#13821,
'DISTANCE_ACCURACY_VALUE','Maximum Tolerance applied to model');
#13729=UNCERTAINTY_MEASURE_WITH_UNIT(LENGTH_MEASURE(1.E-8),#13822,
'DISTANCE_ACCURACY_VALUE','Maximum Tolerance applied to model');
#13730=UNCERTAINTY_MEASURE_WITH_UNIT(LENGTH_MEASURE(1.E-8),#13823,
'DISTANCE_ACCURACY_VALUE','Maximum Tolerance applied to model');
#13731=UNCERTAINTY_MEASURE_WITH_UNIT(LENGTH_MEASURE(1.E-8),#13824,
'DISTANCE_ACCURACY_VALUE','Maximum Tolerance applied to model');
#13732=UNCERTAINTY_MEASURE_WITH_UNIT(LENGTH_MEASURE(1.E-8),#13825,
'DISTANCE_ACCURACY_VALUE','Maximum Tolerance applied to model');
#13733=UNCERTAINTY_MEASURE_WITH_UNIT(LENGTH_MEASURE(1.E-8),#13826,
'DISTANCE_ACCURACY_VALUE','Maximum Tolerance applied to model');
#13734=UNCERTAINTY_MEASURE_WITH_UNIT(LENGTH_MEASURE(1.E-8),#13827,
'DISTANCE_ACCURACY_VALUE','Maximum Tolerance applied to model');
#13735=UNCERTAINTY_MEASURE_WITH_UNIT(LENGTH_MEASURE(1.E-8),#13828,
'DISTANCE_ACCURACY_VALUE','Maximum Tolerance applied to model');
#13736=UNCERTAINTY_MEASURE_WITH_UNIT(LENGTH_MEASURE(1.E-8),#13829,
'DISTANCE_ACCURACY_VALUE','Maximum Tolerance applied to model');
#13737=UNCERTAINTY_MEASURE_WITH_UNIT(LENGTH_MEASURE(1.E-8),#13830,
'DISTANCE_ACCURACY_VALUE','Maximum Tolerance applied to model');
#13738=UNCERTAINTY_MEASURE_WITH_UNIT(LENGTH_MEASURE(1.E-8),#13831,
'DISTANCE_ACCURACY_VALUE','Maximum Tolerance applied to model');
#13739=(
NAMED_UNIT(*)
SI_UNIT($,.STERADIAN.)
SOLID_ANGLE_UNIT()
);
#13740=(
NAMED_UNIT(*)
SI_UNIT($,.STERADIAN.)
SOLID_ANGLE_UNIT()
);
#13741=(
NAMED_UNIT(*)
SI_UNIT($,.STERADIAN.)
SOLID_ANGLE_UNIT()
);
#13742=(
NAMED_UNIT(*)
SI_UNIT($,.STERADIAN.)
SOLID_ANGLE_UNIT()
);
#13743=(
NAMED_UNIT(*)
SI_UNIT($,.STERADIAN.)
SOLID_ANGLE_UNIT()
);
#13744=(
NAMED_UNIT(*)
SI_UNIT($,.STERADIAN.)
SOLID_ANGLE_UNIT()
);
#13745=(
NAMED_UNIT(*)
SI_UNIT($,.STERADIAN.)
SOLID_ANGLE_UNIT()
);
#13746=(
NAMED_UNIT(*)
SI_UNIT($,.STERADIAN.)
SOLID_ANGLE_UNIT()
);
#13747=(
NAMED_UNIT(*)
SI_UNIT($,.STERADIAN.)
SOLID_ANGLE_UNIT()
);
#13748=(
NAMED_UNIT(*)
SI_UNIT($,.STERADIAN.)
SOLID_ANGLE_UNIT()
);
#13749=(
NAMED_UNIT(*)
SI_UNIT($,.STERADIAN.)
SOLID_ANGLE_UNIT()
);
#13750=(
NAMED_UNIT(*)
SI_UNIT($,.STERADIAN.)
SOLID_ANGLE_UNIT()
);
#13751=(
NAMED_UNIT(*)
SI_UNIT($,.STERADIAN.)
SOLID_ANGLE_UNIT()
);
#13752=(
NAMED_UNIT(*)
SI_UNIT($,.STERADIAN.)
SOLID_ANGLE_UNIT()
);
#13753=(
NAMED_UNIT(*)
SI_UNIT($,.STERADIAN.)
SOLID_ANGLE_UNIT()
);
#13754=(
NAMED_UNIT(*)
SI_UNIT($,.STERADIAN.)
SOLID_ANGLE_UNIT()
);
#13755=(
NAMED_UNIT(*)
SI_UNIT($,.STERADIAN.)
SOLID_ANGLE_UNIT()
);
#13756=(
NAMED_UNIT(*)
SI_UNIT($,.STERADIAN.)
SOLID_ANGLE_UNIT()
);
#13757=(
NAMED_UNIT(*)
SI_UNIT($,.STERADIAN.)
SOLID_ANGLE_UNIT()
);
#13758=(
NAMED_UNIT(*)
SI_UNIT($,.STERADIAN.)
SOLID_ANGLE_UNIT()
);
#13759=(
NAMED_UNIT(*)
SI_UNIT($,.STERADIAN.)
SOLID_ANGLE_UNIT()
);
#13760=(
NAMED_UNIT(*)
SI_UNIT($,.STERADIAN.)
SOLID_ANGLE_UNIT()
);
#13761=(
NAMED_UNIT(*)
SI_UNIT($,.STERADIAN.)
SOLID_ANGLE_UNIT()
);
#13762=(
NAMED_UNIT(*)
SI_UNIT($,.STERADIAN.)
SOLID_ANGLE_UNIT()
);
#13763=(
NAMED_UNIT(*)
SI_UNIT($,.STERADIAN.)
SOLID_ANGLE_UNIT()
);
#13764=(
NAMED_UNIT(*)
SI_UNIT($,.STERADIAN.)
SOLID_ANGLE_UNIT()
);
#13765=(
NAMED_UNIT(*)
SI_UNIT($,.STERADIAN.)
SOLID_ANGLE_UNIT()
);
#13766=(
NAMED_UNIT(*)
SI_UNIT($,.STERADIAN.)
SOLID_ANGLE_UNIT()
);
#13767=(
NAMED_UNIT(*)
SI_UNIT($,.STERADIAN.)
SOLID_ANGLE_UNIT()
);
#13768=(
NAMED_UNIT(*)
SI_UNIT($,.STERADIAN.)
SOLID_ANGLE_UNIT()
);
#13769=(
NAMED_UNIT(*)
SI_UNIT($,.STERADIAN.)
SOLID_ANGLE_UNIT()
);
#13770=(
NAMED_UNIT(*)
PLANE_ANGLE_UNIT()
SI_UNIT($,.RADIAN.)
);
#13771=(
NAMED_UNIT(*)
PLANE_ANGLE_UNIT()
SI_UNIT($,.RADIAN.)
);
#13772=(
NAMED_UNIT(*)
PLANE_ANGLE_UNIT()
SI_UNIT($,.RADIAN.)
);
#13773=(
NAMED_UNIT(*)
PLANE_ANGLE_UNIT()
SI_UNIT($,.RADIAN.)
);
#13774=(
NAMED_UNIT(*)
PLANE_ANGLE_UNIT()
SI_UNIT($,.RADIAN.)
);
#13775=(
NAMED_UNIT(*)
PLANE_ANGLE_UNIT()
SI_UNIT($,.RADIAN.)
);
#13776=(
NAMED_UNIT(*)
PLANE_ANGLE_UNIT()
SI_UNIT($,.RADIAN.)
);
#13777=(
NAMED_UNIT(*)
PLANE_ANGLE_UNIT()
SI_UNIT($,.RADIAN.)
);
#13778=(
NAMED_UNIT(*)
PLANE_ANGLE_UNIT()
SI_UNIT($,.RADIAN.)
);
#13779=(
NAMED_UNIT(*)
PLANE_ANGLE_UNIT()
SI_UNIT($,.RADIAN.)
);
#13780=(
NAMED_UNIT(*)
PLANE_ANGLE_UNIT()
SI_UNIT($,.RADIAN.)
);
#13781=(
NAMED_UNIT(*)
PLANE_ANGLE_UNIT()
SI_UNIT($,.RADIAN.)
);
#13782=(
NAMED_UNIT(*)
PLANE_ANGLE_UNIT()
SI_UNIT($,.RADIAN.)
);
#13783=(
NAMED_UNIT(*)
PLANE_ANGLE_UNIT()
SI_UNIT($,.RADIAN.)
);
#13784=(
NAMED_UNIT(*)
PLANE_ANGLE_UNIT()
SI_UNIT($,.RADIAN.)
);
#13785=(
NAMED_UNIT(*)
PLANE_ANGLE_UNIT()
SI_UNIT($,.RADIAN.)
);
#13786=(
NAMED_UNIT(*)
PLANE_ANGLE_UNIT()
SI_UNIT($,.RADIAN.)
);
#13787=(
NAMED_UNIT(*)
PLANE_ANGLE_UNIT()
SI_UNIT($,.RADIAN.)
);
#13788=(
NAMED_UNIT(*)
PLANE_ANGLE_UNIT()
SI_UNIT($,.RADIAN.)
);
#13789=(
NAMED_UNIT(*)
PLANE_ANGLE_UNIT()
SI_UNIT($,.RADIAN.)
);
#13790=(
NAMED_UNIT(*)
PLANE_ANGLE_UNIT()
SI_UNIT($,.RADIAN.)
);
#13791=(
NAMED_UNIT(*)
PLANE_ANGLE_UNIT()
SI_UNIT($,.RADIAN.)
);
#13792=(
NAMED_UNIT(*)
PLANE_ANGLE_UNIT()
SI_UNIT($,.RADIAN.)
);
#13793=(
NAMED_UNIT(*)
PLANE_ANGLE_UNIT()
SI_UNIT($,.RADIAN.)
);
#13794=(
NAMED_UNIT(*)
PLANE_ANGLE_UNIT()
SI_UNIT($,.RADIAN.)
);
#13795=(
NAMED_UNIT(*)
PLANE_ANGLE_UNIT()
SI_UNIT($,.RADIAN.)
);
#13796=(
NAMED_UNIT(*)
PLANE_ANGLE_UNIT()
SI_UNIT($,.RADIAN.)
);
#13797=(
NAMED_UNIT(*)
PLANE_ANGLE_UNIT()
SI_UNIT($,.RADIAN.)
);
#13798=(
NAMED_UNIT(*)
PLANE_ANGLE_UNIT()
SI_UNIT($,.RADIAN.)
);
#13799=(
NAMED_UNIT(*)
PLANE_ANGLE_UNIT()
SI_UNIT($,.RADIAN.)
);
#13800=(
NAMED_UNIT(*)
PLANE_ANGLE_UNIT()
SI_UNIT($,.RADIAN.)
);
#13801=(
LENGTH_UNIT()
NAMED_UNIT(*)
SI_UNIT($,.METRE.)
);
#13802=(
LENGTH_UNIT()
NAMED_UNIT(*)
SI_UNIT($,.METRE.)
);
#13803=(
LENGTH_UNIT()
NAMED_UNIT(*)
SI_UNIT($,.METRE.)
);
#13804=(
LENGTH_UNIT()
NAMED_UNIT(*)
SI_UNIT($,.METRE.)
);
#13805=(
LENGTH_UNIT()
NAMED_UNIT(*)
SI_UNIT($,.METRE.)
);
#13806=(
LENGTH_UNIT()
NAMED_UNIT(*)
SI_UNIT($,.METRE.)
);
#13807=(
LENGTH_UNIT()
NAMED_UNIT(*)
SI_UNIT($,.METRE.)
);
#13808=(
LENGTH_UNIT()
NAMED_UNIT(*)
SI_UNIT($,.METRE.)
);
#13809=(
LENGTH_UNIT()
NAMED_UNIT(*)
SI_UNIT($,.METRE.)
);
#13810=(
LENGTH_UNIT()
NAMED_UNIT(*)
SI_UNIT($,.METRE.)
);
#13811=(
LENGTH_UNIT()
NAMED_UNIT(*)
SI_UNIT($,.METRE.)
);
#13812=(
LENGTH_UNIT()
NAMED_UNIT(*)
SI_UNIT($,.METRE.)
);
#13813=(
LENGTH_UNIT()
NAMED_UNIT(*)
SI_UNIT($,.METRE.)
);
#13814=(
LENGTH_UNIT()
NAMED_UNIT(*)
SI_UNIT($,.METRE.)
);
#13815=(
LENGTH_UNIT()
NAMED_UNIT(*)
SI_UNIT($,.METRE.)
);
#13816=(
LENGTH_UNIT()
NAMED_UNIT(*)
SI_UNIT($,.METRE.)
);
#13817=(
LENGTH_UNIT()
NAMED_UNIT(*)
SI_UNIT($,.METRE.)
);
#13818=(
LENGTH_UNIT()
NAMED_UNIT(*)
SI_UNIT($,.METRE.)
);
#13819=(
LENGTH_UNIT()
NAMED_UNIT(*)
SI_UNIT($,.METRE.)
);
#13820=(
LENGTH_UNIT()
NAMED_UNIT(*)
SI_UNIT($,.METRE.)
);
#13821=(
LENGTH_UNIT()
NAMED_UNIT(*)
SI_UNIT($,.METRE.)
);
#13822=(
LENGTH_UNIT()
NAMED_UNIT(*)
SI_UNIT($,.METRE.)
);
#13823=(
LENGTH_UNIT()
NAMED_UNIT(*)
SI_UNIT($,.METRE.)
);
#13824=(
LENGTH_UNIT()
NAMED_UNIT(*)
SI_UNIT($,.METRE.)
);
#13825=(
LENGTH_UNIT()
NAMED_UNIT(*)
SI_UNIT($,.METRE.)
);
#13826=(
LENGTH_UNIT()
NAMED_UNIT(*)
SI_UNIT($,.METRE.)
);
#13827=(
LENGTH_UNIT()
NAMED_UNIT(*)
SI_UNIT($,.METRE.)
);
#13828=(
LENGTH_UNIT()
NAMED_UNIT(*)
SI_UNIT($,.METRE.)
);
#13829=(
LENGTH_UNIT()
NAMED_UNIT(*)
SI_UNIT($,.METRE.)
);
#13830=(
LENGTH_UNIT()
NAMED_UNIT(*)
SI_UNIT($,.METRE.)
);
#13831=(
LENGTH_UNIT()
NAMED_UNIT(*)
SI_UNIT($,.METRE.)
);
#13832=PRODUCT_DEFINITION_SHAPE('','',#13863);
#13833=PRODUCT_DEFINITION_SHAPE('','',#13864);
#13834=PRODUCT_DEFINITION_SHAPE('','',#13865);
#13835=PRODUCT_DEFINITION_SHAPE('','',#13866);
#13836=PRODUCT_DEFINITION_SHAPE('','',#13867);
#13837=PRODUCT_DEFINITION_SHAPE('','',#13868);
#13838=PRODUCT_DEFINITION_SHAPE('','',#13869);
#13839=PRODUCT_DEFINITION_SHAPE('','',#13870);
#13840=PRODUCT_DEFINITION_SHAPE('','',#13871);
#13841=PRODUCT_DEFINITION_SHAPE('','',#13872);
#13842=PRODUCT_DEFINITION_SHAPE('','',#13873);
#13843=PRODUCT_DEFINITION_SHAPE('','',#13874);
#13844=PRODUCT_DEFINITION_SHAPE('','',#13875);
#13845=PRODUCT_DEFINITION_SHAPE('','',#13876);
#13846=PRODUCT_DEFINITION_SHAPE('','',#13877);
#13847=PRODUCT_DEFINITION_SHAPE('','',#13878);
#13848=PRODUCT_DEFINITION_SHAPE('','',#13879);
#13849=PRODUCT_DEFINITION_SHAPE('','',#13880);
#13850=PRODUCT_DEFINITION_SHAPE('','',#13881);
#13851=PRODUCT_DEFINITION_SHAPE('','',#13882);
#13852=PRODUCT_DEFINITION_SHAPE('','',#13883);
#13853=PRODUCT_DEFINITION_SHAPE('','',#13884);
#13854=PRODUCT_DEFINITION_SHAPE('','',#13885);
#13855=PRODUCT_DEFINITION_SHAPE('','',#13886);
#13856=PRODUCT_DEFINITION_SHAPE('','',#13887);
#13857=PRODUCT_DEFINITION_SHAPE('','',#13888);
#13858=PRODUCT_DEFINITION_SHAPE('','',#13889);
#13859=PRODUCT_DEFINITION_SHAPE('','',#13890);
#13860=PRODUCT_DEFINITION_SHAPE('','',#13891);
#13861=PRODUCT_DEFINITION_SHAPE('','',#13892);
#13862=PRODUCT_DEFINITION_SHAPE('','',#13893);
#13863=PRODUCT_DEFINITION('','',#13925,#13894);
#13864=PRODUCT_DEFINITION('','',#13926,#13895);
#13865=PRODUCT_DEFINITION('','',#13927,#13896);
#13866=PRODUCT_DEFINITION('','',#13928,#13897);
#13867=PRODUCT_DEFINITION('','',#13929,#13898);
#13868=PRODUCT_DEFINITION('','',#13930,#13899);
#13869=PRODUCT_DEFINITION('','',#13931,#13900);
#13870=PRODUCT_DEFINITION('','',#13932,#13901);
#13871=PRODUCT_DEFINITION('','',#13933,#13902);
#13872=PRODUCT_DEFINITION('','',#13934,#13903);
#13873=PRODUCT_DEFINITION('','',#13935,#13904);
#13874=PRODUCT_DEFINITION('','',#13936,#13905);
#13875=PRODUCT_DEFINITION('','',#13937,#13906);
#13876=PRODUCT_DEFINITION('','',#13938,#13907);
#13877=PRODUCT_DEFINITION('','',#13939,#13908);
#13878=PRODUCT_DEFINITION('','',#13940,#13909);
#13879=PRODUCT_DEFINITION('','',#13941,#13910);
#13880=PRODUCT_DEFINITION('','',#13942,#13911);
#13881=PRODUCT_DEFINITION('','',#13943,#13912);
#13882=PRODUCT_DEFINITION('','',#13944,#13913);
#13883=PRODUCT_DEFINITION('','',#13945,#13914);
#13884=PRODUCT_DEFINITION('','',#13946,#13915);
#13885=PRODUCT_DEFINITION('','',#13947,#13916);
#13886=PRODUCT_DEFINITION('','',#13948,#13917);
#13887=PRODUCT_DEFINITION('','',#13949,#13918);
#13888=PRODUCT_DEFINITION('','',#13950,#13919);
#13889=PRODUCT_DEFINITION('','',#13951,#13920);
#13890=PRODUCT_DEFINITION('','',#13952,#13921);
#13891=PRODUCT_DEFINITION('','',#13953,#13922);
#13892=PRODUCT_DEFINITION('','',#13954,#13923);
#13893=PRODUCT_DEFINITION('','',#13955,#13924);
#13894=PRODUCT_DEFINITION_CONTEXT('',#14111,'design');
#13895=PRODUCT_DEFINITION_CONTEXT('',#14112,'design');
#13896=PRODUCT_DEFINITION_CONTEXT('',#14113,'design');
#13897=PRODUCT_DEFINITION_CONTEXT('',#14114,'design');
#13898=PRODUCT_DEFINITION_CONTEXT('',#14115,'design');
#13899=PRODUCT_DEFINITION_CONTEXT('',#14116,'design');
#13900=PRODUCT_DEFINITION_CONTEXT('',#14117,'design');
#13901=PRODUCT_DEFINITION_CONTEXT('',#14118,'design');
#13902=PRODUCT_DEFINITION_CONTEXT('',#14119,'design');
#13903=PRODUCT_DEFINITION_CONTEXT('',#14120,'design');
#13904=PRODUCT_DEFINITION_CONTEXT('',#14121,'design');
#13905=PRODUCT_DEFINITION_CONTEXT('',#14122,'design');
#13906=PRODUCT_DEFINITION_CONTEXT('',#14123,'design');
#13907=PRODUCT_DEFINITION_CONTEXT('',#14124,'design');
#13908=PRODUCT_DEFINITION_CONTEXT('',#14125,'design');
#13909=PRODUCT_DEFINITION_CONTEXT('',#14126,'design');
#13910=PRODUCT_DEFINITION_CONTEXT('',#14127,'design');
#13911=PRODUCT_DEFINITION_CONTEXT('',#14128,'design');
#13912=PRODUCT_DEFINITION_CONTEXT('',#14129,'design');
#13913=PRODUCT_DEFINITION_CONTEXT('',#14130,'design');
#13914=PRODUCT_DEFINITION_CONTEXT('',#14131,'design');
#13915=PRODUCT_DEFINITION_CONTEXT('',#14132,'design');
#13916=PRODUCT_DEFINITION_CONTEXT('',#14133,'design');
#13917=PRODUCT_DEFINITION_CONTEXT('',#14134,'design');
#13918=PRODUCT_DEFINITION_CONTEXT('',#14135,'design');
#13919=PRODUCT_DEFINITION_CONTEXT('',#14136,'design');
#13920=PRODUCT_DEFINITION_CONTEXT('',#14137,'design');
#13921=PRODUCT_DEFINITION_CONTEXT('',#14138,'design');
#13922=PRODUCT_DEFINITION_CONTEXT('',#14139,'design');
#13923=PRODUCT_DEFINITION_CONTEXT('',#14140,'design');
#13924=PRODUCT_DEFINITION_CONTEXT('',#14141,'design');
#13925=PRODUCT_DEFINITION_FORMATION_WITH_SPECIFIED_SOURCE('','',#13987,
 .NOT_KNOWN.);
#13926=PRODUCT_DEFINITION_FORMATION_WITH_SPECIFIED_SOURCE('','',#13988,
 .NOT_KNOWN.);
#13927=PRODUCT_DEFINITION_FORMATION_WITH_SPECIFIED_SOURCE('','',#13989,
 .NOT_KNOWN.);
#13928=PRODUCT_DEFINITION_FORMATION_WITH_SPECIFIED_SOURCE('','',#13990,
 .NOT_KNOWN.);
#13929=PRODUCT_DEFINITION_FORMATION_WITH_SPECIFIED_SOURCE('','',#13991,
 .NOT_KNOWN.);
#13930=PRODUCT_DEFINITION_FORMATION_WITH_SPECIFIED_SOURCE('','',#13992,
 .NOT_KNOWN.);
#13931=PRODUCT_DEFINITION_FORMATION_WITH_SPECIFIED_SOURCE('','',#13993,
 .NOT_KNOWN.);
#13932=PRODUCT_DEFINITION_FORMATION_WITH_SPECIFIED_SOURCE('','',#13994,
 .NOT_KNOWN.);
#13933=PRODUCT_DEFINITION_FORMATION_WITH_SPECIFIED_SOURCE('','',#13995,
 .NOT_KNOWN.);
#13934=PRODUCT_DEFINITION_FORMATION_WITH_SPECIFIED_SOURCE('','',#13996,
 .NOT_KNOWN.);
#13935=PRODUCT_DEFINITION_FORMATION_WITH_SPECIFIED_SOURCE('','',#13997,
 .NOT_KNOWN.);
#13936=PRODUCT_DEFINITION_FORMATION_WITH_SPECIFIED_SOURCE('','',#13998,
 .NOT_KNOWN.);
#13937=PRODUCT_DEFINITION_FORMATION_WITH_SPECIFIED_SOURCE('','',#13999,
 .NOT_KNOWN.);
#13938=PRODUCT_DEFINITION_FORMATION_WITH_SPECIFIED_SOURCE('','',#14000,
 .NOT_KNOWN.);
#13939=PRODUCT_DEFINITION_FORMATION_WITH_SPECIFIED_SOURCE('','',#14001,
 .NOT_KNOWN.);
#13940=PRODUCT_DEFINITION_FORMATION_WITH_SPECIFIED_SOURCE('','',#14002,
 .NOT_KNOWN.);
#13941=PRODUCT_DEFINITION_FORMATION_WITH_SPECIFIED_SOURCE('','',#14003,
 .NOT_KNOWN.);
#13942=PRODUCT_DEFINITION_FORMATION_WITH_SPECIFIED_SOURCE('','',#14004,
 .NOT_KNOWN.);
#13943=PRODUCT_DEFINITION_FORMATION_WITH_SPECIFIED_SOURCE('','',#14005,
 .NOT_KNOWN.);
#13944=PRODUCT_DEFINITION_FORMATION_WITH_SPECIFIED_SOURCE('','',#14006,
 .NOT_KNOWN.);
#13945=PRODUCT_DEFINITION_FORMATION_WITH_SPECIFIED_SOURCE('','',#14007,
 .NOT_KNOWN.);
#13946=PRODUCT_DEFINITION_FORMATION_WITH_SPECIFIED_SOURCE('','',#14008,
 .NOT_KNOWN.);
#13947=PRODUCT_DEFINITION_FORMATION_WITH_SPECIFIED_SOURCE('','',#14009,
 .NOT_KNOWN.);
#13948=PRODUCT_DEFINITION_FORMATION_WITH_SPECIFIED_SOURCE('','',#14010,
 .NOT_KNOWN.);
#13949=PRODUCT_DEFINITION_FORMATION_WITH_SPECIFIED_SOURCE('','',#14011,
 .NOT_KNOWN.);
#13950=PRODUCT_DEFINITION_FORMATION_WITH_SPECIFIED_SOURCE('','',#14012,
 .NOT_KNOWN.);
#13951=PRODUCT_DEFINITION_FORMATION_WITH_SPECIFIED_SOURCE('','',#14013,
 .NOT_KNOWN.);
#13952=PRODUCT_DEFINITION_FORMATION_WITH_SPECIFIED_SOURCE('','',#14014,
 .NOT_KNOWN.);
#13953=PRODUCT_DEFINITION_FORMATION_WITH_SPECIFIED_SOURCE('','',#14015,
 .NOT_KNOWN.);
#13954=PRODUCT_DEFINITION_FORMATION_WITH_SPECIFIED_SOURCE('','',#14016,
 .NOT_KNOWN.);
#13955=PRODUCT_DEFINITION_FORMATION_WITH_SPECIFIED_SOURCE('','',#14017,
 .NOT_KNOWN.);
#13956=PRODUCT_RELATED_PRODUCT_CATEGORY('','',(#13987));
#13957=PRODUCT_RELATED_PRODUCT_CATEGORY('','',(#13988));
#13958=PRODUCT_RELATED_PRODUCT_CATEGORY('','',(#13989));
#13959=PRODUCT_RELATED_PRODUCT_CATEGORY('','',(#13990));
#13960=PRODUCT_RELATED_PRODUCT_CATEGORY('','',(#13991));
#13961=PRODUCT_RELATED_PRODUCT_CATEGORY('','',(#13992));
#13962=PRODUCT_RELATED_PRODUCT_CATEGORY('','',(#13993));
#13963=PRODUCT_RELATED_PRODUCT_CATEGORY('','',(#13994));
#13964=PRODUCT_RELATED_PRODUCT_CATEGORY('','',(#13995));
#13965=PRODUCT_RELATED_PRODUCT_CATEGORY('','',(#13996));
#13966=PRODUCT_RELATED_PRODUCT_CATEGORY('','',(#13997));
#13967=PRODUCT_RELATED_PRODUCT_CATEGORY('','',(#13998));
#13968=PRODUCT_RELATED_PRODUCT_CATEGORY('','',(#13999));
#13969=PRODUCT_RELATED_PRODUCT_CATEGORY('','',(#14000));
#13970=PRODUCT_RELATED_PRODUCT_CATEGORY('','',(#14001));
#13971=PRODUCT_RELATED_PRODUCT_CATEGORY('','',(#14002));
#13972=PRODUCT_RELATED_PRODUCT_CATEGORY('','',(#14003));
#13973=PRODUCT_RELATED_PRODUCT_CATEGORY('','',(#14004));
#13974=PRODUCT_RELATED_PRODUCT_CATEGORY('','',(#14005));
#13975=PRODUCT_RELATED_PRODUCT_CATEGORY('','',(#14006));
#13976=PRODUCT_RELATED_PRODUCT_CATEGORY('','',(#14007));
#13977=PRODUCT_RELATED_PRODUCT_CATEGORY('','',(#14008));
#13978=PRODUCT_RELATED_PRODUCT_CATEGORY('','',(#14009));
#13979=PRODUCT_RELATED_PRODUCT_CATEGORY('','',(#14010));
#13980=PRODUCT_RELATED_PRODUCT_CATEGORY('','',(#14011));
#13981=PRODUCT_RELATED_PRODUCT_CATEGORY('','',(#14012));
#13982=PRODUCT_RELATED_PRODUCT_CATEGORY('','',(#14013));
#13983=PRODUCT_RELATED_PRODUCT_CATEGORY('','',(#14014));
#13984=PRODUCT_RELATED_PRODUCT_CATEGORY('','',(#14015));
#13985=PRODUCT_RELATED_PRODUCT_CATEGORY('','',(#14016));
#13986=PRODUCT_RELATED_PRODUCT_CATEGORY('','',(#14017));
#13987=PRODUCT('Part 29','Part 29','Part 29',(#14049));
#13988=PRODUCT('Part 30','Part 30','Part 30',(#14050));
#13989=PRODUCT('Part 15','Part 15','Part 15',(#14051));
#13990=PRODUCT('Part 26','Part 26','Part 26',(#14052));
#13991=PRODUCT('Part 20','Part 20','Part 20',(#14053));
#13992=PRODUCT('Part 25','Part 25','Part 25',(#14054));
#13993=PRODUCT('Part 14','Part 14','Part 14',(#14055));
#13994=PRODUCT('Part 31','Part 31','Part 31',(#14056));
#13995=PRODUCT('Part 27','Part 27','Part 27',(#14057));
#13996=PRODUCT('Part 21','Part 21','Part 21',(#14058));
#13997=PRODUCT('Part 16','Part 16','Part 16',(#14059));
#13998=PRODUCT('Part 18','Part 18','Part 18',(#14060));
#13999=PRODUCT('Part 19','Part 19','Part 19',(#14061));
#14000=PRODUCT('Part 23','Part 23','Part 23',(#14062));
#14001=PRODUCT('Part 22','Part 22','Part 22',(#14063));
#14002=PRODUCT('Part 28','Part 28','Part 28',(#14064));
#14003=PRODUCT('Part 6','Part 6','Part 6',(#14065));
#14004=PRODUCT('Part 1','Part 1','Part 1',(#14066));
#14005=PRODUCT('Part 2','Part 2','Part 2',(#14067));
#14006=PRODUCT('Part 3','Part 3','Part 3',(#14068));
#14007=PRODUCT('Part 5','Part 5','Part 5',(#14069));
#14008=PRODUCT('Part 8','Part 8','Part 8',(#14070));
#14009=PRODUCT('Part 9','Part 9','Part 9',(#14071));
#14010=PRODUCT('Part 10','Part 10','Part 10',(#14072));
#14011=PRODUCT('Part 11','Part 11','Part 11',(#14073));
#14012=PRODUCT('Part 17','Part 17','Part 17',(#14074));
#14013=PRODUCT('Part 13','Part 13','Part 13',(#14075));
#14014=PRODUCT('Part 24','Part 24','Part 24',(#14076));
#14015=PRODUCT('Part 4','Part 4','Part 4',(#14077));
#14016=PRODUCT('Part 7','Part 7','Part 7',(#14078));
#14017=PRODUCT('Part 12','Part 12','Part 12',(#14079));
#14018=PRODUCT_CATEGORY('','');
#14019=PRODUCT_CATEGORY('','');
#14020=PRODUCT_CATEGORY('','');
#14021=PRODUCT_CATEGORY('','');
#14022=PRODUCT_CATEGORY('','');
#14023=PRODUCT_CATEGORY('','');
#14024=PRODUCT_CATEGORY('','');
#14025=PRODUCT_CATEGORY('','');
#14026=PRODUCT_CATEGORY('','');
#14027=PRODUCT_CATEGORY('','');
#14028=PRODUCT_CATEGORY('','');
#14029=PRODUCT_CATEGORY('','');
#14030=PRODUCT_CATEGORY('','');
#14031=PRODUCT_CATEGORY('','');
#14032=PRODUCT_CATEGORY('','');
#14033=PRODUCT_CATEGORY('','');
#14034=PRODUCT_CATEGORY('','');
#14035=PRODUCT_CATEGORY('','');
#14036=PRODUCT_CATEGORY('','');
#14037=PRODUCT_CATEGORY('','');
#14038=PRODUCT_CATEGORY('','');
#14039=PRODUCT_CATEGORY('','');
#14040=PRODUCT_CATEGORY('','');
#14041=PRODUCT_CATEGORY('','');
#14042=PRODUCT_CATEGORY('','');
#14043=PRODUCT_CATEGORY('','');
#14044=PRODUCT_CATEGORY('','');
#14045=PRODUCT_CATEGORY('','');
#14046=PRODUCT_CATEGORY('','');
#14047=PRODUCT_CATEGORY('','');
#14048=PRODUCT_CATEGORY('','');
#14049=PRODUCT_CONTEXT('',#14111,'mechanical');
#14050=PRODUCT_CONTEXT('',#14112,'mechanical');
#14051=PRODUCT_CONTEXT('',#14113,'mechanical');
#14052=PRODUCT_CONTEXT('',#14114,'mechanical');
#14053=PRODUCT_CONTEXT('',#14115,'mechanical');
#14054=PRODUCT_CONTEXT('',#14116,'mechanical');
#14055=PRODUCT_CONTEXT('',#14117,'mechanical');
#14056=PRODUCT_CONTEXT('',#14118,'mechanical');
#14057=PRODUCT_CONTEXT('',#14119,'mechanical');
#14058=PRODUCT_CONTEXT('',#14120,'mechanical');
#14059=PRODUCT_CONTEXT('',#14121,'mechanical');
#14060=PRODUCT_CONTEXT('',#14122,'mechanical');
#14061=PRODUCT_CONTEXT('',#14123,'mechanical');
#14062=PRODUCT_CONTEXT('',#14124,'mechanical');
#14063=PRODUCT_CONTEXT('',#14125,'mechanical');
#14064=PRODUCT_CONTEXT('',#14126,'mechanical');
#14065=PRODUCT_CONTEXT('',#14127,'mechanical');
#14066=PRODUCT_CONTEXT('',#14128,'mechanical');
#14067=PRODUCT_CONTEXT('',#14129,'mechanical');
#14068=PRODUCT_CONTEXT('',#14130,'mechanical');
#14069=PRODUCT_CONTEXT('',#14131,'mechanical');
#14070=PRODUCT_CONTEXT('',#14132,'mechanical');
#14071=PRODUCT_CONTEXT('',#14133,'mechanical');
#14072=PRODUCT_CONTEXT('',#14134,'mechanical');
#14073=PRODUCT_CONTEXT('',#14135,'mechanical');
#14074=PRODUCT_CONTEXT('',#14136,'mechanical');
#14075=PRODUCT_CONTEXT('',#14137,'mechanical');
#14076=PRODUCT_CONTEXT('',#14138,'mechanical');
#14077=PRODUCT_CONTEXT('',#14139,'mechanical');
#14078=PRODUCT_CONTEXT('',#14140,'mechanical');
#14079=PRODUCT_CONTEXT('',#14141,'mechanical');
#14080=APPLICATION_PROTOCOL_DEFINITION('international standard',
'ap242_managed_model_based_3d_engineering',2020,#14111);
#14081=APPLICATION_PROTOCOL_DEFINITION('international standard',
'ap242_managed_model_based_3d_engineering',2020,#14112);
#14082=APPLICATION_PROTOCOL_DEFINITION('international standard',
'ap242_managed_model_based_3d_engineering',2020,#14113);
#14083=APPLICATION_PROTOCOL_DEFINITION('international standard',
'ap242_managed_model_based_3d_engineering',2020,#14114);
#14084=APPLICATION_PROTOCOL_DEFINITION('international standard',
'ap242_managed_model_based_3d_engineering',2020,#14115);
#14085=APPLICATION_PROTOCOL_DEFINITION('international standard',
'ap242_managed_model_based_3d_engineering',2020,#14116);
#14086=APPLICATION_PROTOCOL_DEFINITION('international standard',
'ap242_managed_model_based_3d_engineering',2020,#14117);
#14087=APPLICATION_PROTOCOL_DEFINITION('international standard',
'ap242_managed_model_based_3d_engineering',2020,#14118);
#14088=APPLICATION_PROTOCOL_DEFINITION('international standard',
'ap242_managed_model_based_3d_engineering',2020,#14119);
#14089=APPLICATION_PROTOCOL_DEFINITION('international standard',
'ap242_managed_model_based_3d_engineering',2020,#14120);
#14090=APPLICATION_PROTOCOL_DEFINITION('international standard',
'ap242_managed_model_based_3d_engineering',2020,#14121);
#14091=APPLICATION_PROTOCOL_DEFINITION('international standard',
'ap242_managed_model_based_3d_engineering',2020,#14122);
#14092=APPLICATION_PROTOCOL_DEFINITION('international standard',
'ap242_managed_model_based_3d_engineering',2020,#14123);
#14093=APPLICATION_PROTOCOL_DEFINITION('international standard',
'ap242_managed_model_based_3d_engineering',2020,#14124);
#14094=APPLICATION_PROTOCOL_DEFINITION('international standard',
'ap242_managed_model_based_3d_engineering',2020,#14125);
#14095=APPLICATION_PROTOCOL_DEFINITION('international standard',
'ap242_managed_model_based_3d_engineering',2020,#14126);
#14096=APPLICATION_PROTOCOL_DEFINITION('international standard',
'ap242_managed_model_based_3d_engineering',2020,#14127);
#14097=APPLICATION_PROTOCOL_DEFINITION('international standard',
'ap242_managed_model_based_3d_engineering',2020,#14128);
#14098=APPLICATION_PROTOCOL_DEFINITION('international standard',
'ap242_managed_model_based_3d_engineering',2020,#14129);
#14099=APPLICATION_PROTOCOL_DEFINITION('international standard',
'ap242_managed_model_based_3d_engineering',2020,#14130);
#14100=APPLICATION_PROTOCOL_DEFINITION('international standard',
'ap242_managed_model_based_3d_engineering',2020,#14131);
#14101=APPLICATION_PROTOCOL_DEFINITION('international standard',
'ap242_managed_model_based_3d_engineering',2020,#14132);
#14102=APPLICATION_PROTOCOL_DEFINITION('international standard',
'ap242_managed_model_based_3d_engineering',2020,#14133);
#14103=APPLICATION_PROTOCOL_DEFINITION('international standard',
'ap242_managed_model_based_3d_engineering',2020,#14134);
#14104=APPLICATION_PROTOCOL_DEFINITION('international standard',
'ap242_managed_model_based_3d_engineering',2020,#14135);
#14105=APPLICATION_PROTOCOL_DEFINITION('international standard',
'ap242_managed_model_based_3d_engineering',2020,#14136);
#14106=APPLICATION_PROTOCOL_DEFINITION('international standard',
'ap242_managed_model_based_3d_engineering',2020,#14137);
#14107=APPLICATION_PROTOCOL_DEFINITION('international standard',
'ap242_managed_model_based_3d_engineering',2020,#14138);
#14108=APPLICATION_PROTOCOL_DEFINITION('international standard',
'ap242_managed_model_based_3d_engineering',2020,#14139);
#14109=APPLICATION_PROTOCOL_DEFINITION('international standard',
'ap242_managed_model_based_3d_engineering',2020,#14140);
#14110=APPLICATION_PROTOCOL_DEFINITION('international standard',
'ap242_managed_model_based_3d_engineering',2020,#14141);
#14111=APPLICATION_CONTEXT('managed model based 3d engineering');
#14112=APPLICATION_CONTEXT('managed model based 3d engineering');
#14113=APPLICATION_CONTEXT('managed model based 3d engineering');
#14114=APPLICATION_CONTEXT('managed model based 3d engineering');
#14115=APPLICATION_CONTEXT('managed model based 3d engineering');
#14116=APPLICATION_CONTEXT('managed model based 3d engineering');
#14117=APPLICATION_CONTEXT('managed model based 3d engineering');
#14118=APPLICATION_CONTEXT('managed model based 3d engineering');
#14119=APPLICATION_CONTEXT('managed model based 3d engineering');
#14120=APPLICATION_CONTEXT('managed model based 3d engineering');
#14121=APPLICATION_CONTEXT('managed model based 3d engineering');
#14122=APPLICATION_CONTEXT('managed model based 3d engineering');
#14123=APPLICATION_CONTEXT('managed model based 3d engineering');
#14124=APPLICATION_CONTEXT('managed model based 3d engineering');
#14125=APPLICATION_CONTEXT('managed model based 3d engineering');
#14126=APPLICATION_CONTEXT('managed model based 3d engineering');
#14127=APPLICATION_CONTEXT('managed model based 3d engineering');
#14128=APPLICATION_CONTEXT('managed model based 3d engineering');
#14129=APPLICATION_CONTEXT('managed model based 3d engineering');
#14130=APPLICATION_CONTEXT('managed model based 3d engineering');
#14131=APPLICATION_CONTEXT('managed model based 3d engineering');
#14132=APPLICATION_CONTEXT('managed model based 3d engineering');
#14133=APPLICATION_CONTEXT('managed model based 3d engineering');
#14134=APPLICATION_CONTEXT('managed model based 3d engineering');
#14135=APPLICATION_CONTEXT('managed model based 3d engineering');
#14136=APPLICATION_CONTEXT('managed model based 3d engineering');
#14137=APPLICATION_CONTEXT('managed model based 3d engineering');
#14138=APPLICATION_CONTEXT('managed model based 3d engineering');
#14139=APPLICATION_CONTEXT('managed model based 3d engineering');
#14140=APPLICATION_CONTEXT('managed model based 3d engineering');
#14141=APPLICATION_CONTEXT('managed model based 3d engineering');
ENDSEC;
END-ISO-10303-21;
