ISO-10303-21;
HEADER;
/* Generated by software containing ST-Developer
 * from STEP Tools, Inc. (www.steptools.com) 
 */
/* OPTION: using custom renumber hook */

FILE_DESCRIPTION(
/* description */ ('STEP AP242 Edition 2',
'CAx-IF Rec.Pracs.---Representation and Presentation of Product Manufa
cturing Information (PMI)---4.0---2014-10-13',
'CAx-IF Rec.Pracs.---3D Tessellated Geometry---0.4---2014-09-14','2;1',
'CAx-IF Rec.Pracs.---User Defined Attributes---1.5---2016-08-15'),
/* implementation_level */ '2;1');

FILE_NAME(
/* name */ 'Part Studio 1',
/* time_stamp */ '2026-08-23T21:17:05Z',
/* author */ (''),
/* organization */ (''),
/* preprocessor_version */ 'ST-DEVELOPER v20',
/* originating_system */ 'ONSHAPE BY PTC INC, 1.219',
/* authorisation */ '  ');

FILE_SCHEMA (('AP242_MANAGED_MODEL_BASED_3D_ENGINEERING_MIM_LF { 1 0 10303 442 3 1 4 }'));
ENDSEC;

DATA;
#10=ELLIPSE('',#3763,0.0224101662201943,0.0150111595479368);
#11=ELLIPSE('',#3764,0.0224101662201943,0.0150111595479368);
#12=ELLIPSE('',#3774,0.0224101662200884,0.0150111595478297);
#13=ELLIPSE('',#3775,0.0224101662200884,0.0150111595478297);
#14=B_SPLINE_CURVE_WITH_KNOTS('',3,(#5158,#5159,#5160,#5161),
 .UNSPECIFIED.,.F.,.F.,(4,4),(0.,0.195941762753936),
 .PIECEWISE_BEZIER_KNOTS.);
#15=B_SPLINE_CURVE_WITH_KNOTS('',3,(#5166,#5167,#5168,#5169),
 .UNSPECIFIED.,.F.,.F.,(4,4),(0.,0.195941762753936),
 .PIECEWISE_BEZIER_KNOTS.);
#16=B_SPLINE_CURVE_WITH_KNOTS('',3,(#5180,#5181,#5182,#5183),
 .UNSPECIFIED.,.F.,.F.,(4,4),(0.,1.),.PIECEWISE_BEZIER_KNOTS.);
#17=B_SPLINE_CURVE_WITH_KNOTS('',3,(#5188,#5189,#5190,#5191),
 .UNSPECIFIED.,.F.,.F.,(4,4),(0.,1.),.PIECEWISE_BEZIER_KNOTS.);
#18=B_SPLINE_CURVE_WITH_KNOTS('',3,(#5202,#5203,#5204,#5205),
 .UNSPECIFIED.,.F.,.F.,(4,4),(0.,0.195941762750865),
 .PIECEWISE_BEZIER_KNOTS.);
#19=B_SPLINE_CURVE_WITH_KNOTS('',3,(#5210,#5211,#5212,#5213),
 .UNSPECIFIED.,.F.,.F.,(4,4),(0.,0.195941762750865),
 .PIECEWISE_BEZIER_KNOTS.);
#20=B_SPLINE_CURVE_WITH_KNOTS('',3,(#5224,#5225,#5226,#5227),
 .UNSPECIFIED.,.F.,.F.,(4,4),(0.,1.),.PIECEWISE_BEZIER_KNOTS.);
#21=B_SPLINE_CURVE_WITH_KNOTS('',3,(#5232,#5233,#5234,#5235),
 .UNSPECIFIED.,.F.,.F.,(4,4),(0.,1.),.PIECEWISE_BEZIER_KNOTS.);
#22=B_SPLINE_CURVE_WITH_KNOTS('',3,(#5315,#5316,#5317,#5318),
 .UNSPECIFIED.,.F.,.F.,(4,4),(0.,0.363921801041467),
 .PIECEWISE_BEZIER_KNOTS.);
#23=B_SPLINE_CURVE_WITH_KNOTS('',3,(#5323,#5324,#5325,#5326),
 .UNSPECIFIED.,.F.,.F.,(4,4),(0.,0.363921801041467),
 .PIECEWISE_BEZIER_KNOTS.);
#24=B_SPLINE_CURVE_WITH_KNOTS('',3,(#5343,#5344,#5345,#5346),
 .UNSPECIFIED.,.F.,.F.,(4,4),(0.,0.363921801036774),
 .PIECEWISE_BEZIER_KNOTS.);
#25=B_SPLINE_CURVE_WITH_KNOTS('',3,(#5351,#5352,#5353,#5354),
 .UNSPECIFIED.,.F.,.F.,(4,4),(0.,0.363921801036774),
 .PIECEWISE_BEZIER_KNOTS.);
#26=B_SPLINE_CURVE_WITH_KNOTS('',3,(#5365,#5366,#5367,#5368),
 .UNSPECIFIED.,.F.,.F.,(4,4),(0.0722491098554317,0.358056621583256),
 .PIECEWISE_BEZIER_KNOTS.);
#27=B_SPLINE_CURVE_WITH_KNOTS('',3,(#5369,#5370,#5371,#5372),
 .UNSPECIFIED.,.F.,.F.,(4,4),(0.0722491098554317,0.358056621583256),
 .PIECEWISE_BEZIER_KNOTS.);
#28=B_SPLINE_CURVE_WITH_KNOTS('',3,(#5381,#5382,#5383,#5384),
 .UNSPECIFIED.,.F.,.F.,(4,4),(0.,1.),.PIECEWISE_BEZIER_KNOTS.);
#29=B_SPLINE_CURVE_WITH_KNOTS('',3,(#5389,#5390,#5391,#5392),
 .UNSPECIFIED.,.F.,.F.,(4,4),(0.,1.),.PIECEWISE_BEZIER_KNOTS.);
#30=B_SPLINE_CURVE_WITH_KNOTS('',3,(#5403,#5404,#5405,#5406),
 .UNSPECIFIED.,.F.,.F.,(4,4),(0.,1.),.PIECEWISE_BEZIER_KNOTS.);
#31=B_SPLINE_CURVE_WITH_KNOTS('',3,(#5410,#5411,#5412,#5413),
 .UNSPECIFIED.,.F.,.F.,(4,4),(0.,1.),.PIECEWISE_BEZIER_KNOTS.);
#32=B_SPLINE_CURVE_WITH_KNOTS('',3,(#5422,#5423,#5424,#5425),
 .UNSPECIFIED.,.F.,.F.,(4,4),(0.0722491099739679,0.358056621032705),
 .PIECEWISE_BEZIER_KNOTS.);
#33=B_SPLINE_CURVE_WITH_KNOTS('',3,(#5426,#5427,#5428,#5429),
 .UNSPECIFIED.,.F.,.F.,(4,4),(0.0722491099739679,0.358056621032705),
 .PIECEWISE_BEZIER_KNOTS.);
#34=B_SPLINE_CURVE_WITH_KNOTS('',3,(#5438,#5439,#5440,#5441),
 .UNSPECIFIED.,.F.,.F.,(4,4),(0.404033924540749,1.),
 .PIECEWISE_BEZIER_KNOTS.);
#35=B_SPLINE_CURVE_WITH_KNOTS('',3,(#5445,#5446,#5447,#5448),
 .UNSPECIFIED.,.F.,.F.,(4,4),(0.404033924540749,1.),
 .PIECEWISE_BEZIER_KNOTS.);
#36=B_SPLINE_CURVE_WITH_KNOTS('',3,(#5457,#5458,#5459,#5460),
 .UNSPECIFIED.,.F.,.F.,(4,4),(0.,0.526332651207605),
 .PIECEWISE_BEZIER_KNOTS.);
#37=B_SPLINE_CURVE_WITH_KNOTS('',3,(#5461,#5462,#5463,#5464),
 .UNSPECIFIED.,.F.,.F.,(4,4),(0.,0.526332651207605),
 .PIECEWISE_BEZIER_KNOTS.);
#38=B_SPLINE_CURVE_WITH_KNOTS('',3,(#5473,#5474,#5475,#5476),
 .UNSPECIFIED.,.F.,.F.,(4,4),(0.,0.494225064059572),
 .PIECEWISE_BEZIER_KNOTS.);
#39=B_SPLINE_CURVE_WITH_KNOTS('',3,(#5480,#5481,#5482,#5483),
 .UNSPECIFIED.,.F.,.F.,(4,4),(0.,0.494225064059572),
 .PIECEWISE_BEZIER_KNOTS.);
#40=B_SPLINE_CURVE_WITH_KNOTS('',3,(#5492,#5493,#5494,#5495),
 .UNSPECIFIED.,.F.,.F.,(4,4),(0.233323656059907,1.),
 .PIECEWISE_BEZIER_KNOTS.);
#41=B_SPLINE_CURVE_WITH_KNOTS('',3,(#5499,#5500,#5501,#5502),
 .UNSPECIFIED.,.F.,.F.,(4,4),(0.233323656059907,1.),
 .PIECEWISE_BEZIER_KNOTS.);
#42=B_SPLINE_CURVE_WITH_KNOTS('',3,(#5511,#5512,#5513,#5514),
 .UNSPECIFIED.,.F.,.F.,(4,4),(0.750639566702473,1.),
 .PIECEWISE_BEZIER_KNOTS.);
#43=B_SPLINE_CURVE_WITH_KNOTS('',3,(#5518,#5519,#5520,#5521),
 .UNSPECIFIED.,.F.,.F.,(4,4),(0.750639566702473,1.),
 .PIECEWISE_BEZIER_KNOTS.);
#44=B_SPLINE_CURVE_WITH_KNOTS('',3,(#5530,#5531,#5532,#5533),
 .UNSPECIFIED.,.F.,.F.,(4,4),(0.750639566702474,1.),
 .PIECEWISE_BEZIER_KNOTS.);
#45=B_SPLINE_CURVE_WITH_KNOTS('',3,(#5534,#5535,#5536,#5537),
 .UNSPECIFIED.,.F.,.F.,(4,4),(0.750639566702474,1.),
 .PIECEWISE_BEZIER_KNOTS.);
#46=B_SPLINE_CURVE_WITH_KNOTS('',3,(#5546,#5547,#5548,#5549),
 .UNSPECIFIED.,.F.,.F.,(4,4),(0.233323656059896,1.),
 .PIECEWISE_BEZIER_KNOTS.);
#47=B_SPLINE_CURVE_WITH_KNOTS('',3,(#5554,#5555,#5556,#5557),
 .UNSPECIFIED.,.F.,.F.,(4,4),(0.233323656059896,1.),
 .PIECEWISE_BEZIER_KNOTS.);
#48=B_SPLINE_CURVE_WITH_KNOTS('',3,(#5568,#5569,#5570,#5571),
 .UNSPECIFIED.,.F.,.F.,(4,4),(0.,0.494225064059572),
 .PIECEWISE_BEZIER_KNOTS.);
#49=B_SPLINE_CURVE_WITH_KNOTS('',3,(#5572,#5573,#5574,#5575),
 .UNSPECIFIED.,.F.,.F.,(4,4),(0.,0.494225064059572),
 .PIECEWISE_BEZIER_KNOTS.);
#50=B_SPLINE_CURVE_WITH_KNOTS('',3,(#5584,#5585,#5586,#5587),
 .UNSPECIFIED.,.F.,.F.,(4,4),(0.,0.526332650724961),
 .PIECEWISE_BEZIER_KNOTS.);
#51=B_SPLINE_CURVE_WITH_KNOTS('',3,(#5591,#5592,#5593,#5594),
 .UNSPECIFIED.,.F.,.F.,(4,4),(0.,0.526332650724961),
 .PIECEWISE_BEZIER_KNOTS.);
#52=B_SPLINE_CURVE_WITH_KNOTS('',3,(#5603,#5604,#5605,#5606),
 .UNSPECIFIED.,.F.,.F.,(4,4),(0.404033924540746,1.),
 .PIECEWISE_BEZIER_KNOTS.);
#53=B_SPLINE_CURVE_WITH_KNOTS('',3,(#5607,#5608,#5609,#5610),
 .UNSPECIFIED.,.F.,.F.,(4,4),(0.404033924540746,1.),
 .PIECEWISE_BEZIER_KNOTS.);
#54=B_SPLINE_CURVE_WITH_KNOTS('',3,(#5660,#5661,#5662,#5663),
 .UNSPECIFIED.,.F.,.F.,(4,4),(0.78529768387132,1.),
 .PIECEWISE_BEZIER_KNOTS.);
#55=B_SPLINE_CURVE_WITH_KNOTS('',3,(#5668,#5669,#5670,#5671),
 .UNSPECIFIED.,.F.,.F.,(4,4),(0.78529768387132,1.),
 .PIECEWISE_BEZIER_KNOTS.);
#56=B_SPLINE_CURVE_WITH_KNOTS('',3,(#5700,#5701,#5702,#5703),
 .UNSPECIFIED.,.F.,.F.,(4,4),(0.785297683871323,1.),
 .PIECEWISE_BEZIER_KNOTS.);
#57=B_SPLINE_CURVE_WITH_KNOTS('',3,(#5708,#5709,#5710,#5711),
 .UNSPECIFIED.,.F.,.F.,(4,4),(0.785297683871323,1.),
 .PIECEWISE_BEZIER_KNOTS.);
#58=B_SPLINE_CURVE_WITH_KNOTS('',3,(#5722,#5723,#5724,#5725),
 .UNSPECIFIED.,.F.,.F.,(4,4),(0.,0.346338486474826),
 .PIECEWISE_BEZIER_KNOTS.);
#59=B_SPLINE_CURVE_WITH_KNOTS('',3,(#5729,#5730,#5731,#5732),
 .UNSPECIFIED.,.F.,.F.,(4,4),(0.,0.346338486474826),
 .PIECEWISE_BEZIER_KNOTS.);
#60=B_SPLINE_CURVE_WITH_KNOTS('',3,(#5741,#5742,#5743,#5744),
 .UNSPECIFIED.,.F.,.F.,(4,4),(0.,0.34633848647482),
 .PIECEWISE_BEZIER_KNOTS.);
#61=B_SPLINE_CURVE_WITH_KNOTS('',3,(#5745,#5746,#5747,#5748),
 .UNSPECIFIED.,.F.,.F.,(4,4),(0.,0.34633848647482),
 .PIECEWISE_BEZIER_KNOTS.);
#62=B_SPLINE_CURVE_WITH_KNOTS('',3,(#5757,#5758,#5759,#5760),
 .UNSPECIFIED.,.F.,.F.,(4,4),(0.690111851517585,1.),
 .PIECEWISE_BEZIER_KNOTS.);
#63=B_SPLINE_CURVE_WITH_KNOTS('',3,(#5765,#5766,#5767,#5768),
 .UNSPECIFIED.,.F.,.F.,(4,4),(0.690111851517585,1.),
 .PIECEWISE_BEZIER_KNOTS.);
#64=B_SPLINE_CURVE_WITH_KNOTS('',3,(#5779,#5780,#5781,#5782),
 .UNSPECIFIED.,.F.,.F.,(4,4),(0.,0.334334208045967),
 .PIECEWISE_BEZIER_KNOTS.);
#65=B_SPLINE_CURVE_WITH_KNOTS('',3,(#5783,#5784,#5785,#5786),
 .UNSPECIFIED.,.F.,.F.,(4,4),(0.,0.334334208045967),
 .PIECEWISE_BEZIER_KNOTS.);
#66=B_SPLINE_CURVE_WITH_KNOTS('',3,(#5798,#5799,#5800,#5801),
 .UNSPECIFIED.,.F.,.F.,(4,4),(0.5277383483406,1.),
 .PIECEWISE_BEZIER_KNOTS.);
#67=B_SPLINE_CURVE_WITH_KNOTS('',3,(#5805,#5806,#5807,#5808),
 .UNSPECIFIED.,.F.,.F.,(4,4),(0.5277383483406,1.),
 .PIECEWISE_BEZIER_KNOTS.);
#68=B_SPLINE_CURVE_WITH_KNOTS('',3,(#5817,#5818,#5819,#5820),
 .UNSPECIFIED.,.F.,.F.,(4,4),(0.527738348340593,1.),
 .PIECEWISE_BEZIER_KNOTS.);
#69=B_SPLINE_CURVE_WITH_KNOTS('',3,(#5821,#5822,#5823,#5824),
 .UNSPECIFIED.,.F.,.F.,(4,4),(0.527738348340593,1.),
 .PIECEWISE_BEZIER_KNOTS.);
#70=B_SPLINE_CURVE_WITH_KNOTS('',3,(#5836,#5837,#5838,#5839),
 .UNSPECIFIED.,.F.,.F.,(4,4),(0.,0.334334208045969),
 .PIECEWISE_BEZIER_KNOTS.);
#71=B_SPLINE_CURVE_WITH_KNOTS('',3,(#5843,#5844,#5845,#5846),
 .UNSPECIFIED.,.F.,.F.,(4,4),(0.,0.334334208045969),
 .PIECEWISE_BEZIER_KNOTS.);
#72=B_SPLINE_CURVE_WITH_KNOTS('',3,(#5867,#5868,#5869,#5870),
 .UNSPECIFIED.,.F.,.F.,(4,4),(0.690111851541293,1.),
 .PIECEWISE_BEZIER_KNOTS.);
#73=B_SPLINE_CURVE_WITH_KNOTS('',3,(#5874,#5875,#5876,#5877),
 .UNSPECIFIED.,.F.,.F.,(4,4),(0.690111851541293,1.),
 .PIECEWISE_BEZIER_KNOTS.);
#74=B_SPLINE_CURVE_WITH_KNOTS('',3,(#5886,#5887,#5888,#5889),
 .UNSPECIFIED.,.F.,.F.,(4,4),(0.536464547799019,1.),
 .PIECEWISE_BEZIER_KNOTS.);
#75=B_SPLINE_CURVE_WITH_KNOTS('',3,(#5891,#5892,#5893,#5894),
 .UNSPECIFIED.,.F.,.F.,(4,4),(0.536464547799019,1.),
 .PIECEWISE_BEZIER_KNOTS.);
#76=B_SPLINE_CURVE_WITH_KNOTS('',3,(#5905,#5906,#5907,#5908),
 .UNSPECIFIED.,.F.,.F.,(4,4),(0.,0.510307688921304),
 .PIECEWISE_BEZIER_KNOTS.);
#77=B_SPLINE_CURVE_WITH_KNOTS('',3,(#5909,#5910,#5911,#5912),
 .UNSPECIFIED.,.F.,.F.,(4,4),(0.,0.510307688921304),
 .PIECEWISE_BEZIER_KNOTS.);
#78=B_SPLINE_CURVE_WITH_KNOTS('',3,(#5921,#5922,#5923,#5924),
 .UNSPECIFIED.,.F.,.F.,(4,4),(0.536464547799025,1.),
 .PIECEWISE_BEZIER_KNOTS.);
#79=B_SPLINE_CURVE_WITH_KNOTS('',3,(#5928,#5929,#5930,#5931),
 .UNSPECIFIED.,.F.,.F.,(4,4),(0.536464547799025,1.),
 .PIECEWISE_BEZIER_KNOTS.);
#80=B_SPLINE_CURVE_WITH_KNOTS('',3,(#5940,#5941,#5942,#5943),
 .UNSPECIFIED.,.F.,.F.,(4,4),(0.,0.510307688768418),
 .PIECEWISE_BEZIER_KNOTS.);
#81=B_SPLINE_CURVE_WITH_KNOTS('',3,(#5944,#5945,#5946,#5947),
 .UNSPECIFIED.,.F.,.F.,(4,4),(0.,0.510307688768418),
 .PIECEWISE_BEZIER_KNOTS.);
#82=B_SPLINE_CURVE_WITH_KNOTS('',3,(#5975,#5976,#5977,#5978,#5979),
 .UNSPECIFIED.,.F.,.F.,(4,1,4),(0.514722415916661,0.945584109594446,0.994623291164609),
 .UNSPECIFIED.);
#83=B_SPLINE_CURVE_WITH_KNOTS('',3,(#5980,#5981,#5982,#5983,#5984),
 .UNSPECIFIED.,.F.,.F.,(4,1,4),(0.514722415916661,0.945584109594446,0.994623291164609),
 .UNSPECIFIED.);
#84=B_SPLINE_CURVE_WITH_KNOTS('',3,(#5986,#5987,#5988,#5989,#5990),
 .UNSPECIFIED.,.F.,.F.,(4,1,4),(0.514722415916662,0.945584109594448,0.994623291164165),
 .UNSPECIFIED.);
#85=B_SPLINE_CURVE_WITH_KNOTS('',3,(#5995,#5996,#5997,#5998,#5999),
 .UNSPECIFIED.,.F.,.F.,(4,1,4),(0.514722415916662,0.945584109594448,0.994623291164165),
 .UNSPECIFIED.);
#86=B_SPLINE_CURVE_WITH_KNOTS('',3,(#6029,#6030,#6031,#6032,#6033),
 .UNSPECIFIED.,.F.,.F.,(4,1,4),(0.,0.494367284534962,1.),.UNSPECIFIED.);
#87=B_SPLINE_CURVE_WITH_KNOTS('',3,(#6038,#6039,#6040,#6041,#6042),
 .UNSPECIFIED.,.F.,.F.,(4,1,4),(0.,0.494367284534962,1.),.UNSPECIFIED.);
#88=B_SPLINE_CURVE_WITH_KNOTS('',3,(#6053,#6054,#6055,#6056),
 .UNSPECIFIED.,.F.,.F.,(4,4),(0.,1.),.PIECEWISE_BEZIER_KNOTS.);
#89=B_SPLINE_CURVE_WITH_KNOTS('',3,(#6060,#6061,#6062,#6063),
 .UNSPECIFIED.,.F.,.F.,(4,4),(0.,1.),.PIECEWISE_BEZIER_KNOTS.);
#90=B_SPLINE_CURVE_WITH_KNOTS('',3,(#6086,#6087,#6088,#6089,#6090),
 .UNSPECIFIED.,.F.,.F.,(4,1,4),(0.00181528849021032,0.494367284534962,1.),
 .UNSPECIFIED.);
#91=B_SPLINE_CURVE_WITH_KNOTS('',3,(#6094,#6095,#6096,#6097,#6098),
 .UNSPECIFIED.,.F.,.F.,(4,1,4),(0.00181528849021032,0.494367284534962,1.),
 .UNSPECIFIED.);
#92=B_SPLINE_CURVE_WITH_KNOTS('',3,(#6107,#6108,#6109,#6110),
 .UNSPECIFIED.,.F.,.F.,(4,4),(0.,1.),.PIECEWISE_BEZIER_KNOTS.);
#93=B_SPLINE_CURVE_WITH_KNOTS('',3,(#6114,#6115,#6116,#6117),
 .UNSPECIFIED.,.F.,.F.,(4,4),(0.,1.),.PIECEWISE_BEZIER_KNOTS.);
#94=B_SPLINE_CURVE_WITH_KNOTS('',3,(#6142,#6143,#6144,#6145,#6146),
 .UNSPECIFIED.,.F.,.F.,(4,1,4),(0.116667271176936,0.494367284534961,1.),
 .UNSPECIFIED.);
#95=B_SPLINE_CURVE_WITH_KNOTS('',3,(#6150,#6151,#6152,#6153,#6154),
 .UNSPECIFIED.,.F.,.F.,(4,1,4),(0.116667271176936,0.494367284534961,1.),
 .UNSPECIFIED.);
#96=B_SPLINE_CURVE_WITH_KNOTS('',3,(#6163,#6164,#6165,#6166),
 .UNSPECIFIED.,.F.,.F.,(4,4),(0.,1.),.PIECEWISE_BEZIER_KNOTS.);
#97=B_SPLINE_CURVE_WITH_KNOTS('',3,(#6170,#6171,#6172,#6173),
 .UNSPECIFIED.,.F.,.F.,(4,4),(0.,1.),.PIECEWISE_BEZIER_KNOTS.);
#98=B_SPLINE_SURFACE_WITH_KNOTS('',3,1,((#5150,#5151),(#5152,#5153),(#5154,
#5155),(#5156,#5157)),.SURF_OF_LINEAR_EXTRUSION.,.F.,.F.,.F.,(4,4),(2,2),
(0.,0.195941762753936),(0.,1.),.PIECEWISE_BEZIER_KNOTS.);
#99=B_SPLINE_SURFACE_WITH_KNOTS('',3,1,((#5172,#5173),(#5174,#5175),(#5176,
#5177),(#5178,#5179)),.SURF_OF_LINEAR_EXTRUSION.,.F.,.F.,.F.,(4,4),(2,2),
(0.,1.),(0.,1.),.PIECEWISE_BEZIER_KNOTS.);
#100=B_SPLINE_SURFACE_WITH_KNOTS('',3,1,((#5194,#5195),(#5196,#5197),(#5198,
#5199),(#5200,#5201)),.SURF_OF_LINEAR_EXTRUSION.,.F.,.F.,.F.,(4,4),(2,2),
(0.,0.195941762750865),(0.,1.),.PIECEWISE_BEZIER_KNOTS.);
#101=B_SPLINE_SURFACE_WITH_KNOTS('',3,1,((#5216,#5217),(#5218,#5219),(#5220,
#5221),(#5222,#5223)),.SURF_OF_LINEAR_EXTRUSION.,.F.,.F.,.F.,(4,4),(2,2),
(0.,1.),(0.,1.),.PIECEWISE_BEZIER_KNOTS.);
#102=B_SPLINE_SURFACE_WITH_KNOTS('',3,1,((#5307,#5308),(#5309,#5310),(#5311,
#5312),(#5313,#5314)),.SURF_OF_LINEAR_EXTRUSION.,.F.,.F.,.F.,(4,4),(2,2),
(0.,0.363921801041467),(0.,1.),.PIECEWISE_BEZIER_KNOTS.);
#103=B_SPLINE_SURFACE_WITH_KNOTS('',3,1,((#5335,#5336),(#5337,#5338),(#5339,
#5340),(#5341,#5342)),.SURF_OF_LINEAR_EXTRUSION.,.F.,.F.,.F.,(4,4),(2,2),
(0.,0.363921801036774),(0.,1.),.PIECEWISE_BEZIER_KNOTS.);
#104=B_SPLINE_SURFACE_WITH_KNOTS('',3,1,((#5357,#5358),(#5359,#5360),(#5361,
#5362),(#5363,#5364)),.SURF_OF_LINEAR_EXTRUSION.,.F.,.F.,.F.,(4,4),(2,2),
(0.0722491098554317,0.358056621047703),(0.,1.),.PIECEWISE_BEZIER_KNOTS.);
#105=B_SPLINE_SURFACE_WITH_KNOTS('',3,1,((#5373,#5374),(#5375,#5376),(#5377,
#5378),(#5379,#5380)),.SURF_OF_LINEAR_EXTRUSION.,.F.,.F.,.F.,(4,4),(2,2),
(0.,1.),(0.,1.),.PIECEWISE_BEZIER_KNOTS.);
#106=B_SPLINE_SURFACE_WITH_KNOTS('',3,1,((#5395,#5396),(#5397,#5398),(#5399,
#5400),(#5401,#5402)),.SURF_OF_LINEAR_EXTRUSION.,.F.,.F.,.F.,(4,4),(2,2),
(0.,1.),(0.,1.),.PIECEWISE_BEZIER_KNOTS.);
#107=B_SPLINE_SURFACE_WITH_KNOTS('',3,1,((#5414,#5415),(#5416,#5417),(#5418,
#5419),(#5420,#5421)),.SURF_OF_LINEAR_EXTRUSION.,.F.,.F.,.F.,(4,4),(2,2),
(0.0722491099739679,0.358056621032705),(0.,1.),.PIECEWISE_BEZIER_KNOTS.);
#108=B_SPLINE_SURFACE_WITH_KNOTS('',3,1,((#5430,#5431),(#5432,#5433),(#5434,
#5435),(#5436,#5437)),.SURF_OF_LINEAR_EXTRUSION.,.F.,.F.,.F.,(4,4),(2,2),
(0.404033924540749,1.),(0.,1.),.PIECEWISE_BEZIER_KNOTS.);
#109=B_SPLINE_SURFACE_WITH_KNOTS('',3,1,((#5449,#5450),(#5451,#5452),(#5453,
#5454),(#5455,#5456)),.SURF_OF_LINEAR_EXTRUSION.,.F.,.F.,.F.,(4,4),(2,2),
(0.,0.526332650864957),(0.,1.),.PIECEWISE_BEZIER_KNOTS.);
#110=B_SPLINE_SURFACE_WITH_KNOTS('',3,1,((#5465,#5466),(#5467,#5468),(#5469,
#5470),(#5471,#5472)),.SURF_OF_LINEAR_EXTRUSION.,.F.,.F.,.F.,(4,4),(2,2),
(0.,0.494225064059572),(0.,1.),.PIECEWISE_BEZIER_KNOTS.);
#111=B_SPLINE_SURFACE_WITH_KNOTS('',3,1,((#5484,#5485),(#5486,#5487),(#5488,
#5489),(#5490,#5491)),.SURF_OF_LINEAR_EXTRUSION.,.F.,.F.,.F.,(4,4),(2,2),
(0.233323656059907,1.),(0.,1.),.PIECEWISE_BEZIER_KNOTS.);
#112=B_SPLINE_SURFACE_WITH_KNOTS('',3,1,((#5503,#5504),(#5505,#5506),(#5507,
#5508),(#5509,#5510)),.SURF_OF_LINEAR_EXTRUSION.,.F.,.F.,.F.,(4,4),(2,2),
(0.750639566702473,1.),(0.,1.),.PIECEWISE_BEZIER_KNOTS.);
#113=B_SPLINE_SURFACE_WITH_KNOTS('',3,1,((#5522,#5523),(#5524,#5525),(#5526,
#5527),(#5528,#5529)),.SURF_OF_LINEAR_EXTRUSION.,.F.,.F.,.F.,(4,4),(2,2),
(0.750639566702474,1.),(0.,1.),.PIECEWISE_BEZIER_KNOTS.);
#114=B_SPLINE_SURFACE_WITH_KNOTS('',3,1,((#5538,#5539),(#5540,#5541),(#5542,
#5543),(#5544,#5545)),.SURF_OF_LINEAR_EXTRUSION.,.F.,.F.,.F.,(4,4),(2,2),
(0.233323656059896,1.),(0.,1.),.PIECEWISE_BEZIER_KNOTS.);
#115=B_SPLINE_SURFACE_WITH_KNOTS('',3,1,((#5560,#5561),(#5562,#5563),(#5564,
#5565),(#5566,#5567)),.SURF_OF_LINEAR_EXTRUSION.,.F.,.F.,.F.,(4,4),(2,2),
(0.,0.494225064059572),(0.,1.),.PIECEWISE_BEZIER_KNOTS.);
#116=B_SPLINE_SURFACE_WITH_KNOTS('',3,1,((#5576,#5577),(#5578,#5579),(#5580,
#5581),(#5582,#5583)),.SURF_OF_LINEAR_EXTRUSION.,.F.,.F.,.F.,(4,4),(2,2),
(0.,0.526332650724961),(0.,1.),.PIECEWISE_BEZIER_KNOTS.);
#117=B_SPLINE_SURFACE_WITH_KNOTS('',3,1,((#5595,#5596),(#5597,#5598),(#5599,
#5600),(#5601,#5602)),.SURF_OF_LINEAR_EXTRUSION.,.F.,.F.,.F.,(4,4),(2,2),
(0.404033924540746,1.),(0.,1.),.PIECEWISE_BEZIER_KNOTS.);
#118=B_SPLINE_SURFACE_WITH_KNOTS('',3,1,((#5611,#5612),(#5613,#5614),(#5615,
#5616),(#5617,#5618)),.SURF_OF_LINEAR_EXTRUSION.,.F.,.F.,.F.,(4,4),(2,2),
(0.,0.285253425716587),(0.,1.),.PIECEWISE_BEZIER_KNOTS.);
#119=B_SPLINE_SURFACE_WITH_KNOTS('',3,1,((#5642,#5643),(#5644,#5645),(#5646,
#5647),(#5648,#5649)),.SURF_OF_LINEAR_EXTRUSION.,.F.,.F.,.F.,(4,4),(2,2),
(0.,0.285253425716587),(0.,1.),.PIECEWISE_BEZIER_KNOTS.);
#120=B_SPLINE_SURFACE_WITH_KNOTS('',3,1,((#5652,#5653),(#5654,#5655),(#5656,
#5657),(#5658,#5659)),.SURF_OF_LINEAR_EXTRUSION.,.F.,.F.,.F.,(4,4),(2,2),
(0.78529768387132,1.),(0.,1.),.PIECEWISE_BEZIER_KNOTS.);
#121=B_SPLINE_SURFACE_WITH_KNOTS('',3,1,((#5692,#5693),(#5694,#5695),(#5696,
#5697),(#5698,#5699)),.SURF_OF_LINEAR_EXTRUSION.,.F.,.F.,.F.,(4,4),(2,2),
(0.785297683871323,1.),(0.,1.),.PIECEWISE_BEZIER_KNOTS.);
#122=B_SPLINE_SURFACE_WITH_KNOTS('',3,1,((#5714,#5715),(#5716,#5717),(#5718,
#5719),(#5720,#5721)),.SURF_OF_LINEAR_EXTRUSION.,.F.,.F.,.F.,(4,4),(2,2),
(0.,0.346338486474826),(0.,1.),.PIECEWISE_BEZIER_KNOTS.);
#123=B_SPLINE_SURFACE_WITH_KNOTS('',3,1,((#5733,#5734),(#5735,#5736),(#5737,
#5738),(#5739,#5740)),.SURF_OF_LINEAR_EXTRUSION.,.F.,.F.,.F.,(4,4),(2,2),
(0.,0.346338486281999),(0.,1.),.PIECEWISE_BEZIER_KNOTS.);
#124=B_SPLINE_SURFACE_WITH_KNOTS('',3,1,((#5749,#5750),(#5751,#5752),(#5753,
#5754),(#5755,#5756)),.SURF_OF_LINEAR_EXTRUSION.,.F.,.F.,.F.,(4,4),(2,2),
(0.690111851517585,1.),(0.,1.),.PIECEWISE_BEZIER_KNOTS.);
#125=B_SPLINE_SURFACE_WITH_KNOTS('',3,1,((#5771,#5772),(#5773,#5774),(#5775,
#5776),(#5777,#5778)),.SURF_OF_LINEAR_EXTRUSION.,.F.,.F.,.F.,(4,4),(2,2),
(0.,0.334334208045967),(0.,1.),.PIECEWISE_BEZIER_KNOTS.);
#126=B_SPLINE_SURFACE_WITH_KNOTS('',3,1,((#5790,#5791),(#5792,#5793),(#5794,
#5795),(#5796,#5797)),.SURF_OF_LINEAR_EXTRUSION.,.F.,.F.,.F.,(4,4),(2,2),
(0.5277383483406,1.),(0.,1.),.PIECEWISE_BEZIER_KNOTS.);
#127=B_SPLINE_SURFACE_WITH_KNOTS('',3,1,((#5809,#5810),(#5811,#5812),(#5813,
#5814),(#5815,#5816)),.SURF_OF_LINEAR_EXTRUSION.,.F.,.F.,.F.,(4,4),(2,2),
(0.527738348340593,1.),(0.,1.),.PIECEWISE_BEZIER_KNOTS.);
#128=B_SPLINE_SURFACE_WITH_KNOTS('',3,1,((#5828,#5829),(#5830,#5831),(#5832,
#5833),(#5834,#5835)),.SURF_OF_LINEAR_EXTRUSION.,.F.,.F.,.F.,(4,4),(2,2),
(0.,0.334334208045969),(0.,1.),.PIECEWISE_BEZIER_KNOTS.);
#129=B_SPLINE_SURFACE_WITH_KNOTS('',3,1,((#5859,#5860),(#5861,#5862),(#5863,
#5864),(#5865,#5866)),.SURF_OF_LINEAR_EXTRUSION.,.F.,.F.,.F.,(4,4),(2,2),
(0.690111851541293,1.),(0.,1.),.PIECEWISE_BEZIER_KNOTS.);
#130=B_SPLINE_SURFACE_WITH_KNOTS('',3,1,((#5878,#5879),(#5880,#5881),(#5882,
#5883),(#5884,#5885)),.SURF_OF_LINEAR_EXTRUSION.,.F.,.F.,.F.,(4,4),(2,2),
(0.536464547799019,1.),(0.,1.),.PIECEWISE_BEZIER_KNOTS.);
#131=B_SPLINE_SURFACE_WITH_KNOTS('',3,1,((#5897,#5898),(#5899,#5900),(#5901,
#5902),(#5903,#5904)),.SURF_OF_LINEAR_EXTRUSION.,.F.,.F.,.F.,(4,4),(2,2),
(0.,0.510307688921304),(0.,1.),.PIECEWISE_BEZIER_KNOTS.);
#132=B_SPLINE_SURFACE_WITH_KNOTS('',3,1,((#5913,#5914),(#5915,#5916),(#5917,
#5918),(#5919,#5920)),.SURF_OF_LINEAR_EXTRUSION.,.F.,.F.,.F.,(4,4),(2,2),
(0.536464547799025,1.),(0.,1.),.PIECEWISE_BEZIER_KNOTS.);
#133=B_SPLINE_SURFACE_WITH_KNOTS('',3,1,((#5932,#5933),(#5934,#5935),(#5936,
#5937),(#5938,#5939)),.SURF_OF_LINEAR_EXTRUSION.,.F.,.F.,.F.,(4,4),(2,2),
(0.,0.510307688768418),(0.,1.),.PIECEWISE_BEZIER_KNOTS.);
#134=B_SPLINE_SURFACE_WITH_KNOTS('',3,1,((#5963,#5964),(#5965,#5966),(#5967,
#5968),(#5969,#5970),(#5971,#5972),(#5973,#5974)),
 .SURF_OF_LINEAR_EXTRUSION.,.F.,.F.,.F.,(4,1,1,4),(2,2),(0.514722415916661,
0.754672853540635,0.874648072352622,0.994623291164609),(0.,1.),
 .UNSPECIFIED.);
#135=B_SPLINE_SURFACE_WITH_KNOTS('',3,1,((#6006,#6007),(#6008,#6009),(#6010,
#6011),(#6012,#6013),(#6014,#6015),(#6016,#6017)),
 .SURF_OF_LINEAR_EXTRUSION.,.F.,.F.,.F.,(4,1,1,4),(2,2),(0.514722415916662,
0.754672853540413,0.874648072352289,0.994623291164165),(0.,1.),
 .UNSPECIFIED.);
#136=B_SPLINE_SURFACE_WITH_KNOTS('',3,1,((#6019,#6020),(#6021,#6022),(#6023,
#6024),(#6025,#6026),(#6027,#6028)),.SURF_OF_LINEAR_EXTRUSION.,.F.,.F.,
 .F.,(4,1,4),(2,2),(0.,0.5,1.),(0.,1.),.UNSPECIFIED.);
#137=B_SPLINE_SURFACE_WITH_KNOTS('',3,1,((#6045,#6046),(#6047,#6048),(#6049,
#6050),(#6051,#6052)),.SURF_OF_LINEAR_EXTRUSION.,.F.,.F.,.F.,(4,4),(2,2),
(0.,1.),(0.,1.),.PIECEWISE_BEZIER_KNOTS.);
#138=B_SPLINE_SURFACE_WITH_KNOTS('',3,1,((#6076,#6077),(#6078,#6079),(#6080,
#6081),(#6082,#6083),(#6084,#6085)),.SURF_OF_LINEAR_EXTRUSION.,.F.,.F.,
 .F.,(4,1,4),(2,2),(0.00181528849021032,0.500907644245105,1.),(0.,1.),
 .UNSPECIFIED.);
#139=B_SPLINE_SURFACE_WITH_KNOTS('',3,1,((#6099,#6100),(#6101,#6102),(#6103,
#6104),(#6105,#6106)),.SURF_OF_LINEAR_EXTRUSION.,.F.,.F.,.F.,(4,4),(2,2),
(0.,1.),(0.,1.),.PIECEWISE_BEZIER_KNOTS.);
#140=B_SPLINE_SURFACE_WITH_KNOTS('',3,1,((#6130,#6131),(#6132,#6133),(#6134,
#6135),(#6136,#6137),(#6138,#6139),(#6140,#6141)),
 .SURF_OF_LINEAR_EXTRUSION.,.F.,.F.,.F.,(4,1,1,4),(2,2),(0.116667271176936,
0.337500453382702,0.558333635588468,1.),(0.,1.),.UNSPECIFIED.);
#141=B_SPLINE_SURFACE_WITH_KNOTS('',3,1,((#6155,#6156),(#6157,#6158),(#6159,
#6160),(#6161,#6162)),.SURF_OF_LINEAR_EXTRUSION.,.F.,.F.,.F.,(4,4),(2,2),
(0.,1.),(0.,1.),.PIECEWISE_BEZIER_KNOTS.);
#142=LINE('',#5100,#339);
#143=LINE('',#5104,#340);
#144=LINE('',#5109,#341);
#145=LINE('',#5113,#342);
#146=LINE('',#5118,#343);
#147=LINE('',#5122,#344);
#148=LINE('',#5127,#345);
#149=LINE('',#5131,#346);
#150=LINE('',#5136,#347);
#151=LINE('',#5140,#348);
#152=LINE('',#5145,#349);
#153=LINE('',#5149,#350);
#154=LINE('',#5164,#351);
#155=LINE('',#5171,#352);
#156=LINE('',#5186,#353);
#157=LINE('',#5193,#354);
#158=LINE('',#5208,#355);
#159=LINE('',#5215,#356);
#160=LINE('',#5230,#357);
#161=LINE('',#5237,#358);
#162=LINE('',#5242,#359);
#163=LINE('',#5246,#360);
#164=LINE('',#5250,#361);
#165=LINE('',#5258,#362);
#166=LINE('',#5263,#363);
#167=LINE('',#5267,#364);
#168=LINE('',#5272,#365);
#169=LINE('',#5276,#366);
#170=LINE('',#5282,#367);
#171=LINE('',#5287,#368);
#172=LINE('',#5291,#369);
#173=LINE('',#5295,#370);
#174=LINE('',#5302,#371);
#175=LINE('',#5306,#372);
#176=LINE('',#5321,#373);
#177=LINE('',#5328,#374);
#178=LINE('',#5332,#375);
#179=LINE('',#5349,#376);
#180=LINE('',#5356,#377);
#181=LINE('',#5387,#378);
#182=LINE('',#5394,#379);
#183=LINE('',#5408,#380);
#184=LINE('',#5443,#381);
#185=LINE('',#5478,#382);
#186=LINE('',#5497,#383);
#187=LINE('',#5516,#384);
#188=LINE('',#5552,#385);
#189=LINE('',#5559,#386);
#190=LINE('',#5589,#387);
#191=LINE('',#5621,#388);
#192=LINE('',#5628,#389);
#193=LINE('',#5632,#390);
#194=LINE('',#5636,#391);
#195=LINE('',#5666,#392);
#196=LINE('',#5673,#393);
#197=LINE('',#5678,#394);
#198=LINE('',#5682,#395);
#199=LINE('',#5687,#396);
#200=LINE('',#5691,#397);
#201=LINE('',#5706,#398);
#202=LINE('',#5713,#399);
#203=LINE('',#5727,#400);
#204=LINE('',#5763,#401);
#205=LINE('',#5770,#402);
#206=LINE('',#5803,#403);
#207=LINE('',#5841,#404);
#208=LINE('',#5851,#405);
#209=LINE('',#5855,#406);
#210=LINE('',#5872,#407);
#211=LINE('',#5896,#408);
#212=LINE('',#5926,#409);
#213=LINE('',#6036,#410);
#214=LINE('',#6044,#411);
#215=LINE('',#6058,#412);
#216=LINE('',#6067,#413);
#217=LINE('',#6073,#414);
#218=LINE('',#6092,#415);
#219=LINE('',#6112,#416);
#220=LINE('',#6121,#417);
#221=LINE('',#6127,#418);
#222=LINE('',#6148,#419);
#223=LINE('',#6168,#420);
#224=LINE('',#6177,#421);
#225=LINE('',#6183,#422);
#226=LINE('',#6190,#423);
#227=LINE('',#6194,#424);
#228=LINE('',#6198,#425);
#229=LINE('',#6204,#426);
#230=LINE('',#6210,#427);
#231=LINE('',#6216,#428);
#232=LINE('',#6232,#429);
#233=LINE('',#6236,#430);
#234=LINE('',#6241,#431);
#235=LINE('',#6245,#432);
#236=LINE('',#6250,#433);
#237=LINE('',#6254,#434);
#238=LINE('',#6259,#435);
#239=LINE('',#6263,#436);
#240=LINE('',#6267,#437);
#241=LINE('',#6273,#438);
#242=LINE('',#6280,#439);
#243=LINE('',#6284,#440);
#244=LINE('',#6288,#441);
#245=LINE('',#6294,#442);
#246=LINE('',#6301,#443);
#247=LINE('',#6305,#444);
#248=LINE('',#6309,#445);
#249=LINE('',#6315,#446);
#250=LINE('',#6345,#447);
#251=LINE('',#6348,#448);
#252=LINE('',#6350,#449);
#253=LINE('',#6352,#450);
#254=LINE('',#6356,#451);
#255=LINE('',#6360,#452);
#256=LINE('',#6362,#453);
#257=LINE('',#6364,#454);
#258=LINE('',#6369,#455);
#259=LINE('',#6373,#456);
#260=LINE('',#6375,#457);
#261=LINE('',#6377,#458);
#262=LINE('',#6379,#459);
#263=LINE('',#6381,#460);
#264=LINE('',#6383,#461);
#265=LINE('',#6385,#462);
#266=LINE('',#6389,#463);
#267=LINE('',#6393,#464);
#268=LINE('',#6395,#465);
#269=LINE('',#6397,#466);
#270=LINE('',#6399,#467);
#271=LINE('',#6401,#468);
#272=LINE('',#6403,#469);
#273=LINE('',#6407,#470);
#274=LINE('',#6411,#471);
#275=LINE('',#6413,#472);
#276=LINE('',#6415,#473);
#277=LINE('',#6417,#474);
#278=LINE('',#6420,#475);
#279=LINE('',#6422,#476);
#280=LINE('',#6424,#477);
#281=LINE('',#6428,#478);
#282=LINE('',#6432,#479);
#283=LINE('',#6434,#480);
#284=LINE('',#6436,#481);
#285=LINE('',#6441,#482);
#286=LINE('',#6445,#483);
#287=LINE('',#6447,#484);
#288=LINE('',#6449,#485);
#289=LINE('',#6451,#486);
#290=LINE('',#6455,#487);
#291=LINE('',#6459,#488);
#292=LINE('',#6460,#489);
#293=LINE('',#6465,#490);
#294=LINE('',#6466,#491);
#295=LINE('',#6474,#492);
#296=LINE('',#6477,#493);
#297=LINE('',#6479,#494);
#298=LINE('',#6481,#495);
#299=LINE('',#6485,#496);
#300=LINE('',#6489,#497);
#301=LINE('',#6491,#498);
#302=LINE('',#6493,#499);
#303=LINE('',#6497,#500);
#304=LINE('',#6501,#501);
#305=LINE('',#6503,#502);
#306=LINE('',#6505,#503);
#307=LINE('',#6509,#504);
#308=LINE('',#6513,#505);
#309=LINE('',#6515,#506);
#310=LINE('',#6517,#507);
#311=LINE('',#6521,#508);
#312=LINE('',#6525,#509);
#313=LINE('',#6527,#510);
#314=LINE('',#6529,#511);
#315=LINE('',#6533,#512);
#316=LINE('',#6537,#513);
#317=LINE('',#6539,#514);
#318=LINE('',#6541,#515);
#319=LINE('',#6557,#516);
#320=LINE('',#6561,#517);
#321=LINE('',#6565,#518);
#322=LINE('',#6571,#519);
#323=LINE('',#6589,#520);
#324=LINE('',#6593,#521);
#325=LINE('',#6597,#522);
#326=LINE('',#6603,#523);
#327=LINE('',#6621,#524);
#328=LINE('',#6625,#525);
#329=LINE('',#6629,#526);
#330=LINE('',#6635,#527);
#331=LINE('',#6653,#528);
#332=LINE('',#6657,#529);
#333=LINE('',#6661,#530);
#334=LINE('',#6667,#531);
#335=LINE('',#6685,#532);
#336=LINE('',#6689,#533);
#337=LINE('',#6693,#534);
#338=LINE('',#6699,#535);
#339=VECTOR('',#4120,1.);
#340=VECTOR('',#4123,1.);
#341=VECTOR('',#4128,1.);
#342=VECTOR('',#4131,1.);
#343=VECTOR('',#4136,1.);
#344=VECTOR('',#4139,1.);
#345=VECTOR('',#4144,1.);
#346=VECTOR('',#4147,1.);
#347=VECTOR('',#4152,1.);
#348=VECTOR('',#4155,1.);
#349=VECTOR('',#4160,1.);
#350=VECTOR('',#4163,1.);
#351=VECTOR('',#4164,1.);
#352=VECTOR('',#4165,1.);
#353=VECTOR('',#4166,1.);
#354=VECTOR('',#4167,1.);
#355=VECTOR('',#4168,1.);
#356=VECTOR('',#4169,1.);
#357=VECTOR('',#4170,1.);
#358=VECTOR('',#4171,1.);
#359=VECTOR('',#4176,1.);
#360=VECTOR('',#4179,1.);
#361=VECTOR('',#4184,1.);
#362=VECTOR('',#4193,1.);
#363=VECTOR('',#4198,1.);
#364=VECTOR('',#4201,1.);
#365=VECTOR('',#4206,1.);
#366=VECTOR('',#4209,1.);
#367=VECTOR('',#4216,1.);
#368=VECTOR('',#4221,1.);
#369=VECTOR('',#4224,1.);
#370=VECTOR('',#4229,1.);
#371=VECTOR('',#4236,1.);
#372=VECTOR('',#4239,1.);
#373=VECTOR('',#4240,1.);
#374=VECTOR('',#4241,1.);
#375=VECTOR('',#4246,1.);
#376=VECTOR('',#4249,1.);
#377=VECTOR('',#4250,1.);
#378=VECTOR('',#4251,1.);
#379=VECTOR('',#4252,1.);
#380=VECTOR('',#4253,1.);
#381=VECTOR('',#4254,1.);
#382=VECTOR('',#4255,1.);
#383=VECTOR('',#4256,1.);
#384=VECTOR('',#4257,1.);
#385=VECTOR('',#4258,1.);
#386=VECTOR('',#4259,1.);
#387=VECTOR('',#4260,1.);
#388=VECTOR('',#4263,1.);
#389=VECTOR('',#4270,1.);
#390=VECTOR('',#4273,1.);
#391=VECTOR('',#4278,1.);
#392=VECTOR('',#4291,1.);
#393=VECTOR('',#4292,1.);
#394=VECTOR('',#4297,1.);
#395=VECTOR('',#4300,1.);
#396=VECTOR('',#4305,1.);
#397=VECTOR('',#4308,1.);
#398=VECTOR('',#4309,1.);
#399=VECTOR('',#4310,1.);
#400=VECTOR('',#4311,1.);
#401=VECTOR('',#4312,1.);
#402=VECTOR('',#4313,1.);
#403=VECTOR('',#4320,1.);
#404=VECTOR('',#4327,1.);
#405=VECTOR('',#4332,1.);
#406=VECTOR('',#4335,1.);
#407=VECTOR('',#4342,1.);
#408=VECTOR('',#4343,1.);
#409=VECTOR('',#4344,1.);
#410=VECTOR('',#4399,1.);
#411=VECTOR('',#4400,1.);
#412=VECTOR('',#4401,1.);
#413=VECTOR('',#4406,1.);
#414=VECTOR('',#4413,1.);
#415=VECTOR('',#4416,1.);
#416=VECTOR('',#4417,1.);
#417=VECTOR('',#4422,1.);
#418=VECTOR('',#4429,1.);
#419=VECTOR('',#4432,1.);
#420=VECTOR('',#4433,1.);
#421=VECTOR('',#4438,1.);
#422=VECTOR('',#4445,1.);
#423=VECTOR('',#4452,1.);
#424=VECTOR('',#4455,1.);
#425=VECTOR('',#4460,1.);
#426=VECTOR('',#4467,1.);
#427=VECTOR('',#4474,1.);
#428=VECTOR('',#4481,1.);
#429=VECTOR('',#4506,1.);
#430=VECTOR('',#4509,1.);
#431=VECTOR('',#4514,1.);
#432=VECTOR('',#4517,1.);
#433=VECTOR('',#4522,1.);
#434=VECTOR('',#4525,1.);
#435=VECTOR('',#4530,1.);
#436=VECTOR('',#4533,1.);
#437=VECTOR('',#4538,1.);
#438=VECTOR('',#4545,1.);
#439=VECTOR('',#4552,1.);
#440=VECTOR('',#4555,1.);
#441=VECTOR('',#4560,1.);
#442=VECTOR('',#4567,1.);
#443=VECTOR('',#4574,1.);
#444=VECTOR('',#4577,1.);
#445=VECTOR('',#4582,1.);
#446=VECTOR('',#4589,1.);
#447=VECTOR('',#4642,1.);
#448=VECTOR('',#4643,1.);
#449=VECTOR('',#4644,1.);
#450=VECTOR('',#4645,1.);
#451=VECTOR('',#4650,1.);
#452=VECTOR('',#4655,1.);
#453=VECTOR('',#4656,1.);
#454=VECTOR('',#4657,1.);
#455=VECTOR('',#4662,1.);
#456=VECTOR('',#4665,1.);
#457=VECTOR('',#4668,1.);
#458=VECTOR('',#4669,1.);
#459=VECTOR('',#4670,1.);
#460=VECTOR('',#4673,1.);
#461=VECTOR('',#4674,1.);
#462=VECTOR('',#4675,1.);
#463=VECTOR('',#4680,1.);
#464=VECTOR('',#4685,1.);
#465=VECTOR('',#4686,1.);
#466=VECTOR('',#4687,1.);
#467=VECTOR('',#4690,1.);
#468=VECTOR('',#4691,1.);
#469=VECTOR('',#4692,1.);
#470=VECTOR('',#4697,1.);
#471=VECTOR('',#4702,1.);
#472=VECTOR('',#4703,1.);
#473=VECTOR('',#4704,1.);
#474=VECTOR('',#4707,1.);
#475=VECTOR('',#4708,1.);
#476=VECTOR('',#4709,1.);
#477=VECTOR('',#4710,1.);
#478=VECTOR('',#4715,1.);
#479=VECTOR('',#4720,1.);
#480=VECTOR('',#4721,1.);
#481=VECTOR('',#4722,1.);
#482=VECTOR('',#4727,1.);
#483=VECTOR('',#4730,1.);
#484=VECTOR('',#4733,1.);
#485=VECTOR('',#4734,1.);
#486=VECTOR('',#4735,1.);
#487=VECTOR('',#4740,1.);
#488=VECTOR('',#4745,1.);
#489=VECTOR('',#4746,1.);
#490=VECTOR('',#4755,1.);
#491=VECTOR('',#4756,1.);
#492=VECTOR('',#4771,1.);
#493=VECTOR('',#4772,1.);
#494=VECTOR('',#4773,1.);
#495=VECTOR('',#4774,1.);
#496=VECTOR('',#4779,1.);
#497=VECTOR('',#4784,1.);
#498=VECTOR('',#4785,1.);
#499=VECTOR('',#4786,1.);
#500=VECTOR('',#4791,1.);
#501=VECTOR('',#4796,1.);
#502=VECTOR('',#4797,1.);
#503=VECTOR('',#4798,1.);
#504=VECTOR('',#4803,1.);
#505=VECTOR('',#4808,1.);
#506=VECTOR('',#4809,1.);
#507=VECTOR('',#4810,1.);
#508=VECTOR('',#4815,1.);
#509=VECTOR('',#4820,1.);
#510=VECTOR('',#4821,1.);
#511=VECTOR('',#4822,1.);
#512=VECTOR('',#4827,1.);
#513=VECTOR('',#4832,1.);
#514=VECTOR('',#4833,1.);
#515=VECTOR('',#4834,1.);
#516=VECTOR('',#4857,1.);
#517=VECTOR('',#4860,1.);
#518=VECTOR('',#4865,1.);
#519=VECTOR('',#4872,1.);
#520=VECTOR('',#4897,1.);
#521=VECTOR('',#4900,1.);
#522=VECTOR('',#4905,1.);
#523=VECTOR('',#4912,1.);
#524=VECTOR('',#4937,1.);
#525=VECTOR('',#4940,1.);
#526=VECTOR('',#4945,1.);
#527=VECTOR('',#4952,1.);
#528=VECTOR('',#4977,1.);
#529=VECTOR('',#4980,1.);
#530=VECTOR('',#4985,1.);
#531=VECTOR('',#4992,1.);
#532=VECTOR('',#5017,1.);
#533=VECTOR('',#5020,1.);
#534=VECTOR('',#5025,1.);
#535=VECTOR('',#5032,1.);
#536=SHAPE_REPRESENTATION_RELATIONSHIP('','',#3695,#549);
#537=SHAPE_REPRESENTATION_RELATIONSHIP('','',#3696,#550);
#538=SHAPE_REPRESENTATION_RELATIONSHIP('','',#3697,#551);
#539=SHAPE_REPRESENTATION_RELATIONSHIP('','',#3698,#552);
#540=SHAPE_REPRESENTATION_RELATIONSHIP('','',#3699,#553);
#541=SHAPE_REPRESENTATION_RELATIONSHIP('','',#3700,#554);
#542=SHAPE_REPRESENTATION_RELATIONSHIP('','',#3701,#555);
#543=SHAPE_REPRESENTATION_RELATIONSHIP('','',#3702,#556);
#544=SHAPE_REPRESENTATION_RELATIONSHIP('','',#3703,#557);
#545=SHAPE_REPRESENTATION_RELATIONSHIP('','',#3704,#558);
#546=SHAPE_REPRESENTATION_RELATIONSHIP('','',#3705,#559);
#547=SHAPE_REPRESENTATION_RELATIONSHIP('','',#3706,#560);
#548=SHAPE_REPRESENTATION_RELATIONSHIP('','',#3707,#561);
#549=ADVANCED_BREP_SHAPE_REPRESENTATION('',(#3669),#6751);
#550=ADVANCED_BREP_SHAPE_REPRESENTATION('',(#3670),#6752);
#551=ADVANCED_BREP_SHAPE_REPRESENTATION('',(#3671),#6753);
#552=ADVANCED_BREP_SHAPE_REPRESENTATION('',(#3672),#6754);
#553=ADVANCED_BREP_SHAPE_REPRESENTATION('',(#3673),#6755);
#554=ADVANCED_BREP_SHAPE_REPRESENTATION('',(#3674),#6756);
#555=ADVANCED_BREP_SHAPE_REPRESENTATION('',(#3675),#6757);
#556=ADVANCED_BREP_SHAPE_REPRESENTATION('',(#3676),#6758);
#557=ADVANCED_BREP_SHAPE_REPRESENTATION('',(#3677),#6759);
#558=ADVANCED_BREP_SHAPE_REPRESENTATION('',(#3678),#6760);
#559=ADVANCED_BREP_SHAPE_REPRESENTATION('',(#3679),#6761);
#560=ADVANCED_BREP_SHAPE_REPRESENTATION('',(#3680),#6762);
#561=ADVANCED_BREP_SHAPE_REPRESENTATION('',(#3681),#6763);
#562=PLANE('',#3712);
#563=PLANE('',#3713);
#564=PLANE('',#3809);
#565=PLANE('',#3813);
#566=PLANE('',#3860);
#567=PLANE('',#3861);
#568=PLANE('',#3920);
#569=PLANE('',#3921);
#570=PLANE('',#3923);
#571=PLANE('',#3927);
#572=PLANE('',#3931);
#573=PLANE('',#3932);
#574=PLANE('',#3936);
#575=PLANE('',#3937);
#576=PLANE('',#3941);
#577=PLANE('',#3942);
#578=PLANE('',#3946);
#579=PLANE('',#3950);
#580=PLANE('',#3954);
#581=PLANE('',#3958);
#582=PLANE('',#3962);
#583=PLANE('',#3963);
#584=PLANE('',#3965);
#585=PLANE('',#3969);
#586=PLANE('',#3973);
#587=PLANE('',#3977);
#588=PLANE('',#3981);
#589=PLANE('',#3985);
#590=PLANE('',#3992);
#591=PLANE('',#3993);
#592=PLANE('',#4010);
#593=PLANE('',#4011);
#594=PLANE('',#4028);
#595=PLANE('',#4029);
#596=PLANE('',#4046);
#597=PLANE('',#4047);
#598=PLANE('',#4064);
#599=PLANE('',#4065);
#600=PLANE('',#4082);
#601=PLANE('',#4083);
#602=PLANE('',#4091);
#603=PLANE('',#4092);
#604=PLANE('',#4100);
#605=PLANE('',#4101);
#606=ORIENTED_EDGE('',*,*,#1620,.F.);
#607=ORIENTED_EDGE('',*,*,#1621,.T.);
#608=ORIENTED_EDGE('',*,*,#1620,.T.);
#609=ORIENTED_EDGE('',*,*,#1621,.F.);
#610=ORIENTED_EDGE('',*,*,#1622,.T.);
#611=ORIENTED_EDGE('',*,*,#1623,.F.);
#612=ORIENTED_EDGE('',*,*,#1624,.F.);
#613=ORIENTED_EDGE('',*,*,#1625,.T.);
#614=ORIENTED_EDGE('',*,*,#1626,.F.);
#615=ORIENTED_EDGE('',*,*,#1627,.F.);
#616=ORIENTED_EDGE('',*,*,#1628,.T.);
#617=ORIENTED_EDGE('',*,*,#1629,.T.);
#618=ORIENTED_EDGE('',*,*,#1630,.F.);
#619=ORIENTED_EDGE('',*,*,#1631,.F.);
#620=ORIENTED_EDGE('',*,*,#1632,.T.);
#621=ORIENTED_EDGE('',*,*,#1633,.T.);
#622=ORIENTED_EDGE('',*,*,#1634,.T.);
#623=ORIENTED_EDGE('',*,*,#1635,.F.);
#624=ORIENTED_EDGE('',*,*,#1636,.F.);
#625=ORIENTED_EDGE('',*,*,#1637,.T.);
#626=ORIENTED_EDGE('',*,*,#1638,.T.);
#627=ORIENTED_EDGE('',*,*,#1639,.F.);
#628=ORIENTED_EDGE('',*,*,#1640,.F.);
#629=ORIENTED_EDGE('',*,*,#1641,.T.);
#630=ORIENTED_EDGE('',*,*,#1642,.F.);
#631=ORIENTED_EDGE('',*,*,#1643,.F.);
#632=ORIENTED_EDGE('',*,*,#1644,.T.);
#633=ORIENTED_EDGE('',*,*,#1645,.T.);
#634=ORIENTED_EDGE('',*,*,#1646,.F.);
#635=ORIENTED_EDGE('',*,*,#1647,.F.);
#636=ORIENTED_EDGE('',*,*,#1648,.T.);
#637=ORIENTED_EDGE('',*,*,#1649,.T.);
#638=ORIENTED_EDGE('',*,*,#1650,.T.);
#639=ORIENTED_EDGE('',*,*,#1651,.F.);
#640=ORIENTED_EDGE('',*,*,#1652,.F.);
#641=ORIENTED_EDGE('',*,*,#1653,.T.);
#642=ORIENTED_EDGE('',*,*,#1654,.T.);
#643=ORIENTED_EDGE('',*,*,#1655,.F.);
#644=ORIENTED_EDGE('',*,*,#1656,.F.);
#645=ORIENTED_EDGE('',*,*,#1657,.T.);
#646=ORIENTED_EDGE('',*,*,#1658,.F.);
#647=ORIENTED_EDGE('',*,*,#1659,.F.);
#648=ORIENTED_EDGE('',*,*,#1660,.T.);
#649=ORIENTED_EDGE('',*,*,#1661,.T.);
#650=ORIENTED_EDGE('',*,*,#1662,.F.);
#651=ORIENTED_EDGE('',*,*,#1663,.F.);
#652=ORIENTED_EDGE('',*,*,#1664,.T.);
#653=ORIENTED_EDGE('',*,*,#1665,.T.);
#654=ORIENTED_EDGE('',*,*,#1666,.F.);
#655=ORIENTED_EDGE('',*,*,#1667,.F.);
#656=ORIENTED_EDGE('',*,*,#1668,.T.);
#657=ORIENTED_EDGE('',*,*,#1627,.T.);
#658=ORIENTED_EDGE('',*,*,#1669,.T.);
#659=ORIENTED_EDGE('',*,*,#1625,.F.);
#660=ORIENTED_EDGE('',*,*,#1670,.F.);
#661=ORIENTED_EDGE('',*,*,#1671,.T.);
#662=ORIENTED_EDGE('',*,*,#1672,.T.);
#663=ORIENTED_EDGE('',*,*,#1673,.F.);
#664=ORIENTED_EDGE('',*,*,#1674,.F.);
#665=ORIENTED_EDGE('',*,*,#1675,.T.);
#666=ORIENTED_EDGE('',*,*,#1676,.F.);
#667=ORIENTED_EDGE('',*,*,#1677,.F.);
#668=ORIENTED_EDGE('',*,*,#1678,.T.);
#669=ORIENTED_EDGE('',*,*,#1679,.T.);
#670=ORIENTED_EDGE('',*,*,#1680,.F.);
#671=ORIENTED_EDGE('',*,*,#1671,.F.);
#672=ORIENTED_EDGE('',*,*,#1681,.T.);
#673=ORIENTED_EDGE('',*,*,#1682,.T.);
#674=ORIENTED_EDGE('',*,*,#1683,.T.);
#675=ORIENTED_EDGE('',*,*,#1684,.F.);
#676=ORIENTED_EDGE('',*,*,#1685,.F.);
#677=ORIENTED_EDGE('',*,*,#1686,.T.);
#678=ORIENTED_EDGE('',*,*,#1687,.T.);
#679=ORIENTED_EDGE('',*,*,#1688,.F.);
#680=ORIENTED_EDGE('',*,*,#1689,.F.);
#681=ORIENTED_EDGE('',*,*,#1667,.T.);
#682=ORIENTED_EDGE('',*,*,#1690,.T.);
#683=ORIENTED_EDGE('',*,*,#1691,.F.);
#684=ORIENTED_EDGE('',*,*,#1692,.F.);
#685=ORIENTED_EDGE('',*,*,#1693,.T.);
#686=ORIENTED_EDGE('',*,*,#1694,.T.);
#687=ORIENTED_EDGE('',*,*,#1695,.F.);
#688=ORIENTED_EDGE('',*,*,#1696,.F.);
#689=ORIENTED_EDGE('',*,*,#1697,.T.);
#690=ORIENTED_EDGE('',*,*,#1698,.F.);
#691=ORIENTED_EDGE('',*,*,#1699,.F.);
#692=ORIENTED_EDGE('',*,*,#1700,.T.);
#693=ORIENTED_EDGE('',*,*,#1691,.T.);
#694=ORIENTED_EDGE('',*,*,#1701,.F.);
#695=ORIENTED_EDGE('',*,*,#1702,.F.);
#696=ORIENTED_EDGE('',*,*,#1703,.T.);
#697=ORIENTED_EDGE('',*,*,#1704,.T.);
#698=ORIENTED_EDGE('',*,*,#1705,.T.);
#699=ORIENTED_EDGE('',*,*,#1641,.F.);
#700=ORIENTED_EDGE('',*,*,#1706,.F.);
#701=ORIENTED_EDGE('',*,*,#1702,.T.);
#702=ORIENTED_EDGE('',*,*,#1707,.F.);
#703=ORIENTED_EDGE('',*,*,#1708,.F.);
#704=ORIENTED_EDGE('',*,*,#1709,.T.);
#705=ORIENTED_EDGE('',*,*,#1710,.T.);
#706=ORIENTED_EDGE('',*,*,#1711,.T.);
#707=ORIENTED_EDGE('',*,*,#1712,.F.);
#708=ORIENTED_EDGE('',*,*,#1713,.F.);
#709=ORIENTED_EDGE('',*,*,#1708,.T.);
#710=ORIENTED_EDGE('',*,*,#1714,.F.);
#711=ORIENTED_EDGE('',*,*,#1697,.F.);
#712=ORIENTED_EDGE('',*,*,#1715,.T.);
#713=ORIENTED_EDGE('',*,*,#1631,.T.);
#714=ORIENTED_EDGE('',*,*,#1716,.T.);
#715=ORIENTED_EDGE('',*,*,#1717,.F.);
#716=ORIENTED_EDGE('',*,*,#1718,.F.);
#717=ORIENTED_EDGE('',*,*,#1643,.T.);
#718=ORIENTED_EDGE('',*,*,#1719,.T.);
#719=ORIENTED_EDGE('',*,*,#1665,.F.);
#720=ORIENTED_EDGE('',*,*,#1720,.F.);
#721=ORIENTED_EDGE('',*,*,#1717,.T.);
#722=ORIENTED_EDGE('',*,*,#1721,.F.);
#723=ORIENTED_EDGE('',*,*,#1722,.F.);
#724=ORIENTED_EDGE('',*,*,#1723,.T.);
#725=ORIENTED_EDGE('',*,*,#1684,.T.);
#726=ORIENTED_EDGE('',*,*,#1724,.F.);
#727=ORIENTED_EDGE('',*,*,#1725,.F.);
#728=ORIENTED_EDGE('',*,*,#1726,.T.);
#729=ORIENTED_EDGE('',*,*,#1722,.T.);
#730=ORIENTED_EDGE('',*,*,#1727,.T.);
#731=ORIENTED_EDGE('',*,*,#1728,.F.);
#732=ORIENTED_EDGE('',*,*,#1729,.F.);
#733=ORIENTED_EDGE('',*,*,#1651,.T.);
#734=ORIENTED_EDGE('',*,*,#1730,.F.);
#735=ORIENTED_EDGE('',*,*,#1661,.F.);
#736=ORIENTED_EDGE('',*,*,#1731,.T.);
#737=ORIENTED_EDGE('',*,*,#1728,.T.);
#738=ORIENTED_EDGE('',*,*,#1732,.T.);
#739=ORIENTED_EDGE('',*,*,#1733,.F.);
#740=ORIENTED_EDGE('',*,*,#1734,.F.);
#741=ORIENTED_EDGE('',*,*,#1735,.T.);
#742=ORIENTED_EDGE('',*,*,#1736,.T.);
#743=ORIENTED_EDGE('',*,*,#1679,.F.);
#744=ORIENTED_EDGE('',*,*,#1737,.F.);
#745=ORIENTED_EDGE('',*,*,#1733,.T.);
#746=ORIENTED_EDGE('',*,*,#1738,.F.);
#747=ORIENTED_EDGE('',*,*,#1739,.F.);
#748=ORIENTED_EDGE('',*,*,#1740,.T.);
#749=ORIENTED_EDGE('',*,*,#1673,.T.);
#750=ORIENTED_EDGE('',*,*,#1741,.F.);
#751=ORIENTED_EDGE('',*,*,#1637,.F.);
#752=ORIENTED_EDGE('',*,*,#1742,.T.);
#753=ORIENTED_EDGE('',*,*,#1739,.T.);
#754=ORIENTED_EDGE('',*,*,#1743,.F.);
#755=ORIENTED_EDGE('',*,*,#1744,.F.);
#756=ORIENTED_EDGE('',*,*,#1745,.T.);
#757=ORIENTED_EDGE('',*,*,#1712,.T.);
#758=ORIENTED_EDGE('',*,*,#1746,.T.);
#759=ORIENTED_EDGE('',*,*,#1747,.F.);
#760=ORIENTED_EDGE('',*,*,#1748,.F.);
#761=ORIENTED_EDGE('',*,*,#1749,.T.);
#762=ORIENTED_EDGE('',*,*,#1750,.T.);
#763=ORIENTED_EDGE('',*,*,#1751,.F.);
#764=ORIENTED_EDGE('',*,*,#1752,.F.);
#765=ORIENTED_EDGE('',*,*,#1747,.T.);
#766=ORIENTED_EDGE('',*,*,#1753,.T.);
#767=ORIENTED_EDGE('',*,*,#1749,.F.);
#768=ORIENTED_EDGE('',*,*,#1754,.F.);
#769=ORIENTED_EDGE('',*,*,#1751,.T.);
#770=ORIENTED_EDGE('',*,*,#1755,.T.);
#771=ORIENTED_EDGE('',*,*,#1710,.F.);
#772=ORIENTED_EDGE('',*,*,#1756,.F.);
#773=ORIENTED_EDGE('',*,*,#1744,.T.);
#774=ORIENTED_EDGE('',*,*,#1757,.F.);
#775=ORIENTED_EDGE('',*,*,#1758,.F.);
#776=ORIENTED_EDGE('',*,*,#1759,.T.);
#777=ORIENTED_EDGE('',*,*,#1760,.T.);
#778=ORIENTED_EDGE('',*,*,#1761,.F.);
#779=ORIENTED_EDGE('',*,*,#1762,.F.);
#780=ORIENTED_EDGE('',*,*,#1763,.T.);
#781=ORIENTED_EDGE('',*,*,#1764,.T.);
#782=ORIENTED_EDGE('',*,*,#1765,.T.);
#783=ORIENTED_EDGE('',*,*,#1766,.F.);
#784=ORIENTED_EDGE('',*,*,#1767,.F.);
#785=ORIENTED_EDGE('',*,*,#1768,.T.);
#786=ORIENTED_EDGE('',*,*,#1769,.T.);
#787=ORIENTED_EDGE('',*,*,#1770,.F.);
#788=ORIENTED_EDGE('',*,*,#1771,.F.);
#789=ORIENTED_EDGE('',*,*,#1772,.T.);
#790=ORIENTED_EDGE('',*,*,#1773,.F.);
#791=ORIENTED_EDGE('',*,*,#1774,.F.);
#792=ORIENTED_EDGE('',*,*,#1775,.T.);
#793=ORIENTED_EDGE('',*,*,#1699,.T.);
#794=ORIENTED_EDGE('',*,*,#1776,.T.);
#795=ORIENTED_EDGE('',*,*,#1693,.F.);
#796=ORIENTED_EDGE('',*,*,#1777,.F.);
#797=ORIENTED_EDGE('',*,*,#1774,.T.);
#798=ORIENTED_EDGE('',*,*,#1778,.T.);
#799=ORIENTED_EDGE('',*,*,#1779,.F.);
#800=ORIENTED_EDGE('',*,*,#1780,.F.);
#801=ORIENTED_EDGE('',*,*,#1781,.T.);
#802=ORIENTED_EDGE('',*,*,#1782,.T.);
#803=ORIENTED_EDGE('',*,*,#1760,.F.);
#804=ORIENTED_EDGE('',*,*,#1783,.F.);
#805=ORIENTED_EDGE('',*,*,#1779,.T.);
#806=ORIENTED_EDGE('',*,*,#1784,.T.);
#807=ORIENTED_EDGE('',*,*,#1657,.F.);
#808=ORIENTED_EDGE('',*,*,#1785,.F.);
#809=ORIENTED_EDGE('',*,*,#1762,.T.);
#810=ORIENTED_EDGE('',*,*,#1786,.T.);
#811=ORIENTED_EDGE('',*,*,#1787,.F.);
#812=ORIENTED_EDGE('',*,*,#1788,.F.);
#813=ORIENTED_EDGE('',*,*,#1659,.T.);
#814=ORIENTED_EDGE('',*,*,#1789,.F.);
#815=ORIENTED_EDGE('',*,*,#1653,.F.);
#816=ORIENTED_EDGE('',*,*,#1790,.T.);
#817=ORIENTED_EDGE('',*,*,#1787,.T.);
#818=ORIENTED_EDGE('',*,*,#1791,.F.);
#819=ORIENTED_EDGE('',*,*,#1768,.F.);
#820=ORIENTED_EDGE('',*,*,#1792,.T.);
#821=ORIENTED_EDGE('',*,*,#1647,.T.);
#822=ORIENTED_EDGE('',*,*,#1793,.F.);
#823=ORIENTED_EDGE('',*,*,#1794,.F.);
#824=ORIENTED_EDGE('',*,*,#1795,.T.);
#825=ORIENTED_EDGE('',*,*,#1770,.T.);
#826=ORIENTED_EDGE('',*,*,#1796,.F.);
#827=ORIENTED_EDGE('',*,*,#1797,.F.);
#828=ORIENTED_EDGE('',*,*,#1798,.T.);
#829=ORIENTED_EDGE('',*,*,#1799,.T.);
#830=ORIENTED_EDGE('',*,*,#1800,.F.);
#831=ORIENTED_EDGE('',*,*,#1799,.F.);
#832=ORIENTED_EDGE('',*,*,#1801,.T.);
#833=ORIENTED_EDGE('',*,*,#1797,.T.);
#834=ORIENTED_EDGE('',*,*,#1802,.F.);
#835=ORIENTED_EDGE('',*,*,#1803,.F.);
#836=ORIENTED_EDGE('',*,*,#1804,.T.);
#837=ORIENTED_EDGE('',*,*,#1794,.T.);
#838=ORIENTED_EDGE('',*,*,#1805,.F.);
#839=ORIENTED_EDGE('',*,*,#1645,.F.);
#840=ORIENTED_EDGE('',*,*,#1806,.T.);
#841=ORIENTED_EDGE('',*,*,#1807,.T.);
#842=ORIENTED_EDGE('',*,*,#1808,.F.);
#843=ORIENTED_EDGE('',*,*,#1807,.F.);
#844=ORIENTED_EDGE('',*,*,#1809,.T.);
#845=ORIENTED_EDGE('',*,*,#1663,.T.);
#846=ORIENTED_EDGE('',*,*,#1810,.T.);
#847=ORIENTED_EDGE('',*,*,#1811,.F.);
#848=ORIENTED_EDGE('',*,*,#1812,.F.);
#849=ORIENTED_EDGE('',*,*,#1635,.T.);
#850=ORIENTED_EDGE('',*,*,#1813,.T.);
#851=ORIENTED_EDGE('',*,*,#1675,.F.);
#852=ORIENTED_EDGE('',*,*,#1814,.F.);
#853=ORIENTED_EDGE('',*,*,#1811,.T.);
#854=ORIENTED_EDGE('',*,*,#1815,.F.);
#855=ORIENTED_EDGE('',*,*,#1704,.F.);
#856=ORIENTED_EDGE('',*,*,#1816,.T.);
#857=ORIENTED_EDGE('',*,*,#1639,.T.);
#858=ORIENTED_EDGE('',*,*,#1817,.T.);
#859=ORIENTED_EDGE('',*,*,#1633,.F.);
#860=ORIENTED_EDGE('',*,*,#1818,.F.);
#861=ORIENTED_EDGE('',*,*,#1695,.T.);
#862=ORIENTED_EDGE('',*,*,#1819,.T.);
#863=ORIENTED_EDGE('',*,*,#1682,.F.);
#864=ORIENTED_EDGE('',*,*,#1820,.F.);
#865=ORIENTED_EDGE('',*,*,#1623,.T.);
#866=ORIENTED_EDGE('',*,*,#1821,.F.);
#867=ORIENTED_EDGE('',*,*,#1781,.F.);
#868=ORIENTED_EDGE('',*,*,#1822,.T.);
#869=ORIENTED_EDGE('',*,*,#1758,.T.);
#870=ORIENTED_EDGE('',*,*,#1823,.F.);
#871=ORIENTED_EDGE('',*,*,#1764,.F.);
#872=ORIENTED_EDGE('',*,*,#1824,.T.);
#873=ORIENTED_EDGE('',*,*,#1655,.T.);
#874=ORIENTED_EDGE('',*,*,#1825,.T.);
#875=ORIENTED_EDGE('',*,*,#1735,.F.);
#876=ORIENTED_EDGE('',*,*,#1826,.F.);
#877=ORIENTED_EDGE('',*,*,#1677,.T.);
#878=ORIENTED_EDGE('',*,*,#1827,.F.);
#879=ORIENTED_EDGE('',*,*,#1685,.T.);
#880=ORIENTED_EDGE('',*,*,#1723,.F.);
#881=ORIENTED_EDGE('',*,*,#1726,.F.);
#882=ORIENTED_EDGE('',*,*,#1828,.F.);
#883=ORIENTED_EDGE('',*,*,#1628,.F.);
#884=ORIENTED_EDGE('',*,*,#1668,.F.);
#885=ORIENTED_EDGE('',*,*,#1689,.T.);
#886=ORIENTED_EDGE('',*,*,#1804,.F.);
#887=ORIENTED_EDGE('',*,*,#1829,.T.);
#888=ORIENTED_EDGE('',*,*,#1771,.T.);
#889=ORIENTED_EDGE('',*,*,#1795,.F.);
#890=ORIENTED_EDGE('',*,*,#1767,.T.);
#891=ORIENTED_EDGE('',*,*,#1830,.T.);
#892=ORIENTED_EDGE('',*,*,#1648,.F.);
#893=ORIENTED_EDGE('',*,*,#1792,.F.);
#894=ORIENTED_EDGE('',*,*,#1678,.F.);
#895=ORIENTED_EDGE('',*,*,#1826,.T.);
#896=ORIENTED_EDGE('',*,*,#1734,.T.);
#897=ORIENTED_EDGE('',*,*,#1737,.T.);
#898=ORIENTED_EDGE('',*,*,#1624,.T.);
#899=ORIENTED_EDGE('',*,*,#1820,.T.);
#900=ORIENTED_EDGE('',*,*,#1681,.F.);
#901=ORIENTED_EDGE('',*,*,#1670,.T.);
#902=ORIENTED_EDGE('',*,*,#1822,.F.);
#903=ORIENTED_EDGE('',*,*,#1780,.T.);
#904=ORIENTED_EDGE('',*,*,#1783,.T.);
#905=ORIENTED_EDGE('',*,*,#1759,.F.);
#906=ORIENTED_EDGE('',*,*,#1824,.F.);
#907=ORIENTED_EDGE('',*,*,#1763,.F.);
#908=ORIENTED_EDGE('',*,*,#1785,.T.);
#909=ORIENTED_EDGE('',*,*,#1656,.T.);
#910=ORIENTED_EDGE('',*,*,#1696,.T.);
#911=ORIENTED_EDGE('',*,*,#1818,.T.);
#912=ORIENTED_EDGE('',*,*,#1632,.F.);
#913=ORIENTED_EDGE('',*,*,#1715,.F.);
#914=ORIENTED_EDGE('',*,*,#1816,.F.);
#915=ORIENTED_EDGE('',*,*,#1703,.F.);
#916=ORIENTED_EDGE('',*,*,#1706,.T.);
#917=ORIENTED_EDGE('',*,*,#1640,.T.);
#918=ORIENTED_EDGE('',*,*,#1814,.T.);
#919=ORIENTED_EDGE('',*,*,#1674,.T.);
#920=ORIENTED_EDGE('',*,*,#1740,.F.);
#921=ORIENTED_EDGE('',*,*,#1742,.F.);
#922=ORIENTED_EDGE('',*,*,#1636,.T.);
#923=ORIENTED_EDGE('',*,*,#1812,.T.);
#924=ORIENTED_EDGE('',*,*,#1664,.F.);
#925=ORIENTED_EDGE('',*,*,#1809,.F.);
#926=ORIENTED_EDGE('',*,*,#1806,.F.);
#927=ORIENTED_EDGE('',*,*,#1644,.F.);
#928=ORIENTED_EDGE('',*,*,#1718,.T.);
#929=ORIENTED_EDGE('',*,*,#1720,.T.);
#930=ORIENTED_EDGE('',*,*,#1777,.T.);
#931=ORIENTED_EDGE('',*,*,#1692,.T.);
#932=ORIENTED_EDGE('',*,*,#1700,.F.);
#933=ORIENTED_EDGE('',*,*,#1775,.F.);
#934=ORIENTED_EDGE('',*,*,#1790,.F.);
#935=ORIENTED_EDGE('',*,*,#1652,.T.);
#936=ORIENTED_EDGE('',*,*,#1729,.T.);
#937=ORIENTED_EDGE('',*,*,#1731,.F.);
#938=ORIENTED_EDGE('',*,*,#1660,.F.);
#939=ORIENTED_EDGE('',*,*,#1788,.T.);
#940=ORIENTED_EDGE('',*,*,#1756,.T.);
#941=ORIENTED_EDGE('',*,*,#1709,.F.);
#942=ORIENTED_EDGE('',*,*,#1713,.T.);
#943=ORIENTED_EDGE('',*,*,#1745,.F.);
#944=ORIENTED_EDGE('',*,*,#1748,.T.);
#945=ORIENTED_EDGE('',*,*,#1752,.T.);
#946=ORIENTED_EDGE('',*,*,#1754,.T.);
#947=ORIENTED_EDGE('',*,*,#1798,.F.);
#948=ORIENTED_EDGE('',*,*,#1801,.F.);
#949=ORIENTED_EDGE('',*,*,#1683,.F.);
#950=ORIENTED_EDGE('',*,*,#1831,.T.);
#951=ORIENTED_EDGE('',*,*,#1724,.T.);
#952=ORIENTED_EDGE('',*,*,#1721,.T.);
#953=ORIENTED_EDGE('',*,*,#1626,.T.);
#954=ORIENTED_EDGE('',*,*,#1832,.T.);
#955=ORIENTED_EDGE('',*,*,#1687,.F.);
#956=ORIENTED_EDGE('',*,*,#1666,.T.);
#957=ORIENTED_EDGE('',*,*,#1833,.F.);
#958=ORIENTED_EDGE('',*,*,#1802,.T.);
#959=ORIENTED_EDGE('',*,*,#1793,.T.);
#960=ORIENTED_EDGE('',*,*,#1769,.F.);
#961=ORIENTED_EDGE('',*,*,#1834,.F.);
#962=ORIENTED_EDGE('',*,*,#1765,.F.);
#963=ORIENTED_EDGE('',*,*,#1791,.T.);
#964=ORIENTED_EDGE('',*,*,#1646,.T.);
#965=ORIENTED_EDGE('',*,*,#1825,.F.);
#966=ORIENTED_EDGE('',*,*,#1676,.T.);
#967=ORIENTED_EDGE('',*,*,#1736,.F.);
#968=ORIENTED_EDGE('',*,*,#1732,.F.);
#969=ORIENTED_EDGE('',*,*,#1819,.F.);
#970=ORIENTED_EDGE('',*,*,#1622,.F.);
#971=ORIENTED_EDGE('',*,*,#1669,.F.);
#972=ORIENTED_EDGE('',*,*,#1680,.T.);
#973=ORIENTED_EDGE('',*,*,#1778,.F.);
#974=ORIENTED_EDGE('',*,*,#1821,.T.);
#975=ORIENTED_EDGE('',*,*,#1757,.T.);
#976=ORIENTED_EDGE('',*,*,#1782,.F.);
#977=ORIENTED_EDGE('',*,*,#1761,.T.);
#978=ORIENTED_EDGE('',*,*,#1823,.T.);
#979=ORIENTED_EDGE('',*,*,#1654,.F.);
#980=ORIENTED_EDGE('',*,*,#1784,.F.);
#981=ORIENTED_EDGE('',*,*,#1817,.F.);
#982=ORIENTED_EDGE('',*,*,#1694,.F.);
#983=ORIENTED_EDGE('',*,*,#1714,.T.);
#984=ORIENTED_EDGE('',*,*,#1630,.T.);
#985=ORIENTED_EDGE('',*,*,#1815,.T.);
#986=ORIENTED_EDGE('',*,*,#1638,.F.);
#987=ORIENTED_EDGE('',*,*,#1705,.F.);
#988=ORIENTED_EDGE('',*,*,#1701,.T.);
#989=ORIENTED_EDGE('',*,*,#1672,.F.);
#990=ORIENTED_EDGE('',*,*,#1813,.F.);
#991=ORIENTED_EDGE('',*,*,#1810,.F.);
#992=ORIENTED_EDGE('',*,*,#1634,.F.);
#993=ORIENTED_EDGE('',*,*,#1741,.T.);
#994=ORIENTED_EDGE('',*,*,#1738,.T.);
#995=ORIENTED_EDGE('',*,*,#1808,.T.);
#996=ORIENTED_EDGE('',*,*,#1662,.T.);
#997=ORIENTED_EDGE('',*,*,#1719,.F.);
#998=ORIENTED_EDGE('',*,*,#1716,.F.);
#999=ORIENTED_EDGE('',*,*,#1642,.T.);
#1000=ORIENTED_EDGE('',*,*,#1805,.T.);
#1001=ORIENTED_EDGE('',*,*,#1690,.F.);
#1002=ORIENTED_EDGE('',*,*,#1776,.F.);
#1003=ORIENTED_EDGE('',*,*,#1773,.T.);
#1004=ORIENTED_EDGE('',*,*,#1698,.T.);
#1005=ORIENTED_EDGE('',*,*,#1786,.F.);
#1006=ORIENTED_EDGE('',*,*,#1658,.T.);
#1007=ORIENTED_EDGE('',*,*,#1730,.T.);
#1008=ORIENTED_EDGE('',*,*,#1727,.F.);
#1009=ORIENTED_EDGE('',*,*,#1650,.F.);
#1010=ORIENTED_EDGE('',*,*,#1789,.T.);
#1011=ORIENTED_EDGE('',*,*,#1707,.T.);
#1012=ORIENTED_EDGE('',*,*,#1755,.F.);
#1013=ORIENTED_EDGE('',*,*,#1743,.T.);
#1014=ORIENTED_EDGE('',*,*,#1711,.F.);
#1015=ORIENTED_EDGE('',*,*,#1746,.F.);
#1016=ORIENTED_EDGE('',*,*,#1753,.F.);
#1017=ORIENTED_EDGE('',*,*,#1750,.F.);
#1018=ORIENTED_EDGE('',*,*,#1796,.T.);
#1019=ORIENTED_EDGE('',*,*,#1800,.T.);
#1020=ORIENTED_EDGE('',*,*,#1832,.F.);
#1021=ORIENTED_EDGE('',*,*,#1629,.F.);
#1022=ORIENTED_EDGE('',*,*,#1828,.T.);
#1023=ORIENTED_EDGE('',*,*,#1688,.T.);
#1024=ORIENTED_EDGE('',*,*,#1833,.T.);
#1025=ORIENTED_EDGE('',*,*,#1772,.F.);
#1026=ORIENTED_EDGE('',*,*,#1829,.F.);
#1027=ORIENTED_EDGE('',*,*,#1803,.T.);
#1028=ORIENTED_EDGE('',*,*,#1834,.T.);
#1029=ORIENTED_EDGE('',*,*,#1649,.F.);
#1030=ORIENTED_EDGE('',*,*,#1830,.F.);
#1031=ORIENTED_EDGE('',*,*,#1766,.T.);
#1032=ORIENTED_EDGE('',*,*,#1831,.F.);
#1033=ORIENTED_EDGE('',*,*,#1686,.F.);
#1034=ORIENTED_EDGE('',*,*,#1827,.T.);
#1035=ORIENTED_EDGE('',*,*,#1725,.T.);
#1036=ORIENTED_EDGE('',*,*,#1835,.T.);
#1037=ORIENTED_EDGE('',*,*,#1836,.F.);
#1038=ORIENTED_EDGE('',*,*,#1837,.F.);
#1039=ORIENTED_EDGE('',*,*,#1838,.T.);
#1040=ORIENTED_EDGE('',*,*,#1839,.T.);
#1041=ORIENTED_EDGE('',*,*,#1840,.F.);
#1042=ORIENTED_EDGE('',*,*,#1841,.F.);
#1043=ORIENTED_EDGE('',*,*,#1836,.T.);
#1044=ORIENTED_EDGE('',*,*,#1842,.T.);
#1045=ORIENTED_EDGE('',*,*,#1843,.F.);
#1046=ORIENTED_EDGE('',*,*,#1844,.F.);
#1047=ORIENTED_EDGE('',*,*,#1840,.T.);
#1048=ORIENTED_EDGE('',*,*,#1845,.T.);
#1049=ORIENTED_EDGE('',*,*,#1846,.F.);
#1050=ORIENTED_EDGE('',*,*,#1847,.F.);
#1051=ORIENTED_EDGE('',*,*,#1843,.T.);
#1052=ORIENTED_EDGE('',*,*,#1848,.T.);
#1053=ORIENTED_EDGE('',*,*,#1849,.F.);
#1054=ORIENTED_EDGE('',*,*,#1850,.F.);
#1055=ORIENTED_EDGE('',*,*,#1846,.T.);
#1056=ORIENTED_EDGE('',*,*,#1851,.T.);
#1057=ORIENTED_EDGE('',*,*,#1852,.F.);
#1058=ORIENTED_EDGE('',*,*,#1853,.F.);
#1059=ORIENTED_EDGE('',*,*,#1849,.T.);
#1060=ORIENTED_EDGE('',*,*,#1854,.T.);
#1061=ORIENTED_EDGE('',*,*,#1855,.F.);
#1062=ORIENTED_EDGE('',*,*,#1856,.F.);
#1063=ORIENTED_EDGE('',*,*,#1852,.T.);
#1064=ORIENTED_EDGE('',*,*,#1857,.T.);
#1065=ORIENTED_EDGE('',*,*,#1858,.F.);
#1066=ORIENTED_EDGE('',*,*,#1859,.F.);
#1067=ORIENTED_EDGE('',*,*,#1855,.T.);
#1068=ORIENTED_EDGE('',*,*,#1860,.T.);
#1069=ORIENTED_EDGE('',*,*,#1861,.F.);
#1070=ORIENTED_EDGE('',*,*,#1862,.F.);
#1071=ORIENTED_EDGE('',*,*,#1858,.T.);
#1072=ORIENTED_EDGE('',*,*,#1863,.T.);
#1073=ORIENTED_EDGE('',*,*,#1864,.F.);
#1074=ORIENTED_EDGE('',*,*,#1865,.F.);
#1075=ORIENTED_EDGE('',*,*,#1861,.T.);
#1076=ORIENTED_EDGE('',*,*,#1866,.T.);
#1077=ORIENTED_EDGE('',*,*,#1867,.F.);
#1078=ORIENTED_EDGE('',*,*,#1868,.F.);
#1079=ORIENTED_EDGE('',*,*,#1864,.T.);
#1080=ORIENTED_EDGE('',*,*,#1869,.T.);
#1081=ORIENTED_EDGE('',*,*,#1870,.F.);
#1082=ORIENTED_EDGE('',*,*,#1871,.F.);
#1083=ORIENTED_EDGE('',*,*,#1867,.T.);
#1084=ORIENTED_EDGE('',*,*,#1872,.T.);
#1085=ORIENTED_EDGE('',*,*,#1873,.F.);
#1086=ORIENTED_EDGE('',*,*,#1874,.F.);
#1087=ORIENTED_EDGE('',*,*,#1875,.T.);
#1088=ORIENTED_EDGE('',*,*,#1876,.F.);
#1089=ORIENTED_EDGE('',*,*,#1877,.F.);
#1090=ORIENTED_EDGE('',*,*,#1878,.T.);
#1091=ORIENTED_EDGE('',*,*,#1873,.T.);
#1092=ORIENTED_EDGE('',*,*,#1879,.T.);
#1093=ORIENTED_EDGE('',*,*,#1880,.F.);
#1094=ORIENTED_EDGE('',*,*,#1881,.F.);
#1095=ORIENTED_EDGE('',*,*,#1877,.T.);
#1096=ORIENTED_EDGE('',*,*,#1882,.F.);
#1097=ORIENTED_EDGE('',*,*,#1883,.F.);
#1098=ORIENTED_EDGE('',*,*,#1884,.T.);
#1099=ORIENTED_EDGE('',*,*,#1880,.T.);
#1100=ORIENTED_EDGE('',*,*,#1885,.T.);
#1101=ORIENTED_EDGE('',*,*,#1886,.F.);
#1102=ORIENTED_EDGE('',*,*,#1887,.F.);
#1103=ORIENTED_EDGE('',*,*,#1883,.T.);
#1104=ORIENTED_EDGE('',*,*,#1888,.F.);
#1105=ORIENTED_EDGE('',*,*,#1875,.F.);
#1106=ORIENTED_EDGE('',*,*,#1889,.T.);
#1107=ORIENTED_EDGE('',*,*,#1886,.T.);
#1108=ORIENTED_EDGE('',*,*,#1890,.T.);
#1109=ORIENTED_EDGE('',*,*,#1838,.F.);
#1110=ORIENTED_EDGE('',*,*,#1891,.F.);
#1111=ORIENTED_EDGE('',*,*,#1870,.T.);
#1112=ORIENTED_EDGE('',*,*,#1874,.T.);
#1113=ORIENTED_EDGE('',*,*,#1878,.F.);
#1114=ORIENTED_EDGE('',*,*,#1881,.T.);
#1115=ORIENTED_EDGE('',*,*,#1884,.F.);
#1116=ORIENTED_EDGE('',*,*,#1887,.T.);
#1117=ORIENTED_EDGE('',*,*,#1889,.F.);
#1118=ORIENTED_EDGE('',*,*,#1837,.T.);
#1119=ORIENTED_EDGE('',*,*,#1841,.T.);
#1120=ORIENTED_EDGE('',*,*,#1844,.T.);
#1121=ORIENTED_EDGE('',*,*,#1847,.T.);
#1122=ORIENTED_EDGE('',*,*,#1850,.T.);
#1123=ORIENTED_EDGE('',*,*,#1853,.T.);
#1124=ORIENTED_EDGE('',*,*,#1856,.T.);
#1125=ORIENTED_EDGE('',*,*,#1859,.T.);
#1126=ORIENTED_EDGE('',*,*,#1862,.T.);
#1127=ORIENTED_EDGE('',*,*,#1865,.T.);
#1128=ORIENTED_EDGE('',*,*,#1868,.T.);
#1129=ORIENTED_EDGE('',*,*,#1871,.T.);
#1130=ORIENTED_EDGE('',*,*,#1891,.T.);
#1131=ORIENTED_EDGE('',*,*,#1872,.F.);
#1132=ORIENTED_EDGE('',*,*,#1888,.T.);
#1133=ORIENTED_EDGE('',*,*,#1885,.F.);
#1134=ORIENTED_EDGE('',*,*,#1882,.T.);
#1135=ORIENTED_EDGE('',*,*,#1879,.F.);
#1136=ORIENTED_EDGE('',*,*,#1876,.T.);
#1137=ORIENTED_EDGE('',*,*,#1835,.F.);
#1138=ORIENTED_EDGE('',*,*,#1890,.F.);
#1139=ORIENTED_EDGE('',*,*,#1869,.F.);
#1140=ORIENTED_EDGE('',*,*,#1866,.F.);
#1141=ORIENTED_EDGE('',*,*,#1863,.F.);
#1142=ORIENTED_EDGE('',*,*,#1860,.F.);
#1143=ORIENTED_EDGE('',*,*,#1857,.F.);
#1144=ORIENTED_EDGE('',*,*,#1854,.F.);
#1145=ORIENTED_EDGE('',*,*,#1851,.F.);
#1146=ORIENTED_EDGE('',*,*,#1848,.F.);
#1147=ORIENTED_EDGE('',*,*,#1845,.F.);
#1148=ORIENTED_EDGE('',*,*,#1842,.F.);
#1149=ORIENTED_EDGE('',*,*,#1839,.F.);
#1150=ORIENTED_EDGE('',*,*,#1892,.T.);
#1151=ORIENTED_EDGE('',*,*,#1893,.F.);
#1152=ORIENTED_EDGE('',*,*,#1894,.F.);
#1153=ORIENTED_EDGE('',*,*,#1895,.T.);
#1154=ORIENTED_EDGE('',*,*,#1896,.T.);
#1155=ORIENTED_EDGE('',*,*,#1897,.F.);
#1156=ORIENTED_EDGE('',*,*,#1898,.F.);
#1157=ORIENTED_EDGE('',*,*,#1899,.T.);
#1158=ORIENTED_EDGE('',*,*,#1900,.F.);
#1159=ORIENTED_EDGE('',*,*,#1901,.F.);
#1160=ORIENTED_EDGE('',*,*,#1902,.T.);
#1161=ORIENTED_EDGE('',*,*,#1903,.T.);
#1162=ORIENTED_EDGE('',*,*,#1904,.F.);
#1163=ORIENTED_EDGE('',*,*,#1905,.F.);
#1164=ORIENTED_EDGE('',*,*,#1906,.T.);
#1165=ORIENTED_EDGE('',*,*,#1907,.T.);
#1166=ORIENTED_EDGE('',*,*,#1908,.T.);
#1167=ORIENTED_EDGE('',*,*,#1909,.F.);
#1168=ORIENTED_EDGE('',*,*,#1910,.F.);
#1169=ORIENTED_EDGE('',*,*,#1905,.T.);
#1170=ORIENTED_EDGE('',*,*,#1911,.F.);
#1171=ORIENTED_EDGE('',*,*,#1912,.F.);
#1172=ORIENTED_EDGE('',*,*,#1913,.T.);
#1173=ORIENTED_EDGE('',*,*,#1909,.T.);
#1174=ORIENTED_EDGE('',*,*,#1914,.F.);
#1175=ORIENTED_EDGE('',*,*,#1915,.F.);
#1176=ORIENTED_EDGE('',*,*,#1916,.T.);
#1177=ORIENTED_EDGE('',*,*,#1917,.T.);
#1178=ORIENTED_EDGE('',*,*,#1918,.T.);
#1179=ORIENTED_EDGE('',*,*,#1919,.F.);
#1180=ORIENTED_EDGE('',*,*,#1920,.F.);
#1181=ORIENTED_EDGE('',*,*,#1915,.T.);
#1182=ORIENTED_EDGE('',*,*,#1921,.F.);
#1183=ORIENTED_EDGE('',*,*,#1922,.F.);
#1184=ORIENTED_EDGE('',*,*,#1923,.T.);
#1185=ORIENTED_EDGE('',*,*,#1919,.T.);
#1186=ORIENTED_EDGE('',*,*,#1924,.F.);
#1187=ORIENTED_EDGE('',*,*,#1925,.F.);
#1188=ORIENTED_EDGE('',*,*,#1926,.T.);
#1189=ORIENTED_EDGE('',*,*,#1927,.T.);
#1190=ORIENTED_EDGE('',*,*,#1928,.T.);
#1191=ORIENTED_EDGE('',*,*,#1929,.F.);
#1192=ORIENTED_EDGE('',*,*,#1930,.F.);
#1193=ORIENTED_EDGE('',*,*,#1925,.T.);
#1194=ORIENTED_EDGE('',*,*,#1931,.F.);
#1195=ORIENTED_EDGE('',*,*,#1932,.F.);
#1196=ORIENTED_EDGE('',*,*,#1933,.T.);
#1197=ORIENTED_EDGE('',*,*,#1929,.T.);
#1198=ORIENTED_EDGE('',*,*,#1934,.F.);
#1199=ORIENTED_EDGE('',*,*,#1895,.F.);
#1200=ORIENTED_EDGE('',*,*,#1935,.T.);
#1201=ORIENTED_EDGE('',*,*,#1893,.T.);
#1202=ORIENTED_EDGE('',*,*,#1936,.F.);
#1203=ORIENTED_EDGE('',*,*,#1899,.F.);
#1204=ORIENTED_EDGE('',*,*,#1937,.T.);
#1205=ORIENTED_EDGE('',*,*,#1897,.T.);
#1206=ORIENTED_EDGE('',*,*,#1938,.T.);
#1207=ORIENTED_EDGE('',*,*,#1903,.F.);
#1208=ORIENTED_EDGE('',*,*,#1939,.F.);
#1209=ORIENTED_EDGE('',*,*,#1901,.T.);
#1210=ORIENTED_EDGE('',*,*,#1940,.F.);
#1211=ORIENTED_EDGE('',*,*,#1907,.F.);
#1212=ORIENTED_EDGE('',*,*,#1941,.T.);
#1213=ORIENTED_EDGE('',*,*,#1912,.T.);
#1214=ORIENTED_EDGE('',*,*,#1942,.F.);
#1215=ORIENTED_EDGE('',*,*,#1917,.F.);
#1216=ORIENTED_EDGE('',*,*,#1943,.T.);
#1217=ORIENTED_EDGE('',*,*,#1922,.T.);
#1218=ORIENTED_EDGE('',*,*,#1944,.F.);
#1219=ORIENTED_EDGE('',*,*,#1927,.F.);
#1220=ORIENTED_EDGE('',*,*,#1945,.T.);
#1221=ORIENTED_EDGE('',*,*,#1932,.T.);
#1222=ORIENTED_EDGE('',*,*,#1946,.F.);
#1223=ORIENTED_EDGE('',*,*,#1947,.T.);
#1224=ORIENTED_EDGE('',*,*,#1926,.F.);
#1225=ORIENTED_EDGE('',*,*,#1930,.T.);
#1226=ORIENTED_EDGE('',*,*,#1933,.F.);
#1227=ORIENTED_EDGE('',*,*,#1945,.F.);
#1228=ORIENTED_EDGE('',*,*,#1916,.F.);
#1229=ORIENTED_EDGE('',*,*,#1920,.T.);
#1230=ORIENTED_EDGE('',*,*,#1923,.F.);
#1231=ORIENTED_EDGE('',*,*,#1943,.F.);
#1232=ORIENTED_EDGE('',*,*,#1906,.F.);
#1233=ORIENTED_EDGE('',*,*,#1910,.T.);
#1234=ORIENTED_EDGE('',*,*,#1913,.F.);
#1235=ORIENTED_EDGE('',*,*,#1941,.F.);
#1236=ORIENTED_EDGE('',*,*,#1902,.F.);
#1237=ORIENTED_EDGE('',*,*,#1939,.T.);
#1238=ORIENTED_EDGE('',*,*,#1898,.T.);
#1239=ORIENTED_EDGE('',*,*,#1937,.F.);
#1240=ORIENTED_EDGE('',*,*,#1894,.T.);
#1241=ORIENTED_EDGE('',*,*,#1935,.F.);
#1242=ORIENTED_EDGE('',*,*,#1946,.T.);
#1243=ORIENTED_EDGE('',*,*,#1924,.T.);
#1244=ORIENTED_EDGE('',*,*,#1944,.T.);
#1245=ORIENTED_EDGE('',*,*,#1931,.T.);
#1246=ORIENTED_EDGE('',*,*,#1928,.F.);
#1247=ORIENTED_EDGE('',*,*,#1914,.T.);
#1248=ORIENTED_EDGE('',*,*,#1942,.T.);
#1249=ORIENTED_EDGE('',*,*,#1921,.T.);
#1250=ORIENTED_EDGE('',*,*,#1918,.F.);
#1251=ORIENTED_EDGE('',*,*,#1904,.T.);
#1252=ORIENTED_EDGE('',*,*,#1940,.T.);
#1253=ORIENTED_EDGE('',*,*,#1911,.T.);
#1254=ORIENTED_EDGE('',*,*,#1908,.F.);
#1255=ORIENTED_EDGE('',*,*,#1900,.T.);
#1256=ORIENTED_EDGE('',*,*,#1938,.F.);
#1257=ORIENTED_EDGE('',*,*,#1896,.F.);
#1258=ORIENTED_EDGE('',*,*,#1936,.T.);
#1259=ORIENTED_EDGE('',*,*,#1892,.F.);
#1260=ORIENTED_EDGE('',*,*,#1934,.T.);
#1261=ORIENTED_EDGE('',*,*,#1947,.F.);
#1262=ORIENTED_EDGE('',*,*,#1948,.T.);
#1263=ORIENTED_EDGE('',*,*,#1949,.F.);
#1264=ORIENTED_EDGE('',*,*,#1950,.F.);
#1265=ORIENTED_EDGE('',*,*,#1951,.T.);
#1266=ORIENTED_EDGE('',*,*,#1952,.F.);
#1267=ORIENTED_EDGE('',*,*,#1953,.F.);
#1268=ORIENTED_EDGE('',*,*,#1954,.T.);
#1269=ORIENTED_EDGE('',*,*,#1949,.T.);
#1270=ORIENTED_EDGE('',*,*,#1955,.T.);
#1271=ORIENTED_EDGE('',*,*,#1956,.F.);
#1272=ORIENTED_EDGE('',*,*,#1957,.F.);
#1273=ORIENTED_EDGE('',*,*,#1953,.T.);
#1274=ORIENTED_EDGE('',*,*,#1958,.T.);
#1275=ORIENTED_EDGE('',*,*,#1959,.F.);
#1276=ORIENTED_EDGE('',*,*,#1960,.F.);
#1277=ORIENTED_EDGE('',*,*,#1961,.T.);
#1278=ORIENTED_EDGE('',*,*,#1962,.T.);
#1279=ORIENTED_EDGE('',*,*,#1963,.F.);
#1280=ORIENTED_EDGE('',*,*,#1964,.F.);
#1281=ORIENTED_EDGE('',*,*,#1959,.T.);
#1282=ORIENTED_EDGE('',*,*,#1965,.T.);
#1283=ORIENTED_EDGE('',*,*,#1966,.F.);
#1284=ORIENTED_EDGE('',*,*,#1967,.F.);
#1285=ORIENTED_EDGE('',*,*,#1963,.T.);
#1286=ORIENTED_EDGE('',*,*,#1968,.T.);
#1287=ORIENTED_EDGE('',*,*,#1969,.F.);
#1288=ORIENTED_EDGE('',*,*,#1970,.F.);
#1289=ORIENTED_EDGE('',*,*,#1966,.T.);
#1290=ORIENTED_EDGE('',*,*,#1971,.F.);
#1291=ORIENTED_EDGE('',*,*,#1972,.F.);
#1292=ORIENTED_EDGE('',*,*,#1973,.T.);
#1293=ORIENTED_EDGE('',*,*,#1969,.T.);
#1294=ORIENTED_EDGE('',*,*,#1974,.F.);
#1295=ORIENTED_EDGE('',*,*,#1975,.F.);
#1296=ORIENTED_EDGE('',*,*,#1976,.T.);
#1297=ORIENTED_EDGE('',*,*,#1972,.T.);
#1298=ORIENTED_EDGE('',*,*,#1977,.T.);
#1299=ORIENTED_EDGE('',*,*,#1978,.F.);
#1300=ORIENTED_EDGE('',*,*,#1979,.F.);
#1301=ORIENTED_EDGE('',*,*,#1975,.T.);
#1302=ORIENTED_EDGE('',*,*,#1980,.F.);
#1303=ORIENTED_EDGE('',*,*,#1981,.F.);
#1304=ORIENTED_EDGE('',*,*,#1982,.T.);
#1305=ORIENTED_EDGE('',*,*,#1978,.T.);
#1306=ORIENTED_EDGE('',*,*,#1983,.F.);
#1307=ORIENTED_EDGE('',*,*,#1984,.F.);
#1308=ORIENTED_EDGE('',*,*,#1985,.T.);
#1309=ORIENTED_EDGE('',*,*,#1986,.T.);
#1310=ORIENTED_EDGE('',*,*,#1987,.F.);
#1311=ORIENTED_EDGE('',*,*,#1988,.F.);
#1312=ORIENTED_EDGE('',*,*,#1989,.T.);
#1313=ORIENTED_EDGE('',*,*,#1984,.T.);
#1314=ORIENTED_EDGE('',*,*,#1990,.T.);
#1315=ORIENTED_EDGE('',*,*,#1991,.F.);
#1316=ORIENTED_EDGE('',*,*,#1992,.F.);
#1317=ORIENTED_EDGE('',*,*,#1988,.T.);
#1318=ORIENTED_EDGE('',*,*,#1993,.F.);
#1319=ORIENTED_EDGE('',*,*,#1994,.F.);
#1320=ORIENTED_EDGE('',*,*,#1995,.T.);
#1321=ORIENTED_EDGE('',*,*,#1996,.T.);
#1322=ORIENTED_EDGE('',*,*,#1997,.F.);
#1323=ORIENTED_EDGE('',*,*,#1998,.F.);
#1324=ORIENTED_EDGE('',*,*,#1999,.T.);
#1325=ORIENTED_EDGE('',*,*,#1994,.T.);
#1326=ORIENTED_EDGE('',*,*,#2000,.T.);
#1327=ORIENTED_EDGE('',*,*,#2001,.F.);
#1328=ORIENTED_EDGE('',*,*,#2002,.F.);
#1329=ORIENTED_EDGE('',*,*,#1998,.T.);
#1330=ORIENTED_EDGE('',*,*,#2003,.T.);
#1331=ORIENTED_EDGE('',*,*,#1961,.F.);
#1332=ORIENTED_EDGE('',*,*,#2004,.F.);
#1333=ORIENTED_EDGE('',*,*,#1981,.T.);
#1334=ORIENTED_EDGE('',*,*,#2005,.T.);
#1335=ORIENTED_EDGE('',*,*,#1986,.F.);
#1336=ORIENTED_EDGE('',*,*,#2006,.F.);
#1337=ORIENTED_EDGE('',*,*,#1991,.T.);
#1338=ORIENTED_EDGE('',*,*,#2007,.F.);
#1339=ORIENTED_EDGE('',*,*,#1996,.F.);
#1340=ORIENTED_EDGE('',*,*,#2008,.T.);
#1341=ORIENTED_EDGE('',*,*,#2001,.T.);
#1342=ORIENTED_EDGE('',*,*,#2009,.T.);
#1343=ORIENTED_EDGE('',*,*,#1951,.F.);
#1344=ORIENTED_EDGE('',*,*,#2010,.F.);
#1345=ORIENTED_EDGE('',*,*,#1956,.T.);
#1346=ORIENTED_EDGE('',*,*,#1995,.F.);
#1347=ORIENTED_EDGE('',*,*,#1999,.F.);
#1348=ORIENTED_EDGE('',*,*,#2002,.T.);
#1349=ORIENTED_EDGE('',*,*,#2008,.F.);
#1350=ORIENTED_EDGE('',*,*,#1985,.F.);
#1351=ORIENTED_EDGE('',*,*,#1989,.F.);
#1352=ORIENTED_EDGE('',*,*,#1992,.T.);
#1353=ORIENTED_EDGE('',*,*,#2006,.T.);
#1354=ORIENTED_EDGE('',*,*,#1960,.T.);
#1355=ORIENTED_EDGE('',*,*,#1964,.T.);
#1356=ORIENTED_EDGE('',*,*,#1967,.T.);
#1357=ORIENTED_EDGE('',*,*,#1970,.T.);
#1358=ORIENTED_EDGE('',*,*,#1973,.F.);
#1359=ORIENTED_EDGE('',*,*,#1976,.F.);
#1360=ORIENTED_EDGE('',*,*,#1979,.T.);
#1361=ORIENTED_EDGE('',*,*,#1982,.F.);
#1362=ORIENTED_EDGE('',*,*,#2004,.T.);
#1363=ORIENTED_EDGE('',*,*,#1950,.T.);
#1364=ORIENTED_EDGE('',*,*,#1954,.F.);
#1365=ORIENTED_EDGE('',*,*,#1957,.T.);
#1366=ORIENTED_EDGE('',*,*,#2010,.T.);
#1367=ORIENTED_EDGE('',*,*,#1993,.T.);
#1368=ORIENTED_EDGE('',*,*,#2007,.T.);
#1369=ORIENTED_EDGE('',*,*,#2000,.F.);
#1370=ORIENTED_EDGE('',*,*,#1997,.T.);
#1371=ORIENTED_EDGE('',*,*,#1983,.T.);
#1372=ORIENTED_EDGE('',*,*,#2005,.F.);
#1373=ORIENTED_EDGE('',*,*,#1990,.F.);
#1374=ORIENTED_EDGE('',*,*,#1987,.T.);
#1375=ORIENTED_EDGE('',*,*,#1958,.F.);
#1376=ORIENTED_EDGE('',*,*,#2003,.F.);
#1377=ORIENTED_EDGE('',*,*,#1980,.T.);
#1378=ORIENTED_EDGE('',*,*,#1977,.F.);
#1379=ORIENTED_EDGE('',*,*,#1974,.T.);
#1380=ORIENTED_EDGE('',*,*,#1971,.T.);
#1381=ORIENTED_EDGE('',*,*,#1968,.F.);
#1382=ORIENTED_EDGE('',*,*,#1965,.F.);
#1383=ORIENTED_EDGE('',*,*,#1962,.F.);
#1384=ORIENTED_EDGE('',*,*,#1948,.F.);
#1385=ORIENTED_EDGE('',*,*,#2009,.F.);
#1386=ORIENTED_EDGE('',*,*,#1955,.F.);
#1387=ORIENTED_EDGE('',*,*,#1952,.T.);
#1388=ORIENTED_EDGE('',*,*,#2011,.T.);
#1389=ORIENTED_EDGE('',*,*,#2012,.F.);
#1390=ORIENTED_EDGE('',*,*,#2013,.F.);
#1391=ORIENTED_EDGE('',*,*,#2014,.T.);
#1392=ORIENTED_EDGE('',*,*,#2015,.T.);
#1393=ORIENTED_EDGE('',*,*,#2016,.F.);
#1394=ORIENTED_EDGE('',*,*,#2017,.F.);
#1395=ORIENTED_EDGE('',*,*,#2012,.T.);
#1396=ORIENTED_EDGE('',*,*,#2018,.T.);
#1397=ORIENTED_EDGE('',*,*,#2019,.F.);
#1398=ORIENTED_EDGE('',*,*,#2020,.F.);
#1399=ORIENTED_EDGE('',*,*,#2016,.T.);
#1400=ORIENTED_EDGE('',*,*,#2021,.T.);
#1401=ORIENTED_EDGE('',*,*,#2022,.F.);
#1402=ORIENTED_EDGE('',*,*,#2023,.F.);
#1403=ORIENTED_EDGE('',*,*,#2019,.T.);
#1404=ORIENTED_EDGE('',*,*,#2024,.F.);
#1405=ORIENTED_EDGE('',*,*,#2025,.F.);
#1406=ORIENTED_EDGE('',*,*,#2026,.T.);
#1407=ORIENTED_EDGE('',*,*,#2022,.T.);
#1408=ORIENTED_EDGE('',*,*,#2027,.T.);
#1409=ORIENTED_EDGE('',*,*,#2028,.F.);
#1410=ORIENTED_EDGE('',*,*,#2029,.F.);
#1411=ORIENTED_EDGE('',*,*,#2025,.T.);
#1412=ORIENTED_EDGE('',*,*,#2030,.T.);
#1413=ORIENTED_EDGE('',*,*,#2031,.F.);
#1414=ORIENTED_EDGE('',*,*,#2032,.F.);
#1415=ORIENTED_EDGE('',*,*,#2028,.T.);
#1416=ORIENTED_EDGE('',*,*,#2033,.T.);
#1417=ORIENTED_EDGE('',*,*,#2034,.F.);
#1418=ORIENTED_EDGE('',*,*,#2035,.F.);
#1419=ORIENTED_EDGE('',*,*,#2031,.T.);
#1420=ORIENTED_EDGE('',*,*,#2036,.F.);
#1421=ORIENTED_EDGE('',*,*,#2037,.F.);
#1422=ORIENTED_EDGE('',*,*,#2038,.T.);
#1423=ORIENTED_EDGE('',*,*,#2034,.T.);
#1424=ORIENTED_EDGE('',*,*,#2039,.T.);
#1425=ORIENTED_EDGE('',*,*,#2040,.F.);
#1426=ORIENTED_EDGE('',*,*,#2041,.F.);
#1427=ORIENTED_EDGE('',*,*,#2037,.T.);
#1428=ORIENTED_EDGE('',*,*,#2042,.T.);
#1429=ORIENTED_EDGE('',*,*,#2043,.F.);
#1430=ORIENTED_EDGE('',*,*,#2044,.F.);
#1431=ORIENTED_EDGE('',*,*,#2040,.T.);
#1432=ORIENTED_EDGE('',*,*,#2045,.T.);
#1433=ORIENTED_EDGE('',*,*,#2014,.F.);
#1434=ORIENTED_EDGE('',*,*,#2046,.F.);
#1435=ORIENTED_EDGE('',*,*,#2043,.T.);
#1436=ORIENTED_EDGE('',*,*,#2047,.T.);
#1437=ORIENTED_EDGE('',*,*,#2048,.F.);
#1438=ORIENTED_EDGE('',*,*,#2013,.T.);
#1439=ORIENTED_EDGE('',*,*,#2017,.T.);
#1440=ORIENTED_EDGE('',*,*,#2020,.T.);
#1441=ORIENTED_EDGE('',*,*,#2023,.T.);
#1442=ORIENTED_EDGE('',*,*,#2026,.F.);
#1443=ORIENTED_EDGE('',*,*,#2029,.T.);
#1444=ORIENTED_EDGE('',*,*,#2032,.T.);
#1445=ORIENTED_EDGE('',*,*,#2035,.T.);
#1446=ORIENTED_EDGE('',*,*,#2038,.F.);
#1447=ORIENTED_EDGE('',*,*,#2041,.T.);
#1448=ORIENTED_EDGE('',*,*,#2044,.T.);
#1449=ORIENTED_EDGE('',*,*,#2046,.T.);
#1450=ORIENTED_EDGE('',*,*,#2047,.F.);
#1451=ORIENTED_EDGE('',*,*,#2011,.F.);
#1452=ORIENTED_EDGE('',*,*,#2045,.F.);
#1453=ORIENTED_EDGE('',*,*,#2042,.F.);
#1454=ORIENTED_EDGE('',*,*,#2039,.F.);
#1455=ORIENTED_EDGE('',*,*,#2036,.T.);
#1456=ORIENTED_EDGE('',*,*,#2033,.F.);
#1457=ORIENTED_EDGE('',*,*,#2030,.F.);
#1458=ORIENTED_EDGE('',*,*,#2027,.F.);
#1459=ORIENTED_EDGE('',*,*,#2024,.T.);
#1460=ORIENTED_EDGE('',*,*,#2021,.F.);
#1461=ORIENTED_EDGE('',*,*,#2018,.F.);
#1462=ORIENTED_EDGE('',*,*,#2015,.F.);
#1463=ORIENTED_EDGE('',*,*,#2048,.T.);
#1464=ORIENTED_EDGE('',*,*,#2049,.F.);
#1465=ORIENTED_EDGE('',*,*,#2050,.F.);
#1466=ORIENTED_EDGE('',*,*,#2051,.T.);
#1467=ORIENTED_EDGE('',*,*,#2052,.T.);
#1468=ORIENTED_EDGE('',*,*,#2053,.T.);
#1469=ORIENTED_EDGE('',*,*,#2054,.F.);
#1470=ORIENTED_EDGE('',*,*,#2055,.F.);
#1471=ORIENTED_EDGE('',*,*,#2050,.T.);
#1472=ORIENTED_EDGE('',*,*,#2056,.F.);
#1473=ORIENTED_EDGE('',*,*,#2057,.F.);
#1474=ORIENTED_EDGE('',*,*,#2058,.T.);
#1475=ORIENTED_EDGE('',*,*,#2054,.T.);
#1476=ORIENTED_EDGE('',*,*,#2059,.T.);
#1477=ORIENTED_EDGE('',*,*,#2052,.F.);
#1478=ORIENTED_EDGE('',*,*,#2060,.F.);
#1479=ORIENTED_EDGE('',*,*,#2057,.T.);
#1480=ORIENTED_EDGE('',*,*,#2061,.T.);
#1481=ORIENTED_EDGE('',*,*,#2062,.F.);
#1482=ORIENTED_EDGE('',*,*,#2051,.F.);
#1483=ORIENTED_EDGE('',*,*,#2055,.T.);
#1484=ORIENTED_EDGE('',*,*,#2058,.F.);
#1485=ORIENTED_EDGE('',*,*,#2060,.T.);
#1486=ORIENTED_EDGE('',*,*,#2061,.F.);
#1487=ORIENTED_EDGE('',*,*,#2049,.T.);
#1488=ORIENTED_EDGE('',*,*,#2059,.F.);
#1489=ORIENTED_EDGE('',*,*,#2056,.T.);
#1490=ORIENTED_EDGE('',*,*,#2053,.F.);
#1491=ORIENTED_EDGE('',*,*,#2062,.T.);
#1492=ORIENTED_EDGE('',*,*,#2063,.F.);
#1493=ORIENTED_EDGE('',*,*,#2064,.F.);
#1494=ORIENTED_EDGE('',*,*,#2065,.T.);
#1495=ORIENTED_EDGE('',*,*,#2066,.T.);
#1496=ORIENTED_EDGE('',*,*,#2067,.T.);
#1497=ORIENTED_EDGE('',*,*,#2068,.F.);
#1498=ORIENTED_EDGE('',*,*,#2069,.F.);
#1499=ORIENTED_EDGE('',*,*,#2064,.T.);
#1500=ORIENTED_EDGE('',*,*,#2070,.F.);
#1501=ORIENTED_EDGE('',*,*,#2071,.F.);
#1502=ORIENTED_EDGE('',*,*,#2072,.T.);
#1503=ORIENTED_EDGE('',*,*,#2068,.T.);
#1504=ORIENTED_EDGE('',*,*,#2073,.T.);
#1505=ORIENTED_EDGE('',*,*,#2074,.F.);
#1506=ORIENTED_EDGE('',*,*,#2075,.T.);
#1507=ORIENTED_EDGE('',*,*,#2066,.F.);
#1508=ORIENTED_EDGE('',*,*,#2076,.F.);
#1509=ORIENTED_EDGE('',*,*,#2071,.T.);
#1510=ORIENTED_EDGE('',*,*,#2073,.F.);
#1511=ORIENTED_EDGE('',*,*,#2065,.F.);
#1512=ORIENTED_EDGE('',*,*,#2069,.T.);
#1513=ORIENTED_EDGE('',*,*,#2072,.F.);
#1514=ORIENTED_EDGE('',*,*,#2076,.T.);
#1515=ORIENTED_EDGE('',*,*,#2074,.T.);
#1516=ORIENTED_EDGE('',*,*,#2063,.T.);
#1517=ORIENTED_EDGE('',*,*,#2075,.F.);
#1518=ORIENTED_EDGE('',*,*,#2070,.T.);
#1519=ORIENTED_EDGE('',*,*,#2067,.F.);
#1520=ORIENTED_EDGE('',*,*,#2077,.T.);
#1521=ORIENTED_EDGE('',*,*,#2078,.F.);
#1522=ORIENTED_EDGE('',*,*,#2079,.F.);
#1523=ORIENTED_EDGE('',*,*,#2080,.T.);
#1524=ORIENTED_EDGE('',*,*,#2081,.F.);
#1525=ORIENTED_EDGE('',*,*,#2082,.F.);
#1526=ORIENTED_EDGE('',*,*,#2083,.T.);
#1527=ORIENTED_EDGE('',*,*,#2078,.T.);
#1528=ORIENTED_EDGE('',*,*,#2084,.T.);
#1529=ORIENTED_EDGE('',*,*,#2085,.F.);
#1530=ORIENTED_EDGE('',*,*,#2086,.F.);
#1531=ORIENTED_EDGE('',*,*,#2082,.T.);
#1532=ORIENTED_EDGE('',*,*,#2087,.F.);
#1533=ORIENTED_EDGE('',*,*,#2080,.F.);
#1534=ORIENTED_EDGE('',*,*,#2088,.T.);
#1535=ORIENTED_EDGE('',*,*,#2085,.T.);
#1536=ORIENTED_EDGE('',*,*,#2089,.T.);
#1537=ORIENTED_EDGE('',*,*,#2090,.F.);
#1538=ORIENTED_EDGE('',*,*,#2079,.T.);
#1539=ORIENTED_EDGE('',*,*,#2083,.F.);
#1540=ORIENTED_EDGE('',*,*,#2086,.T.);
#1541=ORIENTED_EDGE('',*,*,#2088,.F.);
#1542=ORIENTED_EDGE('',*,*,#2089,.F.);
#1543=ORIENTED_EDGE('',*,*,#2077,.F.);
#1544=ORIENTED_EDGE('',*,*,#2087,.T.);
#1545=ORIENTED_EDGE('',*,*,#2084,.F.);
#1546=ORIENTED_EDGE('',*,*,#2081,.T.);
#1547=ORIENTED_EDGE('',*,*,#2090,.T.);
#1548=ORIENTED_EDGE('',*,*,#2091,.F.);
#1549=ORIENTED_EDGE('',*,*,#2092,.F.);
#1550=ORIENTED_EDGE('',*,*,#2093,.T.);
#1551=ORIENTED_EDGE('',*,*,#2094,.T.);
#1552=ORIENTED_EDGE('',*,*,#2095,.T.);
#1553=ORIENTED_EDGE('',*,*,#2096,.F.);
#1554=ORIENTED_EDGE('',*,*,#2097,.F.);
#1555=ORIENTED_EDGE('',*,*,#2092,.T.);
#1556=ORIENTED_EDGE('',*,*,#2098,.F.);
#1557=ORIENTED_EDGE('',*,*,#2099,.F.);
#1558=ORIENTED_EDGE('',*,*,#2100,.T.);
#1559=ORIENTED_EDGE('',*,*,#2096,.T.);
#1560=ORIENTED_EDGE('',*,*,#2101,.T.);
#1561=ORIENTED_EDGE('',*,*,#2094,.F.);
#1562=ORIENTED_EDGE('',*,*,#2102,.F.);
#1563=ORIENTED_EDGE('',*,*,#2099,.T.);
#1564=ORIENTED_EDGE('',*,*,#2103,.T.);
#1565=ORIENTED_EDGE('',*,*,#2104,.F.);
#1566=ORIENTED_EDGE('',*,*,#2093,.F.);
#1567=ORIENTED_EDGE('',*,*,#2097,.T.);
#1568=ORIENTED_EDGE('',*,*,#2100,.F.);
#1569=ORIENTED_EDGE('',*,*,#2102,.T.);
#1570=ORIENTED_EDGE('',*,*,#2103,.F.);
#1571=ORIENTED_EDGE('',*,*,#2091,.T.);
#1572=ORIENTED_EDGE('',*,*,#2101,.F.);
#1573=ORIENTED_EDGE('',*,*,#2098,.T.);
#1574=ORIENTED_EDGE('',*,*,#2095,.F.);
#1575=ORIENTED_EDGE('',*,*,#2104,.T.);
#1576=ORIENTED_EDGE('',*,*,#2105,.F.);
#1577=ORIENTED_EDGE('',*,*,#2106,.F.);
#1578=ORIENTED_EDGE('',*,*,#2107,.T.);
#1579=ORIENTED_EDGE('',*,*,#2108,.T.);
#1580=ORIENTED_EDGE('',*,*,#2109,.T.);
#1581=ORIENTED_EDGE('',*,*,#2110,.F.);
#1582=ORIENTED_EDGE('',*,*,#2111,.F.);
#1583=ORIENTED_EDGE('',*,*,#2106,.T.);
#1584=ORIENTED_EDGE('',*,*,#2112,.F.);
#1585=ORIENTED_EDGE('',*,*,#2113,.F.);
#1586=ORIENTED_EDGE('',*,*,#2114,.T.);
#1587=ORIENTED_EDGE('',*,*,#2110,.T.);
#1588=ORIENTED_EDGE('',*,*,#2115,.T.);
#1589=ORIENTED_EDGE('',*,*,#2108,.F.);
#1590=ORIENTED_EDGE('',*,*,#2116,.F.);
#1591=ORIENTED_EDGE('',*,*,#2113,.T.);
#1592=ORIENTED_EDGE('',*,*,#2117,.T.);
#1593=ORIENTED_EDGE('',*,*,#2118,.F.);
#1594=ORIENTED_EDGE('',*,*,#2107,.F.);
#1595=ORIENTED_EDGE('',*,*,#2111,.T.);
#1596=ORIENTED_EDGE('',*,*,#2114,.F.);
#1597=ORIENTED_EDGE('',*,*,#2116,.T.);
#1598=ORIENTED_EDGE('',*,*,#2117,.F.);
#1599=ORIENTED_EDGE('',*,*,#2105,.T.);
#1600=ORIENTED_EDGE('',*,*,#2115,.F.);
#1601=ORIENTED_EDGE('',*,*,#2112,.T.);
#1602=ORIENTED_EDGE('',*,*,#2109,.F.);
#1603=ORIENTED_EDGE('',*,*,#2118,.T.);
#1604=ORIENTED_EDGE('',*,*,#2119,.T.);
#1605=ORIENTED_EDGE('',*,*,#2120,.F.);
#1606=ORIENTED_EDGE('',*,*,#2121,.F.);
#1607=ORIENTED_EDGE('',*,*,#2122,.T.);
#1608=ORIENTED_EDGE('',*,*,#2119,.F.);
#1609=ORIENTED_EDGE('',*,*,#2121,.T.);
#1610=ORIENTED_EDGE('',*,*,#2120,.T.);
#1611=ORIENTED_EDGE('',*,*,#2122,.F.);
#1612=ORIENTED_EDGE('',*,*,#2123,.T.);
#1613=ORIENTED_EDGE('',*,*,#2124,.F.);
#1614=ORIENTED_EDGE('',*,*,#2125,.F.);
#1615=ORIENTED_EDGE('',*,*,#2126,.T.);
#1616=ORIENTED_EDGE('',*,*,#2123,.F.);
#1617=ORIENTED_EDGE('',*,*,#2125,.T.);
#1618=ORIENTED_EDGE('',*,*,#2124,.T.);
#1619=ORIENTED_EDGE('',*,*,#2126,.F.);
#1620=EDGE_CURVE('',#2127,#2127,#2473,.T.);
#1621=EDGE_CURVE('',#2128,#2128,#2474,.T.);
#1622=EDGE_CURVE('',#2129,#2130,#2475,.T.);
#1623=EDGE_CURVE('',#2131,#2130,#142,.T.);
#1624=EDGE_CURVE('',#2132,#2131,#2476,.T.);
#1625=EDGE_CURVE('',#2132,#2129,#143,.T.);
#1626=EDGE_CURVE('',#2133,#2134,#2477,.T.);
#1627=EDGE_CURVE('',#2135,#2133,#144,.T.);
#1628=EDGE_CURVE('',#2135,#2136,#2478,.T.);
#1629=EDGE_CURVE('',#2136,#2134,#145,.T.);
#1630=EDGE_CURVE('',#2137,#2138,#2479,.F.);
#1631=EDGE_CURVE('',#2139,#2137,#146,.T.);
#1632=EDGE_CURVE('',#2139,#2140,#2480,.F.);
#1633=EDGE_CURVE('',#2140,#2138,#147,.T.);
#1634=EDGE_CURVE('',#2141,#2142,#2481,.F.);
#1635=EDGE_CURVE('',#2143,#2142,#148,.T.);
#1636=EDGE_CURVE('',#2144,#2143,#2482,.F.);
#1637=EDGE_CURVE('',#2144,#2141,#149,.T.);
#1638=EDGE_CURVE('',#2145,#2146,#2483,.T.);
#1639=EDGE_CURVE('',#2147,#2146,#150,.T.);
#1640=EDGE_CURVE('',#2148,#2147,#2484,.T.);
#1641=EDGE_CURVE('',#2148,#2145,#151,.T.);
#1642=EDGE_CURVE('',#2149,#2150,#2485,.T.);
#1643=EDGE_CURVE('',#2151,#2149,#152,.T.);
#1644=EDGE_CURVE('',#2151,#2152,#2486,.T.);
#1645=EDGE_CURVE('',#2152,#2150,#153,.T.);
#1646=EDGE_CURVE('',#2153,#2154,#14,.T.);
#1647=EDGE_CURVE('',#2155,#2153,#154,.T.);
#1648=EDGE_CURVE('',#2155,#2156,#15,.T.);
#1649=EDGE_CURVE('',#2156,#2154,#155,.T.);
#1650=EDGE_CURVE('',#2157,#2158,#16,.T.);
#1651=EDGE_CURVE('',#2159,#2158,#156,.T.);
#1652=EDGE_CURVE('',#2160,#2159,#17,.T.);
#1653=EDGE_CURVE('',#2160,#2157,#157,.T.);
#1654=EDGE_CURVE('',#2161,#2162,#18,.T.);
#1655=EDGE_CURVE('',#2163,#2162,#158,.T.);
#1656=EDGE_CURVE('',#2164,#2163,#19,.T.);
#1657=EDGE_CURVE('',#2164,#2161,#159,.T.);
#1658=EDGE_CURVE('',#2165,#2166,#20,.T.);
#1659=EDGE_CURVE('',#2167,#2165,#160,.T.);
#1660=EDGE_CURVE('',#2167,#2168,#21,.T.);
#1661=EDGE_CURVE('',#2168,#2166,#161,.T.);
#1662=EDGE_CURVE('',#2169,#2170,#2487,.T.);
#1663=EDGE_CURVE('',#2171,#2169,#162,.T.);
#1664=EDGE_CURVE('',#2171,#2172,#2488,.T.);
#1665=EDGE_CURVE('',#2172,#2170,#163,.T.);
#1666=EDGE_CURVE('',#2173,#2133,#2489,.F.);
#1667=EDGE_CURVE('',#2174,#2173,#164,.T.);
#1668=EDGE_CURVE('',#2174,#2135,#2490,.F.);
#1669=EDGE_CURVE('',#2175,#2129,#2491,.T.);
#1670=EDGE_CURVE('',#2176,#2132,#2492,.T.);
#1671=EDGE_CURVE('',#2176,#2175,#165,.T.);
#1672=EDGE_CURVE('',#2177,#2178,#2493,.F.);
#1673=EDGE_CURVE('',#2179,#2178,#166,.T.);
#1674=EDGE_CURVE('',#2180,#2179,#2494,.F.);
#1675=EDGE_CURVE('',#2180,#2177,#167,.T.);
#1676=EDGE_CURVE('',#2181,#2182,#2495,.T.);
#1677=EDGE_CURVE('',#2183,#2181,#168,.T.);
#1678=EDGE_CURVE('',#2183,#2184,#2496,.T.);
#1679=EDGE_CURVE('',#2184,#2182,#169,.T.);
#1680=EDGE_CURVE('',#2175,#2185,#2497,.F.);
#1681=EDGE_CURVE('',#2176,#2186,#2498,.F.);
#1682=EDGE_CURVE('',#2186,#2185,#170,.T.);
#1683=EDGE_CURVE('',#2187,#2188,#2499,.F.);
#1684=EDGE_CURVE('',#2189,#2188,#171,.T.);
#1685=EDGE_CURVE('',#2190,#2189,#2500,.F.);
#1686=EDGE_CURVE('',#2190,#2187,#172,.T.);
#1687=EDGE_CURVE('',#2173,#2191,#2501,.T.);
#1688=EDGE_CURVE('',#2192,#2191,#173,.T.);
#1689=EDGE_CURVE('',#2174,#2192,#2502,.T.);
#1690=EDGE_CURVE('',#2193,#2194,#2503,.T.);
#1691=EDGE_CURVE('',#2195,#2194,#174,.T.);
#1692=EDGE_CURVE('',#2196,#2195,#2504,.T.);
#1693=EDGE_CURVE('',#2196,#2193,#175,.T.);
#1694=EDGE_CURVE('',#2197,#2198,#22,.T.);
#1695=EDGE_CURVE('',#2199,#2198,#176,.T.);
#1696=EDGE_CURVE('',#2200,#2199,#23,.T.);
#1697=EDGE_CURVE('',#2200,#2197,#177,.T.);
#1698=EDGE_CURVE('',#2201,#2194,#2505,.F.);
#1699=EDGE_CURVE('',#2202,#2201,#178,.T.);
#1700=EDGE_CURVE('',#2202,#2195,#2506,.F.);
#1701=EDGE_CURVE('',#2203,#2204,#24,.T.);
#1702=EDGE_CURVE('',#2205,#2203,#179,.T.);
#1703=EDGE_CURVE('',#2205,#2206,#25,.T.);
#1704=EDGE_CURVE('',#2206,#2204,#180,.T.);
#1705=EDGE_CURVE('',#2203,#2145,#26,.T.);
#1706=EDGE_CURVE('',#2205,#2148,#27,.T.);
#1707=EDGE_CURVE('',#2207,#2208,#28,.T.);
#1708=EDGE_CURVE('',#2209,#2207,#181,.T.);
#1709=EDGE_CURVE('',#2209,#2210,#29,.T.);
#1710=EDGE_CURVE('',#2210,#2208,#182,.T.);
#1711=EDGE_CURVE('',#2207,#2211,#30,.T.);
#1712=EDGE_CURVE('',#2212,#2211,#183,.T.);
#1713=EDGE_CURVE('',#2209,#2212,#31,.T.);
#1714=EDGE_CURVE('',#2197,#2137,#32,.T.);
#1715=EDGE_CURVE('',#2200,#2139,#33,.T.);
#1716=EDGE_CURVE('',#2149,#2213,#34,.T.);
#1717=EDGE_CURVE('',#2214,#2213,#184,.T.);
#1718=EDGE_CURVE('',#2151,#2214,#35,.T.);
#1719=EDGE_CURVE('',#2213,#2170,#36,.T.);
#1720=EDGE_CURVE('',#2214,#2172,#37,.T.);
#1721=EDGE_CURVE('',#2215,#2188,#38,.T.);
#1722=EDGE_CURVE('',#2216,#2215,#185,.T.);
#1723=EDGE_CURVE('',#2216,#2189,#39,.T.);
#1724=EDGE_CURVE('',#2217,#2215,#40,.T.);
#1725=EDGE_CURVE('',#2218,#2217,#186,.T.);
#1726=EDGE_CURVE('',#2218,#2216,#41,.T.);
#1727=EDGE_CURVE('',#2158,#2219,#42,.T.);
#1728=EDGE_CURVE('',#2220,#2219,#187,.T.);
#1729=EDGE_CURVE('',#2159,#2220,#43,.T.);
#1730=EDGE_CURVE('',#2166,#2219,#44,.T.);
#1731=EDGE_CURVE('',#2168,#2220,#45,.T.);
#1732=EDGE_CURVE('',#2221,#2222,#46,.T.);
#1733=EDGE_CURVE('',#2223,#2222,#188,.T.);
#1734=EDGE_CURVE('',#2224,#2223,#47,.T.);
#1735=EDGE_CURVE('',#2224,#2221,#189,.T.);
#1736=EDGE_CURVE('',#2222,#2182,#48,.T.);
#1737=EDGE_CURVE('',#2223,#2184,#49,.T.);
#1738=EDGE_CURVE('',#2225,#2178,#50,.T.);
#1739=EDGE_CURVE('',#2226,#2225,#190,.T.);
#1740=EDGE_CURVE('',#2226,#2179,#51,.T.);
#1741=EDGE_CURVE('',#2141,#2225,#52,.T.);
#1742=EDGE_CURVE('',#2144,#2226,#53,.T.);
#1743=EDGE_CURVE('',#2227,#2211,#10,.T.);
#1744=EDGE_CURVE('',#2228,#2227,#191,.T.);
#1745=EDGE_CURVE('',#2228,#2212,#11,.T.);
#1746=EDGE_CURVE('',#2229,#2230,#2507,.T.);
#1747=EDGE_CURVE('',#2231,#2230,#192,.T.);
#1748=EDGE_CURVE('',#2232,#2231,#2508,.T.);
#1749=EDGE_CURVE('',#2232,#2229,#193,.T.);
#1750=EDGE_CURVE('',#2230,#2233,#2509,.T.);
#1751=EDGE_CURVE('',#2234,#2233,#194,.T.);
#1752=EDGE_CURVE('',#2231,#2234,#2510,.T.);
#1753=EDGE_CURVE('',#2233,#2229,#2511,.T.);
#1754=EDGE_CURVE('',#2234,#2232,#2512,.T.);
#1755=EDGE_CURVE('',#2227,#2208,#12,.T.);
#1756=EDGE_CURVE('',#2228,#2210,#13,.T.);
#1757=EDGE_CURVE('',#2235,#2236,#54,.T.);
#1758=EDGE_CURVE('',#2237,#2235,#195,.T.);
#1759=EDGE_CURVE('',#2237,#2238,#55,.T.);
#1760=EDGE_CURVE('',#2238,#2236,#196,.T.);
#1761=EDGE_CURVE('',#2239,#2240,#2513,.T.);
#1762=EDGE_CURVE('',#2241,#2239,#197,.T.);
#1763=EDGE_CURVE('',#2241,#2242,#2514,.T.);
#1764=EDGE_CURVE('',#2242,#2240,#198,.T.);
#1765=EDGE_CURVE('',#2243,#2244,#2515,.F.);
#1766=EDGE_CURVE('',#2245,#2244,#199,.T.);
#1767=EDGE_CURVE('',#2246,#2245,#2516,.F.);
#1768=EDGE_CURVE('',#2246,#2243,#200,.T.);
#1769=EDGE_CURVE('',#2247,#2248,#56,.T.);
#1770=EDGE_CURVE('',#2249,#2248,#201,.T.);
#1771=EDGE_CURVE('',#2250,#2249,#57,.T.);
#1772=EDGE_CURVE('',#2250,#2247,#202,.T.);
#1773=EDGE_CURVE('',#2251,#2201,#58,.T.);
#1774=EDGE_CURVE('',#2252,#2251,#203,.T.);
#1775=EDGE_CURVE('',#2252,#2202,#59,.T.);
#1776=EDGE_CURVE('',#2251,#2193,#60,.T.);
#1777=EDGE_CURVE('',#2252,#2196,#61,.T.);
#1778=EDGE_CURVE('',#2253,#2254,#62,.T.);
#1779=EDGE_CURVE('',#2255,#2254,#204,.T.);
#1780=EDGE_CURVE('',#2256,#2255,#63,.T.);
#1781=EDGE_CURVE('',#2256,#2253,#205,.T.);
#1782=EDGE_CURVE('',#2254,#2236,#64,.T.);
#1783=EDGE_CURVE('',#2255,#2238,#65,.T.);
#1784=EDGE_CURVE('',#2239,#2161,#2517,.F.);
#1785=EDGE_CURVE('',#2241,#2164,#2518,.F.);
#1786=EDGE_CURVE('',#2165,#2257,#66,.T.);
#1787=EDGE_CURVE('',#2258,#2257,#206,.T.);
#1788=EDGE_CURVE('',#2167,#2258,#67,.T.);
#1789=EDGE_CURVE('',#2157,#2257,#68,.T.);
#1790=EDGE_CURVE('',#2160,#2258,#69,.T.);
#1791=EDGE_CURVE('',#2243,#2153,#2519,.T.);
#1792=EDGE_CURVE('',#2246,#2155,#2520,.T.);
#1793=EDGE_CURVE('',#2259,#2248,#70,.T.);
#1794=EDGE_CURVE('',#2260,#2259,#207,.T.);
#1795=EDGE_CURVE('',#2260,#2249,#71,.T.);
#1796=EDGE_CURVE('',#2261,#2262,#2521,.T.);
#1797=EDGE_CURVE('',#2263,#2261,#208,.T.);
#1798=EDGE_CURVE('',#2263,#2264,#2522,.T.);
#1799=EDGE_CURVE('',#2264,#2262,#209,.T.);
#1800=EDGE_CURVE('',#2262,#2261,#2523,.T.);
#1801=EDGE_CURVE('',#2264,#2263,#2524,.T.);
#1802=EDGE_CURVE('',#2265,#2259,#72,.T.);
#1803=EDGE_CURVE('',#2266,#2265,#210,.T.);
#1804=EDGE_CURVE('',#2266,#2260,#73,.T.);
#1805=EDGE_CURVE('',#2150,#2267,#74,.T.);
#1806=EDGE_CURVE('',#2152,#2268,#75,.T.);
#1807=EDGE_CURVE('',#2268,#2267,#211,.T.);
#1808=EDGE_CURVE('',#2267,#2169,#76,.T.);
#1809=EDGE_CURVE('',#2268,#2171,#77,.T.);
#1810=EDGE_CURVE('',#2142,#2269,#78,.T.);
#1811=EDGE_CURVE('',#2270,#2269,#212,.T.);
#1812=EDGE_CURVE('',#2143,#2270,#79,.T.);
#1813=EDGE_CURVE('',#2269,#2177,#80,.T.);
#1814=EDGE_CURVE('',#2270,#2180,#81,.T.);
#1815=EDGE_CURVE('',#2204,#2146,#2525,.T.);
#1816=EDGE_CURVE('',#2206,#2147,#2526,.T.);
#1817=EDGE_CURVE('',#2198,#2138,#2527,.F.);
#1818=EDGE_CURVE('',#2199,#2140,#2528,.F.);
#1819=EDGE_CURVE('',#2130,#2185,#2529,.F.);
#1820=EDGE_CURVE('',#2131,#2186,#2530,.F.);
#1821=EDGE_CURVE('',#2253,#2235,#2531,.F.);
#1822=EDGE_CURVE('',#2256,#2237,#2532,.F.);
#1823=EDGE_CURVE('',#2240,#2162,#2533,.F.);
#1824=EDGE_CURVE('',#2242,#2163,#2534,.F.);
#1825=EDGE_CURVE('',#2181,#2221,#82,.T.);
#1826=EDGE_CURVE('',#2183,#2224,#83,.T.);
#1827=EDGE_CURVE('',#2190,#2218,#84,.T.);
#1828=EDGE_CURVE('',#2136,#2192,#2535,.T.);
#1829=EDGE_CURVE('',#2266,#2250,#2536,.T.);
#1830=EDGE_CURVE('',#2245,#2156,#2537,.T.);
#1831=EDGE_CURVE('',#2187,#2217,#85,.T.);
#1832=EDGE_CURVE('',#2134,#2191,#2538,.T.);
#1833=EDGE_CURVE('',#2265,#2247,#2539,.T.);
#1834=EDGE_CURVE('',#2244,#2154,#2540,.T.);
#1835=EDGE_CURVE('',#2271,#2272,#86,.T.);
#1836=EDGE_CURVE('',#2273,#2272,#213,.T.);
#1837=EDGE_CURVE('',#2274,#2273,#87,.T.);
#1838=EDGE_CURVE('',#2274,#2271,#214,.T.);
#1839=EDGE_CURVE('',#2272,#2275,#88,.T.);
#1840=EDGE_CURVE('',#2276,#2275,#215,.T.);
#1841=EDGE_CURVE('',#2273,#2276,#89,.T.);
#1842=EDGE_CURVE('',#2275,#2277,#2541,.T.);
#1843=EDGE_CURVE('',#2278,#2277,#216,.T.);
#1844=EDGE_CURVE('',#2276,#2278,#2542,.T.);
#1845=EDGE_CURVE('',#2277,#2279,#2543,.T.);
#1846=EDGE_CURVE('',#2280,#2279,#217,.T.);
#1847=EDGE_CURVE('',#2278,#2280,#2544,.T.);
#1848=EDGE_CURVE('',#2279,#2281,#90,.T.);
#1849=EDGE_CURVE('',#2282,#2281,#218,.T.);
#1850=EDGE_CURVE('',#2280,#2282,#91,.T.);
#1851=EDGE_CURVE('',#2281,#2283,#92,.T.);
#1852=EDGE_CURVE('',#2284,#2283,#219,.T.);
#1853=EDGE_CURVE('',#2282,#2284,#93,.T.);
#1854=EDGE_CURVE('',#2283,#2285,#2545,.T.);
#1855=EDGE_CURVE('',#2286,#2285,#220,.T.);
#1856=EDGE_CURVE('',#2284,#2286,#2546,.T.);
#1857=EDGE_CURVE('',#2285,#2287,#2547,.T.);
#1858=EDGE_CURVE('',#2288,#2287,#221,.T.);
#1859=EDGE_CURVE('',#2286,#2288,#2548,.T.);
#1860=EDGE_CURVE('',#2287,#2289,#94,.T.);
#1861=EDGE_CURVE('',#2290,#2289,#222,.T.);
#1862=EDGE_CURVE('',#2288,#2290,#95,.T.);
#1863=EDGE_CURVE('',#2289,#2291,#96,.T.);
#1864=EDGE_CURVE('',#2292,#2291,#223,.T.);
#1865=EDGE_CURVE('',#2290,#2292,#97,.T.);
#1866=EDGE_CURVE('',#2291,#2293,#2549,.T.);
#1867=EDGE_CURVE('',#2294,#2293,#224,.T.);
#1868=EDGE_CURVE('',#2292,#2294,#2550,.T.);
#1869=EDGE_CURVE('',#2293,#2295,#2551,.T.);
#1870=EDGE_CURVE('',#2296,#2295,#225,.T.);
#1871=EDGE_CURVE('',#2294,#2296,#2552,.T.);
#1872=EDGE_CURVE('',#2297,#2298,#2553,.T.);
#1873=EDGE_CURVE('',#2299,#2298,#226,.T.);
#1874=EDGE_CURVE('',#2300,#2299,#2554,.T.);
#1875=EDGE_CURVE('',#2300,#2297,#227,.T.);
#1876=EDGE_CURVE('',#2301,#2298,#2555,.T.);
#1877=EDGE_CURVE('',#2302,#2301,#228,.T.);
#1878=EDGE_CURVE('',#2302,#2299,#2556,.T.);
#1879=EDGE_CURVE('',#2301,#2303,#2557,.T.);
#1880=EDGE_CURVE('',#2304,#2303,#229,.T.);
#1881=EDGE_CURVE('',#2302,#2304,#2558,.T.);
#1882=EDGE_CURVE('',#2305,#2303,#2559,.T.);
#1883=EDGE_CURVE('',#2306,#2305,#230,.T.);
#1884=EDGE_CURVE('',#2306,#2304,#2560,.T.);
#1885=EDGE_CURVE('',#2305,#2307,#2561,.T.);
#1886=EDGE_CURVE('',#2308,#2307,#231,.T.);
#1887=EDGE_CURVE('',#2306,#2308,#2562,.T.);
#1888=EDGE_CURVE('',#2297,#2307,#2563,.T.);
#1889=EDGE_CURVE('',#2300,#2308,#2564,.T.);
#1890=EDGE_CURVE('',#2295,#2271,#2565,.T.);
#1891=EDGE_CURVE('',#2296,#2274,#2566,.T.);
#1892=EDGE_CURVE('',#2309,#2310,#2567,.T.);
#1893=EDGE_CURVE('',#2311,#2310,#232,.T.);
#1894=EDGE_CURVE('',#2312,#2311,#2568,.T.);
#1895=EDGE_CURVE('',#2312,#2309,#233,.T.);
#1896=EDGE_CURVE('',#2313,#2314,#2569,.T.);
#1897=EDGE_CURVE('',#2315,#2314,#234,.T.);
#1898=EDGE_CURVE('',#2316,#2315,#2570,.T.);
#1899=EDGE_CURVE('',#2316,#2313,#235,.T.);
#1900=EDGE_CURVE('',#2317,#2318,#2571,.T.);
#1901=EDGE_CURVE('',#2319,#2317,#236,.T.);
#1902=EDGE_CURVE('',#2319,#2320,#2572,.T.);
#1903=EDGE_CURVE('',#2320,#2318,#237,.T.);
#1904=EDGE_CURVE('',#2321,#2322,#2573,.T.);
#1905=EDGE_CURVE('',#2323,#2321,#238,.T.);
#1906=EDGE_CURVE('',#2323,#2324,#2574,.T.);
#1907=EDGE_CURVE('',#2324,#2322,#239,.T.);
#1908=EDGE_CURVE('',#2321,#2325,#2575,.T.);
#1909=EDGE_CURVE('',#2326,#2325,#240,.T.);
#1910=EDGE_CURVE('',#2323,#2326,#2576,.T.);
#1911=EDGE_CURVE('',#2327,#2325,#2577,.T.);
#1912=EDGE_CURVE('',#2328,#2327,#241,.T.);
#1913=EDGE_CURVE('',#2328,#2326,#2578,.T.);
#1914=EDGE_CURVE('',#2329,#2330,#2579,.T.);
#1915=EDGE_CURVE('',#2331,#2329,#242,.T.);
#1916=EDGE_CURVE('',#2331,#2332,#2580,.T.);
#1917=EDGE_CURVE('',#2332,#2330,#243,.T.);
#1918=EDGE_CURVE('',#2329,#2333,#2581,.T.);
#1919=EDGE_CURVE('',#2334,#2333,#244,.T.);
#1920=EDGE_CURVE('',#2331,#2334,#2582,.T.);
#1921=EDGE_CURVE('',#2335,#2333,#2583,.T.);
#1922=EDGE_CURVE('',#2336,#2335,#245,.T.);
#1923=EDGE_CURVE('',#2336,#2334,#2584,.T.);
#1924=EDGE_CURVE('',#2337,#2338,#2585,.T.);
#1925=EDGE_CURVE('',#2339,#2337,#246,.T.);
#1926=EDGE_CURVE('',#2339,#2340,#2586,.T.);
#1927=EDGE_CURVE('',#2340,#2338,#247,.T.);
#1928=EDGE_CURVE('',#2337,#2341,#2587,.T.);
#1929=EDGE_CURVE('',#2342,#2341,#248,.T.);
#1930=EDGE_CURVE('',#2339,#2342,#2588,.T.);
#1931=EDGE_CURVE('',#2343,#2341,#2589,.T.);
#1932=EDGE_CURVE('',#2344,#2343,#249,.T.);
#1933=EDGE_CURVE('',#2344,#2342,#2590,.T.);
#1934=EDGE_CURVE('',#2309,#2310,#2591,.T.);
#1935=EDGE_CURVE('',#2312,#2311,#2592,.T.);
#1936=EDGE_CURVE('',#2313,#2314,#2593,.T.);
#1937=EDGE_CURVE('',#2316,#2315,#2594,.T.);
#1938=EDGE_CURVE('',#2317,#2318,#2595,.T.);
#1939=EDGE_CURVE('',#2319,#2320,#2596,.T.);
#1940=EDGE_CURVE('',#2322,#2327,#2597,.T.);
#1941=EDGE_CURVE('',#2324,#2328,#2598,.T.);
#1942=EDGE_CURVE('',#2330,#2335,#2599,.T.);
#1943=EDGE_CURVE('',#2332,#2336,#2600,.T.);
#1944=EDGE_CURVE('',#2338,#2343,#2601,.T.);
#1945=EDGE_CURVE('',#2340,#2344,#2602,.T.);
#1946=EDGE_CURVE('',#2345,#2345,#2603,.T.);
#1947=EDGE_CURVE('',#2346,#2346,#2604,.T.);
#1948=EDGE_CURVE('',#2347,#2348,#250,.T.);
#1949=EDGE_CURVE('',#2349,#2348,#251,.T.);
#1950=EDGE_CURVE('',#2350,#2349,#252,.T.);
#1951=EDGE_CURVE('',#2350,#2347,#253,.T.);
#1952=EDGE_CURVE('',#2351,#2348,#2605,.T.);
#1953=EDGE_CURVE('',#2352,#2351,#254,.T.);
#1954=EDGE_CURVE('',#2352,#2349,#2606,.T.);
#1955=EDGE_CURVE('',#2351,#2353,#255,.T.);
#1956=EDGE_CURVE('',#2354,#2353,#256,.T.);
#1957=EDGE_CURVE('',#2352,#2354,#257,.T.);
#1958=EDGE_CURVE('',#2355,#2356,#2607,.T.);
#1959=EDGE_CURVE('',#2357,#2356,#258,.T.);
#1960=EDGE_CURVE('',#2358,#2357,#2608,.T.);
#1961=EDGE_CURVE('',#2358,#2355,#259,.T.);
#1962=EDGE_CURVE('',#2356,#2359,#260,.T.);
#1963=EDGE_CURVE('',#2360,#2359,#261,.T.);
#1964=EDGE_CURVE('',#2357,#2360,#262,.T.);
#1965=EDGE_CURVE('',#2359,#2361,#263,.T.);
#1966=EDGE_CURVE('',#2362,#2361,#264,.T.);
#1967=EDGE_CURVE('',#2360,#2362,#265,.T.);
#1968=EDGE_CURVE('',#2361,#2363,#2609,.T.);
#1969=EDGE_CURVE('',#2364,#2363,#266,.T.);
#1970=EDGE_CURVE('',#2362,#2364,#2610,.T.);
#1971=EDGE_CURVE('',#2365,#2363,#267,.T.);
#1972=EDGE_CURVE('',#2366,#2365,#268,.T.);
#1973=EDGE_CURVE('',#2366,#2364,#269,.T.);
#1974=EDGE_CURVE('',#2367,#2365,#270,.T.);
#1975=EDGE_CURVE('',#2368,#2367,#271,.T.);
#1976=EDGE_CURVE('',#2368,#2366,#272,.T.);
#1977=EDGE_CURVE('',#2367,#2369,#2611,.T.);
#1978=EDGE_CURVE('',#2370,#2369,#273,.T.);
#1979=EDGE_CURVE('',#2368,#2370,#2612,.T.);
#1980=EDGE_CURVE('',#2371,#2369,#274,.T.);
#1981=EDGE_CURVE('',#2372,#2371,#275,.T.);
#1982=EDGE_CURVE('',#2372,#2370,#276,.T.);
#1983=EDGE_CURVE('',#2373,#2374,#277,.T.);
#1984=EDGE_CURVE('',#2375,#2373,#278,.T.);
#1985=EDGE_CURVE('',#2375,#2376,#279,.T.);
#1986=EDGE_CURVE('',#2376,#2374,#280,.T.);
#1987=EDGE_CURVE('',#2377,#2373,#2613,.T.);
#1988=EDGE_CURVE('',#2378,#2377,#281,.T.);
#1989=EDGE_CURVE('',#2378,#2375,#2614,.T.);
#1990=EDGE_CURVE('',#2377,#2379,#282,.T.);
#1991=EDGE_CURVE('',#2380,#2379,#283,.T.);
#1992=EDGE_CURVE('',#2378,#2380,#284,.T.);
#1993=EDGE_CURVE('',#2381,#2382,#2615,.T.);
#1994=EDGE_CURVE('',#2383,#2381,#285,.T.);
#1995=EDGE_CURVE('',#2383,#2384,#2616,.T.);
#1996=EDGE_CURVE('',#2384,#2382,#286,.T.);
#1997=EDGE_CURVE('',#2385,#2381,#287,.T.);
#1998=EDGE_CURVE('',#2386,#2385,#288,.T.);
#1999=EDGE_CURVE('',#2386,#2383,#289,.T.);
#2000=EDGE_CURVE('',#2385,#2387,#2617,.T.);
#2001=EDGE_CURVE('',#2388,#2387,#290,.T.);
#2002=EDGE_CURVE('',#2386,#2388,#2618,.T.);
#2003=EDGE_CURVE('',#2371,#2355,#291,.T.);
#2004=EDGE_CURVE('',#2372,#2358,#292,.T.);
#2005=EDGE_CURVE('',#2379,#2374,#2619,.T.);
#2006=EDGE_CURVE('',#2380,#2376,#2620,.T.);
#2007=EDGE_CURVE('',#2382,#2387,#293,.T.);
#2008=EDGE_CURVE('',#2384,#2388,#294,.T.);
#2009=EDGE_CURVE('',#2353,#2347,#2621,.T.);
#2010=EDGE_CURVE('',#2354,#2350,#2622,.T.);
#2011=EDGE_CURVE('',#2389,#2390,#295,.T.);
#2012=EDGE_CURVE('',#2391,#2390,#296,.T.);
#2013=EDGE_CURVE('',#2392,#2391,#297,.T.);
#2014=EDGE_CURVE('',#2392,#2389,#298,.T.);
#2015=EDGE_CURVE('',#2390,#2393,#2623,.T.);
#2016=EDGE_CURVE('',#2394,#2393,#299,.T.);
#2017=EDGE_CURVE('',#2391,#2394,#2624,.T.);
#2018=EDGE_CURVE('',#2393,#2395,#300,.T.);
#2019=EDGE_CURVE('',#2396,#2395,#301,.T.);
#2020=EDGE_CURVE('',#2394,#2396,#302,.T.);
#2021=EDGE_CURVE('',#2395,#2397,#2625,.T.);
#2022=EDGE_CURVE('',#2398,#2397,#303,.T.);
#2023=EDGE_CURVE('',#2396,#2398,#2626,.T.);
#2024=EDGE_CURVE('',#2399,#2397,#304,.T.);
#2025=EDGE_CURVE('',#2400,#2399,#305,.T.);
#2026=EDGE_CURVE('',#2400,#2398,#306,.T.);
#2027=EDGE_CURVE('',#2399,#2401,#2627,.T.);
#2028=EDGE_CURVE('',#2402,#2401,#307,.T.);
#2029=EDGE_CURVE('',#2400,#2402,#2628,.T.);
#2030=EDGE_CURVE('',#2401,#2403,#308,.T.);
#2031=EDGE_CURVE('',#2404,#2403,#309,.T.);
#2032=EDGE_CURVE('',#2402,#2404,#310,.T.);
#2033=EDGE_CURVE('',#2403,#2405,#2629,.T.);
#2034=EDGE_CURVE('',#2406,#2405,#311,.T.);
#2035=EDGE_CURVE('',#2404,#2406,#2630,.T.);
#2036=EDGE_CURVE('',#2407,#2405,#312,.T.);
#2037=EDGE_CURVE('',#2408,#2407,#313,.T.);
#2038=EDGE_CURVE('',#2408,#2406,#314,.T.);
#2039=EDGE_CURVE('',#2407,#2409,#2631,.T.);
#2040=EDGE_CURVE('',#2410,#2409,#315,.T.);
#2041=EDGE_CURVE('',#2408,#2410,#2632,.T.);
#2042=EDGE_CURVE('',#2409,#2411,#316,.T.);
#2043=EDGE_CURVE('',#2412,#2411,#317,.T.);
#2044=EDGE_CURVE('',#2410,#2412,#318,.T.);
#2045=EDGE_CURVE('',#2411,#2389,#2633,.T.);
#2046=EDGE_CURVE('',#2412,#2392,#2634,.T.);
#2047=EDGE_CURVE('',#2413,#2413,#2635,.T.);
#2048=EDGE_CURVE('',#2414,#2414,#2636,.T.);
#2049=EDGE_CURVE('',#2415,#2416,#2637,.T.);
#2050=EDGE_CURVE('',#2417,#2415,#319,.T.);
#2051=EDGE_CURVE('',#2417,#2418,#2638,.T.);
#2052=EDGE_CURVE('',#2418,#2416,#320,.T.);
#2053=EDGE_CURVE('',#2415,#2419,#2639,.T.);
#2054=EDGE_CURVE('',#2420,#2419,#321,.T.);
#2055=EDGE_CURVE('',#2417,#2420,#2640,.T.);
#2056=EDGE_CURVE('',#2421,#2419,#2641,.T.);
#2057=EDGE_CURVE('',#2422,#2421,#322,.T.);
#2058=EDGE_CURVE('',#2422,#2420,#2642,.T.);
#2059=EDGE_CURVE('',#2421,#2416,#2643,.T.);
#2060=EDGE_CURVE('',#2422,#2418,#2644,.T.);
#2061=EDGE_CURVE('',#2423,#2423,#2645,.T.);
#2062=EDGE_CURVE('',#2424,#2424,#2646,.T.);
#2063=EDGE_CURVE('',#2425,#2426,#2647,.T.);
#2064=EDGE_CURVE('',#2427,#2425,#323,.T.);
#2065=EDGE_CURVE('',#2427,#2428,#2648,.T.);
#2066=EDGE_CURVE('',#2428,#2426,#324,.T.);
#2067=EDGE_CURVE('',#2425,#2429,#2649,.T.);
#2068=EDGE_CURVE('',#2430,#2429,#325,.T.);
#2069=EDGE_CURVE('',#2427,#2430,#2650,.T.);
#2070=EDGE_CURVE('',#2431,#2429,#2651,.T.);
#2071=EDGE_CURVE('',#2432,#2431,#326,.T.);
#2072=EDGE_CURVE('',#2432,#2430,#2652,.T.);
#2073=EDGE_CURVE('',#2433,#2433,#2653,.T.);
#2074=EDGE_CURVE('',#2434,#2434,#2654,.T.);
#2075=EDGE_CURVE('',#2431,#2426,#2655,.T.);
#2076=EDGE_CURVE('',#2432,#2428,#2656,.T.);
#2077=EDGE_CURVE('',#2435,#2436,#2657,.T.);
#2078=EDGE_CURVE('',#2437,#2436,#327,.T.);
#2079=EDGE_CURVE('',#2438,#2437,#2658,.T.);
#2080=EDGE_CURVE('',#2438,#2435,#328,.T.);
#2081=EDGE_CURVE('',#2439,#2436,#2659,.T.);
#2082=EDGE_CURVE('',#2440,#2439,#329,.T.);
#2083=EDGE_CURVE('',#2440,#2437,#2660,.T.);
#2084=EDGE_CURVE('',#2439,#2441,#2661,.T.);
#2085=EDGE_CURVE('',#2442,#2441,#330,.T.);
#2086=EDGE_CURVE('',#2440,#2442,#2662,.T.);
#2087=EDGE_CURVE('',#2435,#2441,#2663,.T.);
#2088=EDGE_CURVE('',#2438,#2442,#2664,.T.);
#2089=EDGE_CURVE('',#2443,#2443,#2665,.T.);
#2090=EDGE_CURVE('',#2444,#2444,#2666,.T.);
#2091=EDGE_CURVE('',#2445,#2446,#2667,.T.);
#2092=EDGE_CURVE('',#2447,#2445,#331,.T.);
#2093=EDGE_CURVE('',#2447,#2448,#2668,.T.);
#2094=EDGE_CURVE('',#2448,#2446,#332,.T.);
#2095=EDGE_CURVE('',#2445,#2449,#2669,.T.);
#2096=EDGE_CURVE('',#2450,#2449,#333,.T.);
#2097=EDGE_CURVE('',#2447,#2450,#2670,.T.);
#2098=EDGE_CURVE('',#2451,#2449,#2671,.T.);
#2099=EDGE_CURVE('',#2452,#2451,#334,.T.);
#2100=EDGE_CURVE('',#2452,#2450,#2672,.T.);
#2101=EDGE_CURVE('',#2451,#2446,#2673,.T.);
#2102=EDGE_CURVE('',#2452,#2448,#2674,.T.);
#2103=EDGE_CURVE('',#2453,#2453,#2675,.T.);
#2104=EDGE_CURVE('',#2454,#2454,#2676,.T.);
#2105=EDGE_CURVE('',#2455,#2456,#2677,.T.);
#2106=EDGE_CURVE('',#2457,#2455,#335,.T.);
#2107=EDGE_CURVE('',#2457,#2458,#2678,.T.);
#2108=EDGE_CURVE('',#2458,#2456,#336,.T.);
#2109=EDGE_CURVE('',#2455,#2459,#2679,.T.);
#2110=EDGE_CURVE('',#2460,#2459,#337,.T.);
#2111=EDGE_CURVE('',#2457,#2460,#2680,.T.);
#2112=EDGE_CURVE('',#2461,#2459,#2681,.T.);
#2113=EDGE_CURVE('',#2462,#2461,#338,.T.);
#2114=EDGE_CURVE('',#2462,#2460,#2682,.T.);
#2115=EDGE_CURVE('',#2461,#2456,#2683,.T.);
#2116=EDGE_CURVE('',#2462,#2458,#2684,.T.);
#2117=EDGE_CURVE('',#2463,#2463,#2685,.T.);
#2118=EDGE_CURVE('',#2464,#2464,#2686,.T.);
#2119=EDGE_CURVE('',#2465,#2465,#2687,.T.);
#2120=EDGE_CURVE('',#2466,#2466,#2688,.T.);
#2121=EDGE_CURVE('',#2467,#2467,#2689,.T.);
#2122=EDGE_CURVE('',#2468,#2468,#2690,.T.);
#2123=EDGE_CURVE('',#2469,#2469,#2691,.T.);
#2124=EDGE_CURVE('',#2470,#2470,#2692,.T.);
#2125=EDGE_CURVE('',#2471,#2471,#2693,.T.);
#2126=EDGE_CURVE('',#2472,#2472,#2694,.T.);
#2127=VERTEX_POINT('',#5090);
#2128=VERTEX_POINT('',#5092);
#2129=VERTEX_POINT('',#5098);
#2130=VERTEX_POINT('',#5099);
#2131=VERTEX_POINT('',#5101);
#2132=VERTEX_POINT('',#5103);
#2133=VERTEX_POINT('',#5107);
#2134=VERTEX_POINT('',#5108);
#2135=VERTEX_POINT('',#5110);
#2136=VERTEX_POINT('',#5112);
#2137=VERTEX_POINT('',#5116);
#2138=VERTEX_POINT('',#5117);
#2139=VERTEX_POINT('',#5119);
#2140=VERTEX_POINT('',#5121);
#2141=VERTEX_POINT('',#5125);
#2142=VERTEX_POINT('',#5126);
#2143=VERTEX_POINT('',#5128);
#2144=VERTEX_POINT('',#5130);
#2145=VERTEX_POINT('',#5134);
#2146=VERTEX_POINT('',#5135);
#2147=VERTEX_POINT('',#5137);
#2148=VERTEX_POINT('',#5139);
#2149=VERTEX_POINT('',#5143);
#2150=VERTEX_POINT('',#5144);
#2151=VERTEX_POINT('',#5146);
#2152=VERTEX_POINT('',#5148);
#2153=VERTEX_POINT('',#5162);
#2154=VERTEX_POINT('',#5163);
#2155=VERTEX_POINT('',#5165);
#2156=VERTEX_POINT('',#5170);
#2157=VERTEX_POINT('',#5184);
#2158=VERTEX_POINT('',#5185);
#2159=VERTEX_POINT('',#5187);
#2160=VERTEX_POINT('',#5192);
#2161=VERTEX_POINT('',#5206);
#2162=VERTEX_POINT('',#5207);
#2163=VERTEX_POINT('',#5209);
#2164=VERTEX_POINT('',#5214);
#2165=VERTEX_POINT('',#5228);
#2166=VERTEX_POINT('',#5229);
#2167=VERTEX_POINT('',#5231);
#2168=VERTEX_POINT('',#5236);
#2169=VERTEX_POINT('',#5240);
#2170=VERTEX_POINT('',#5241);
#2171=VERTEX_POINT('',#5243);
#2172=VERTEX_POINT('',#5245);
#2173=VERTEX_POINT('',#5249);
#2174=VERTEX_POINT('',#5251);
#2175=VERTEX_POINT('',#5255);
#2176=VERTEX_POINT('',#5257);
#2177=VERTEX_POINT('',#5261);
#2178=VERTEX_POINT('',#5262);
#2179=VERTEX_POINT('',#5264);
#2180=VERTEX_POINT('',#5266);
#2181=VERTEX_POINT('',#5270);
#2182=VERTEX_POINT('',#5271);
#2183=VERTEX_POINT('',#5273);
#2184=VERTEX_POINT('',#5275);
#2185=VERTEX_POINT('',#5279);
#2186=VERTEX_POINT('',#5281);
#2187=VERTEX_POINT('',#5285);
#2188=VERTEX_POINT('',#5286);
#2189=VERTEX_POINT('',#5288);
#2190=VERTEX_POINT('',#5290);
#2191=VERTEX_POINT('',#5294);
#2192=VERTEX_POINT('',#5296);
#2193=VERTEX_POINT('',#5300);
#2194=VERTEX_POINT('',#5301);
#2195=VERTEX_POINT('',#5303);
#2196=VERTEX_POINT('',#5305);
#2197=VERTEX_POINT('',#5319);
#2198=VERTEX_POINT('',#5320);
#2199=VERTEX_POINT('',#5322);
#2200=VERTEX_POINT('',#5327);
#2201=VERTEX_POINT('',#5331);
#2202=VERTEX_POINT('',#5333);
#2203=VERTEX_POINT('',#5347);
#2204=VERTEX_POINT('',#5348);
#2205=VERTEX_POINT('',#5350);
#2206=VERTEX_POINT('',#5355);
#2207=VERTEX_POINT('',#5385);
#2208=VERTEX_POINT('',#5386);
#2209=VERTEX_POINT('',#5388);
#2210=VERTEX_POINT('',#5393);
#2211=VERTEX_POINT('',#5407);
#2212=VERTEX_POINT('',#5409);
#2213=VERTEX_POINT('',#5442);
#2214=VERTEX_POINT('',#5444);
#2215=VERTEX_POINT('',#5477);
#2216=VERTEX_POINT('',#5479);
#2217=VERTEX_POINT('',#5496);
#2218=VERTEX_POINT('',#5498);
#2219=VERTEX_POINT('',#5515);
#2220=VERTEX_POINT('',#5517);
#2221=VERTEX_POINT('',#5550);
#2222=VERTEX_POINT('',#5551);
#2223=VERTEX_POINT('',#5553);
#2224=VERTEX_POINT('',#5558);
#2225=VERTEX_POINT('',#5588);
#2226=VERTEX_POINT('',#5590);
#2227=VERTEX_POINT('',#5620);
#2228=VERTEX_POINT('',#5622);
#2229=VERTEX_POINT('',#5626);
#2230=VERTEX_POINT('',#5627);
#2231=VERTEX_POINT('',#5629);
#2232=VERTEX_POINT('',#5631);
#2233=VERTEX_POINT('',#5635);
#2234=VERTEX_POINT('',#5637);
#2235=VERTEX_POINT('',#5664);
#2236=VERTEX_POINT('',#5665);
#2237=VERTEX_POINT('',#5667);
#2238=VERTEX_POINT('',#5672);
#2239=VERTEX_POINT('',#5676);
#2240=VERTEX_POINT('',#5677);
#2241=VERTEX_POINT('',#5679);
#2242=VERTEX_POINT('',#5681);
#2243=VERTEX_POINT('',#5685);
#2244=VERTEX_POINT('',#5686);
#2245=VERTEX_POINT('',#5688);
#2246=VERTEX_POINT('',#5690);
#2247=VERTEX_POINT('',#5704);
#2248=VERTEX_POINT('',#5705);
#2249=VERTEX_POINT('',#5707);
#2250=VERTEX_POINT('',#5712);
#2251=VERTEX_POINT('',#5726);
#2252=VERTEX_POINT('',#5728);
#2253=VERTEX_POINT('',#5761);
#2254=VERTEX_POINT('',#5762);
#2255=VERTEX_POINT('',#5764);
#2256=VERTEX_POINT('',#5769);
#2257=VERTEX_POINT('',#5802);
#2258=VERTEX_POINT('',#5804);
#2259=VERTEX_POINT('',#5840);
#2260=VERTEX_POINT('',#5842);
#2261=VERTEX_POINT('',#5849);
#2262=VERTEX_POINT('',#5850);
#2263=VERTEX_POINT('',#5852);
#2264=VERTEX_POINT('',#5854);
#2265=VERTEX_POINT('',#5871);
#2266=VERTEX_POINT('',#5873);
#2267=VERTEX_POINT('',#5890);
#2268=VERTEX_POINT('',#5895);
#2269=VERTEX_POINT('',#5925);
#2270=VERTEX_POINT('',#5927);
#2271=VERTEX_POINT('',#6034);
#2272=VERTEX_POINT('',#6035);
#2273=VERTEX_POINT('',#6037);
#2274=VERTEX_POINT('',#6043);
#2275=VERTEX_POINT('',#6057);
#2276=VERTEX_POINT('',#6059);
#2277=VERTEX_POINT('',#6066);
#2278=VERTEX_POINT('',#6068);
#2279=VERTEX_POINT('',#6072);
#2280=VERTEX_POINT('',#6074);
#2281=VERTEX_POINT('',#6091);
#2282=VERTEX_POINT('',#6093);
#2283=VERTEX_POINT('',#6111);
#2284=VERTEX_POINT('',#6113);
#2285=VERTEX_POINT('',#6120);
#2286=VERTEX_POINT('',#6122);
#2287=VERTEX_POINT('',#6126);
#2288=VERTEX_POINT('',#6128);
#2289=VERTEX_POINT('',#6147);
#2290=VERTEX_POINT('',#6149);
#2291=VERTEX_POINT('',#6167);
#2292=VERTEX_POINT('',#6169);
#2293=VERTEX_POINT('',#6176);
#2294=VERTEX_POINT('',#6178);
#2295=VERTEX_POINT('',#6182);
#2296=VERTEX_POINT('',#6184);
#2297=VERTEX_POINT('',#6188);
#2298=VERTEX_POINT('',#6189);
#2299=VERTEX_POINT('',#6191);
#2300=VERTEX_POINT('',#6193);
#2301=VERTEX_POINT('',#6197);
#2302=VERTEX_POINT('',#6199);
#2303=VERTEX_POINT('',#6203);
#2304=VERTEX_POINT('',#6205);
#2305=VERTEX_POINT('',#6209);
#2306=VERTEX_POINT('',#6211);
#2307=VERTEX_POINT('',#6215);
#2308=VERTEX_POINT('',#6217);
#2309=VERTEX_POINT('',#6230);
#2310=VERTEX_POINT('',#6231);
#2311=VERTEX_POINT('',#6233);
#2312=VERTEX_POINT('',#6235);
#2313=VERTEX_POINT('',#6239);
#2314=VERTEX_POINT('',#6240);
#2315=VERTEX_POINT('',#6242);
#2316=VERTEX_POINT('',#6244);
#2317=VERTEX_POINT('',#6248);
#2318=VERTEX_POINT('',#6249);
#2319=VERTEX_POINT('',#6251);
#2320=VERTEX_POINT('',#6253);
#2321=VERTEX_POINT('',#6257);
#2322=VERTEX_POINT('',#6258);
#2323=VERTEX_POINT('',#6260);
#2324=VERTEX_POINT('',#6262);
#2325=VERTEX_POINT('',#6266);
#2326=VERTEX_POINT('',#6268);
#2327=VERTEX_POINT('',#6272);
#2328=VERTEX_POINT('',#6274);
#2329=VERTEX_POINT('',#6278);
#2330=VERTEX_POINT('',#6279);
#2331=VERTEX_POINT('',#6281);
#2332=VERTEX_POINT('',#6283);
#2333=VERTEX_POINT('',#6287);
#2334=VERTEX_POINT('',#6289);
#2335=VERTEX_POINT('',#6293);
#2336=VERTEX_POINT('',#6295);
#2337=VERTEX_POINT('',#6299);
#2338=VERTEX_POINT('',#6300);
#2339=VERTEX_POINT('',#6302);
#2340=VERTEX_POINT('',#6304);
#2341=VERTEX_POINT('',#6308);
#2342=VERTEX_POINT('',#6310);
#2343=VERTEX_POINT('',#6314);
#2344=VERTEX_POINT('',#6316);
#2345=VERTEX_POINT('',#6338);
#2346=VERTEX_POINT('',#6340);
#2347=VERTEX_POINT('',#6346);
#2348=VERTEX_POINT('',#6347);
#2349=VERTEX_POINT('',#6349);
#2350=VERTEX_POINT('',#6351);
#2351=VERTEX_POINT('',#6355);
#2352=VERTEX_POINT('',#6357);
#2353=VERTEX_POINT('',#6361);
#2354=VERTEX_POINT('',#6363);
#2355=VERTEX_POINT('',#6367);
#2356=VERTEX_POINT('',#6368);
#2357=VERTEX_POINT('',#6370);
#2358=VERTEX_POINT('',#6372);
#2359=VERTEX_POINT('',#6376);
#2360=VERTEX_POINT('',#6378);
#2361=VERTEX_POINT('',#6382);
#2362=VERTEX_POINT('',#6384);
#2363=VERTEX_POINT('',#6388);
#2364=VERTEX_POINT('',#6390);
#2365=VERTEX_POINT('',#6394);
#2366=VERTEX_POINT('',#6396);
#2367=VERTEX_POINT('',#6400);
#2368=VERTEX_POINT('',#6402);
#2369=VERTEX_POINT('',#6406);
#2370=VERTEX_POINT('',#6408);
#2371=VERTEX_POINT('',#6412);
#2372=VERTEX_POINT('',#6414);
#2373=VERTEX_POINT('',#6418);
#2374=VERTEX_POINT('',#6419);
#2375=VERTEX_POINT('',#6421);
#2376=VERTEX_POINT('',#6423);
#2377=VERTEX_POINT('',#6427);
#2378=VERTEX_POINT('',#6429);
#2379=VERTEX_POINT('',#6433);
#2380=VERTEX_POINT('',#6435);
#2381=VERTEX_POINT('',#6439);
#2382=VERTEX_POINT('',#6440);
#2383=VERTEX_POINT('',#6442);
#2384=VERTEX_POINT('',#6444);
#2385=VERTEX_POINT('',#6448);
#2386=VERTEX_POINT('',#6450);
#2387=VERTEX_POINT('',#6454);
#2388=VERTEX_POINT('',#6456);
#2389=VERTEX_POINT('',#6475);
#2390=VERTEX_POINT('',#6476);
#2391=VERTEX_POINT('',#6478);
#2392=VERTEX_POINT('',#6480);
#2393=VERTEX_POINT('',#6484);
#2394=VERTEX_POINT('',#6486);
#2395=VERTEX_POINT('',#6490);
#2396=VERTEX_POINT('',#6492);
#2397=VERTEX_POINT('',#6496);
#2398=VERTEX_POINT('',#6498);
#2399=VERTEX_POINT('',#6502);
#2400=VERTEX_POINT('',#6504);
#2401=VERTEX_POINT('',#6508);
#2402=VERTEX_POINT('',#6510);
#2403=VERTEX_POINT('',#6514);
#2404=VERTEX_POINT('',#6516);
#2405=VERTEX_POINT('',#6520);
#2406=VERTEX_POINT('',#6522);
#2407=VERTEX_POINT('',#6526);
#2408=VERTEX_POINT('',#6528);
#2409=VERTEX_POINT('',#6532);
#2410=VERTEX_POINT('',#6534);
#2411=VERTEX_POINT('',#6538);
#2412=VERTEX_POINT('',#6540);
#2413=VERTEX_POINT('',#6547);
#2414=VERTEX_POINT('',#6549);
#2415=VERTEX_POINT('',#6555);
#2416=VERTEX_POINT('',#6556);
#2417=VERTEX_POINT('',#6558);
#2418=VERTEX_POINT('',#6560);
#2419=VERTEX_POINT('',#6564);
#2420=VERTEX_POINT('',#6566);
#2421=VERTEX_POINT('',#6570);
#2422=VERTEX_POINT('',#6572);
#2423=VERTEX_POINT('',#6579);
#2424=VERTEX_POINT('',#6581);
#2425=VERTEX_POINT('',#6587);
#2426=VERTEX_POINT('',#6588);
#2427=VERTEX_POINT('',#6590);
#2428=VERTEX_POINT('',#6592);
#2429=VERTEX_POINT('',#6596);
#2430=VERTEX_POINT('',#6598);
#2431=VERTEX_POINT('',#6602);
#2432=VERTEX_POINT('',#6604);
#2433=VERTEX_POINT('',#6608);
#2434=VERTEX_POINT('',#6610);
#2435=VERTEX_POINT('',#6619);
#2436=VERTEX_POINT('',#6620);
#2437=VERTEX_POINT('',#6622);
#2438=VERTEX_POINT('',#6624);
#2439=VERTEX_POINT('',#6628);
#2440=VERTEX_POINT('',#6630);
#2441=VERTEX_POINT('',#6634);
#2442=VERTEX_POINT('',#6636);
#2443=VERTEX_POINT('',#6643);
#2444=VERTEX_POINT('',#6645);
#2445=VERTEX_POINT('',#6651);
#2446=VERTEX_POINT('',#6652);
#2447=VERTEX_POINT('',#6654);
#2448=VERTEX_POINT('',#6656);
#2449=VERTEX_POINT('',#6660);
#2450=VERTEX_POINT('',#6662);
#2451=VERTEX_POINT('',#6666);
#2452=VERTEX_POINT('',#6668);
#2453=VERTEX_POINT('',#6675);
#2454=VERTEX_POINT('',#6677);
#2455=VERTEX_POINT('',#6683);
#2456=VERTEX_POINT('',#6684);
#2457=VERTEX_POINT('',#6686);
#2458=VERTEX_POINT('',#6688);
#2459=VERTEX_POINT('',#6692);
#2460=VERTEX_POINT('',#6694);
#2461=VERTEX_POINT('',#6698);
#2462=VERTEX_POINT('',#6700);
#2463=VERTEX_POINT('',#6707);
#2464=VERTEX_POINT('',#6709);
#2465=VERTEX_POINT('',#6715);
#2466=VERTEX_POINT('',#6717);
#2467=VERTEX_POINT('',#6720);
#2468=VERTEX_POINT('',#6722);
#2469=VERTEX_POINT('',#6728);
#2470=VERTEX_POINT('',#6730);
#2471=VERTEX_POINT('',#6733);
#2472=VERTEX_POINT('',#6735);
#2473=CIRCLE('',#3710,0.00311539532056834);
#2474=CIRCLE('',#3711,0.00311539532056834);
#2475=CIRCLE('',#3716,0.0521726956640167);
#2476=CIRCLE('',#3717,0.0521726956640167);
#2477=CIRCLE('',#3719,0.0521726958105416);
#2478=CIRCLE('',#3720,0.0521726958105416);
#2479=CIRCLE('',#3722,0.0334222140455364);
#2480=CIRCLE('',#3723,0.0334222140455364);
#2481=CIRCLE('',#3725,0.0297689134718863);
#2482=CIRCLE('',#3726,0.0297689134718863);
#2483=CIRCLE('',#3728,0.0334222140450835);
#2484=CIRCLE('',#3729,0.0334222140450835);
#2485=CIRCLE('',#3731,0.0297689134718932);
#2486=CIRCLE('',#3732,0.0297689134718932);
#2487=CIRCLE('',#3734,0.0557181632162559);
#2488=CIRCLE('',#3735,0.0557181632162559);
#2489=CIRCLE('',#3737,0.0329192340902056);
#2490=CIRCLE('',#3738,0.0329192340902056);
#2491=CIRCLE('',#3740,0.0329192340910321);
#2492=CIRCLE('',#3741,0.0329192340910321);
#2493=CIRCLE('',#3743,0.0557181631637808);
#2494=CIRCLE('',#3744,0.0557181631637808);
#2495=CIRCLE('',#3746,0.0348334717219757);
#2496=CIRCLE('',#3747,0.0348334717219757);
#2497=CIRCLE('',#3749,0.0371101056494917);
#2498=CIRCLE('',#3750,0.0371101056494917);
#2499=CIRCLE('',#3752,0.0348334717219663);
#2500=CIRCLE('',#3753,0.0348334717219663);
#2501=CIRCLE('',#3755,0.0371101056491661);
#2502=CIRCLE('',#3756,0.0371101056491661);
#2503=CIRCLE('',#3758,0.02856081747117);
#2504=CIRCLE('',#3759,0.02856081747117);
#2505=CIRCLE('',#3761,0.0285608174711514);
#2506=CIRCLE('',#3762,0.0285608174711514);
#2507=CIRCLE('',#3766,0.0201373665934643);
#2508=CIRCLE('',#3767,0.0201373665934643);
#2509=CIRCLE('',#3769,0.0201373665934643);
#2510=CIRCLE('',#3770,0.0201373665934643);
#2511=CIRCLE('',#3772,0.0201373665934643);
#2512=CIRCLE('',#3773,0.0201373665934643);
#2513=CIRCLE('',#3777,0.0416788822918664);
#2514=CIRCLE('',#3778,0.0416788822918664);
#2515=CIRCLE('',#3780,0.0416788822918633);
#2516=CIRCLE('',#3781,0.0416788822918633);
#2517=CIRCLE('',#3783,0.0535119833892661);
#2518=CIRCLE('',#3784,0.0535119833892661);
#2519=CIRCLE('',#3786,0.0535119833175857);
#2520=CIRCLE('',#3787,0.0535119833175857);
#2521=CIRCLE('',#3789,0.00264962011188429);
#2522=CIRCLE('',#3790,0.00264962011188429);
#2523=CIRCLE('',#3792,0.00264962011188431);
#2524=CIRCLE('',#3793,0.00264962011188431);
#2525=CIRCLE('',#3795,0.0637115784660257);
#2526=CIRCLE('',#3796,0.0637115784660257);
#2527=CIRCLE('',#3798,0.0637115784679984);
#2528=CIRCLE('',#3799,0.0637115784679984);
#2529=CIRCLE('',#3801,0.0365116291716464);
#2530=CIRCLE('',#3802,0.0365116291716464);
#2531=CIRCLE('',#3804,0.0322698095903255);
#2532=CIRCLE('',#3805,0.0322698095903255);
#2533=CIRCLE('',#3807,0.0299482426032477);
#2534=CIRCLE('',#3808,0.0299482426032477);
#2535=CIRCLE('',#3810,0.0365116291876632);
#2536=CIRCLE('',#3811,0.0322698095861729);
#2537=CIRCLE('',#3812,0.0299482426015676);
#2538=CIRCLE('',#3814,0.0365116291876632);
#2539=CIRCLE('',#3815,0.0322698095861729);
#2540=CIRCLE('',#3816,0.0299482426015676);
#2541=CIRCLE('',#3822,0.00246195862644846);
#2542=CIRCLE('',#3823,0.00246195862644846);
#2543=CIRCLE('',#3825,0.0138152312986006);
#2544=CIRCLE('',#3826,0.0138152312986006);
#2545=CIRCLE('',#3828,0.00246195862644854);
#2546=CIRCLE('',#3829,0.00246195862644854);
#2547=CIRCLE('',#3831,0.0138152312986006);
#2548=CIRCLE('',#3832,0.0138152312986006);
#2549=CIRCLE('',#3834,0.00246195862644859);
#2550=CIRCLE('',#3835,0.00246195862644859);
#2551=CIRCLE('',#3837,0.0138152312986006);
#2552=CIRCLE('',#3838,0.0138152312986006);
#2553=CIRCLE('',#3840,0.00246195862644858);
#2554=CIRCLE('',#3841,0.00246195862644858);
#2555=CIRCLE('',#3843,0.0133152312986006);
#2556=CIRCLE('',#3844,0.0133152312986006);
#2557=CIRCLE('',#3846,0.00246195862644858);
#2558=CIRCLE('',#3847,0.00246195862644858);
#2559=CIRCLE('',#3849,0.0133152312986006);
#2560=CIRCLE('',#3850,0.0133152312986006);
#2561=CIRCLE('',#3852,0.00246195862644859);
#2562=CIRCLE('',#3853,0.00246195862644859);
#2563=CIRCLE('',#3855,0.0133152312986006);
#2564=CIRCLE('',#3856,0.0133152312986006);
#2565=CIRCLE('',#3858,0.0024619586264454);
#2566=CIRCLE('',#3859,0.0024619586264454);
#2567=CIRCLE('',#3864,0.0100811002669362);
#2568=CIRCLE('',#3865,0.0100811002669362);
#2569=CIRCLE('',#3867,0.0100811002669362);
#2570=CIRCLE('',#3868,0.0100811002669362);
#2571=CIRCLE('',#3870,0.0083354567501151);
#2572=CIRCLE('',#3871,0.0083354567501151);
#2573=CIRCLE('',#3873,0.00833545675011515);
#2574=CIRCLE('',#3874,0.00833545675011515);
#2575=CIRCLE('',#3876,0.00402615527188602);
#2576=CIRCLE('',#3877,0.00402615527188602);
#2577=CIRCLE('',#3879,0.00833545675011518);
#2578=CIRCLE('',#3880,0.00833545675011518);
#2579=CIRCLE('',#3882,0.00833545675011514);
#2580=CIRCLE('',#3883,0.00833545675011514);
#2581=CIRCLE('',#3885,0.00402615527188601);
#2582=CIRCLE('',#3886,0.00402615527188601);
#2583=CIRCLE('',#3888,0.00833545675011502);
#2584=CIRCLE('',#3889,0.00833545675011502);
#2585=CIRCLE('',#3891,0.00833545675011499);
#2586=CIRCLE('',#3892,0.00833545675011499);
#2587=CIRCLE('',#3894,0.00402615527188602);
#2588=CIRCLE('',#3895,0.00402615527188602);
#2589=CIRCLE('',#3897,0.00833545675011506);
#2590=CIRCLE('',#3898,0.00833545675011506);
#2591=CIRCLE('',#3900,0.0083354567501151);
#2592=CIRCLE('',#3901,0.0083354567501151);
#2593=CIRCLE('',#3903,0.0083354567501151);
#2594=CIRCLE('',#3904,0.0083354567501151);
#2595=CIRCLE('',#3906,0.0100811002669362);
#2596=CIRCLE('',#3907,0.0100811002669362);
#2597=CIRCLE('',#3909,0.00942361351538787);
#2598=CIRCLE('',#3910,0.00942361351538787);
#2599=CIRCLE('',#3912,0.00942361351538787);
#2600=CIRCLE('',#3913,0.00942361351538787);
#2601=CIRCLE('',#3915,0.00942361351538788);
#2602=CIRCLE('',#3916,0.00942361351538788);
#2603=CIRCLE('',#3918,0.0201373665934643);
#2604=CIRCLE('',#3919,0.0201373665934643);
#2605=CIRCLE('',#3925,0.0143011129565707);
#2606=CIRCLE('',#3926,0.0143011129565707);
#2607=CIRCLE('',#3929,0.0147395690362002);
#2608=CIRCLE('',#3930,0.0147395690362002);
#2609=CIRCLE('',#3934,0.0147395690362002);
#2610=CIRCLE('',#3935,0.0147395690362002);
#2611=CIRCLE('',#3939,0.0147395690362002);
#2612=CIRCLE('',#3940,0.0147395690362002);
#2613=CIRCLE('',#3944,0.0143011129565707);
#2614=CIRCLE('',#3945,0.0143011129565707);
#2615=CIRCLE('',#3948,0.0143011129565707);
#2616=CIRCLE('',#3949,0.0143011129565707);
#2617=CIRCLE('',#3952,0.011215041968233);
#2618=CIRCLE('',#3953,0.011215041968233);
#2619=CIRCLE('',#3956,0.011215041968233);
#2620=CIRCLE('',#3957,0.011215041968233);
#2621=CIRCLE('',#3960,0.011215041968233);
#2622=CIRCLE('',#3961,0.011215041968233);
#2623=CIRCLE('',#3967,0.0197373665934644);
#2624=CIRCLE('',#3968,0.0197373665934644);
#2625=CIRCLE('',#3971,0.0132179291886183);
#2626=CIRCLE('',#3972,0.0132179291886183);
#2627=CIRCLE('',#3975,0.0197373665934643);
#2628=CIRCLE('',#3976,0.0197373665934643);
#2629=CIRCLE('',#3979,0.0132179291886183);
#2630=CIRCLE('',#3980,0.0132179291886183);
#2631=CIRCLE('',#3983,0.0197373665934643);
#2632=CIRCLE('',#3984,0.0197373665934643);
#2633=CIRCLE('',#3987,0.0132179291886183);
#2634=CIRCLE('',#3988,0.0132179291886183);
#2635=CIRCLE('',#3990,0.0025211902260898);
#2636=CIRCLE('',#3991,0.0025211902260898);
#2637=CIRCLE('',#3996,0.0055);
#2638=CIRCLE('',#3997,0.0055);
#2639=CIRCLE('',#3999,0.0201373665934643);
#2640=CIRCLE('',#4000,0.0201373665934643);
#2641=CIRCLE('',#4002,0.0055);
#2642=CIRCLE('',#4003,0.0055);
#2643=CIRCLE('',#4005,0.0055);
#2644=CIRCLE('',#4006,0.0055);
#2645=CIRCLE('',#4008,0.0025);
#2646=CIRCLE('',#4009,0.0025);
#2647=CIRCLE('',#4014,0.0055);
#2648=CIRCLE('',#4015,0.0055);
#2649=CIRCLE('',#4017,0.0055);
#2650=CIRCLE('',#4018,0.0055);
#2651=CIRCLE('',#4020,0.0055);
#2652=CIRCLE('',#4021,0.0055);
#2653=CIRCLE('',#4023,0.0025);
#2654=CIRCLE('',#4024,0.0025);
#2655=CIRCLE('',#4026,0.0201373665934643);
#2656=CIRCLE('',#4027,0.0201373665934643);
#2657=CIRCLE('',#4032,0.0201373665934643);
#2658=CIRCLE('',#4033,0.0201373665934643);
#2659=CIRCLE('',#4035,0.0055);
#2660=CIRCLE('',#4036,0.0055);
#2661=CIRCLE('',#4038,0.0055);
#2662=CIRCLE('',#4039,0.0055);
#2663=CIRCLE('',#4041,0.0055);
#2664=CIRCLE('',#4042,0.0055);
#2665=CIRCLE('',#4044,0.0025);
#2666=CIRCLE('',#4045,0.0025);
#2667=CIRCLE('',#4050,0.0055);
#2668=CIRCLE('',#4051,0.0055);
#2669=CIRCLE('',#4053,0.0201373665934643);
#2670=CIRCLE('',#4054,0.0201373665934643);
#2671=CIRCLE('',#4056,0.0055);
#2672=CIRCLE('',#4057,0.0055);
#2673=CIRCLE('',#4059,0.0055);
#2674=CIRCLE('',#4060,0.0055);
#2675=CIRCLE('',#4062,0.0025);
#2676=CIRCLE('',#4063,0.0025);
#2677=CIRCLE('',#4068,0.0055);
#2678=CIRCLE('',#4069,0.0055);
#2679=CIRCLE('',#4071,0.0201373665934643);
#2680=CIRCLE('',#4072,0.0201373665934643);
#2681=CIRCLE('',#4074,0.0055);
#2682=CIRCLE('',#4075,0.0055);
#2683=CIRCLE('',#4077,0.0055);
#2684=CIRCLE('',#4078,0.0055);
#2685=CIRCLE('',#4080,0.0025);
#2686=CIRCLE('',#4081,0.0025);
#2687=CIRCLE('',#4086,0.0189953384943803);
#2688=CIRCLE('',#4087,0.0189953384943803);
#2689=CIRCLE('',#4089,0.0201373665934643);
#2690=CIRCLE('',#4090,0.0201373665934643);
#2691=CIRCLE('',#4095,0.0191373665934643);
#2692=CIRCLE('',#4096,0.0191373665934643);
#2693=CIRCLE('',#4098,0.0201373665934643);
#2694=CIRCLE('',#4099,0.0201373665934643);
#2695=EDGE_LOOP('',(#606));
#2696=EDGE_LOOP('',(#607));
#2697=EDGE_LOOP('',(#608));
#2698=EDGE_LOOP('',(#609));
#2699=EDGE_LOOP('',(#610,#611,#612,#613));
#2700=EDGE_LOOP('',(#614,#615,#616,#617));
#2701=EDGE_LOOP('',(#618,#619,#620,#621));
#2702=EDGE_LOOP('',(#622,#623,#624,#625));
#2703=EDGE_LOOP('',(#626,#627,#628,#629));
#2704=EDGE_LOOP('',(#630,#631,#632,#633));
#2705=EDGE_LOOP('',(#634,#635,#636,#637));
#2706=EDGE_LOOP('',(#638,#639,#640,#641));
#2707=EDGE_LOOP('',(#642,#643,#644,#645));
#2708=EDGE_LOOP('',(#646,#647,#648,#649));
#2709=EDGE_LOOP('',(#650,#651,#652,#653));
#2710=EDGE_LOOP('',(#654,#655,#656,#657));
#2711=EDGE_LOOP('',(#658,#659,#660,#661));
#2712=EDGE_LOOP('',(#662,#663,#664,#665));
#2713=EDGE_LOOP('',(#666,#667,#668,#669));
#2714=EDGE_LOOP('',(#670,#671,#672,#673));
#2715=EDGE_LOOP('',(#674,#675,#676,#677));
#2716=EDGE_LOOP('',(#678,#679,#680,#681));
#2717=EDGE_LOOP('',(#682,#683,#684,#685));
#2718=EDGE_LOOP('',(#686,#687,#688,#689));
#2719=EDGE_LOOP('',(#690,#691,#692,#693));
#2720=EDGE_LOOP('',(#694,#695,#696,#697));
#2721=EDGE_LOOP('',(#698,#699,#700,#701));
#2722=EDGE_LOOP('',(#702,#703,#704,#705));
#2723=EDGE_LOOP('',(#706,#707,#708,#709));
#2724=EDGE_LOOP('',(#710,#711,#712,#713));
#2725=EDGE_LOOP('',(#714,#715,#716,#717));
#2726=EDGE_LOOP('',(#718,#719,#720,#721));
#2727=EDGE_LOOP('',(#722,#723,#724,#725));
#2728=EDGE_LOOP('',(#726,#727,#728,#729));
#2729=EDGE_LOOP('',(#730,#731,#732,#733));
#2730=EDGE_LOOP('',(#734,#735,#736,#737));
#2731=EDGE_LOOP('',(#738,#739,#740,#741));
#2732=EDGE_LOOP('',(#742,#743,#744,#745));
#2733=EDGE_LOOP('',(#746,#747,#748,#749));
#2734=EDGE_LOOP('',(#750,#751,#752,#753));
#2735=EDGE_LOOP('',(#754,#755,#756,#757));
#2736=EDGE_LOOP('',(#758,#759,#760,#761));
#2737=EDGE_LOOP('',(#762,#763,#764,#765));
#2738=EDGE_LOOP('',(#766,#767,#768,#769));
#2739=EDGE_LOOP('',(#770,#771,#772,#773));
#2740=EDGE_LOOP('',(#774,#775,#776,#777));
#2741=EDGE_LOOP('',(#778,#779,#780,#781));
#2742=EDGE_LOOP('',(#782,#783,#784,#785));
#2743=EDGE_LOOP('',(#786,#787,#788,#789));
#2744=EDGE_LOOP('',(#790,#791,#792,#793));
#2745=EDGE_LOOP('',(#794,#795,#796,#797));
#2746=EDGE_LOOP('',(#798,#799,#800,#801));
#2747=EDGE_LOOP('',(#802,#803,#804,#805));
#2748=EDGE_LOOP('',(#806,#807,#808,#809));
#2749=EDGE_LOOP('',(#810,#811,#812,#813));
#2750=EDGE_LOOP('',(#814,#815,#816,#817));
#2751=EDGE_LOOP('',(#818,#819,#820,#821));
#2752=EDGE_LOOP('',(#822,#823,#824,#825));
#2753=EDGE_LOOP('',(#826,#827,#828,#829));
#2754=EDGE_LOOP('',(#830,#831,#832,#833));
#2755=EDGE_LOOP('',(#834,#835,#836,#837));
#2756=EDGE_LOOP('',(#838,#839,#840,#841));
#2757=EDGE_LOOP('',(#842,#843,#844,#845));
#2758=EDGE_LOOP('',(#846,#847,#848,#849));
#2759=EDGE_LOOP('',(#850,#851,#852,#853));
#2760=EDGE_LOOP('',(#854,#855,#856,#857));
#2761=EDGE_LOOP('',(#858,#859,#860,#861));
#2762=EDGE_LOOP('',(#862,#863,#864,#865));
#2763=EDGE_LOOP('',(#866,#867,#868,#869));
#2764=EDGE_LOOP('',(#870,#871,#872,#873));
#2765=EDGE_LOOP('',(#874,#875,#876,#877));
#2766=EDGE_LOOP('',(#878,#879,#880,#881));
#2767=EDGE_LOOP('',(#882,#883,#884,#885));
#2768=EDGE_LOOP('',(#886,#887,#888,#889));
#2769=EDGE_LOOP('',(#890,#891,#892,#893));
#2770=EDGE_LOOP('',(#894,#895,#896,#897));
#2771=EDGE_LOOP('',(#898,#899,#900,#901));
#2772=EDGE_LOOP('',(#902,#903,#904,#905));
#2773=EDGE_LOOP('',(#906,#907,#908,#909));
#2774=EDGE_LOOP('',(#910,#911,#912,#913));
#2775=EDGE_LOOP('',(#914,#915,#916,#917));
#2776=EDGE_LOOP('',(#918,#919,#920,#921,#922,#923));
#2777=EDGE_LOOP('',(#924,#925,#926,#927,#928,#929));
#2778=EDGE_LOOP('',(#930,#931,#932,#933));
#2779=EDGE_LOOP('',(#934,#935,#936,#937,#938,#939));
#2780=EDGE_LOOP('',(#940,#941,#942,#943));
#2781=EDGE_LOOP('',(#944,#945,#946));
#2782=EDGE_LOOP('',(#947,#948));
#2783=EDGE_LOOP('',(#949,#950,#951,#952));
#2784=EDGE_LOOP('',(#953,#954,#955,#956));
#2785=EDGE_LOOP('',(#957,#958,#959,#960));
#2786=EDGE_LOOP('',(#961,#962,#963,#964));
#2787=EDGE_LOOP('',(#965,#966,#967,#968));
#2788=EDGE_LOOP('',(#969,#970,#971,#972));
#2789=EDGE_LOOP('',(#973,#974,#975,#976));
#2790=EDGE_LOOP('',(#977,#978,#979,#980));
#2791=EDGE_LOOP('',(#981,#982,#983,#984));
#2792=EDGE_LOOP('',(#985,#986,#987,#988));
#2793=EDGE_LOOP('',(#989,#990,#991,#992,#993,#994));
#2794=EDGE_LOOP('',(#995,#996,#997,#998,#999,#1000));
#2795=EDGE_LOOP('',(#1001,#1002,#1003,#1004));
#2796=EDGE_LOOP('',(#1005,#1006,#1007,#1008,#1009,#1010));
#2797=EDGE_LOOP('',(#1011,#1012,#1013,#1014));
#2798=EDGE_LOOP('',(#1015,#1016,#1017));
#2799=EDGE_LOOP('',(#1018,#1019));
#2800=EDGE_LOOP('',(#1020,#1021,#1022,#1023));
#2801=EDGE_LOOP('',(#1024,#1025,#1026,#1027));
#2802=EDGE_LOOP('',(#1028,#1029,#1030,#1031));
#2803=EDGE_LOOP('',(#1032,#1033,#1034,#1035));
#2804=EDGE_LOOP('',(#1036,#1037,#1038,#1039));
#2805=EDGE_LOOP('',(#1040,#1041,#1042,#1043));
#2806=EDGE_LOOP('',(#1044,#1045,#1046,#1047));
#2807=EDGE_LOOP('',(#1048,#1049,#1050,#1051));
#2808=EDGE_LOOP('',(#1052,#1053,#1054,#1055));
#2809=EDGE_LOOP('',(#1056,#1057,#1058,#1059));
#2810=EDGE_LOOP('',(#1060,#1061,#1062,#1063));
#2811=EDGE_LOOP('',(#1064,#1065,#1066,#1067));
#2812=EDGE_LOOP('',(#1068,#1069,#1070,#1071));
#2813=EDGE_LOOP('',(#1072,#1073,#1074,#1075));
#2814=EDGE_LOOP('',(#1076,#1077,#1078,#1079));
#2815=EDGE_LOOP('',(#1080,#1081,#1082,#1083));
#2816=EDGE_LOOP('',(#1084,#1085,#1086,#1087));
#2817=EDGE_LOOP('',(#1088,#1089,#1090,#1091));
#2818=EDGE_LOOP('',(#1092,#1093,#1094,#1095));
#2819=EDGE_LOOP('',(#1096,#1097,#1098,#1099));
#2820=EDGE_LOOP('',(#1100,#1101,#1102,#1103));
#2821=EDGE_LOOP('',(#1104,#1105,#1106,#1107));
#2822=EDGE_LOOP('',(#1108,#1109,#1110,#1111));
#2823=EDGE_LOOP('',(#1112,#1113,#1114,#1115,#1116,#1117));
#2824=EDGE_LOOP('',(#1118,#1119,#1120,#1121,#1122,#1123,#1124,#1125,#1126,
#1127,#1128,#1129,#1130));
#2825=EDGE_LOOP('',(#1131,#1132,#1133,#1134,#1135,#1136));
#2826=EDGE_LOOP('',(#1137,#1138,#1139,#1140,#1141,#1142,#1143,#1144,#1145,
#1146,#1147,#1148,#1149));
#2827=EDGE_LOOP('',(#1150,#1151,#1152,#1153));
#2828=EDGE_LOOP('',(#1154,#1155,#1156,#1157));
#2829=EDGE_LOOP('',(#1158,#1159,#1160,#1161));
#2830=EDGE_LOOP('',(#1162,#1163,#1164,#1165));
#2831=EDGE_LOOP('',(#1166,#1167,#1168,#1169));
#2832=EDGE_LOOP('',(#1170,#1171,#1172,#1173));
#2833=EDGE_LOOP('',(#1174,#1175,#1176,#1177));
#2834=EDGE_LOOP('',(#1178,#1179,#1180,#1181));
#2835=EDGE_LOOP('',(#1182,#1183,#1184,#1185));
#2836=EDGE_LOOP('',(#1186,#1187,#1188,#1189));
#2837=EDGE_LOOP('',(#1190,#1191,#1192,#1193));
#2838=EDGE_LOOP('',(#1194,#1195,#1196,#1197));
#2839=EDGE_LOOP('',(#1198,#1199,#1200,#1201));
#2840=EDGE_LOOP('',(#1202,#1203,#1204,#1205));
#2841=EDGE_LOOP('',(#1206,#1207,#1208,#1209));
#2842=EDGE_LOOP('',(#1210,#1211,#1212,#1213));
#2843=EDGE_LOOP('',(#1214,#1215,#1216,#1217));
#2844=EDGE_LOOP('',(#1218,#1219,#1220,#1221));
#2845=EDGE_LOOP('',(#1222));
#2846=EDGE_LOOP('',(#1223));
#2847=EDGE_LOOP('',(#1224,#1225,#1226,#1227));
#2848=EDGE_LOOP('',(#1228,#1229,#1230,#1231));
#2849=EDGE_LOOP('',(#1232,#1233,#1234,#1235));
#2850=EDGE_LOOP('',(#1236,#1237));
#2851=EDGE_LOOP('',(#1238,#1239));
#2852=EDGE_LOOP('',(#1240,#1241));
#2853=EDGE_LOOP('',(#1242));
#2854=EDGE_LOOP('',(#1243,#1244,#1245,#1246));
#2855=EDGE_LOOP('',(#1247,#1248,#1249,#1250));
#2856=EDGE_LOOP('',(#1251,#1252,#1253,#1254));
#2857=EDGE_LOOP('',(#1255,#1256));
#2858=EDGE_LOOP('',(#1257,#1258));
#2859=EDGE_LOOP('',(#1259,#1260));
#2860=EDGE_LOOP('',(#1261));
#2861=EDGE_LOOP('',(#1262,#1263,#1264,#1265));
#2862=EDGE_LOOP('',(#1266,#1267,#1268,#1269));
#2863=EDGE_LOOP('',(#1270,#1271,#1272,#1273));
#2864=EDGE_LOOP('',(#1274,#1275,#1276,#1277));
#2865=EDGE_LOOP('',(#1278,#1279,#1280,#1281));
#2866=EDGE_LOOP('',(#1282,#1283,#1284,#1285));
#2867=EDGE_LOOP('',(#1286,#1287,#1288,#1289));
#2868=EDGE_LOOP('',(#1290,#1291,#1292,#1293));
#2869=EDGE_LOOP('',(#1294,#1295,#1296,#1297));
#2870=EDGE_LOOP('',(#1298,#1299,#1300,#1301));
#2871=EDGE_LOOP('',(#1302,#1303,#1304,#1305));
#2872=EDGE_LOOP('',(#1306,#1307,#1308,#1309));
#2873=EDGE_LOOP('',(#1310,#1311,#1312,#1313));
#2874=EDGE_LOOP('',(#1314,#1315,#1316,#1317));
#2875=EDGE_LOOP('',(#1318,#1319,#1320,#1321));
#2876=EDGE_LOOP('',(#1322,#1323,#1324,#1325));
#2877=EDGE_LOOP('',(#1326,#1327,#1328,#1329));
#2878=EDGE_LOOP('',(#1330,#1331,#1332,#1333));
#2879=EDGE_LOOP('',(#1334,#1335,#1336,#1337));
#2880=EDGE_LOOP('',(#1338,#1339,#1340,#1341));
#2881=EDGE_LOOP('',(#1342,#1343,#1344,#1345));
#2882=EDGE_LOOP('',(#1346,#1347,#1348,#1349));
#2883=EDGE_LOOP('',(#1350,#1351,#1352,#1353));
#2884=EDGE_LOOP('',(#1354,#1355,#1356,#1357,#1358,#1359,#1360,#1361,#1362));
#2885=EDGE_LOOP('',(#1363,#1364,#1365,#1366));
#2886=EDGE_LOOP('',(#1367,#1368,#1369,#1370));
#2887=EDGE_LOOP('',(#1371,#1372,#1373,#1374));
#2888=EDGE_LOOP('',(#1375,#1376,#1377,#1378,#1379,#1380,#1381,#1382,#1383));
#2889=EDGE_LOOP('',(#1384,#1385,#1386,#1387));
#2890=EDGE_LOOP('',(#1388,#1389,#1390,#1391));
#2891=EDGE_LOOP('',(#1392,#1393,#1394,#1395));
#2892=EDGE_LOOP('',(#1396,#1397,#1398,#1399));
#2893=EDGE_LOOP('',(#1400,#1401,#1402,#1403));
#2894=EDGE_LOOP('',(#1404,#1405,#1406,#1407));
#2895=EDGE_LOOP('',(#1408,#1409,#1410,#1411));
#2896=EDGE_LOOP('',(#1412,#1413,#1414,#1415));
#2897=EDGE_LOOP('',(#1416,#1417,#1418,#1419));
#2898=EDGE_LOOP('',(#1420,#1421,#1422,#1423));
#2899=EDGE_LOOP('',(#1424,#1425,#1426,#1427));
#2900=EDGE_LOOP('',(#1428,#1429,#1430,#1431));
#2901=EDGE_LOOP('',(#1432,#1433,#1434,#1435));
#2902=EDGE_LOOP('',(#1436));
#2903=EDGE_LOOP('',(#1437));
#2904=EDGE_LOOP('',(#1438,#1439,#1440,#1441,#1442,#1443,#1444,#1445,#1446,
#1447,#1448,#1449));
#2905=EDGE_LOOP('',(#1450));
#2906=EDGE_LOOP('',(#1451,#1452,#1453,#1454,#1455,#1456,#1457,#1458,#1459,
#1460,#1461,#1462));
#2907=EDGE_LOOP('',(#1463));
#2908=EDGE_LOOP('',(#1464,#1465,#1466,#1467));
#2909=EDGE_LOOP('',(#1468,#1469,#1470,#1471));
#2910=EDGE_LOOP('',(#1472,#1473,#1474,#1475));
#2911=EDGE_LOOP('',(#1476,#1477,#1478,#1479));
#2912=EDGE_LOOP('',(#1480));
#2913=EDGE_LOOP('',(#1481));
#2914=EDGE_LOOP('',(#1482,#1483,#1484,#1485));
#2915=EDGE_LOOP('',(#1486));
#2916=EDGE_LOOP('',(#1487,#1488,#1489,#1490));
#2917=EDGE_LOOP('',(#1491));
#2918=EDGE_LOOP('',(#1492,#1493,#1494,#1495));
#2919=EDGE_LOOP('',(#1496,#1497,#1498,#1499));
#2920=EDGE_LOOP('',(#1500,#1501,#1502,#1503));
#2921=EDGE_LOOP('',(#1504));
#2922=EDGE_LOOP('',(#1505));
#2923=EDGE_LOOP('',(#1506,#1507,#1508,#1509));
#2924=EDGE_LOOP('',(#1510));
#2925=EDGE_LOOP('',(#1511,#1512,#1513,#1514));
#2926=EDGE_LOOP('',(#1515));
#2927=EDGE_LOOP('',(#1516,#1517,#1518,#1519));
#2928=EDGE_LOOP('',(#1520,#1521,#1522,#1523));
#2929=EDGE_LOOP('',(#1524,#1525,#1526,#1527));
#2930=EDGE_LOOP('',(#1528,#1529,#1530,#1531));
#2931=EDGE_LOOP('',(#1532,#1533,#1534,#1535));
#2932=EDGE_LOOP('',(#1536));
#2933=EDGE_LOOP('',(#1537));
#2934=EDGE_LOOP('',(#1538,#1539,#1540,#1541));
#2935=EDGE_LOOP('',(#1542));
#2936=EDGE_LOOP('',(#1543,#1544,#1545,#1546));
#2937=EDGE_LOOP('',(#1547));
#2938=EDGE_LOOP('',(#1548,#1549,#1550,#1551));
#2939=EDGE_LOOP('',(#1552,#1553,#1554,#1555));
#2940=EDGE_LOOP('',(#1556,#1557,#1558,#1559));
#2941=EDGE_LOOP('',(#1560,#1561,#1562,#1563));
#2942=EDGE_LOOP('',(#1564));
#2943=EDGE_LOOP('',(#1565));
#2944=EDGE_LOOP('',(#1566,#1567,#1568,#1569));
#2945=EDGE_LOOP('',(#1570));
#2946=EDGE_LOOP('',(#1571,#1572,#1573,#1574));
#2947=EDGE_LOOP('',(#1575));
#2948=EDGE_LOOP('',(#1576,#1577,#1578,#1579));
#2949=EDGE_LOOP('',(#1580,#1581,#1582,#1583));
#2950=EDGE_LOOP('',(#1584,#1585,#1586,#1587));
#2951=EDGE_LOOP('',(#1588,#1589,#1590,#1591));
#2952=EDGE_LOOP('',(#1592));
#2953=EDGE_LOOP('',(#1593));
#2954=EDGE_LOOP('',(#1594,#1595,#1596,#1597));
#2955=EDGE_LOOP('',(#1598));
#2956=EDGE_LOOP('',(#1599,#1600,#1601,#1602));
#2957=EDGE_LOOP('',(#1603));
#2958=EDGE_LOOP('',(#1604));
#2959=EDGE_LOOP('',(#1605));
#2960=EDGE_LOOP('',(#1606));
#2961=EDGE_LOOP('',(#1607));
#2962=EDGE_LOOP('',(#1608));
#2963=EDGE_LOOP('',(#1609));
#2964=EDGE_LOOP('',(#1610));
#2965=EDGE_LOOP('',(#1611));
#2966=EDGE_LOOP('',(#1612));
#2967=EDGE_LOOP('',(#1613));
#2968=EDGE_LOOP('',(#1614));
#2969=EDGE_LOOP('',(#1615));
#2970=EDGE_LOOP('',(#1616));
#2971=EDGE_LOOP('',(#1617));
#2972=EDGE_LOOP('',(#1618));
#2973=EDGE_LOOP('',(#1619));
#2974=FACE_BOUND('',#2695,.T.);
#2975=FACE_BOUND('',#2696,.T.);
#2976=FACE_BOUND('',#2697,.T.);
#2977=FACE_BOUND('',#2698,.T.);
#2978=FACE_BOUND('',#2699,.T.);
#2979=FACE_BOUND('',#2700,.T.);
#2980=FACE_BOUND('',#2701,.T.);
#2981=FACE_BOUND('',#2702,.T.);
#2982=FACE_BOUND('',#2703,.T.);
#2983=FACE_BOUND('',#2704,.T.);
#2984=FACE_BOUND('',#2705,.T.);
#2985=FACE_BOUND('',#2706,.T.);
#2986=FACE_BOUND('',#2707,.T.);
#2987=FACE_BOUND('',#2708,.T.);
#2988=FACE_BOUND('',#2709,.T.);
#2989=FACE_BOUND('',#2710,.T.);
#2990=FACE_BOUND('',#2711,.T.);
#2991=FACE_BOUND('',#2712,.T.);
#2992=FACE_BOUND('',#2713,.T.);
#2993=FACE_BOUND('',#2714,.T.);
#2994=FACE_BOUND('',#2715,.T.);
#2995=FACE_BOUND('',#2716,.T.);
#2996=FACE_BOUND('',#2717,.T.);
#2997=FACE_BOUND('',#2718,.T.);
#2998=FACE_BOUND('',#2719,.T.);
#2999=FACE_BOUND('',#2720,.T.);
#3000=FACE_BOUND('',#2721,.T.);
#3001=FACE_BOUND('',#2722,.T.);
#3002=FACE_BOUND('',#2723,.T.);
#3003=FACE_BOUND('',#2724,.T.);
#3004=FACE_BOUND('',#2725,.T.);
#3005=FACE_BOUND('',#2726,.T.);
#3006=FACE_BOUND('',#2727,.T.);
#3007=FACE_BOUND('',#2728,.T.);
#3008=FACE_BOUND('',#2729,.T.);
#3009=FACE_BOUND('',#2730,.T.);
#3010=FACE_BOUND('',#2731,.T.);
#3011=FACE_BOUND('',#2732,.T.);
#3012=FACE_BOUND('',#2733,.T.);
#3013=FACE_BOUND('',#2734,.T.);
#3014=FACE_BOUND('',#2735,.T.);
#3015=FACE_BOUND('',#2736,.T.);
#3016=FACE_BOUND('',#2737,.T.);
#3017=FACE_BOUND('',#2738,.T.);
#3018=FACE_BOUND('',#2739,.T.);
#3019=FACE_BOUND('',#2740,.T.);
#3020=FACE_BOUND('',#2741,.T.);
#3021=FACE_BOUND('',#2742,.T.);
#3022=FACE_BOUND('',#2743,.T.);
#3023=FACE_BOUND('',#2744,.T.);
#3024=FACE_BOUND('',#2745,.T.);
#3025=FACE_BOUND('',#2746,.T.);
#3026=FACE_BOUND('',#2747,.T.);
#3027=FACE_BOUND('',#2748,.T.);
#3028=FACE_BOUND('',#2749,.T.);
#3029=FACE_BOUND('',#2750,.T.);
#3030=FACE_BOUND('',#2751,.T.);
#3031=FACE_BOUND('',#2752,.T.);
#3032=FACE_BOUND('',#2753,.T.);
#3033=FACE_BOUND('',#2754,.T.);
#3034=FACE_BOUND('',#2755,.T.);
#3035=FACE_BOUND('',#2756,.T.);
#3036=FACE_BOUND('',#2757,.T.);
#3037=FACE_BOUND('',#2758,.T.);
#3038=FACE_BOUND('',#2759,.T.);
#3039=FACE_BOUND('',#2760,.T.);
#3040=FACE_BOUND('',#2761,.T.);
#3041=FACE_BOUND('',#2762,.T.);
#3042=FACE_BOUND('',#2763,.T.);
#3043=FACE_BOUND('',#2764,.T.);
#3044=FACE_BOUND('',#2765,.T.);
#3045=FACE_BOUND('',#2766,.T.);
#3046=FACE_BOUND('',#2767,.T.);
#3047=FACE_BOUND('',#2768,.T.);
#3048=FACE_BOUND('',#2769,.T.);
#3049=FACE_BOUND('',#2770,.T.);
#3050=FACE_BOUND('',#2771,.T.);
#3051=FACE_BOUND('',#2772,.T.);
#3052=FACE_BOUND('',#2773,.T.);
#3053=FACE_BOUND('',#2774,.T.);
#3054=FACE_BOUND('',#2775,.T.);
#3055=FACE_BOUND('',#2776,.T.);
#3056=FACE_BOUND('',#2777,.T.);
#3057=FACE_BOUND('',#2778,.T.);
#3058=FACE_BOUND('',#2779,.T.);
#3059=FACE_BOUND('',#2780,.T.);
#3060=FACE_BOUND('',#2781,.T.);
#3061=FACE_BOUND('',#2782,.T.);
#3062=FACE_BOUND('',#2783,.T.);
#3063=FACE_BOUND('',#2784,.T.);
#3064=FACE_BOUND('',#2785,.T.);
#3065=FACE_BOUND('',#2786,.T.);
#3066=FACE_BOUND('',#2787,.T.);
#3067=FACE_BOUND('',#2788,.T.);
#3068=FACE_BOUND('',#2789,.T.);
#3069=FACE_BOUND('',#2790,.T.);
#3070=FACE_BOUND('',#2791,.T.);
#3071=FACE_BOUND('',#2792,.T.);
#3072=FACE_BOUND('',#2793,.T.);
#3073=FACE_BOUND('',#2794,.T.);
#3074=FACE_BOUND('',#2795,.T.);
#3075=FACE_BOUND('',#2796,.T.);
#3076=FACE_BOUND('',#2797,.T.);
#3077=FACE_BOUND('',#2798,.T.);
#3078=FACE_BOUND('',#2799,.T.);
#3079=FACE_BOUND('',#2800,.T.);
#3080=FACE_BOUND('',#2801,.T.);
#3081=FACE_BOUND('',#2802,.T.);
#3082=FACE_BOUND('',#2803,.T.);
#3083=FACE_BOUND('',#2804,.T.);
#3084=FACE_BOUND('',#2805,.T.);
#3085=FACE_BOUND('',#2806,.T.);
#3086=FACE_BOUND('',#2807,.T.);
#3087=FACE_BOUND('',#2808,.T.);
#3088=FACE_BOUND('',#2809,.T.);
#3089=FACE_BOUND('',#2810,.T.);
#3090=FACE_BOUND('',#2811,.T.);
#3091=FACE_BOUND('',#2812,.T.);
#3092=FACE_BOUND('',#2813,.T.);
#3093=FACE_BOUND('',#2814,.T.);
#3094=FACE_BOUND('',#2815,.T.);
#3095=FACE_BOUND('',#2816,.T.);
#3096=FACE_BOUND('',#2817,.T.);
#3097=FACE_BOUND('',#2818,.T.);
#3098=FACE_BOUND('',#2819,.T.);
#3099=FACE_BOUND('',#2820,.T.);
#3100=FACE_BOUND('',#2821,.T.);
#3101=FACE_BOUND('',#2822,.T.);
#3102=FACE_BOUND('',#2823,.T.);
#3103=FACE_BOUND('',#2824,.T.);
#3104=FACE_BOUND('',#2825,.T.);
#3105=FACE_BOUND('',#2826,.T.);
#3106=FACE_BOUND('',#2827,.T.);
#3107=FACE_BOUND('',#2828,.T.);
#3108=FACE_BOUND('',#2829,.T.);
#3109=FACE_BOUND('',#2830,.T.);
#3110=FACE_BOUND('',#2831,.T.);
#3111=FACE_BOUND('',#2832,.T.);
#3112=FACE_BOUND('',#2833,.T.);
#3113=FACE_BOUND('',#2834,.T.);
#3114=FACE_BOUND('',#2835,.T.);
#3115=FACE_BOUND('',#2836,.T.);
#3116=FACE_BOUND('',#2837,.T.);
#3117=FACE_BOUND('',#2838,.T.);
#3118=FACE_BOUND('',#2839,.T.);
#3119=FACE_BOUND('',#2840,.T.);
#3120=FACE_BOUND('',#2841,.T.);
#3121=FACE_BOUND('',#2842,.T.);
#3122=FACE_BOUND('',#2843,.T.);
#3123=FACE_BOUND('',#2844,.T.);
#3124=FACE_BOUND('',#2845,.T.);
#3125=FACE_BOUND('',#2846,.T.);
#3126=FACE_BOUND('',#2847,.T.);
#3127=FACE_BOUND('',#2848,.T.);
#3128=FACE_BOUND('',#2849,.T.);
#3129=FACE_BOUND('',#2850,.T.);
#3130=FACE_BOUND('',#2851,.T.);
#3131=FACE_BOUND('',#2852,.T.);
#3132=FACE_BOUND('',#2853,.T.);
#3133=FACE_BOUND('',#2854,.T.);
#3134=FACE_BOUND('',#2855,.T.);
#3135=FACE_BOUND('',#2856,.T.);
#3136=FACE_BOUND('',#2857,.T.);
#3137=FACE_BOUND('',#2858,.T.);
#3138=FACE_BOUND('',#2859,.T.);
#3139=FACE_BOUND('',#2860,.T.);
#3140=FACE_BOUND('',#2861,.T.);
#3141=FACE_BOUND('',#2862,.T.);
#3142=FACE_BOUND('',#2863,.T.);
#3143=FACE_BOUND('',#2864,.T.);
#3144=FACE_BOUND('',#2865,.T.);
#3145=FACE_BOUND('',#2866,.T.);
#3146=FACE_BOUND('',#2867,.T.);
#3147=FACE_BOUND('',#2868,.T.);
#3148=FACE_BOUND('',#2869,.T.);
#3149=FACE_BOUND('',#2870,.T.);
#3150=FACE_BOUND('',#2871,.T.);
#3151=FACE_BOUND('',#2872,.T.);
#3152=FACE_BOUND('',#2873,.T.);
#3153=FACE_BOUND('',#2874,.T.);
#3154=FACE_BOUND('',#2875,.T.);
#3155=FACE_BOUND('',#2876,.T.);
#3156=FACE_BOUND('',#2877,.T.);
#3157=FACE_BOUND('',#2878,.T.);
#3158=FACE_BOUND('',#2879,.T.);
#3159=FACE_BOUND('',#2880,.T.);
#3160=FACE_BOUND('',#2881,.T.);
#3161=FACE_BOUND('',#2882,.T.);
#3162=FACE_BOUND('',#2883,.T.);
#3163=FACE_BOUND('',#2884,.T.);
#3164=FACE_BOUND('',#2885,.T.);
#3165=FACE_BOUND('',#2886,.T.);
#3166=FACE_BOUND('',#2887,.T.);
#3167=FACE_BOUND('',#2888,.T.);
#3168=FACE_BOUND('',#2889,.T.);
#3169=FACE_BOUND('',#2890,.T.);
#3170=FACE_BOUND('',#2891,.T.);
#3171=FACE_BOUND('',#2892,.T.);
#3172=FACE_BOUND('',#2893,.T.);
#3173=FACE_BOUND('',#2894,.T.);
#3174=FACE_BOUND('',#2895,.T.);
#3175=FACE_BOUND('',#2896,.T.);
#3176=FACE_BOUND('',#2897,.T.);
#3177=FACE_BOUND('',#2898,.T.);
#3178=FACE_BOUND('',#2899,.T.);
#3179=FACE_BOUND('',#2900,.T.);
#3180=FACE_BOUND('',#2901,.T.);
#3181=FACE_BOUND('',#2902,.T.);
#3182=FACE_BOUND('',#2903,.T.);
#3183=FACE_BOUND('',#2904,.T.);
#3184=FACE_BOUND('',#2905,.T.);
#3185=FACE_BOUND('',#2906,.T.);
#3186=FACE_BOUND('',#2907,.T.);
#3187=FACE_BOUND('',#2908,.T.);
#3188=FACE_BOUND('',#2909,.T.);
#3189=FACE_BOUND('',#2910,.T.);
#3190=FACE_BOUND('',#2911,.T.);
#3191=FACE_BOUND('',#2912,.T.);
#3192=FACE_BOUND('',#2913,.T.);
#3193=FACE_BOUND('',#2914,.T.);
#3194=FACE_BOUND('',#2915,.T.);
#3195=FACE_BOUND('',#2916,.T.);
#3196=FACE_BOUND('',#2917,.T.);
#3197=FACE_BOUND('',#2918,.T.);
#3198=FACE_BOUND('',#2919,.T.);
#3199=FACE_BOUND('',#2920,.T.);
#3200=FACE_BOUND('',#2921,.T.);
#3201=FACE_BOUND('',#2922,.T.);
#3202=FACE_BOUND('',#2923,.T.);
#3203=FACE_BOUND('',#2924,.T.);
#3204=FACE_BOUND('',#2925,.T.);
#3205=FACE_BOUND('',#2926,.T.);
#3206=FACE_BOUND('',#2927,.T.);
#3207=FACE_BOUND('',#2928,.T.);
#3208=FACE_BOUND('',#2929,.T.);
#3209=FACE_BOUND('',#2930,.T.);
#3210=FACE_BOUND('',#2931,.T.);
#3211=FACE_BOUND('',#2932,.T.);
#3212=FACE_BOUND('',#2933,.T.);
#3213=FACE_BOUND('',#2934,.T.);
#3214=FACE_BOUND('',#2935,.T.);
#3215=FACE_BOUND('',#2936,.T.);
#3216=FACE_BOUND('',#2937,.T.);
#3217=FACE_BOUND('',#2938,.T.);
#3218=FACE_BOUND('',#2939,.T.);
#3219=FACE_BOUND('',#2940,.T.);
#3220=FACE_BOUND('',#2941,.T.);
#3221=FACE_BOUND('',#2942,.T.);
#3222=FACE_BOUND('',#2943,.T.);
#3223=FACE_BOUND('',#2944,.T.);
#3224=FACE_BOUND('',#2945,.T.);
#3225=FACE_BOUND('',#2946,.T.);
#3226=FACE_BOUND('',#2947,.T.);
#3227=FACE_BOUND('',#2948,.T.);
#3228=FACE_BOUND('',#2949,.T.);
#3229=FACE_BOUND('',#2950,.T.);
#3230=FACE_BOUND('',#2951,.T.);
#3231=FACE_BOUND('',#2952,.T.);
#3232=FACE_BOUND('',#2953,.T.);
#3233=FACE_BOUND('',#2954,.T.);
#3234=FACE_BOUND('',#2955,.T.);
#3235=FACE_BOUND('',#2956,.T.);
#3236=FACE_BOUND('',#2957,.T.);
#3237=FACE_BOUND('',#2958,.T.);
#3238=FACE_BOUND('',#2959,.T.);
#3239=FACE_BOUND('',#2960,.T.);
#3240=FACE_BOUND('',#2961,.T.);
#3241=FACE_BOUND('',#2962,.T.);
#3242=FACE_BOUND('',#2963,.T.);
#3243=FACE_BOUND('',#2964,.T.);
#3244=FACE_BOUND('',#2965,.T.);
#3245=FACE_BOUND('',#2966,.T.);
#3246=FACE_BOUND('',#2967,.T.);
#3247=FACE_BOUND('',#2968,.T.);
#3248=FACE_BOUND('',#2969,.T.);
#3249=FACE_BOUND('',#2970,.T.);
#3250=FACE_BOUND('',#2971,.T.);
#3251=FACE_BOUND('',#2972,.T.);
#3252=FACE_BOUND('',#2973,.T.);
#3253=CYLINDRICAL_SURFACE('',#3709,0.00311539532056834);
#3254=CYLINDRICAL_SURFACE('',#3715,0.0521801631295496);
#3255=CYLINDRICAL_SURFACE('',#3718,0.052180163132154);
#3256=CYLINDRICAL_SURFACE('',#3721,0.0334222140455364);
#3257=CYLINDRICAL_SURFACE('',#3724,0.0297689134718863);
#3258=CYLINDRICAL_SURFACE('',#3727,0.0334222140450835);
#3259=CYLINDRICAL_SURFACE('',#3730,0.0297689134718932);
#3260=CYLINDRICAL_SURFACE('',#3733,0.0557181632162559);
#3261=CYLINDRICAL_SURFACE('',#3736,0.0329192340902056);
#3262=CYLINDRICAL_SURFACE('',#3739,0.0329192340910321);
#3263=CYLINDRICAL_SURFACE('',#3742,0.0557181631637808);
#3264=CYLINDRICAL_SURFACE('',#3745,0.0348334717219757);
#3265=CYLINDRICAL_SURFACE('',#3748,0.0371101056494917);
#3266=CYLINDRICAL_SURFACE('',#3751,0.0348334717219663);
#3267=CYLINDRICAL_SURFACE('',#3754,0.0371101056491661);
#3268=CYLINDRICAL_SURFACE('',#3757,0.02856081747117);
#3269=CYLINDRICAL_SURFACE('',#3760,0.0285608174711514);
#3270=CYLINDRICAL_SURFACE('',#3765,0.0201373665934643);
#3271=CYLINDRICAL_SURFACE('',#3768,0.0201373665934643);
#3272=CYLINDRICAL_SURFACE('',#3771,0.0201373665934643);
#3273=CYLINDRICAL_SURFACE('',#3776,0.0416788822918664);
#3274=CYLINDRICAL_SURFACE('',#3779,0.0416788822918633);
#3275=CYLINDRICAL_SURFACE('',#3782,0.0535119833892661);
#3276=CYLINDRICAL_SURFACE('',#3785,0.0535119833175857);
#3277=CYLINDRICAL_SURFACE('',#3788,0.00264962011188429);
#3278=CYLINDRICAL_SURFACE('',#3791,0.00264962011188431);
#3279=CYLINDRICAL_SURFACE('',#3794,0.0637115784660257);
#3280=CYLINDRICAL_SURFACE('',#3797,0.0637115784679984);
#3281=CYLINDRICAL_SURFACE('',#3800,0.0365116291716464);
#3282=CYLINDRICAL_SURFACE('',#3803,0.0322698095903255);
#3283=CYLINDRICAL_SURFACE('',#3806,0.0299482426032477);
#3284=CYLINDRICAL_SURFACE('',#3817,0.0365116291876632);
#3285=CYLINDRICAL_SURFACE('',#3818,0.0322698095861729);
#3286=CYLINDRICAL_SURFACE('',#3819,0.0299482426015676);
#3287=CYLINDRICAL_SURFACE('',#3821,0.00246195862644846);
#3288=CYLINDRICAL_SURFACE('',#3824,0.0138152312986006);
#3289=CYLINDRICAL_SURFACE('',#3827,0.00246195862644854);
#3290=CYLINDRICAL_SURFACE('',#3830,0.0138152312986006);
#3291=CYLINDRICAL_SURFACE('',#3833,0.00246195862644859);
#3292=CYLINDRICAL_SURFACE('',#3836,0.0138152312986006);
#3293=CYLINDRICAL_SURFACE('',#3839,0.00246195862644858);
#3294=CYLINDRICAL_SURFACE('',#3842,0.0133152312986006);
#3295=CYLINDRICAL_SURFACE('',#3845,0.00246195862644858);
#3296=CYLINDRICAL_SURFACE('',#3848,0.0133152312986006);
#3297=CYLINDRICAL_SURFACE('',#3851,0.00246195862644859);
#3298=CYLINDRICAL_SURFACE('',#3854,0.0133152312986006);
#3299=CYLINDRICAL_SURFACE('',#3857,0.0024619586264454);
#3300=CYLINDRICAL_SURFACE('',#3863,0.0100811002669362);
#3301=CYLINDRICAL_SURFACE('',#3866,0.0100811002669362);
#3302=CYLINDRICAL_SURFACE('',#3869,0.0083354567501151);
#3303=CYLINDRICAL_SURFACE('',#3872,0.00833545675011515);
#3304=CYLINDRICAL_SURFACE('',#3875,0.00402615527188602);
#3305=CYLINDRICAL_SURFACE('',#3878,0.00833545675011518);
#3306=CYLINDRICAL_SURFACE('',#3881,0.00833545675011514);
#3307=CYLINDRICAL_SURFACE('',#3884,0.00402615527188601);
#3308=CYLINDRICAL_SURFACE('',#3887,0.00833545675011502);
#3309=CYLINDRICAL_SURFACE('',#3890,0.00833545675011499);
#3310=CYLINDRICAL_SURFACE('',#3893,0.00402615527188602);
#3311=CYLINDRICAL_SURFACE('',#3896,0.00833545675011506);
#3312=CYLINDRICAL_SURFACE('',#3899,0.0083354567501151);
#3313=CYLINDRICAL_SURFACE('',#3902,0.0083354567501151);
#3314=CYLINDRICAL_SURFACE('',#3905,0.0100811002669362);
#3315=CYLINDRICAL_SURFACE('',#3908,0.00942361351538787);
#3316=CYLINDRICAL_SURFACE('',#3911,0.00942361351538787);
#3317=CYLINDRICAL_SURFACE('',#3914,0.00942361351538788);
#3318=CYLINDRICAL_SURFACE('',#3917,0.0201373665934643);
#3319=CYLINDRICAL_SURFACE('',#3924,0.0143011129565707);
#3320=CYLINDRICAL_SURFACE('',#3928,0.0147395690362002);
#3321=CYLINDRICAL_SURFACE('',#3933,0.0147395690362002);
#3322=CYLINDRICAL_SURFACE('',#3938,0.0147395690362002);
#3323=CYLINDRICAL_SURFACE('',#3943,0.0143011129565707);
#3324=CYLINDRICAL_SURFACE('',#3947,0.0143011129565707);
#3325=CYLINDRICAL_SURFACE('',#3951,0.011215041968233);
#3326=CYLINDRICAL_SURFACE('',#3955,0.011215041968233);
#3327=CYLINDRICAL_SURFACE('',#3959,0.011215041968233);
#3328=CYLINDRICAL_SURFACE('',#3966,0.0197373665934644);
#3329=CYLINDRICAL_SURFACE('',#3970,0.0132179291886183);
#3330=CYLINDRICAL_SURFACE('',#3974,0.0197373665934643);
#3331=CYLINDRICAL_SURFACE('',#3978,0.0132179291886183);
#3332=CYLINDRICAL_SURFACE('',#3982,0.0197373665934643);
#3333=CYLINDRICAL_SURFACE('',#3986,0.0132179291886183);
#3334=CYLINDRICAL_SURFACE('',#3989,0.0025211902260898);
#3335=CYLINDRICAL_SURFACE('',#3995,0.0055);
#3336=CYLINDRICAL_SURFACE('',#3998,0.0201373665934643);
#3337=CYLINDRICAL_SURFACE('',#4001,0.0055);
#3338=CYLINDRICAL_SURFACE('',#4004,0.0055);
#3339=CYLINDRICAL_SURFACE('',#4007,0.0025);
#3340=CYLINDRICAL_SURFACE('',#4013,0.0055);
#3341=CYLINDRICAL_SURFACE('',#4016,0.0055);
#3342=CYLINDRICAL_SURFACE('',#4019,0.0055);
#3343=CYLINDRICAL_SURFACE('',#4022,0.0025);
#3344=CYLINDRICAL_SURFACE('',#4025,0.0201373665934643);
#3345=CYLINDRICAL_SURFACE('',#4031,0.0201373665934643);
#3346=CYLINDRICAL_SURFACE('',#4034,0.0055);
#3347=CYLINDRICAL_SURFACE('',#4037,0.0055);
#3348=CYLINDRICAL_SURFACE('',#4040,0.0055);
#3349=CYLINDRICAL_SURFACE('',#4043,0.0025);
#3350=CYLINDRICAL_SURFACE('',#4049,0.0055);
#3351=CYLINDRICAL_SURFACE('',#4052,0.0201373665934643);
#3352=CYLINDRICAL_SURFACE('',#4055,0.0055);
#3353=CYLINDRICAL_SURFACE('',#4058,0.0055);
#3354=CYLINDRICAL_SURFACE('',#4061,0.0025);
#3355=CYLINDRICAL_SURFACE('',#4067,0.0055);
#3356=CYLINDRICAL_SURFACE('',#4070,0.0201373665934643);
#3357=CYLINDRICAL_SURFACE('',#4073,0.0055);
#3358=CYLINDRICAL_SURFACE('',#4076,0.0055);
#3359=CYLINDRICAL_SURFACE('',#4079,0.0025);
#3360=CYLINDRICAL_SURFACE('',#4085,0.0189953384943803);
#3361=CYLINDRICAL_SURFACE('',#4088,0.0201373665934643);
#3362=CYLINDRICAL_SURFACE('',#4094,0.0191373665934643);
#3363=CYLINDRICAL_SURFACE('',#4097,0.0201373665934643);
#3364=ADVANCED_FACE('',(#2974,#2975),#3253,.T.);
#3365=ADVANCED_FACE('',(#2976),#562,.T.);
#3366=ADVANCED_FACE('',(#2977),#563,.F.);
#3367=ADVANCED_FACE('',(#2978),#3254,.T.);
#3368=ADVANCED_FACE('',(#2979),#3255,.T.);
#3369=ADVANCED_FACE('',(#2980),#3256,.F.);
#3370=ADVANCED_FACE('',(#2981),#3257,.T.);
#3371=ADVANCED_FACE('',(#2982),#3258,.F.);
#3372=ADVANCED_FACE('',(#2983),#3259,.T.);
#3373=ADVANCED_FACE('',(#2984),#98,.T.);
#3374=ADVANCED_FACE('',(#2985),#99,.F.);
#3375=ADVANCED_FACE('',(#2986),#100,.F.);
#3376=ADVANCED_FACE('',(#2987),#101,.T.);
#3377=ADVANCED_FACE('',(#2988),#3260,.T.);
#3378=ADVANCED_FACE('',(#2989),#3261,.F.);
#3379=ADVANCED_FACE('',(#2990),#3262,.F.);
#3380=ADVANCED_FACE('',(#2991),#3263,.T.);
#3381=ADVANCED_FACE('',(#2992),#3264,.T.);
#3382=ADVANCED_FACE('',(#2993),#3265,.F.);
#3383=ADVANCED_FACE('',(#2994),#3266,.T.);
#3384=ADVANCED_FACE('',(#2995),#3267,.F.);
#3385=ADVANCED_FACE('',(#2996),#3268,.F.);
#3386=ADVANCED_FACE('',(#2997),#102,.F.);
#3387=ADVANCED_FACE('',(#2998),#3269,.F.);
#3388=ADVANCED_FACE('',(#2999),#103,.T.);
#3389=ADVANCED_FACE('',(#3000),#104,.F.);
#3390=ADVANCED_FACE('',(#3001),#105,.T.);
#3391=ADVANCED_FACE('',(#3002),#106,.F.);
#3392=ADVANCED_FACE('',(#3003),#107,.T.);
#3393=ADVANCED_FACE('',(#3004),#108,.F.);
#3394=ADVANCED_FACE('',(#3005),#109,.F.);
#3395=ADVANCED_FACE('',(#3006),#110,.T.);
#3396=ADVANCED_FACE('',(#3007),#111,.T.);
#3397=ADVANCED_FACE('',(#3008),#112,.F.);
#3398=ADVANCED_FACE('',(#3009),#113,.T.);
#3399=ADVANCED_FACE('',(#3010),#114,.F.);
#3400=ADVANCED_FACE('',(#3011),#115,.F.);
#3401=ADVANCED_FACE('',(#3012),#116,.T.);
#3402=ADVANCED_FACE('',(#3013),#117,.T.);
#3403=ADVANCED_FACE('',(#3014),#118,.T.);
#3404=ADVANCED_FACE('',(#3015),#3270,.T.);
#3405=ADVANCED_FACE('',(#3016),#3271,.T.);
#3406=ADVANCED_FACE('',(#3017),#3272,.T.);
#3407=ADVANCED_FACE('',(#3018),#119,.F.);
#3408=ADVANCED_FACE('',(#3019),#120,.T.);
#3409=ADVANCED_FACE('',(#3020),#3273,.T.);
#3410=ADVANCED_FACE('',(#3021),#3274,.T.);
#3411=ADVANCED_FACE('',(#3022),#121,.F.);
#3412=ADVANCED_FACE('',(#3023),#122,.T.);
#3413=ADVANCED_FACE('',(#3024),#123,.F.);
#3414=ADVANCED_FACE('',(#3025),#124,.F.);
#3415=ADVANCED_FACE('',(#3026),#125,.F.);
#3416=ADVANCED_FACE('',(#3027),#3275,.T.);
#3417=ADVANCED_FACE('',(#3028),#126,.F.);
#3418=ADVANCED_FACE('',(#3029),#127,.T.);
#3419=ADVANCED_FACE('',(#3030),#3276,.T.);
#3420=ADVANCED_FACE('',(#3031),#128,.T.);
#3421=ADVANCED_FACE('',(#3032),#3277,.F.);
#3422=ADVANCED_FACE('',(#3033),#3278,.F.);
#3423=ADVANCED_FACE('',(#3034),#129,.T.);
#3424=ADVANCED_FACE('',(#3035),#130,.T.);
#3425=ADVANCED_FACE('',(#3036),#131,.T.);
#3426=ADVANCED_FACE('',(#3037),#132,.F.);
#3427=ADVANCED_FACE('',(#3038),#133,.F.);
#3428=ADVANCED_FACE('',(#3039),#3279,.T.);
#3429=ADVANCED_FACE('',(#3040),#3280,.T.);
#3430=ADVANCED_FACE('',(#3041),#3281,.T.);
#3431=ADVANCED_FACE('',(#3042),#3282,.F.);
#3432=ADVANCED_FACE('',(#3043),#3283,.F.);
#3433=ADVANCED_FACE('',(#3044),#134,.F.);
#3434=ADVANCED_FACE('',(#3045,#3046,#3047,#3048,#3049,#3050,#3051,#3052,
#3053,#3054,#3055,#3056,#3057,#3058,#3059,#3060,#3061),#564,.T.);
#3435=ADVANCED_FACE('',(#3062,#3063,#3064,#3065,#3066,#3067,#3068,#3069,
#3070,#3071,#3072,#3073,#3074,#3075,#3076,#3077,#3078),#565,.F.);
#3436=ADVANCED_FACE('',(#3079),#3284,.T.);
#3437=ADVANCED_FACE('',(#3080),#3285,.F.);
#3438=ADVANCED_FACE('',(#3081),#3286,.F.);
#3439=ADVANCED_FACE('',(#3082),#135,.T.);
#3440=ADVANCED_FACE('',(#3083),#136,.F.);
#3441=ADVANCED_FACE('',(#3084),#137,.F.);
#3442=ADVANCED_FACE('',(#3085),#3287,.T.);
#3443=ADVANCED_FACE('',(#3086),#3288,.T.);
#3444=ADVANCED_FACE('',(#3087),#138,.F.);
#3445=ADVANCED_FACE('',(#3088),#139,.F.);
#3446=ADVANCED_FACE('',(#3089),#3289,.T.);
#3447=ADVANCED_FACE('',(#3090),#3290,.T.);
#3448=ADVANCED_FACE('',(#3091),#140,.F.);
#3449=ADVANCED_FACE('',(#3092),#141,.F.);
#3450=ADVANCED_FACE('',(#3093),#3291,.T.);
#3451=ADVANCED_FACE('',(#3094),#3292,.T.);
#3452=ADVANCED_FACE('',(#3095),#3293,.T.);
#3453=ADVANCED_FACE('',(#3096),#3294,.F.);
#3454=ADVANCED_FACE('',(#3097),#3295,.T.);
#3455=ADVANCED_FACE('',(#3098),#3296,.F.);
#3456=ADVANCED_FACE('',(#3099),#3297,.T.);
#3457=ADVANCED_FACE('',(#3100),#3298,.F.);
#3458=ADVANCED_FACE('',(#3101),#3299,.T.);
#3459=ADVANCED_FACE('',(#3102,#3103),#566,.T.);
#3460=ADVANCED_FACE('',(#3104,#3105),#567,.F.);
#3461=ADVANCED_FACE('',(#3106),#3300,.T.);
#3462=ADVANCED_FACE('',(#3107),#3301,.T.);
#3463=ADVANCED_FACE('',(#3108),#3302,.F.);
#3464=ADVANCED_FACE('',(#3109),#3303,.F.);
#3465=ADVANCED_FACE('',(#3110),#3304,.T.);
#3466=ADVANCED_FACE('',(#3111),#3305,.F.);
#3467=ADVANCED_FACE('',(#3112),#3306,.F.);
#3468=ADVANCED_FACE('',(#3113),#3307,.T.);
#3469=ADVANCED_FACE('',(#3114),#3308,.F.);
#3470=ADVANCED_FACE('',(#3115),#3309,.F.);
#3471=ADVANCED_FACE('',(#3116),#3310,.T.);
#3472=ADVANCED_FACE('',(#3117),#3311,.F.);
#3473=ADVANCED_FACE('',(#3118),#3312,.F.);
#3474=ADVANCED_FACE('',(#3119),#3313,.F.);
#3475=ADVANCED_FACE('',(#3120),#3314,.T.);
#3476=ADVANCED_FACE('',(#3121),#3315,.F.);
#3477=ADVANCED_FACE('',(#3122),#3316,.F.);
#3478=ADVANCED_FACE('',(#3123),#3317,.F.);
#3479=ADVANCED_FACE('',(#3124,#3125),#3318,.T.);
#3480=ADVANCED_FACE('',(#3126,#3127,#3128,#3129,#3130,#3131,#3132),#568,
 .T.);
#3481=ADVANCED_FACE('',(#3133,#3134,#3135,#3136,#3137,#3138,#3139),#569,
 .F.);
#3482=ADVANCED_FACE('',(#3140),#570,.F.);
#3483=ADVANCED_FACE('',(#3141),#3319,.F.);
#3484=ADVANCED_FACE('',(#3142),#571,.F.);
#3485=ADVANCED_FACE('',(#3143),#3320,.T.);
#3486=ADVANCED_FACE('',(#3144),#572,.F.);
#3487=ADVANCED_FACE('',(#3145),#573,.F.);
#3488=ADVANCED_FACE('',(#3146),#3321,.T.);
#3489=ADVANCED_FACE('',(#3147),#574,.T.);
#3490=ADVANCED_FACE('',(#3148),#575,.T.);
#3491=ADVANCED_FACE('',(#3149),#3322,.T.);
#3492=ADVANCED_FACE('',(#3150),#576,.T.);
#3493=ADVANCED_FACE('',(#3151),#577,.T.);
#3494=ADVANCED_FACE('',(#3152),#3323,.F.);
#3495=ADVANCED_FACE('',(#3153),#578,.F.);
#3496=ADVANCED_FACE('',(#3154),#3324,.F.);
#3497=ADVANCED_FACE('',(#3155),#579,.T.);
#3498=ADVANCED_FACE('',(#3156),#3325,.T.);
#3499=ADVANCED_FACE('',(#3157),#580,.F.);
#3500=ADVANCED_FACE('',(#3158),#3326,.T.);
#3501=ADVANCED_FACE('',(#3159),#581,.T.);
#3502=ADVANCED_FACE('',(#3160),#3327,.T.);
#3503=ADVANCED_FACE('',(#3161,#3162,#3163,#3164),#582,.T.);
#3504=ADVANCED_FACE('',(#3165,#3166,#3167,#3168),#583,.F.);
#3505=ADVANCED_FACE('',(#3169),#584,.F.);
#3506=ADVANCED_FACE('',(#3170),#3328,.T.);
#3507=ADVANCED_FACE('',(#3171),#585,.F.);
#3508=ADVANCED_FACE('',(#3172),#3329,.T.);
#3509=ADVANCED_FACE('',(#3173),#586,.T.);
#3510=ADVANCED_FACE('',(#3174),#3330,.T.);
#3511=ADVANCED_FACE('',(#3175),#587,.F.);
#3512=ADVANCED_FACE('',(#3176),#3331,.T.);
#3513=ADVANCED_FACE('',(#3177),#588,.T.);
#3514=ADVANCED_FACE('',(#3178),#3332,.T.);
#3515=ADVANCED_FACE('',(#3179),#589,.F.);
#3516=ADVANCED_FACE('',(#3180),#3333,.T.);
#3517=ADVANCED_FACE('',(#3181,#3182),#3334,.F.);
#3518=ADVANCED_FACE('',(#3183,#3184),#590,.T.);
#3519=ADVANCED_FACE('',(#3185,#3186),#591,.F.);
#3520=ADVANCED_FACE('',(#3187),#3335,.F.);
#3521=ADVANCED_FACE('',(#3188),#3336,.T.);
#3522=ADVANCED_FACE('',(#3189),#3337,.F.);
#3523=ADVANCED_FACE('',(#3190),#3338,.T.);
#3524=ADVANCED_FACE('',(#3191,#3192),#3339,.F.);
#3525=ADVANCED_FACE('',(#3193,#3194),#592,.T.);
#3526=ADVANCED_FACE('',(#3195,#3196),#593,.F.);
#3527=ADVANCED_FACE('',(#3197),#3340,.F.);
#3528=ADVANCED_FACE('',(#3198),#3341,.T.);
#3529=ADVANCED_FACE('',(#3199),#3342,.F.);
#3530=ADVANCED_FACE('',(#3200,#3201),#3343,.F.);
#3531=ADVANCED_FACE('',(#3202),#3344,.T.);
#3532=ADVANCED_FACE('',(#3203,#3204),#594,.T.);
#3533=ADVANCED_FACE('',(#3205,#3206),#595,.F.);
#3534=ADVANCED_FACE('',(#3207),#3345,.T.);
#3535=ADVANCED_FACE('',(#3208),#3346,.F.);
#3536=ADVANCED_FACE('',(#3209),#3347,.T.);
#3537=ADVANCED_FACE('',(#3210),#3348,.F.);
#3538=ADVANCED_FACE('',(#3211,#3212),#3349,.F.);
#3539=ADVANCED_FACE('',(#3213,#3214),#596,.T.);
#3540=ADVANCED_FACE('',(#3215,#3216),#597,.F.);
#3541=ADVANCED_FACE('',(#3217),#3350,.F.);
#3542=ADVANCED_FACE('',(#3218),#3351,.T.);
#3543=ADVANCED_FACE('',(#3219),#3352,.F.);
#3544=ADVANCED_FACE('',(#3220),#3353,.T.);
#3545=ADVANCED_FACE('',(#3221,#3222),#3354,.F.);
#3546=ADVANCED_FACE('',(#3223,#3224),#598,.T.);
#3547=ADVANCED_FACE('',(#3225,#3226),#599,.F.);
#3548=ADVANCED_FACE('',(#3227),#3355,.F.);
#3549=ADVANCED_FACE('',(#3228),#3356,.T.);
#3550=ADVANCED_FACE('',(#3229),#3357,.F.);
#3551=ADVANCED_FACE('',(#3230),#3358,.T.);
#3552=ADVANCED_FACE('',(#3231,#3232),#3359,.F.);
#3553=ADVANCED_FACE('',(#3233,#3234),#600,.T.);
#3554=ADVANCED_FACE('',(#3235,#3236),#601,.F.);
#3555=ADVANCED_FACE('',(#3237,#3238),#3360,.F.);
#3556=ADVANCED_FACE('',(#3239,#3240),#3361,.T.);
#3557=ADVANCED_FACE('',(#3241,#3242),#602,.T.);
#3558=ADVANCED_FACE('',(#3243,#3244),#603,.F.);
#3559=ADVANCED_FACE('',(#3245,#3246),#3362,.F.);
#3560=ADVANCED_FACE('',(#3247,#3248),#3363,.T.);
#3561=ADVANCED_FACE('',(#3249,#3250),#604,.T.);
#3562=ADVANCED_FACE('',(#3251,#3252),#605,.F.);
#3563=CLOSED_SHELL('',(#3364,#3365,#3366));
#3564=CLOSED_SHELL('',(#3367,#3368,#3369,#3370,#3371,#3372,#3373,#3374,
#3375,#3376,#3377,#3378,#3379,#3380,#3381,#3382,#3383,#3384,#3385,#3386,
#3387,#3388,#3389,#3390,#3391,#3392,#3393,#3394,#3395,#3396,#3397,#3398,
#3399,#3400,#3401,#3402,#3403,#3404,#3405,#3406,#3407,#3408,#3409,#3410,
#3411,#3412,#3413,#3414,#3415,#3416,#3417,#3418,#3419,#3420,#3421,#3422,
#3423,#3424,#3425,#3426,#3427,#3428,#3429,#3430,#3431,#3432,#3433,#3434,
#3435,#3436,#3437,#3438,#3439));
#3565=CLOSED_SHELL('',(#3440,#3441,#3442,#3443,#3444,#3445,#3446,#3447,
#3448,#3449,#3450,#3451,#3452,#3453,#3454,#3455,#3456,#3457,#3458,#3459,
#3460));
#3566=CLOSED_SHELL('',(#3461,#3462,#3463,#3464,#3465,#3466,#3467,#3468,
#3469,#3470,#3471,#3472,#3473,#3474,#3475,#3476,#3477,#3478,#3479,#3480,
#3481));
#3567=CLOSED_SHELL('',(#3482,#3483,#3484,#3485,#3486,#3487,#3488,#3489,
#3490,#3491,#3492,#3493,#3494,#3495,#3496,#3497,#3498,#3499,#3500,#3501,
#3502,#3503,#3504));
#3568=CLOSED_SHELL('',(#3505,#3506,#3507,#3508,#3509,#3510,#3511,#3512,
#3513,#3514,#3515,#3516,#3517,#3518,#3519));
#3569=CLOSED_SHELL('',(#3520,#3521,#3522,#3523,#3524,#3525,#3526));
#3570=CLOSED_SHELL('',(#3527,#3528,#3529,#3530,#3531,#3532,#3533));
#3571=CLOSED_SHELL('',(#3534,#3535,#3536,#3537,#3538,#3539,#3540));
#3572=CLOSED_SHELL('',(#3541,#3542,#3543,#3544,#3545,#3546,#3547));
#3573=CLOSED_SHELL('',(#3548,#3549,#3550,#3551,#3552,#3553,#3554));
#3574=CLOSED_SHELL('',(#3555,#3556,#3557,#3558));
#3575=CLOSED_SHELL('',(#3559,#3560,#3561,#3562));
#3576=STYLED_ITEM('',(#3589),#3669);
#3577=STYLED_ITEM('',(#3590),#3670);
#3578=STYLED_ITEM('',(#3591),#3671);
#3579=STYLED_ITEM('',(#3592),#3672);
#3580=STYLED_ITEM('',(#3593),#3673);
#3581=STYLED_ITEM('',(#3594),#3674);
#3582=STYLED_ITEM('',(#3595),#3675);
#3583=STYLED_ITEM('',(#3596),#3676);
#3584=STYLED_ITEM('',(#3597),#3677);
#3585=STYLED_ITEM('',(#3598),#3678);
#3586=STYLED_ITEM('',(#3599),#3679);
#3587=STYLED_ITEM('',(#3600),#3680);
#3588=STYLED_ITEM('',(#3601),#3681);
#3589=PRESENTATION_STYLE_ASSIGNMENT((#3602));
#3590=PRESENTATION_STYLE_ASSIGNMENT((#3603));
#3591=PRESENTATION_STYLE_ASSIGNMENT((#3604));
#3592=PRESENTATION_STYLE_ASSIGNMENT((#3605));
#3593=PRESENTATION_STYLE_ASSIGNMENT((#3606));
#3594=PRESENTATION_STYLE_ASSIGNMENT((#3607));
#3595=PRESENTATION_STYLE_ASSIGNMENT((#3608));
#3596=PRESENTATION_STYLE_ASSIGNMENT((#3609));
#3597=PRESENTATION_STYLE_ASSIGNMENT((#3610));
#3598=PRESENTATION_STYLE_ASSIGNMENT((#3611));
#3599=PRESENTATION_STYLE_ASSIGNMENT((#3612));
#3600=PRESENTATION_STYLE_ASSIGNMENT((#3613));
#3601=PRESENTATION_STYLE_ASSIGNMENT((#3614));
#3602=SURFACE_STYLE_USAGE(.BOTH.,#3615);
#3603=SURFACE_STYLE_USAGE(.BOTH.,#3616);
#3604=SURFACE_STYLE_USAGE(.BOTH.,#3617);
#3605=SURFACE_STYLE_USAGE(.BOTH.,#3618);
#3606=SURFACE_STYLE_USAGE(.BOTH.,#3619);
#3607=SURFACE_STYLE_USAGE(.BOTH.,#3620);
#3608=SURFACE_STYLE_USAGE(.BOTH.,#3621);
#3609=SURFACE_STYLE_USAGE(.BOTH.,#3622);
#3610=SURFACE_STYLE_USAGE(.BOTH.,#3623);
#3611=SURFACE_STYLE_USAGE(.BOTH.,#3624);
#3612=SURFACE_STYLE_USAGE(.BOTH.,#3625);
#3613=SURFACE_STYLE_USAGE(.BOTH.,#3626);
#3614=SURFACE_STYLE_USAGE(.BOTH.,#3627);
#3615=SURFACE_SIDE_STYLE('',(#3628));
#3616=SURFACE_SIDE_STYLE('',(#3629));
#3617=SURFACE_SIDE_STYLE('',(#3630));
#3618=SURFACE_SIDE_STYLE('',(#3631));
#3619=SURFACE_SIDE_STYLE('',(#3632));
#3620=SURFACE_SIDE_STYLE('',(#3633));
#3621=SURFACE_SIDE_STYLE('',(#3634));
#3622=SURFACE_SIDE_STYLE('',(#3635));
#3623=SURFACE_SIDE_STYLE('',(#3636));
#3624=SURFACE_SIDE_STYLE('',(#3637));
#3625=SURFACE_SIDE_STYLE('',(#3638));
#3626=SURFACE_SIDE_STYLE('',(#3639));
#3627=SURFACE_SIDE_STYLE('',(#3640));
#3628=SURFACE_STYLE_FILL_AREA(#3641);
#3629=SURFACE_STYLE_FILL_AREA(#3642);
#3630=SURFACE_STYLE_FILL_AREA(#3643);
#3631=SURFACE_STYLE_FILL_AREA(#3644);
#3632=SURFACE_STYLE_FILL_AREA(#3645);
#3633=SURFACE_STYLE_FILL_AREA(#3646);
#3634=SURFACE_STYLE_FILL_AREA(#3647);
#3635=SURFACE_STYLE_FILL_AREA(#3648);
#3636=SURFACE_STYLE_FILL_AREA(#3649);
#3637=SURFACE_STYLE_FILL_AREA(#3650);
#3638=SURFACE_STYLE_FILL_AREA(#3651);
#3639=SURFACE_STYLE_FILL_AREA(#3652);
#3640=SURFACE_STYLE_FILL_AREA(#3653);
#3641=FILL_AREA_STYLE('',(#3654));
#3642=FILL_AREA_STYLE('',(#3655));
#3643=FILL_AREA_STYLE('',(#3656));
#3644=FILL_AREA_STYLE('',(#3657));
#3645=FILL_AREA_STYLE('',(#3658));
#3646=FILL_AREA_STYLE('',(#3659));
#3647=FILL_AREA_STYLE('',(#3660));
#3648=FILL_AREA_STYLE('',(#3661));
#3649=FILL_AREA_STYLE('',(#3662));
#3650=FILL_AREA_STYLE('',(#3663));
#3651=FILL_AREA_STYLE('',(#3664));
#3652=FILL_AREA_STYLE('',(#3665));
#3653=FILL_AREA_STYLE('',(#3666));
#3654=FILL_AREA_STYLE_COLOUR('',#3667);
#3655=FILL_AREA_STYLE_COLOUR('',#3667);
#3656=FILL_AREA_STYLE_COLOUR('',#3667);
#3657=FILL_AREA_STYLE_COLOUR('',#3667);
#3658=FILL_AREA_STYLE_COLOUR('',#3667);
#3659=FILL_AREA_STYLE_COLOUR('',#3667);
#3660=FILL_AREA_STYLE_COLOUR('',#3668);
#3661=FILL_AREA_STYLE_COLOUR('',#3668);
#3662=FILL_AREA_STYLE_COLOUR('',#3668);
#3663=FILL_AREA_STYLE_COLOUR('',#3668);
#3664=FILL_AREA_STYLE_COLOUR('',#3668);
#3665=FILL_AREA_STYLE_COLOUR('',#3667);
#3666=FILL_AREA_STYLE_COLOUR('',#3667);
#3667=DRAUGHTING_PRE_DEFINED_COLOUR('black');
#3668=DRAUGHTING_PRE_DEFINED_COLOUR('red');
#3669=MANIFOLD_SOLID_BREP('Part 8',#3563);
#3670=MANIFOLD_SOLID_BREP('Part 13',#3564);
#3671=MANIFOLD_SOLID_BREP('Part 7',#3565);
#3672=MANIFOLD_SOLID_BREP('Part 9',#3566);
#3673=MANIFOLD_SOLID_BREP('Part 11',#3567);
#3674=MANIFOLD_SOLID_BREP('Part 12',#3568);
#3675=MANIFOLD_SOLID_BREP('Part 4',#3569);
#3676=MANIFOLD_SOLID_BREP('Part 3',#3570);
#3677=MANIFOLD_SOLID_BREP('Part 1',#3571);
#3678=MANIFOLD_SOLID_BREP('Part 5',#3572);
#3679=MANIFOLD_SOLID_BREP('Part 2',#3573);
#3680=MANIFOLD_SOLID_BREP('Part 10',#3574);
#3681=MANIFOLD_SOLID_BREP('Part 6',#3575);
#3682=SHAPE_DEFINITION_REPRESENTATION(#6816,#3695);
#3683=SHAPE_DEFINITION_REPRESENTATION(#6817,#3696);
#3684=SHAPE_DEFINITION_REPRESENTATION(#6818,#3697);
#3685=SHAPE_DEFINITION_REPRESENTATION(#6819,#3698);
#3686=SHAPE_DEFINITION_REPRESENTATION(#6820,#3699);
#3687=SHAPE_DEFINITION_REPRESENTATION(#6821,#3700);
#3688=SHAPE_DEFINITION_REPRESENTATION(#6822,#3701);
#3689=SHAPE_DEFINITION_REPRESENTATION(#6823,#3702);
#3690=SHAPE_DEFINITION_REPRESENTATION(#6824,#3703);
#3691=SHAPE_DEFINITION_REPRESENTATION(#6825,#3704);
#3692=SHAPE_DEFINITION_REPRESENTATION(#6826,#3705);
#3693=SHAPE_DEFINITION_REPRESENTATION(#6827,#3706);
#3694=SHAPE_DEFINITION_REPRESENTATION(#6828,#3707);
#3695=SHAPE_REPRESENTATION('Part 8',(#3708),#6751);
#3696=SHAPE_REPRESENTATION('Part 13',(#3714),#6752);
#3697=SHAPE_REPRESENTATION('Part 7',(#3820),#6753);
#3698=SHAPE_REPRESENTATION('Part 9',(#3862),#6754);
#3699=SHAPE_REPRESENTATION('Part 11',(#3922),#6755);
#3700=SHAPE_REPRESENTATION('Part 12',(#3964),#6756);
#3701=SHAPE_REPRESENTATION('Part 4',(#3994),#6757);
#3702=SHAPE_REPRESENTATION('Part 3',(#4012),#6758);
#3703=SHAPE_REPRESENTATION('Part 1',(#4030),#6759);
#3704=SHAPE_REPRESENTATION('Part 5',(#4048),#6760);
#3705=SHAPE_REPRESENTATION('Part 2',(#4066),#6761);
#3706=SHAPE_REPRESENTATION('Part 10',(#4084),#6762);
#3707=SHAPE_REPRESENTATION('Part 6',(#4093),#6763);
#3708=AXIS2_PLACEMENT_3D('',#5087,#4102,#4103);
#3709=AXIS2_PLACEMENT_3D('',#5088,#4104,#4105);
#3710=AXIS2_PLACEMENT_3D('',#5089,#4106,#4107);
#3711=AXIS2_PLACEMENT_3D('',#5091,#4108,#4109);
#3712=AXIS2_PLACEMENT_3D('',#5093,#4110,#4111);
#3713=AXIS2_PLACEMENT_3D('',#5094,#4112,#4113);
#3714=AXIS2_PLACEMENT_3D('',#5095,#4114,#4115);
#3715=AXIS2_PLACEMENT_3D('',#5096,#4116,#4117);
#3716=AXIS2_PLACEMENT_3D('',#5097,#4118,#4119);
#3717=AXIS2_PLACEMENT_3D('',#5102,#4121,#4122);
#3718=AXIS2_PLACEMENT_3D('',#5105,#4124,#4125);
#3719=AXIS2_PLACEMENT_3D('',#5106,#4126,#4127);
#3720=AXIS2_PLACEMENT_3D('',#5111,#4129,#4130);
#3721=AXIS2_PLACEMENT_3D('',#5114,#4132,#4133);
#3722=AXIS2_PLACEMENT_3D('',#5115,#4134,#4135);
#3723=AXIS2_PLACEMENT_3D('',#5120,#4137,#4138);
#3724=AXIS2_PLACEMENT_3D('',#5123,#4140,#4141);
#3725=AXIS2_PLACEMENT_3D('',#5124,#4142,#4143);
#3726=AXIS2_PLACEMENT_3D('',#5129,#4145,#4146);
#3727=AXIS2_PLACEMENT_3D('',#5132,#4148,#4149);
#3728=AXIS2_PLACEMENT_3D('',#5133,#4150,#4151);
#3729=AXIS2_PLACEMENT_3D('',#5138,#4153,#4154);
#3730=AXIS2_PLACEMENT_3D('',#5141,#4156,#4157);
#3731=AXIS2_PLACEMENT_3D('',#5142,#4158,#4159);
#3732=AXIS2_PLACEMENT_3D('',#5147,#4161,#4162);
#3733=AXIS2_PLACEMENT_3D('',#5238,#4172,#4173);
#3734=AXIS2_PLACEMENT_3D('',#5239,#4174,#4175);
#3735=AXIS2_PLACEMENT_3D('',#5244,#4177,#4178);
#3736=AXIS2_PLACEMENT_3D('',#5247,#4180,#4181);
#3737=AXIS2_PLACEMENT_3D('',#5248,#4182,#4183);
#3738=AXIS2_PLACEMENT_3D('',#5252,#4185,#4186);
#3739=AXIS2_PLACEMENT_3D('',#5253,#4187,#4188);
#3740=AXIS2_PLACEMENT_3D('',#5254,#4189,#4190);
#3741=AXIS2_PLACEMENT_3D('',#5256,#4191,#4192);
#3742=AXIS2_PLACEMENT_3D('',#5259,#4194,#4195);
#3743=AXIS2_PLACEMENT_3D('',#5260,#4196,#4197);
#3744=AXIS2_PLACEMENT_3D('',#5265,#4199,#4200);
#3745=AXIS2_PLACEMENT_3D('',#5268,#4202,#4203);
#3746=AXIS2_PLACEMENT_3D('',#5269,#4204,#4205);
#3747=AXIS2_PLACEMENT_3D('',#5274,#4207,#4208);
#3748=AXIS2_PLACEMENT_3D('',#5277,#4210,#4211);
#3749=AXIS2_PLACEMENT_3D('',#5278,#4212,#4213);
#3750=AXIS2_PLACEMENT_3D('',#5280,#4214,#4215);
#3751=AXIS2_PLACEMENT_3D('',#5283,#4217,#4218);
#3752=AXIS2_PLACEMENT_3D('',#5284,#4219,#4220);
#3753=AXIS2_PLACEMENT_3D('',#5289,#4222,#4223);
#3754=AXIS2_PLACEMENT_3D('',#5292,#4225,#4226);
#3755=AXIS2_PLACEMENT_3D('',#5293,#4227,#4228);
#3756=AXIS2_PLACEMENT_3D('',#5297,#4230,#4231);
#3757=AXIS2_PLACEMENT_3D('',#5298,#4232,#4233);
#3758=AXIS2_PLACEMENT_3D('',#5299,#4234,#4235);
#3759=AXIS2_PLACEMENT_3D('',#5304,#4237,#4238);
#3760=AXIS2_PLACEMENT_3D('',#5329,#4242,#4243);
#3761=AXIS2_PLACEMENT_3D('',#5330,#4244,#4245);
#3762=AXIS2_PLACEMENT_3D('',#5334,#4247,#4248);
#3763=AXIS2_PLACEMENT_3D('',#5619,#4261,#4262);
#3764=AXIS2_PLACEMENT_3D('',#5623,#4264,#4265);
#3765=AXIS2_PLACEMENT_3D('',#5624,#4266,#4267);
#3766=AXIS2_PLACEMENT_3D('',#5625,#4268,#4269);
#3767=AXIS2_PLACEMENT_3D('',#5630,#4271,#4272);
#3768=AXIS2_PLACEMENT_3D('',#5633,#4274,#4275);
#3769=AXIS2_PLACEMENT_3D('',#5634,#4276,#4277);
#3770=AXIS2_PLACEMENT_3D('',#5638,#4279,#4280);
#3771=AXIS2_PLACEMENT_3D('',#5639,#4281,#4282);
#3772=AXIS2_PLACEMENT_3D('',#5640,#4283,#4284);
#3773=AXIS2_PLACEMENT_3D('',#5641,#4285,#4286);
#3774=AXIS2_PLACEMENT_3D('',#5650,#4287,#4288);
#3775=AXIS2_PLACEMENT_3D('',#5651,#4289,#4290);
#3776=AXIS2_PLACEMENT_3D('',#5674,#4293,#4294);
#3777=AXIS2_PLACEMENT_3D('',#5675,#4295,#4296);
#3778=AXIS2_PLACEMENT_3D('',#5680,#4298,#4299);
#3779=AXIS2_PLACEMENT_3D('',#5683,#4301,#4302);
#3780=AXIS2_PLACEMENT_3D('',#5684,#4303,#4304);
#3781=AXIS2_PLACEMENT_3D('',#5689,#4306,#4307);
#3782=AXIS2_PLACEMENT_3D('',#5787,#4314,#4315);
#3783=AXIS2_PLACEMENT_3D('',#5788,#4316,#4317);
#3784=AXIS2_PLACEMENT_3D('',#5789,#4318,#4319);
#3785=AXIS2_PLACEMENT_3D('',#5825,#4321,#4322);
#3786=AXIS2_PLACEMENT_3D('',#5826,#4323,#4324);
#3787=AXIS2_PLACEMENT_3D('',#5827,#4325,#4326);
#3788=AXIS2_PLACEMENT_3D('',#5847,#4328,#4329);
#3789=AXIS2_PLACEMENT_3D('',#5848,#4330,#4331);
#3790=AXIS2_PLACEMENT_3D('',#5853,#4333,#4334);
#3791=AXIS2_PLACEMENT_3D('',#5856,#4336,#4337);
#3792=AXIS2_PLACEMENT_3D('',#5857,#4338,#4339);
#3793=AXIS2_PLACEMENT_3D('',#5858,#4340,#4341);
#3794=AXIS2_PLACEMENT_3D('',#5948,#4345,#4346);
#3795=AXIS2_PLACEMENT_3D('',#5949,#4347,#4348);
#3796=AXIS2_PLACEMENT_3D('',#5950,#4349,#4350);
#3797=AXIS2_PLACEMENT_3D('',#5951,#4351,#4352);
#3798=AXIS2_PLACEMENT_3D('',#5952,#4353,#4354);
#3799=AXIS2_PLACEMENT_3D('',#5953,#4355,#4356);
#3800=AXIS2_PLACEMENT_3D('',#5954,#4357,#4358);
#3801=AXIS2_PLACEMENT_3D('',#5955,#4359,#4360);
#3802=AXIS2_PLACEMENT_3D('',#5956,#4361,#4362);
#3803=AXIS2_PLACEMENT_3D('',#5957,#4363,#4364);
#3804=AXIS2_PLACEMENT_3D('',#5958,#4365,#4366);
#3805=AXIS2_PLACEMENT_3D('',#5959,#4367,#4368);
#3806=AXIS2_PLACEMENT_3D('',#5960,#4369,#4370);
#3807=AXIS2_PLACEMENT_3D('',#5961,#4371,#4372);
#3808=AXIS2_PLACEMENT_3D('',#5962,#4373,#4374);
#3809=AXIS2_PLACEMENT_3D('',#5985,#4375,#4376);
#3810=AXIS2_PLACEMENT_3D('',#5991,#4377,#4378);
#3811=AXIS2_PLACEMENT_3D('',#5992,#4379,#4380);
#3812=AXIS2_PLACEMENT_3D('',#5993,#4381,#4382);
#3813=AXIS2_PLACEMENT_3D('',#5994,#4383,#4384);
#3814=AXIS2_PLACEMENT_3D('',#6000,#4385,#4386);
#3815=AXIS2_PLACEMENT_3D('',#6001,#4387,#4388);
#3816=AXIS2_PLACEMENT_3D('',#6002,#4389,#4390);
#3817=AXIS2_PLACEMENT_3D('',#6003,#4391,#4392);
#3818=AXIS2_PLACEMENT_3D('',#6004,#4393,#4394);
#3819=AXIS2_PLACEMENT_3D('',#6005,#4395,#4396);
#3820=AXIS2_PLACEMENT_3D('',#6018,#4397,#4398);
#3821=AXIS2_PLACEMENT_3D('',#6064,#4402,#4403);
#3822=AXIS2_PLACEMENT_3D('',#6065,#4404,#4405);
#3823=AXIS2_PLACEMENT_3D('',#6069,#4407,#4408);
#3824=AXIS2_PLACEMENT_3D('',#6070,#4409,#4410);
#3825=AXIS2_PLACEMENT_3D('',#6071,#4411,#4412);
#3826=AXIS2_PLACEMENT_3D('',#6075,#4414,#4415);
#3827=AXIS2_PLACEMENT_3D('',#6118,#4418,#4419);
#3828=AXIS2_PLACEMENT_3D('',#6119,#4420,#4421);
#3829=AXIS2_PLACEMENT_3D('',#6123,#4423,#4424);
#3830=AXIS2_PLACEMENT_3D('',#6124,#4425,#4426);
#3831=AXIS2_PLACEMENT_3D('',#6125,#4427,#4428);
#3832=AXIS2_PLACEMENT_3D('',#6129,#4430,#4431);
#3833=AXIS2_PLACEMENT_3D('',#6174,#4434,#4435);
#3834=AXIS2_PLACEMENT_3D('',#6175,#4436,#4437);
#3835=AXIS2_PLACEMENT_3D('',#6179,#4439,#4440);
#3836=AXIS2_PLACEMENT_3D('',#6180,#4441,#4442);
#3837=AXIS2_PLACEMENT_3D('',#6181,#4443,#4444);
#3838=AXIS2_PLACEMENT_3D('',#6185,#4446,#4447);
#3839=AXIS2_PLACEMENT_3D('',#6186,#4448,#4449);
#3840=AXIS2_PLACEMENT_3D('',#6187,#4450,#4451);
#3841=AXIS2_PLACEMENT_3D('',#6192,#4453,#4454);
#3842=AXIS2_PLACEMENT_3D('',#6195,#4456,#4457);
#3843=AXIS2_PLACEMENT_3D('',#6196,#4458,#4459);
#3844=AXIS2_PLACEMENT_3D('',#6200,#4461,#4462);
#3845=AXIS2_PLACEMENT_3D('',#6201,#4463,#4464);
#3846=AXIS2_PLACEMENT_3D('',#6202,#4465,#4466);
#3847=AXIS2_PLACEMENT_3D('',#6206,#4468,#4469);
#3848=AXIS2_PLACEMENT_3D('',#6207,#4470,#4471);
#3849=AXIS2_PLACEMENT_3D('',#6208,#4472,#4473);
#3850=AXIS2_PLACEMENT_3D('',#6212,#4475,#4476);
#3851=AXIS2_PLACEMENT_3D('',#6213,#4477,#4478);
#3852=AXIS2_PLACEMENT_3D('',#6214,#4479,#4480);
#3853=AXIS2_PLACEMENT_3D('',#6218,#4482,#4483);
#3854=AXIS2_PLACEMENT_3D('',#6219,#4484,#4485);
#3855=AXIS2_PLACEMENT_3D('',#6220,#4486,#4487);
#3856=AXIS2_PLACEMENT_3D('',#6221,#4488,#4489);
#3857=AXIS2_PLACEMENT_3D('',#6222,#4490,#4491);
#3858=AXIS2_PLACEMENT_3D('',#6223,#4492,#4493);
#3859=AXIS2_PLACEMENT_3D('',#6224,#4494,#4495);
#3860=AXIS2_PLACEMENT_3D('',#6225,#4496,#4497);
#3861=AXIS2_PLACEMENT_3D('',#6226,#4498,#4499);
#3862=AXIS2_PLACEMENT_3D('',#6227,#4500,#4501);
#3863=AXIS2_PLACEMENT_3D('',#6228,#4502,#4503);
#3864=AXIS2_PLACEMENT_3D('',#6229,#4504,#4505);
#3865=AXIS2_PLACEMENT_3D('',#6234,#4507,#4508);
#3866=AXIS2_PLACEMENT_3D('',#6237,#4510,#4511);
#3867=AXIS2_PLACEMENT_3D('',#6238,#4512,#4513);
#3868=AXIS2_PLACEMENT_3D('',#6243,#4515,#4516);
#3869=AXIS2_PLACEMENT_3D('',#6246,#4518,#4519);
#3870=AXIS2_PLACEMENT_3D('',#6247,#4520,#4521);
#3871=AXIS2_PLACEMENT_3D('',#6252,#4523,#4524);
#3872=AXIS2_PLACEMENT_3D('',#6255,#4526,#4527);
#3873=AXIS2_PLACEMENT_3D('',#6256,#4528,#4529);
#3874=AXIS2_PLACEMENT_3D('',#6261,#4531,#4532);
#3875=AXIS2_PLACEMENT_3D('',#6264,#4534,#4535);
#3876=AXIS2_PLACEMENT_3D('',#6265,#4536,#4537);
#3877=AXIS2_PLACEMENT_3D('',#6269,#4539,#4540);
#3878=AXIS2_PLACEMENT_3D('',#6270,#4541,#4542);
#3879=AXIS2_PLACEMENT_3D('',#6271,#4543,#4544);
#3880=AXIS2_PLACEMENT_3D('',#6275,#4546,#4547);
#3881=AXIS2_PLACEMENT_3D('',#6276,#4548,#4549);
#3882=AXIS2_PLACEMENT_3D('',#6277,#4550,#4551);
#3883=AXIS2_PLACEMENT_3D('',#6282,#4553,#4554);
#3884=AXIS2_PLACEMENT_3D('',#6285,#4556,#4557);
#3885=AXIS2_PLACEMENT_3D('',#6286,#4558,#4559);
#3886=AXIS2_PLACEMENT_3D('',#6290,#4561,#4562);
#3887=AXIS2_PLACEMENT_3D('',#6291,#4563,#4564);
#3888=AXIS2_PLACEMENT_3D('',#6292,#4565,#4566);
#3889=AXIS2_PLACEMENT_3D('',#6296,#4568,#4569);
#3890=AXIS2_PLACEMENT_3D('',#6297,#4570,#4571);
#3891=AXIS2_PLACEMENT_3D('',#6298,#4572,#4573);
#3892=AXIS2_PLACEMENT_3D('',#6303,#4575,#4576);
#3893=AXIS2_PLACEMENT_3D('',#6306,#4578,#4579);
#3894=AXIS2_PLACEMENT_3D('',#6307,#4580,#4581);
#3895=AXIS2_PLACEMENT_3D('',#6311,#4583,#4584);
#3896=AXIS2_PLACEMENT_3D('',#6312,#4585,#4586);
#3897=AXIS2_PLACEMENT_3D('',#6313,#4587,#4588);
#3898=AXIS2_PLACEMENT_3D('',#6317,#4590,#4591);
#3899=AXIS2_PLACEMENT_3D('',#6318,#4592,#4593);
#3900=AXIS2_PLACEMENT_3D('',#6319,#4594,#4595);
#3901=AXIS2_PLACEMENT_3D('',#6320,#4596,#4597);
#3902=AXIS2_PLACEMENT_3D('',#6321,#4598,#4599);
#3903=AXIS2_PLACEMENT_3D('',#6322,#4600,#4601);
#3904=AXIS2_PLACEMENT_3D('',#6323,#4602,#4603);
#3905=AXIS2_PLACEMENT_3D('',#6324,#4604,#4605);
#3906=AXIS2_PLACEMENT_3D('',#6325,#4606,#4607);
#3907=AXIS2_PLACEMENT_3D('',#6326,#4608,#4609);
#3908=AXIS2_PLACEMENT_3D('',#6327,#4610,#4611);
#3909=AXIS2_PLACEMENT_3D('',#6328,#4612,#4613);
#3910=AXIS2_PLACEMENT_3D('',#6329,#4614,#4615);
#3911=AXIS2_PLACEMENT_3D('',#6330,#4616,#4617);
#3912=AXIS2_PLACEMENT_3D('',#6331,#4618,#4619);
#3913=AXIS2_PLACEMENT_3D('',#6332,#4620,#4621);
#3914=AXIS2_PLACEMENT_3D('',#6333,#4622,#4623);
#3915=AXIS2_PLACEMENT_3D('',#6334,#4624,#4625);
#3916=AXIS2_PLACEMENT_3D('',#6335,#4626,#4627);
#3917=AXIS2_PLACEMENT_3D('',#6336,#4628,#4629);
#3918=AXIS2_PLACEMENT_3D('',#6337,#4630,#4631);
#3919=AXIS2_PLACEMENT_3D('',#6339,#4632,#4633);
#3920=AXIS2_PLACEMENT_3D('',#6341,#4634,#4635);
#3921=AXIS2_PLACEMENT_3D('',#6342,#4636,#4637);
#3922=AXIS2_PLACEMENT_3D('',#6343,#4638,#4639);
#3923=AXIS2_PLACEMENT_3D('',#6344,#4640,#4641);
#3924=AXIS2_PLACEMENT_3D('',#6353,#4646,#4647);
#3925=AXIS2_PLACEMENT_3D('',#6354,#4648,#4649);
#3926=AXIS2_PLACEMENT_3D('',#6358,#4651,#4652);
#3927=AXIS2_PLACEMENT_3D('',#6359,#4653,#4654);
#3928=AXIS2_PLACEMENT_3D('',#6365,#4658,#4659);
#3929=AXIS2_PLACEMENT_3D('',#6366,#4660,#4661);
#3930=AXIS2_PLACEMENT_3D('',#6371,#4663,#4664);
#3931=AXIS2_PLACEMENT_3D('',#6374,#4666,#4667);
#3932=AXIS2_PLACEMENT_3D('',#6380,#4671,#4672);
#3933=AXIS2_PLACEMENT_3D('',#6386,#4676,#4677);
#3934=AXIS2_PLACEMENT_3D('',#6387,#4678,#4679);
#3935=AXIS2_PLACEMENT_3D('',#6391,#4681,#4682);
#3936=AXIS2_PLACEMENT_3D('',#6392,#4683,#4684);
#3937=AXIS2_PLACEMENT_3D('',#6398,#4688,#4689);
#3938=AXIS2_PLACEMENT_3D('',#6404,#4693,#4694);
#3939=AXIS2_PLACEMENT_3D('',#6405,#4695,#4696);
#3940=AXIS2_PLACEMENT_3D('',#6409,#4698,#4699);
#3941=AXIS2_PLACEMENT_3D('',#6410,#4700,#4701);
#3942=AXIS2_PLACEMENT_3D('',#6416,#4705,#4706);
#3943=AXIS2_PLACEMENT_3D('',#6425,#4711,#4712);
#3944=AXIS2_PLACEMENT_3D('',#6426,#4713,#4714);
#3945=AXIS2_PLACEMENT_3D('',#6430,#4716,#4717);
#3946=AXIS2_PLACEMENT_3D('',#6431,#4718,#4719);
#3947=AXIS2_PLACEMENT_3D('',#6437,#4723,#4724);
#3948=AXIS2_PLACEMENT_3D('',#6438,#4725,#4726);
#3949=AXIS2_PLACEMENT_3D('',#6443,#4728,#4729);
#3950=AXIS2_PLACEMENT_3D('',#6446,#4731,#4732);
#3951=AXIS2_PLACEMENT_3D('',#6452,#4736,#4737);
#3952=AXIS2_PLACEMENT_3D('',#6453,#4738,#4739);
#3953=AXIS2_PLACEMENT_3D('',#6457,#4741,#4742);
#3954=AXIS2_PLACEMENT_3D('',#6458,#4743,#4744);
#3955=AXIS2_PLACEMENT_3D('',#6461,#4747,#4748);
#3956=AXIS2_PLACEMENT_3D('',#6462,#4749,#4750);
#3957=AXIS2_PLACEMENT_3D('',#6463,#4751,#4752);
#3958=AXIS2_PLACEMENT_3D('',#6464,#4753,#4754);
#3959=AXIS2_PLACEMENT_3D('',#6467,#4757,#4758);
#3960=AXIS2_PLACEMENT_3D('',#6468,#4759,#4760);
#3961=AXIS2_PLACEMENT_3D('',#6469,#4761,#4762);
#3962=AXIS2_PLACEMENT_3D('',#6470,#4763,#4764);
#3963=AXIS2_PLACEMENT_3D('',#6471,#4765,#4766);
#3964=AXIS2_PLACEMENT_3D('',#6472,#4767,#4768);
#3965=AXIS2_PLACEMENT_3D('',#6473,#4769,#4770);
#3966=AXIS2_PLACEMENT_3D('',#6482,#4775,#4776);
#3967=AXIS2_PLACEMENT_3D('',#6483,#4777,#4778);
#3968=AXIS2_PLACEMENT_3D('',#6487,#4780,#4781);
#3969=AXIS2_PLACEMENT_3D('',#6488,#4782,#4783);
#3970=AXIS2_PLACEMENT_3D('',#6494,#4787,#4788);
#3971=AXIS2_PLACEMENT_3D('',#6495,#4789,#4790);
#3972=AXIS2_PLACEMENT_3D('',#6499,#4792,#4793);
#3973=AXIS2_PLACEMENT_3D('',#6500,#4794,#4795);
#3974=AXIS2_PLACEMENT_3D('',#6506,#4799,#4800);
#3975=AXIS2_PLACEMENT_3D('',#6507,#4801,#4802);
#3976=AXIS2_PLACEMENT_3D('',#6511,#4804,#4805);
#3977=AXIS2_PLACEMENT_3D('',#6512,#4806,#4807);
#3978=AXIS2_PLACEMENT_3D('',#6518,#4811,#4812);
#3979=AXIS2_PLACEMENT_3D('',#6519,#4813,#4814);
#3980=AXIS2_PLACEMENT_3D('',#6523,#4816,#4817);
#3981=AXIS2_PLACEMENT_3D('',#6524,#4818,#4819);
#3982=AXIS2_PLACEMENT_3D('',#6530,#4823,#4824);
#3983=AXIS2_PLACEMENT_3D('',#6531,#4825,#4826);
#3984=AXIS2_PLACEMENT_3D('',#6535,#4828,#4829);
#3985=AXIS2_PLACEMENT_3D('',#6536,#4830,#4831);
#3986=AXIS2_PLACEMENT_3D('',#6542,#4835,#4836);
#3987=AXIS2_PLACEMENT_3D('',#6543,#4837,#4838);
#3988=AXIS2_PLACEMENT_3D('',#6544,#4839,#4840);
#3989=AXIS2_PLACEMENT_3D('',#6545,#4841,#4842);
#3990=AXIS2_PLACEMENT_3D('',#6546,#4843,#4844);
#3991=AXIS2_PLACEMENT_3D('',#6548,#4845,#4846);
#3992=AXIS2_PLACEMENT_3D('',#6550,#4847,#4848);
#3993=AXIS2_PLACEMENT_3D('',#6551,#4849,#4850);
#3994=AXIS2_PLACEMENT_3D('',#6552,#4851,#4852);
#3995=AXIS2_PLACEMENT_3D('',#6553,#4853,#4854);
#3996=AXIS2_PLACEMENT_3D('',#6554,#4855,#4856);
#3997=AXIS2_PLACEMENT_3D('',#6559,#4858,#4859);
#3998=AXIS2_PLACEMENT_3D('',#6562,#4861,#4862);
#3999=AXIS2_PLACEMENT_3D('',#6563,#4863,#4864);
#4000=AXIS2_PLACEMENT_3D('',#6567,#4866,#4867);
#4001=AXIS2_PLACEMENT_3D('',#6568,#4868,#4869);
#4002=AXIS2_PLACEMENT_3D('',#6569,#4870,#4871);
#4003=AXIS2_PLACEMENT_3D('',#6573,#4873,#4874);
#4004=AXIS2_PLACEMENT_3D('',#6574,#4875,#4876);
#4005=AXIS2_PLACEMENT_3D('',#6575,#4877,#4878);
#4006=AXIS2_PLACEMENT_3D('',#6576,#4879,#4880);
#4007=AXIS2_PLACEMENT_3D('',#6577,#4881,#4882);
#4008=AXIS2_PLACEMENT_3D('',#6578,#4883,#4884);
#4009=AXIS2_PLACEMENT_3D('',#6580,#4885,#4886);
#4010=AXIS2_PLACEMENT_3D('',#6582,#4887,#4888);
#4011=AXIS2_PLACEMENT_3D('',#6583,#4889,#4890);
#4012=AXIS2_PLACEMENT_3D('',#6584,#4891,#4892);
#4013=AXIS2_PLACEMENT_3D('',#6585,#4893,#4894);
#4014=AXIS2_PLACEMENT_3D('',#6586,#4895,#4896);
#4015=AXIS2_PLACEMENT_3D('',#6591,#4898,#4899);
#4016=AXIS2_PLACEMENT_3D('',#6594,#4901,#4902);
#4017=AXIS2_PLACEMENT_3D('',#6595,#4903,#4904);
#4018=AXIS2_PLACEMENT_3D('',#6599,#4906,#4907);
#4019=AXIS2_PLACEMENT_3D('',#6600,#4908,#4909);
#4020=AXIS2_PLACEMENT_3D('',#6601,#4910,#4911);
#4021=AXIS2_PLACEMENT_3D('',#6605,#4913,#4914);
#4022=AXIS2_PLACEMENT_3D('',#6606,#4915,#4916);
#4023=AXIS2_PLACEMENT_3D('',#6607,#4917,#4918);
#4024=AXIS2_PLACEMENT_3D('',#6609,#4919,#4920);
#4025=AXIS2_PLACEMENT_3D('',#6611,#4921,#4922);
#4026=AXIS2_PLACEMENT_3D('',#6612,#4923,#4924);
#4027=AXIS2_PLACEMENT_3D('',#6613,#4925,#4926);
#4028=AXIS2_PLACEMENT_3D('',#6614,#4927,#4928);
#4029=AXIS2_PLACEMENT_3D('',#6615,#4929,#4930);
#4030=AXIS2_PLACEMENT_3D('',#6616,#4931,#4932);
#4031=AXIS2_PLACEMENT_3D('',#6617,#4933,#4934);
#4032=AXIS2_PLACEMENT_3D('',#6618,#4935,#4936);
#4033=AXIS2_PLACEMENT_3D('',#6623,#4938,#4939);
#4034=AXIS2_PLACEMENT_3D('',#6626,#4941,#4942);
#4035=AXIS2_PLACEMENT_3D('',#6627,#4943,#4944);
#4036=AXIS2_PLACEMENT_3D('',#6631,#4946,#4947);
#4037=AXIS2_PLACEMENT_3D('',#6632,#4948,#4949);
#4038=AXIS2_PLACEMENT_3D('',#6633,#4950,#4951);
#4039=AXIS2_PLACEMENT_3D('',#6637,#4953,#4954);
#4040=AXIS2_PLACEMENT_3D('',#6638,#4955,#4956);
#4041=AXIS2_PLACEMENT_3D('',#6639,#4957,#4958);
#4042=AXIS2_PLACEMENT_3D('',#6640,#4959,#4960);
#4043=AXIS2_PLACEMENT_3D('',#6641,#4961,#4962);
#4044=AXIS2_PLACEMENT_3D('',#6642,#4963,#4964);
#4045=AXIS2_PLACEMENT_3D('',#6644,#4965,#4966);
#4046=AXIS2_PLACEMENT_3D('',#6646,#4967,#4968);
#4047=AXIS2_PLACEMENT_3D('',#6647,#4969,#4970);
#4048=AXIS2_PLACEMENT_3D('',#6648,#4971,#4972);
#4049=AXIS2_PLACEMENT_3D('',#6649,#4973,#4974);
#4050=AXIS2_PLACEMENT_3D('',#6650,#4975,#4976);
#4051=AXIS2_PLACEMENT_3D('',#6655,#4978,#4979);
#4052=AXIS2_PLACEMENT_3D('',#6658,#4981,#4982);
#4053=AXIS2_PLACEMENT_3D('',#6659,#4983,#4984);
#4054=AXIS2_PLACEMENT_3D('',#6663,#4986,#4987);
#4055=AXIS2_PLACEMENT_3D('',#6664,#4988,#4989);
#4056=AXIS2_PLACEMENT_3D('',#6665,#4990,#4991);
#4057=AXIS2_PLACEMENT_3D('',#6669,#4993,#4994);
#4058=AXIS2_PLACEMENT_3D('',#6670,#4995,#4996);
#4059=AXIS2_PLACEMENT_3D('',#6671,#4997,#4998);
#4060=AXIS2_PLACEMENT_3D('',#6672,#4999,#5000);
#4061=AXIS2_PLACEMENT_3D('',#6673,#5001,#5002);
#4062=AXIS2_PLACEMENT_3D('',#6674,#5003,#5004);
#4063=AXIS2_PLACEMENT_3D('',#6676,#5005,#5006);
#4064=AXIS2_PLACEMENT_3D('',#6678,#5007,#5008);
#4065=AXIS2_PLACEMENT_3D('',#6679,#5009,#5010);
#4066=AXIS2_PLACEMENT_3D('',#6680,#5011,#5012);
#4067=AXIS2_PLACEMENT_3D('',#6681,#5013,#5014);
#4068=AXIS2_PLACEMENT_3D('',#6682,#5015,#5016);
#4069=AXIS2_PLACEMENT_3D('',#6687,#5018,#5019);
#4070=AXIS2_PLACEMENT_3D('',#6690,#5021,#5022);
#4071=AXIS2_PLACEMENT_3D('',#6691,#5023,#5024);
#4072=AXIS2_PLACEMENT_3D('',#6695,#5026,#5027);
#4073=AXIS2_PLACEMENT_3D('',#6696,#5028,#5029);
#4074=AXIS2_PLACEMENT_3D('',#6697,#5030,#5031);
#4075=AXIS2_PLACEMENT_3D('',#6701,#5033,#5034);
#4076=AXIS2_PLACEMENT_3D('',#6702,#5035,#5036);
#4077=AXIS2_PLACEMENT_3D('',#6703,#5037,#5038);
#4078=AXIS2_PLACEMENT_3D('',#6704,#5039,#5040);
#4079=AXIS2_PLACEMENT_3D('',#6705,#5041,#5042);
#4080=AXIS2_PLACEMENT_3D('',#6706,#5043,#5044);
#4081=AXIS2_PLACEMENT_3D('',#6708,#5045,#5046);
#4082=AXIS2_PLACEMENT_3D('',#6710,#5047,#5048);
#4083=AXIS2_PLACEMENT_3D('',#6711,#5049,#5050);
#4084=AXIS2_PLACEMENT_3D('',#6712,#5051,#5052);
#4085=AXIS2_PLACEMENT_3D('',#6713,#5053,#5054);
#4086=AXIS2_PLACEMENT_3D('',#6714,#5055,#5056);
#4087=AXIS2_PLACEMENT_3D('',#6716,#5057,#5058);
#4088=AXIS2_PLACEMENT_3D('',#6718,#5059,#5060);
#4089=AXIS2_PLACEMENT_3D('',#6719,#5061,#5062);
#4090=AXIS2_PLACEMENT_3D('',#6721,#5063,#5064);
#4091=AXIS2_PLACEMENT_3D('',#6723,#5065,#5066);
#4092=AXIS2_PLACEMENT_3D('',#6724,#5067,#5068);
#4093=AXIS2_PLACEMENT_3D('',#6725,#5069,#5070);
#4094=AXIS2_PLACEMENT_3D('',#6726,#5071,#5072);
#4095=AXIS2_PLACEMENT_3D('',#6727,#5073,#5074);
#4096=AXIS2_PLACEMENT_3D('',#6729,#5075,#5076);
#4097=AXIS2_PLACEMENT_3D('',#6731,#5077,#5078);
#4098=AXIS2_PLACEMENT_3D('',#6732,#5079,#5080);
#4099=AXIS2_PLACEMENT_3D('',#6734,#5081,#5082);
#4100=AXIS2_PLACEMENT_3D('',#6736,#5083,#5084);
#4101=AXIS2_PLACEMENT_3D('',#6737,#5085,#5086);
#4102=DIRECTION('',(0.,0.,1.));
#4103=DIRECTION('',(1.,0.,0.));
#4104=DIRECTION('',(0.,0.,-1.));
#4105=DIRECTION('',(-1.,0.,0.));
#4106=DIRECTION('',(0.,0.,1.));
#4107=DIRECTION('',(1.,0.,0.));
#4108=DIRECTION('',(0.,0.,1.));
#4109=DIRECTION('',(1.,0.,0.));
#4110=DIRECTION('',(0.,0.,1.));
#4111=DIRECTION('',(1.,0.,0.));
#4112=DIRECTION('',(0.,0.,1.));
#4113=DIRECTION('',(1.,0.,0.));
#4114=DIRECTION('',(0.,0.,1.));
#4115=DIRECTION('',(1.,0.,0.));
#4116=DIRECTION('',(0.,0.,-1.));
#4117=DIRECTION('',(-0.653088733272245,-0.757281391870191,0.));
#4118=DIRECTION('',(-7.64561589036108E-15,-8.86574818001984E-15,1.));
#4119=DIRECTION('',(-0.660958416015615,-0.750422529178148,-1.17038741389968E-14));
#4120=DIRECTION('',(0.,0.,-1.));
#4121=DIRECTION('',(3.9989210212737E-17,4.63709232517121E-17,1.));
#4122=DIRECTION('',(-0.660958416015615,-0.750422529178148,6.64992848806637E-17));
#4123=DIRECTION('',(0.,0.,-1.));
#4124=DIRECTION('',(0.,0.,-1.));
#4125=DIRECTION('',(0.654954510337429,-0.755668306460353,0.));
#4126=DIRECTION('',(1.93063768801697E-15,-2.22760744018292E-15,-1.));
#4127=DIRECTION('',(0.662807252443272,-0.748790054760746,2.95090575829195E-15));
#4128=DIRECTION('',(0.,0.,-1.));
#4129=DIRECTION('',(4.01034581129145E-17,-4.62721525762565E-17,-1.));
#4130=DIRECTION('',(0.662807252443272,-0.748790054760746,6.64992846939032E-17));
#4131=DIRECTION('',(0.,0.,-1.));
#4132=DIRECTION('',(0.,0.,-1.));
#4133=DIRECTION('',(-0.973207632265672,0.229928042004112,0.));
#4134=DIRECTION('',(0.,0.,-1.));
#4135=DIRECTION('',(-1.,0.,0.));
#4136=DIRECTION('',(0.,0.,-1.));
#4137=DIRECTION('',(0.,0.,-1.));
#4138=DIRECTION('',(-1.,0.,0.));
#4139=DIRECTION('',(0.,0.,-1.));
#4140=DIRECTION('',(0.,0.,-1.));
#4141=DIRECTION('',(-0.974576683103437,0.224054209402778,0.));
#4142=DIRECTION('',(0.,0.,-1.));
#4143=DIRECTION('',(-1.,0.,0.));
#4144=DIRECTION('',(0.,0.,-1.));
#4145=DIRECTION('',(0.,0.,-1.));
#4146=DIRECTION('',(-1.,0.,0.));
#4147=DIRECTION('',(0.,0.,-1.));
#4148=DIRECTION('',(0.,0.,-1.));
#4149=DIRECTION('',(0.97263757621481,0.232327668035858,0.));
#4150=DIRECTION('',(0.,0.,-1.));
#4151=DIRECTION('',(-1.,0.,0.));
#4152=DIRECTION('',(0.,0.,-1.));
#4153=DIRECTION('',(0.,0.,-1.));
#4154=DIRECTION('',(-1.,0.,0.));
#4155=DIRECTION('',(0.,0.,-1.));
#4156=DIRECTION('',(0.,0.,-1.));
#4157=DIRECTION('',(0.974021110145412,0.226457229937794,0.));
#4158=DIRECTION('',(0.,0.,-1.));
#4159=DIRECTION('',(-1.,0.,0.));
#4160=DIRECTION('',(0.,0.,-1.));
#4161=DIRECTION('',(0.,0.,-1.));
#4162=DIRECTION('',(-1.,0.,0.));
#4163=DIRECTION('',(0.,0.,-1.));
#4164=DIRECTION('',(0.,0.,-1.));
#4165=DIRECTION('',(0.,0.,-1.));
#4166=DIRECTION('',(0.,0.,-1.));
#4167=DIRECTION('',(0.,0.,-1.));
#4168=DIRECTION('',(0.,0.,-1.));
#4169=DIRECTION('',(0.,0.,-1.));
#4170=DIRECTION('',(0.,0.,-1.));
#4171=DIRECTION('',(0.,0.,-1.));
#4172=DIRECTION('',(0.,0.,-1.));
#4173=DIRECTION('',(0.679948722232462,0.733259664194372,0.));
#4174=DIRECTION('',(0.,0.,-1.));
#4175=DIRECTION('',(-1.,0.,0.));
#4176=DIRECTION('',(0.,0.,-1.));
#4177=DIRECTION('',(0.,0.,-1.));
#4178=DIRECTION('',(-1.,0.,0.));
#4179=DIRECTION('',(0.,0.,-1.));
#4180=DIRECTION('',(0.,0.,-1.));
#4181=DIRECTION('',(0.683152306520722,0.730275924630833,0.));
#4182=DIRECTION('',(0.,0.,-1.));
#4183=DIRECTION('',(-1.,0.,0.));
#4184=DIRECTION('',(0.,0.,-1.));
#4185=DIRECTION('',(0.,0.,-1.));
#4186=DIRECTION('',(-1.,0.,0.));
#4187=DIRECTION('',(0.,0.,-1.));
#4188=DIRECTION('',(-0.684951385755019,0.728588772321039,0.));
#4189=DIRECTION('',(0.,0.,-1.));
#4190=DIRECTION('',(-1.,0.,0.));
#4191=DIRECTION('',(0.,0.,-1.));
#4192=DIRECTION('',(-1.,0.,0.));
#4193=DIRECTION('',(0.,0.,-1.));
#4194=DIRECTION('',(0.,0.,-1.));
#4195=DIRECTION('',(-0.681755170263926,0.731580404206131,0.));
#4196=DIRECTION('',(0.,0.,-1.));
#4197=DIRECTION('',(-1.,0.,0.));
#4198=DIRECTION('',(0.,0.,-1.));
#4199=DIRECTION('',(0.,0.,-1.));
#4200=DIRECTION('',(-1.,0.,0.));
#4201=DIRECTION('',(0.,0.,-1.));
#4202=DIRECTION('',(0.,0.,-1.));
#4203=DIRECTION('',(-0.657331951547653,-0.753601158089976,0.));
#4204=DIRECTION('',(0.,0.,-1.));
#4205=DIRECTION('',(-1.,0.,0.));
#4206=DIRECTION('',(0.,0.,-1.));
#4207=DIRECTION('',(0.,0.,-1.));
#4208=DIRECTION('',(-1.,0.,0.));
#4209=DIRECTION('',(0.,0.,-1.));
#4210=DIRECTION('',(0.,0.,-1.));
#4211=DIRECTION('',(-0.666883387171759,-0.745162095060076,0.));
#4212=DIRECTION('',(0.,0.,-1.));
#4213=DIRECTION('',(-1.,0.,0.));
#4214=DIRECTION('',(0.,0.,-1.));
#4215=DIRECTION('',(-1.,0.,0.));
#4216=DIRECTION('',(0.,0.,-1.));
#4217=DIRECTION('',(0.,0.,-1.));
#4218=DIRECTION('',(0.659188638817487,-0.75197761831982,0.));
#4219=DIRECTION('',(0.,0.,-1.));
#4220=DIRECTION('',(-1.,0.,0.));
#4221=DIRECTION('',(0.,0.,-1.));
#4222=DIRECTION('',(0.,0.,-1.));
#4223=DIRECTION('',(-1.,0.,0.));
#4224=DIRECTION('',(0.,0.,-1.));
#4225=DIRECTION('',(0.,0.,-1.));
#4226=DIRECTION('',(0.668719231216227,-0.743515023252105,0.));
#4227=DIRECTION('',(0.,0.,-1.));
#4228=DIRECTION('',(-1.,0.,0.));
#4229=DIRECTION('',(0.,0.,-1.));
#4230=DIRECTION('',(0.,0.,-1.));
#4231=DIRECTION('',(-1.,0.,0.));
#4232=DIRECTION('',(0.,0.,-1.));
#4233=DIRECTION('',(-0.459861872871631,0.887990460466212,0.));
#4234=DIRECTION('',(0.,0.,-1.));
#4235=DIRECTION('',(-1.,0.,0.));
#4236=DIRECTION('',(0.,0.,-1.));
#4237=DIRECTION('',(0.,0.,-1.));
#4238=DIRECTION('',(-1.,0.,0.));
#4239=DIRECTION('',(0.,0.,-1.));
#4240=DIRECTION('',(0.,0.,-1.));
#4241=DIRECTION('',(0.,0.,-1.));
#4242=DIRECTION('',(0.,0.,-1.));
#4243=DIRECTION('',(0.457670328948082,0.88912196576204,0.));
#4244=DIRECTION('',(0.,0.,-1.));
#4245=DIRECTION('',(-1.,0.,0.));
#4246=DIRECTION('',(0.,0.,-1.));
#4247=DIRECTION('',(0.,0.,-1.));
#4248=DIRECTION('',(-1.,0.,0.));
#4249=DIRECTION('',(0.,0.,-1.));
#4250=DIRECTION('',(0.,0.,-1.));
#4251=DIRECTION('',(0.,0.,-1.));
#4252=DIRECTION('',(0.,0.,-1.));
#4253=DIRECTION('',(0.,0.,-1.));
#4254=DIRECTION('',(0.,0.,-1.));
#4255=DIRECTION('',(0.,0.,-1.));
#4256=DIRECTION('',(0.,0.,-1.));
#4257=DIRECTION('',(0.,0.,-1.));
#4258=DIRECTION('',(0.,0.,-1.));
#4259=DIRECTION('',(0.,0.,-1.));
#4260=DIRECTION('',(0.,0.,-1.));
#4261=DIRECTION('',(0.,0.,1.));
#4262=DIRECTION('',(-0.193382844783044,-0.981123374170454,0.));
#4263=DIRECTION('',(0.,0.,-1.));
#4264=DIRECTION('',(0.,0.,1.));
#4265=DIRECTION('',(-0.193382844783044,-0.981123374170454,0.));
#4266=DIRECTION('',(0.,0.,-1.));
#4267=DIRECTION('',(-1.,0.,0.));
#4268=DIRECTION('',(0.,0.,1.));
#4269=DIRECTION('',(1.,0.,0.));
#4270=DIRECTION('',(0.,0.,-1.));
#4271=DIRECTION('',(0.,0.,1.));
#4272=DIRECTION('',(1.,0.,0.));
#4273=DIRECTION('',(0.,0.,-1.));
#4274=DIRECTION('',(0.,0.,-1.));
#4275=DIRECTION('',(-1.,0.,0.));
#4276=DIRECTION('',(0.,0.,1.));
#4277=DIRECTION('',(1.,0.,0.));
#4278=DIRECTION('',(0.,0.,-1.));
#4279=DIRECTION('',(0.,0.,1.));
#4280=DIRECTION('',(1.,0.,0.));
#4281=DIRECTION('',(0.,0.,-1.));
#4282=DIRECTION('',(-1.,0.,0.));
#4283=DIRECTION('',(0.,0.,1.));
#4284=DIRECTION('',(1.,0.,0.));
#4285=DIRECTION('',(0.,0.,1.));
#4286=DIRECTION('',(1.,0.,0.));
#4287=DIRECTION('',(0.,0.,-1.));
#4288=DIRECTION('',(0.195802105411288,-0.980643429344482,0.));
#4289=DIRECTION('',(0.,0.,-1.));
#4290=DIRECTION('',(0.195802105411288,-0.980643429344482,0.));
#4291=DIRECTION('',(0.,0.,-1.));
#4292=DIRECTION('',(0.,0.,-1.));
#4293=DIRECTION('',(0.,0.,-1.));
#4294=DIRECTION('',(-0.535186361706958,-0.844734016269541,0.));
#4295=DIRECTION('',(0.,0.,-1.));
#4296=DIRECTION('',(-1.,0.,0.));
#4297=DIRECTION('',(0.,0.,-1.));
#4298=DIRECTION('',(0.,0.,-1.));
#4299=DIRECTION('',(-1.,0.,0.));
#4300=DIRECTION('',(0.,0.,-1.));
#4301=DIRECTION('',(0.,0.,-1.));
#4302=DIRECTION('',(0.537268191143225,-0.843411459956341,0.));
#4303=DIRECTION('',(0.,0.,-1.));
#4304=DIRECTION('',(-1.,0.,0.));
#4305=DIRECTION('',(0.,0.,-1.));
#4306=DIRECTION('',(0.,0.,-1.));
#4307=DIRECTION('',(-1.,0.,0.));
#4308=DIRECTION('',(0.,0.,-1.));
#4309=DIRECTION('',(0.,0.,-1.));
#4310=DIRECTION('',(0.,0.,-1.));
#4311=DIRECTION('',(0.,0.,-1.));
#4312=DIRECTION('',(0.,0.,-1.));
#4313=DIRECTION('',(0.,0.,-1.));
#4314=DIRECTION('',(0.,0.,-1.));
#4315=DIRECTION('',(-0.989941689732492,-0.141475972976256,0.));
#4316=DIRECTION('',(0.,0.,-1.));
#4317=DIRECTION('',(-1.,0.,0.));
#4318=DIRECTION('',(0.,0.,-1.));
#4319=DIRECTION('',(-1.,0.,0.));
#4320=DIRECTION('',(0.,0.,-1.));
#4321=DIRECTION('',(0.,0.,-1.));
#4322=DIRECTION('',(0.990287615955943,-0.139033944359982,0.));
#4323=DIRECTION('',(0.,0.,-1.));
#4324=DIRECTION('',(-1.,0.,0.));
#4325=DIRECTION('',(0.,0.,-1.));
#4326=DIRECTION('',(-1.,0.,0.));
#4327=DIRECTION('',(0.,0.,-1.));
#4328=DIRECTION('',(0.,0.,-1.));
#4329=DIRECTION('',(-1.,0.,0.));
#4330=DIRECTION('',(0.,0.,1.));
#4331=DIRECTION('',(1.,0.,0.));
#4332=DIRECTION('',(0.,0.,-1.));
#4333=DIRECTION('',(0.,0.,1.));
#4334=DIRECTION('',(1.,0.,0.));
#4335=DIRECTION('',(0.,0.,-1.));
#4336=DIRECTION('',(0.,0.,-1.));
#4337=DIRECTION('',(-1.,0.,0.));
#4338=DIRECTION('',(0.,0.,1.));
#4339=DIRECTION('',(1.,0.,0.));
#4340=DIRECTION('',(0.,0.,1.));
#4341=DIRECTION('',(1.,0.,0.));
#4342=DIRECTION('',(0.,0.,-1.));
#4343=DIRECTION('',(0.,0.,-1.));
#4344=DIRECTION('',(0.,0.,-1.));
#4345=DIRECTION('',(0.,0.,-1.));
#4346=DIRECTION('',(-0.349198254501565,0.937048866950417,0.));
#4347=DIRECTION('',(0.,0.,-1.));
#4348=DIRECTION('',(-1.,0.,0.));
#4349=DIRECTION('',(0.,0.,-1.));
#4350=DIRECTION('',(-1.,0.,0.));
#4351=DIRECTION('',(0.,0.,-1.));
#4352=DIRECTION('',(0.34688604921396,0.937907281590632,0.));
#4353=DIRECTION('',(0.,0.,-1.));
#4354=DIRECTION('',(-1.,0.,0.));
#4355=DIRECTION('',(0.,0.,-1.));
#4356=DIRECTION('',(-1.,0.,0.));
#4357=DIRECTION('',(0.,0.,-1.));
#4358=DIRECTION('',(-0.999711489926724,-0.0240195109960727,0.));
#4359=DIRECTION('',(0.,0.,-1.));
#4360=DIRECTION('',(-1.,0.,0.));
#4361=DIRECTION('',(0.,0.,-1.));
#4362=DIRECTION('',(-1.,0.,0.));
#4363=DIRECTION('',(0.,0.,-1.));
#4364=DIRECTION('',(-0.999706441954988,-0.0242287002065297,0.));
#4365=DIRECTION('',(0.,0.,-1.));
#4366=DIRECTION('',(-1.,0.,0.));
#4367=DIRECTION('',(0.,0.,-1.));
#4368=DIRECTION('',(-1.,0.,0.));
#4369=DIRECTION('',(0.,0.,-1.));
#4370=DIRECTION('',(-0.979938092626012,-0.199302118956353,0.));
#4371=DIRECTION('',(0.,0.,-1.));
#4372=DIRECTION('',(-1.,0.,0.));
#4373=DIRECTION('',(0.,0.,-1.));
#4374=DIRECTION('',(-1.,0.,0.));
#4375=DIRECTION('',(0.,0.,1.));
#4376=DIRECTION('',(1.,0.,0.));
#4377=DIRECTION('',(0.,0.,-1.));
#4378=DIRECTION('',(-1.,0.,0.));
#4379=DIRECTION('',(0.,0.,-1.));
#4380=DIRECTION('',(-1.,0.,0.));
#4381=DIRECTION('',(0.,0.,-1.));
#4382=DIRECTION('',(-1.,0.,0.));
#4383=DIRECTION('',(0.,0.,1.));
#4384=DIRECTION('',(1.,0.,0.));
#4385=DIRECTION('',(0.,0.,-1.));
#4386=DIRECTION('',(-1.,0.,0.));
#4387=DIRECTION('',(0.,0.,-1.));
#4388=DIRECTION('',(-1.,0.,0.));
#4389=DIRECTION('',(0.,0.,-1.));
#4390=DIRECTION('',(-1.,0.,0.));
#4391=DIRECTION('',(0.,0.,-1.));
#4392=DIRECTION('',(0.9997676910914,-0.0215537432890873,0.));
#4393=DIRECTION('',(0.,0.,-1.));
#4394=DIRECTION('',(0.999763159080801,-0.0217629443039585,0.));
#4395=DIRECTION('',(0.,0.,-1.));
#4396=DIRECTION('',(0.980426672027912,-0.196884587452327,0.));
#4397=DIRECTION('',(0.,0.,1.));
#4398=DIRECTION('',(1.,0.,0.));
#4399=DIRECTION('',(0.,0.,-1.));
#4400=DIRECTION('',(0.,0.,-1.));
#4401=DIRECTION('',(0.,0.,-1.));
#4402=DIRECTION('',(0.,0.,-1.));
#4403=DIRECTION('',(-1.,0.,0.));
#4404=DIRECTION('',(0.,0.,1.));
#4405=DIRECTION('',(1.,0.,0.));
#4406=DIRECTION('',(0.,0.,-1.));
#4407=DIRECTION('',(0.,0.,1.));
#4408=DIRECTION('',(1.,0.,0.));
#4409=DIRECTION('',(0.,0.,-1.));
#4410=DIRECTION('',(-1.,0.,0.));
#4411=DIRECTION('',(0.,0.,1.));
#4412=DIRECTION('',(1.,0.,0.));
#4413=DIRECTION('',(0.,0.,-1.));
#4414=DIRECTION('',(0.,0.,1.));
#4415=DIRECTION('',(1.,0.,0.));
#4416=DIRECTION('',(0.,0.,-1.));
#4417=DIRECTION('',(0.,0.,-1.));
#4418=DIRECTION('',(0.,0.,-1.));
#4419=DIRECTION('',(-1.,0.,0.));
#4420=DIRECTION('',(0.,0.,1.));
#4421=DIRECTION('',(1.,0.,0.));
#4422=DIRECTION('',(0.,0.,-1.));
#4423=DIRECTION('',(0.,0.,1.));
#4424=DIRECTION('',(1.,0.,0.));
#4425=DIRECTION('',(0.,0.,-1.));
#4426=DIRECTION('',(-1.,0.,0.));
#4427=DIRECTION('',(0.,0.,1.));
#4428=DIRECTION('',(1.,0.,0.));
#4429=DIRECTION('',(0.,0.,-1.));
#4430=DIRECTION('',(0.,0.,1.));
#4431=DIRECTION('',(1.,0.,0.));
#4432=DIRECTION('',(0.,0.,-1.));
#4433=DIRECTION('',(0.,0.,-1.));
#4434=DIRECTION('',(0.,0.,-1.));
#4435=DIRECTION('',(-1.,0.,0.));
#4436=DIRECTION('',(0.,0.,1.));
#4437=DIRECTION('',(1.,0.,0.));
#4438=DIRECTION('',(0.,0.,-1.));
#4439=DIRECTION('',(0.,0.,1.));
#4440=DIRECTION('',(1.,0.,0.));
#4441=DIRECTION('',(0.,0.,-1.));
#4442=DIRECTION('',(-1.,0.,0.));
#4443=DIRECTION('',(0.,0.,1.));
#4444=DIRECTION('',(1.,0.,0.));
#4445=DIRECTION('',(0.,0.,-1.));
#4446=DIRECTION('',(0.,0.,1.));
#4447=DIRECTION('',(1.,0.,0.));
#4448=DIRECTION('',(0.,0.,-1.));
#4449=DIRECTION('',(-1.,0.,0.));
#4450=DIRECTION('',(0.,0.,1.));
#4451=DIRECTION('',(1.,0.,0.));
#4452=DIRECTION('',(0.,0.,-1.));
#4453=DIRECTION('',(0.,0.,1.));
#4454=DIRECTION('',(1.,0.,0.));
#4455=DIRECTION('',(0.,0.,-1.));
#4456=DIRECTION('',(0.,0.,-1.));
#4457=DIRECTION('',(-1.,0.,0.));
#4458=DIRECTION('',(0.,0.,1.));
#4459=DIRECTION('',(1.,0.,0.));
#4460=DIRECTION('',(0.,0.,-1.));
#4461=DIRECTION('',(0.,0.,1.));
#4462=DIRECTION('',(1.,0.,0.));
#4463=DIRECTION('',(0.,0.,-1.));
#4464=DIRECTION('',(-1.,0.,0.));
#4465=DIRECTION('',(0.,0.,1.));
#4466=DIRECTION('',(1.,0.,0.));
#4467=DIRECTION('',(0.,0.,-1.));
#4468=DIRECTION('',(0.,0.,1.));
#4469=DIRECTION('',(1.,0.,0.));
#4470=DIRECTION('',(0.,0.,-1.));
#4471=DIRECTION('',(-1.,0.,0.));
#4472=DIRECTION('',(0.,0.,1.));
#4473=DIRECTION('',(1.,0.,0.));
#4474=DIRECTION('',(0.,0.,-1.));
#4475=DIRECTION('',(0.,0.,1.));
#4476=DIRECTION('',(1.,0.,0.));
#4477=DIRECTION('',(0.,0.,-1.));
#4478=DIRECTION('',(-1.,0.,0.));
#4479=DIRECTION('',(0.,0.,1.));
#4480=DIRECTION('',(1.,0.,0.));
#4481=DIRECTION('',(0.,0.,-1.));
#4482=DIRECTION('',(0.,0.,1.));
#4483=DIRECTION('',(1.,0.,0.));
#4484=DIRECTION('',(0.,0.,-1.));
#4485=DIRECTION('',(-1.,0.,0.));
#4486=DIRECTION('',(0.,0.,1.));
#4487=DIRECTION('',(1.,0.,0.));
#4488=DIRECTION('',(0.,0.,1.));
#4489=DIRECTION('',(1.,0.,0.));
#4490=DIRECTION('',(0.,0.,-1.));
#4491=DIRECTION('',(-1.,0.,0.));
#4492=DIRECTION('',(0.,0.,1.));
#4493=DIRECTION('',(1.,0.,0.));
#4494=DIRECTION('',(0.,0.,1.));
#4495=DIRECTION('',(1.,0.,0.));
#4496=DIRECTION('',(0.,0.,1.));
#4497=DIRECTION('',(1.,0.,0.));
#4498=DIRECTION('',(0.,0.,1.));
#4499=DIRECTION('',(1.,0.,0.));
#4500=DIRECTION('',(0.,0.,1.));
#4501=DIRECTION('',(1.,0.,0.));
#4502=DIRECTION('',(0.,0.,-1.));
#4503=DIRECTION('',(-1.,0.,0.));
#4504=DIRECTION('',(0.,0.,1.));
#4505=DIRECTION('',(1.,0.,0.));
#4506=DIRECTION('',(0.,0.,-1.));
#4507=DIRECTION('',(0.,0.,1.));
#4508=DIRECTION('',(1.,0.,0.));
#4509=DIRECTION('',(0.,0.,-1.));
#4510=DIRECTION('',(0.,0.,-1.));
#4511=DIRECTION('',(-1.,0.,0.));
#4512=DIRECTION('',(0.,0.,1.));
#4513=DIRECTION('',(1.,0.,0.));
#4514=DIRECTION('',(0.,0.,-1.));
#4515=DIRECTION('',(0.,0.,1.));
#4516=DIRECTION('',(1.,0.,0.));
#4517=DIRECTION('',(0.,0.,-1.));
#4518=DIRECTION('',(0.,0.,-1.));
#4519=DIRECTION('',(-1.,0.,0.));
#4520=DIRECTION('',(0.,0.,1.));
#4521=DIRECTION('',(1.,0.,0.));
#4522=DIRECTION('',(0.,0.,-1.));
#4523=DIRECTION('',(0.,0.,1.));
#4524=DIRECTION('',(1.,0.,0.));
#4525=DIRECTION('',(0.,0.,-1.));
#4526=DIRECTION('',(0.,0.,-1.));
#4527=DIRECTION('',(-1.,0.,0.));
#4528=DIRECTION('',(0.,0.,1.));
#4529=DIRECTION('',(1.,0.,0.));
#4530=DIRECTION('',(0.,0.,-1.));
#4531=DIRECTION('',(0.,0.,1.));
#4532=DIRECTION('',(1.,0.,0.));
#4533=DIRECTION('',(0.,0.,-1.));
#4534=DIRECTION('',(0.,0.,-1.));
#4535=DIRECTION('',(-1.,0.,0.));
#4536=DIRECTION('',(0.,0.,1.));
#4537=DIRECTION('',(1.,0.,0.));
#4538=DIRECTION('',(0.,0.,-1.));
#4539=DIRECTION('',(0.,0.,1.));
#4540=DIRECTION('',(1.,0.,0.));
#4541=DIRECTION('',(0.,0.,-1.));
#4542=DIRECTION('',(-1.,0.,0.));
#4543=DIRECTION('',(0.,0.,1.));
#4544=DIRECTION('',(1.,0.,0.));
#4545=DIRECTION('',(0.,0.,-1.));
#4546=DIRECTION('',(0.,0.,1.));
#4547=DIRECTION('',(1.,0.,0.));
#4548=DIRECTION('',(0.,0.,-1.));
#4549=DIRECTION('',(-1.,0.,0.));
#4550=DIRECTION('',(0.,0.,1.));
#4551=DIRECTION('',(1.,0.,0.));
#4552=DIRECTION('',(0.,0.,-1.));
#4553=DIRECTION('',(0.,0.,1.));
#4554=DIRECTION('',(1.,0.,0.));
#4555=DIRECTION('',(0.,0.,-1.));
#4556=DIRECTION('',(0.,0.,-1.));
#4557=DIRECTION('',(-1.,0.,0.));
#4558=DIRECTION('',(0.,0.,1.));
#4559=DIRECTION('',(1.,0.,0.));
#4560=DIRECTION('',(0.,0.,-1.));
#4561=DIRECTION('',(0.,0.,1.));
#4562=DIRECTION('',(1.,0.,0.));
#4563=DIRECTION('',(0.,0.,-1.));
#4564=DIRECTION('',(-1.,0.,0.));
#4565=DIRECTION('',(0.,0.,1.));
#4566=DIRECTION('',(1.,0.,0.));
#4567=DIRECTION('',(0.,0.,-1.));
#4568=DIRECTION('',(0.,0.,1.));
#4569=DIRECTION('',(1.,0.,0.));
#4570=DIRECTION('',(0.,0.,-1.));
#4571=DIRECTION('',(-1.,0.,0.));
#4572=DIRECTION('',(0.,0.,1.));
#4573=DIRECTION('',(1.,0.,0.));
#4574=DIRECTION('',(0.,0.,-1.));
#4575=DIRECTION('',(0.,0.,1.));
#4576=DIRECTION('',(1.,0.,0.));
#4577=DIRECTION('',(0.,0.,-1.));
#4578=DIRECTION('',(0.,0.,-1.));
#4579=DIRECTION('',(-1.,0.,0.));
#4580=DIRECTION('',(0.,0.,1.));
#4581=DIRECTION('',(1.,0.,0.));
#4582=DIRECTION('',(0.,0.,-1.));
#4583=DIRECTION('',(0.,0.,1.));
#4584=DIRECTION('',(1.,0.,0.));
#4585=DIRECTION('',(0.,0.,-1.));
#4586=DIRECTION('',(-1.,0.,0.));
#4587=DIRECTION('',(0.,0.,1.));
#4588=DIRECTION('',(1.,0.,0.));
#4589=DIRECTION('',(0.,0.,-1.));
#4590=DIRECTION('',(0.,0.,1.));
#4591=DIRECTION('',(1.,0.,0.));
#4592=DIRECTION('',(0.,0.,-1.));
#4593=DIRECTION('',(-1.,0.,0.));
#4594=DIRECTION('',(0.,0.,1.));
#4595=DIRECTION('',(1.,0.,0.));
#4596=DIRECTION('',(0.,0.,1.));
#4597=DIRECTION('',(1.,0.,0.));
#4598=DIRECTION('',(0.,0.,-1.));
#4599=DIRECTION('',(-1.,0.,0.));
#4600=DIRECTION('',(0.,0.,1.));
#4601=DIRECTION('',(1.,0.,0.));
#4602=DIRECTION('',(0.,0.,1.));
#4603=DIRECTION('',(1.,0.,0.));
#4604=DIRECTION('',(0.,0.,-1.));
#4605=DIRECTION('',(-1.,0.,0.));
#4606=DIRECTION('',(0.,0.,1.));
#4607=DIRECTION('',(1.,0.,0.));
#4608=DIRECTION('',(0.,0.,1.));
#4609=DIRECTION('',(1.,0.,0.));
#4610=DIRECTION('',(0.,0.,-1.));
#4611=DIRECTION('',(-1.,0.,0.));
#4612=DIRECTION('',(0.,0.,1.));
#4613=DIRECTION('',(1.,0.,0.));
#4614=DIRECTION('',(0.,0.,1.));
#4615=DIRECTION('',(1.,0.,0.));
#4616=DIRECTION('',(0.,0.,-1.));
#4617=DIRECTION('',(-1.,0.,0.));
#4618=DIRECTION('',(0.,0.,1.));
#4619=DIRECTION('',(1.,0.,0.));
#4620=DIRECTION('',(0.,0.,1.));
#4621=DIRECTION('',(1.,0.,0.));
#4622=DIRECTION('',(0.,0.,-1.));
#4623=DIRECTION('',(-1.,0.,0.));
#4624=DIRECTION('',(0.,0.,1.));
#4625=DIRECTION('',(1.,0.,0.));
#4626=DIRECTION('',(0.,0.,1.));
#4627=DIRECTION('',(1.,0.,0.));
#4628=DIRECTION('',(0.,0.,-1.));
#4629=DIRECTION('',(-1.,0.,0.));
#4630=DIRECTION('',(0.,0.,1.));
#4631=DIRECTION('',(1.,0.,0.));
#4632=DIRECTION('',(0.,0.,1.));
#4633=DIRECTION('',(1.,0.,0.));
#4634=DIRECTION('',(0.,0.,1.));
#4635=DIRECTION('',(1.,0.,0.));
#4636=DIRECTION('',(0.,0.,1.));
#4637=DIRECTION('',(1.,0.,0.));
#4638=DIRECTION('',(0.,0.,1.));
#4639=DIRECTION('',(1.,0.,0.));
#4640=DIRECTION('',(0.0792775442491509,0.996852582370043,0.));
#4641=DIRECTION('',(-0.996852582370043,0.0792775442491509,0.));
#4642=DIRECTION('',(0.996852582370043,-0.0792775442491509,0.));
#4643=DIRECTION('',(0.,0.,-1.));
#4644=DIRECTION('',(0.996852582370043,-0.0792775442491509,0.));
#4645=DIRECTION('',(0.,0.,-1.));
#4646=DIRECTION('',(0.,0.,-1.));
#4647=DIRECTION('',(-1.,0.,0.));
#4648=DIRECTION('',(0.,0.,1.));
#4649=DIRECTION('',(1.,0.,0.));
#4650=DIRECTION('',(0.,0.,-1.));
#4651=DIRECTION('',(0.,0.,1.));
#4652=DIRECTION('',(1.,0.,0.));
#4653=DIRECTION('',(-0.0946903441726506,0.995506774823991,0.));
#4654=DIRECTION('',(-0.995506774823991,-0.0946903441726506,0.));
#4655=DIRECTION('',(0.995506774823991,0.0946903441726506,0.));
#4656=DIRECTION('',(0.,0.,-1.));
#4657=DIRECTION('',(0.995506774823991,0.0946903441726506,0.));
#4658=DIRECTION('',(0.,0.,-1.));
#4659=DIRECTION('',(-1.,0.,0.));
#4660=DIRECTION('',(0.,0.,1.));
#4661=DIRECTION('',(1.,0.,0.));
#4662=DIRECTION('',(0.,0.,-1.));
#4663=DIRECTION('',(0.,0.,1.));
#4664=DIRECTION('',(1.,0.,0.));
#4665=DIRECTION('',(0.,0.,-1.));
#4666=DIRECTION('',(0.0792775442491514,0.996852582370043,0.));
#4667=DIRECTION('',(-0.996852582370043,0.0792775442491514,0.));
#4668=DIRECTION('',(0.996852582370043,-0.0792775442491514,0.));
#4669=DIRECTION('',(0.,0.,-1.));
#4670=DIRECTION('',(0.996852582370043,-0.0792775442491514,0.));
#4671=DIRECTION('',(-0.811525850249259,-0.584316519000804,0.));
#4672=DIRECTION('',(0.584316519000804,-0.811525850249259,0.));
#4673=DIRECTION('',(-0.584316519000804,0.811525850249259,0.));
#4674=DIRECTION('',(0.,0.,-1.));
#4675=DIRECTION('',(-0.584316519000804,0.811525850249259,0.));
#4676=DIRECTION('',(0.,0.,-1.));
#4677=DIRECTION('',(-1.,0.,0.));
#4678=DIRECTION('',(0.,0.,1.));
#4679=DIRECTION('',(1.,0.,0.));
#4680=DIRECTION('',(0.,0.,-1.));
#4681=DIRECTION('',(0.,0.,1.));
#4682=DIRECTION('',(1.,0.,0.));
#4683=DIRECTION('',(0.905395666312719,0.424568825306508,0.));
#4684=DIRECTION('',(-0.424568825306508,0.905395666312719,0.));
#4685=DIRECTION('',(0.424568825306508,-0.905395666312719,0.));
#4686=DIRECTION('',(0.,0.,-1.));
#4687=DIRECTION('',(0.424568825306508,-0.905395666312719,0.));
#4688=DIRECTION('',(-0.907521135865622,0.42000641418575,0.));
#4689=DIRECTION('',(-0.42000641418575,-0.907521135865622,0.));
#4690=DIRECTION('',(0.42000641418575,0.907521135865622,0.));
#4691=DIRECTION('',(0.,0.,-1.));
#4692=DIRECTION('',(0.42000641418575,0.907521135865622,0.));
#4693=DIRECTION('',(0.,0.,-1.));
#4694=DIRECTION('',(-1.,0.,0.));
#4695=DIRECTION('',(0.,0.,1.));
#4696=DIRECTION('',(1.,0.,0.));
#4697=DIRECTION('',(0.,0.,-1.));
#4698=DIRECTION('',(0.,0.,1.));
#4699=DIRECTION('',(1.,0.,0.));
#4700=DIRECTION('',(-0.822222096449161,0.569166780575559,0.));
#4701=DIRECTION('',(-0.569166780575559,-0.822222096449161,0.));
#4702=DIRECTION('',(0.569166780575559,0.822222096449161,0.));
#4703=DIRECTION('',(0.,0.,-1.));
#4704=DIRECTION('',(0.569166780575559,0.822222096449161,0.));
#4705=DIRECTION('',(0.905395666312718,0.424568825306509,0.));
#4706=DIRECTION('',(-0.424568825306509,0.905395666312718,0.));
#4707=DIRECTION('',(0.424568825306509,-0.905395666312718,0.));
#4708=DIRECTION('',(0.,0.,-1.));
#4709=DIRECTION('',(0.424568825306509,-0.905395666312718,0.));
#4710=DIRECTION('',(0.,0.,-1.));
#4711=DIRECTION('',(0.,0.,-1.));
#4712=DIRECTION('',(-1.,0.,0.));
#4713=DIRECTION('',(0.,0.,1.));
#4714=DIRECTION('',(1.,0.,0.));
#4715=DIRECTION('',(0.,0.,-1.));
#4716=DIRECTION('',(0.,0.,1.));
#4717=DIRECTION('',(1.,0.,0.));
#4718=DIRECTION('',(-0.811525850249259,-0.584316519000805,0.));
#4719=DIRECTION('',(0.584316519000805,-0.811525850249259,0.));
#4720=DIRECTION('',(-0.584316519000805,0.811525850249259,0.));
#4721=DIRECTION('',(0.,0.,-1.));
#4722=DIRECTION('',(-0.584316519000805,0.811525850249259,0.));
#4723=DIRECTION('',(0.,0.,-1.));
#4724=DIRECTION('',(-1.,0.,0.));
#4725=DIRECTION('',(0.,0.,1.));
#4726=DIRECTION('',(1.,0.,0.));
#4727=DIRECTION('',(0.,0.,-1.));
#4728=DIRECTION('',(0.,0.,1.));
#4729=DIRECTION('',(1.,0.,0.));
#4730=DIRECTION('',(0.,0.,-1.));
#4731=DIRECTION('',(-0.907521135865619,0.420006414185756,0.));
#4732=DIRECTION('',(-0.420006414185756,-0.907521135865619,0.));
#4733=DIRECTION('',(0.420006414185756,0.907521135865619,0.));
#4734=DIRECTION('',(0.,0.,-1.));
#4735=DIRECTION('',(0.420006414185756,0.907521135865619,0.));
#4736=DIRECTION('',(0.,0.,-1.));
#4737=DIRECTION('',(-1.,0.,0.));
#4738=DIRECTION('',(0.,0.,1.));
#4739=DIRECTION('',(1.,0.,0.));
#4740=DIRECTION('',(0.,0.,-1.));
#4741=DIRECTION('',(0.,0.,1.));
#4742=DIRECTION('',(1.,0.,0.));
#4743=DIRECTION('',(-0.0946903441726517,0.995506774823991,0.));
#4744=DIRECTION('',(-0.995506774823991,-0.0946903441726517,0.));
#4745=DIRECTION('',(0.995506774823991,0.0946903441726517,0.));
#4746=DIRECTION('',(0.995506774823991,0.0946903441726517,0.));
#4747=DIRECTION('',(0.,0.,-1.));
#4748=DIRECTION('',(-1.,0.,0.));
#4749=DIRECTION('',(0.,0.,1.));
#4750=DIRECTION('',(1.,0.,0.));
#4751=DIRECTION('',(0.,0.,1.));
#4752=DIRECTION('',(1.,0.,0.));
#4753=DIRECTION('',(-0.822222096449162,0.569166780575557,0.));
#4754=DIRECTION('',(-0.569166780575557,-0.822222096449162,0.));
#4755=DIRECTION('',(0.569166780575557,0.822222096449162,0.));
#4756=DIRECTION('',(0.569166780575557,0.822222096449162,0.));
#4757=DIRECTION('',(0.,0.,-1.));
#4758=DIRECTION('',(-1.,0.,0.));
#4759=DIRECTION('',(0.,0.,1.));
#4760=DIRECTION('',(1.,0.,0.));
#4761=DIRECTION('',(0.,0.,1.));
#4762=DIRECTION('',(1.,0.,0.));
#4763=DIRECTION('',(0.,0.,1.));
#4764=DIRECTION('',(1.,0.,0.));
#4765=DIRECTION('',(0.,0.,1.));
#4766=DIRECTION('',(1.,0.,0.));
#4767=DIRECTION('',(0.,0.,1.));
#4768=DIRECTION('',(1.,0.,0.));
#4769=DIRECTION('',(0.503159086834745,0.864193805425395,0.));
#4770=DIRECTION('',(-0.864193805425395,0.503159086834745,0.));
#4771=DIRECTION('',(0.864193805425395,-0.503159086834745,0.));
#4772=DIRECTION('',(0.,0.,-1.));
#4773=DIRECTION('',(0.864193805425395,-0.503159086834745,0.));
#4774=DIRECTION('',(0.,0.,-1.));
#4775=DIRECTION('',(0.,0.,-1.));
#4776=DIRECTION('',(-1.,0.,0.));
#4777=DIRECTION('',(0.,0.,1.));
#4778=DIRECTION('',(1.,0.,0.));
#4779=DIRECTION('',(0.,0.,-1.));
#4780=DIRECTION('',(0.,0.,1.));
#4781=DIRECTION('',(1.,0.,0.));
#4782=DIRECTION('',(-0.503159086834746,-0.864193805425395,0.));
#4783=DIRECTION('',(0.864193805425395,-0.503159086834746,0.));
#4784=DIRECTION('',(-0.864193805425395,0.503159086834746,0.));
#4785=DIRECTION('',(0.,0.,-1.));
#4786=DIRECTION('',(-0.864193805425395,0.503159086834746,0.));
#4787=DIRECTION('',(0.,0.,-1.));
#4788=DIRECTION('',(-1.,0.,0.));
#4789=DIRECTION('',(0.,0.,1.));
#4790=DIRECTION('',(1.,0.,0.));
#4791=DIRECTION('',(0.,0.,-1.));
#4792=DIRECTION('',(0.,0.,1.));
#4793=DIRECTION('',(1.,0.,0.));
#4794=DIRECTION('',(1.,0.,0.));
#4795=DIRECTION('',(0.,0.,-1.));
#4796=DIRECTION('',(0.,-1.,0.));
#4797=DIRECTION('',(0.,0.,-1.));
#4798=DIRECTION('',(0.,-1.,0.));
#4799=DIRECTION('',(0.,0.,-1.));
#4800=DIRECTION('',(-1.,0.,0.));
#4801=DIRECTION('',(0.,0.,1.));
#4802=DIRECTION('',(1.,0.,0.));
#4803=DIRECTION('',(0.,0.,-1.));
#4804=DIRECTION('',(0.,0.,1.));
#4805=DIRECTION('',(1.,0.,0.));
#4806=DIRECTION('',(1.,0.,0.));
#4807=DIRECTION('',(0.,0.,-1.));
#4808=DIRECTION('',(0.,-1.,0.));
#4809=DIRECTION('',(0.,0.,-1.));
#4810=DIRECTION('',(0.,-1.,0.));
#4811=DIRECTION('',(0.,0.,-1.));
#4812=DIRECTION('',(-1.,0.,0.));
#4813=DIRECTION('',(0.,0.,1.));
#4814=DIRECTION('',(1.,0.,0.));
#4815=DIRECTION('',(0.,0.,-1.));
#4816=DIRECTION('',(0.,0.,1.));
#4817=DIRECTION('',(1.,0.,0.));
#4818=DIRECTION('',(-0.511386342475594,0.859350922923479,0.));
#4819=DIRECTION('',(-0.859350922923479,-0.511386342475594,0.));
#4820=DIRECTION('',(0.859350922923479,0.511386342475594,0.));
#4821=DIRECTION('',(0.,0.,-1.));
#4822=DIRECTION('',(0.859350922923479,0.511386342475594,0.));
#4823=DIRECTION('',(0.,0.,-1.));
#4824=DIRECTION('',(-1.,0.,0.));
#4825=DIRECTION('',(0.,0.,1.));
#4826=DIRECTION('',(1.,0.,0.));
#4827=DIRECTION('',(0.,0.,-1.));
#4828=DIRECTION('',(0.,0.,1.));
#4829=DIRECTION('',(1.,0.,0.));
#4830=DIRECTION('',(-0.497442351046667,0.867497035951803,0.));
#4831=DIRECTION('',(-0.867497035951803,-0.497442351046667,0.));
#4832=DIRECTION('',(0.867497035951803,0.497442351046667,0.));
#4833=DIRECTION('',(0.,0.,-1.));
#4834=DIRECTION('',(0.867497035951803,0.497442351046667,0.));
#4835=DIRECTION('',(0.,0.,-1.));
#4836=DIRECTION('',(-1.,0.,0.));
#4837=DIRECTION('',(0.,0.,1.));
#4838=DIRECTION('',(1.,0.,0.));
#4839=DIRECTION('',(0.,0.,1.));
#4840=DIRECTION('',(1.,0.,0.));
#4841=DIRECTION('',(0.,0.,-1.));
#4842=DIRECTION('',(-1.,0.,0.));
#4843=DIRECTION('',(0.,0.,1.));
#4844=DIRECTION('',(1.,0.,0.));
#4845=DIRECTION('',(0.,0.,1.));
#4846=DIRECTION('',(1.,0.,0.));
#4847=DIRECTION('',(0.,0.,1.));
#4848=DIRECTION('',(1.,0.,0.));
#4849=DIRECTION('',(0.,0.,1.));
#4850=DIRECTION('',(1.,0.,0.));
#4851=DIRECTION('',(0.,0.,1.));
#4852=DIRECTION('',(1.,0.,0.));
#4853=DIRECTION('',(0.,0.,-1.));
#4854=DIRECTION('',(-1.,0.,0.));
#4855=DIRECTION('',(0.,0.,1.));
#4856=DIRECTION('',(1.,0.,0.));
#4857=DIRECTION('',(0.,0.,-1.));
#4858=DIRECTION('',(0.,0.,1.));
#4859=DIRECTION('',(1.,0.,0.));
#4860=DIRECTION('',(0.,0.,-1.));
#4861=DIRECTION('',(0.,0.,-1.));
#4862=DIRECTION('',(-1.,0.,0.));
#4863=DIRECTION('',(0.,0.,1.));
#4864=DIRECTION('',(1.,0.,0.));
#4865=DIRECTION('',(0.,0.,-1.));
#4866=DIRECTION('',(0.,0.,1.));
#4867=DIRECTION('',(1.,0.,0.));
#4868=DIRECTION('',(0.,0.,-1.));
#4869=DIRECTION('',(-1.,0.,0.));
#4870=DIRECTION('',(0.,0.,1.));
#4871=DIRECTION('',(1.,0.,0.));
#4872=DIRECTION('',(0.,0.,-1.));
#4873=DIRECTION('',(0.,0.,1.));
#4874=DIRECTION('',(1.,0.,0.));
#4875=DIRECTION('',(0.,0.,-1.));
#4876=DIRECTION('',(-1.,0.,0.));
#4877=DIRECTION('',(0.,0.,1.));
#4878=DIRECTION('',(1.,0.,0.));
#4879=DIRECTION('',(0.,0.,1.));
#4880=DIRECTION('',(1.,0.,0.));
#4881=DIRECTION('',(0.,0.,-1.));
#4882=DIRECTION('',(-1.,0.,0.));
#4883=DIRECTION('',(0.,0.,1.));
#4884=DIRECTION('',(1.,0.,0.));
#4885=DIRECTION('',(0.,0.,1.));
#4886=DIRECTION('',(1.,0.,0.));
#4887=DIRECTION('',(0.,0.,1.));
#4888=DIRECTION('',(1.,0.,0.));
#4889=DIRECTION('',(0.,0.,1.));
#4890=DIRECTION('',(1.,0.,0.));
#4891=DIRECTION('',(0.,0.,1.));
#4892=DIRECTION('',(1.,0.,0.));
#4893=DIRECTION('',(0.,0.,-1.));
#4894=DIRECTION('',(-1.,0.,0.));
#4895=DIRECTION('',(0.,0.,1.));
#4896=DIRECTION('',(1.,0.,0.));
#4897=DIRECTION('',(0.,0.,-1.));
#4898=DIRECTION('',(0.,0.,1.));
#4899=DIRECTION('',(1.,0.,0.));
#4900=DIRECTION('',(0.,0.,-1.));
#4901=DIRECTION('',(0.,0.,-1.));
#4902=DIRECTION('',(-1.,0.,0.));
#4903=DIRECTION('',(0.,0.,1.));
#4904=DIRECTION('',(1.,0.,0.));
#4905=DIRECTION('',(0.,0.,-1.));
#4906=DIRECTION('',(0.,0.,1.));
#4907=DIRECTION('',(1.,0.,0.));
#4908=DIRECTION('',(0.,0.,-1.));
#4909=DIRECTION('',(-1.,0.,0.));
#4910=DIRECTION('',(0.,0.,1.));
#4911=DIRECTION('',(1.,0.,0.));
#4912=DIRECTION('',(0.,0.,-1.));
#4913=DIRECTION('',(0.,0.,1.));
#4914=DIRECTION('',(1.,0.,0.));
#4915=DIRECTION('',(0.,0.,-1.));
#4916=DIRECTION('',(-1.,0.,0.));
#4917=DIRECTION('',(0.,0.,1.));
#4918=DIRECTION('',(1.,0.,0.));
#4919=DIRECTION('',(0.,0.,1.));
#4920=DIRECTION('',(1.,0.,0.));
#4921=DIRECTION('',(0.,0.,-1.));
#4922=DIRECTION('',(-1.,0.,0.));
#4923=DIRECTION('',(0.,0.,1.));
#4924=DIRECTION('',(1.,0.,0.));
#4925=DIRECTION('',(0.,0.,1.));
#4926=DIRECTION('',(1.,0.,0.));
#4927=DIRECTION('',(0.,0.,1.));
#4928=DIRECTION('',(1.,0.,0.));
#4929=DIRECTION('',(0.,0.,1.));
#4930=DIRECTION('',(1.,0.,0.));
#4931=DIRECTION('',(0.,0.,1.));
#4932=DIRECTION('',(1.,0.,0.));
#4933=DIRECTION('',(0.,0.,-1.));
#4934=DIRECTION('',(-1.,0.,0.));
#4935=DIRECTION('',(0.,0.,1.));
#4936=DIRECTION('',(1.,0.,0.));
#4937=DIRECTION('',(0.,0.,-1.));
#4938=DIRECTION('',(0.,0.,1.));
#4939=DIRECTION('',(1.,0.,0.));
#4940=DIRECTION('',(0.,0.,-1.));
#4941=DIRECTION('',(0.,0.,-1.));
#4942=DIRECTION('',(-1.,0.,0.));
#4943=DIRECTION('',(0.,0.,1.));
#4944=DIRECTION('',(1.,0.,0.));
#4945=DIRECTION('',(0.,0.,-1.));
#4946=DIRECTION('',(0.,0.,1.));
#4947=DIRECTION('',(1.,0.,0.));
#4948=DIRECTION('',(0.,0.,-1.));
#4949=DIRECTION('',(-1.,0.,0.));
#4950=DIRECTION('',(0.,0.,1.));
#4951=DIRECTION('',(1.,0.,0.));
#4952=DIRECTION('',(0.,0.,-1.));
#4953=DIRECTION('',(0.,0.,1.));
#4954=DIRECTION('',(1.,0.,0.));
#4955=DIRECTION('',(0.,0.,-1.));
#4956=DIRECTION('',(-1.,0.,0.));
#4957=DIRECTION('',(0.,0.,1.));
#4958=DIRECTION('',(1.,0.,0.));
#4959=DIRECTION('',(0.,0.,1.));
#4960=DIRECTION('',(1.,0.,0.));
#4961=DIRECTION('',(0.,0.,-1.));
#4962=DIRECTION('',(-1.,0.,0.));
#4963=DIRECTION('',(0.,0.,1.));
#4964=DIRECTION('',(1.,0.,0.));
#4965=DIRECTION('',(0.,0.,1.));
#4966=DIRECTION('',(1.,0.,0.));
#4967=DIRECTION('',(0.,0.,1.));
#4968=DIRECTION('',(1.,0.,0.));
#4969=DIRECTION('',(0.,0.,1.));
#4970=DIRECTION('',(1.,0.,0.));
#4971=DIRECTION('',(0.,0.,1.));
#4972=DIRECTION('',(1.,0.,0.));
#4973=DIRECTION('',(0.,0.,-1.));
#4974=DIRECTION('',(-1.,0.,0.));
#4975=DIRECTION('',(0.,0.,1.));
#4976=DIRECTION('',(1.,0.,0.));
#4977=DIRECTION('',(0.,0.,-1.));
#4978=DIRECTION('',(0.,0.,1.));
#4979=DIRECTION('',(1.,0.,0.));
#4980=DIRECTION('',(0.,0.,-1.));
#4981=DIRECTION('',(0.,0.,-1.));
#4982=DIRECTION('',(-1.,0.,0.));
#4983=DIRECTION('',(0.,0.,1.));
#4984=DIRECTION('',(1.,0.,0.));
#4985=DIRECTION('',(0.,0.,-1.));
#4986=DIRECTION('',(0.,0.,1.));
#4987=DIRECTION('',(1.,0.,0.));
#4988=DIRECTION('',(0.,0.,-1.));
#4989=DIRECTION('',(-1.,0.,0.));
#4990=DIRECTION('',(0.,0.,1.));
#4991=DIRECTION('',(1.,0.,0.));
#4992=DIRECTION('',(0.,0.,-1.));
#4993=DIRECTION('',(0.,0.,1.));
#4994=DIRECTION('',(1.,0.,0.));
#4995=DIRECTION('',(0.,0.,-1.));
#4996=DIRECTION('',(-1.,0.,0.));
#4997=DIRECTION('',(0.,0.,1.));
#4998=DIRECTION('',(1.,0.,0.));
#4999=DIRECTION('',(0.,0.,1.));
#5000=DIRECTION('',(1.,0.,0.));
#5001=DIRECTION('',(0.,0.,-1.));
#5002=DIRECTION('',(-1.,0.,0.));
#5003=DIRECTION('',(0.,0.,1.));
#5004=DIRECTION('',(1.,0.,0.));
#5005=DIRECTION('',(0.,0.,1.));
#5006=DIRECTION('',(1.,0.,0.));
#5007=DIRECTION('',(0.,0.,1.));
#5008=DIRECTION('',(1.,0.,0.));
#5009=DIRECTION('',(0.,0.,1.));
#5010=DIRECTION('',(1.,0.,0.));
#5011=DIRECTION('',(0.,0.,1.));
#5012=DIRECTION('',(1.,0.,0.));
#5013=DIRECTION('',(0.,0.,-1.));
#5014=DIRECTION('',(-1.,0.,0.));
#5015=DIRECTION('',(0.,0.,1.));
#5016=DIRECTION('',(1.,0.,0.));
#5017=DIRECTION('',(0.,0.,-1.));
#5018=DIRECTION('',(0.,0.,1.));
#5019=DIRECTION('',(1.,0.,0.));
#5020=DIRECTION('',(0.,0.,-1.));
#5021=DIRECTION('',(0.,0.,-1.));
#5022=DIRECTION('',(-1.,0.,0.));
#5023=DIRECTION('',(0.,0.,1.));
#5024=DIRECTION('',(1.,0.,0.));
#5025=DIRECTION('',(0.,0.,-1.));
#5026=DIRECTION('',(0.,0.,1.));
#5027=DIRECTION('',(1.,0.,0.));
#5028=DIRECTION('',(0.,0.,-1.));
#5029=DIRECTION('',(-1.,0.,0.));
#5030=DIRECTION('',(0.,0.,1.));
#5031=DIRECTION('',(1.,0.,0.));
#5032=DIRECTION('',(0.,0.,-1.));
#5033=DIRECTION('',(0.,0.,1.));
#5034=DIRECTION('',(1.,0.,0.));
#5035=DIRECTION('',(0.,0.,-1.));
#5036=DIRECTION('',(-1.,0.,0.));
#5037=DIRECTION('',(0.,0.,1.));
#5038=DIRECTION('',(1.,0.,0.));
#5039=DIRECTION('',(0.,0.,1.));
#5040=DIRECTION('',(1.,0.,0.));
#5041=DIRECTION('',(0.,0.,-1.));
#5042=DIRECTION('',(-1.,0.,0.));
#5043=DIRECTION('',(0.,0.,1.));
#5044=DIRECTION('',(1.,0.,0.));
#5045=DIRECTION('',(0.,0.,1.));
#5046=DIRECTION('',(1.,0.,0.));
#5047=DIRECTION('',(0.,0.,1.));
#5048=DIRECTION('',(1.,0.,0.));
#5049=DIRECTION('',(0.,0.,1.));
#5050=DIRECTION('',(1.,0.,0.));
#5051=DIRECTION('',(0.,0.,1.));
#5052=DIRECTION('',(1.,0.,0.));
#5053=DIRECTION('',(0.,0.,-1.));
#5054=DIRECTION('',(-1.,0.,0.));
#5055=DIRECTION('',(0.,0.,1.));
#5056=DIRECTION('',(1.,0.,0.));
#5057=DIRECTION('',(0.,0.,1.));
#5058=DIRECTION('',(1.,0.,0.));
#5059=DIRECTION('',(0.,0.,-1.));
#5060=DIRECTION('',(-1.,0.,0.));
#5061=DIRECTION('',(0.,0.,1.));
#5062=DIRECTION('',(1.,0.,0.));
#5063=DIRECTION('',(0.,0.,1.));
#5064=DIRECTION('',(1.,0.,0.));
#5065=DIRECTION('',(0.,0.,1.));
#5066=DIRECTION('',(1.,0.,0.));
#5067=DIRECTION('',(0.,0.,1.));
#5068=DIRECTION('',(1.,0.,0.));
#5069=DIRECTION('',(0.,0.,1.));
#5070=DIRECTION('',(1.,0.,0.));
#5071=DIRECTION('',(0.,0.,-1.));
#5072=DIRECTION('',(-1.,0.,0.));
#5073=DIRECTION('',(0.,0.,1.));
#5074=DIRECTION('',(1.,0.,0.));
#5075=DIRECTION('',(0.,0.,1.));
#5076=DIRECTION('',(1.,0.,0.));
#5077=DIRECTION('',(0.,0.,-1.));
#5078=DIRECTION('',(-1.,0.,0.));
#5079=DIRECTION('',(0.,0.,1.));
#5080=DIRECTION('',(1.,0.,0.));
#5081=DIRECTION('',(0.,0.,1.));
#5082=DIRECTION('',(1.,0.,0.));
#5083=DIRECTION('',(0.,0.,1.));
#5084=DIRECTION('',(1.,0.,0.));
#5085=DIRECTION('',(0.,0.,1.));
#5086=DIRECTION('',(1.,0.,0.));
#5087=CARTESIAN_POINT('',(0.,0.,0.));
#5088=CARTESIAN_POINT('',(-0.0912507101893425,0.0561729194192319,0.004));
#5089=CARTESIAN_POINT('',(-0.0912507101893425,0.0561729194192319,0.004));
#5090=CARTESIAN_POINT('',(-0.0881353148687742,0.0561729194192319,0.004));
#5091=CARTESIAN_POINT('',(-0.0912507101893425,0.0561729194192319,0.003));
#5092=CARTESIAN_POINT('',(-0.0881353148687742,0.0561729194192319,0.003));
#5093=CARTESIAN_POINT('',(-0.0126939550335437,-0.00618580145407387,0.004));
#5094=CARTESIAN_POINT('',(-0.0126939550335437,-0.00618580145407387,0.003));
#5095=CARTESIAN_POINT('',(0.,0.,0.));
#5096=CARTESIAN_POINT('',(0.116193675462597,0.0975385311926883,0.004));
#5097=CARTESIAN_POINT('',(0.116188993327235,0.0975327081349517,0.00300000000000061));
#5098=CARTESIAN_POINT('',(0.0817050110415634,0.0583811419004483,0.003));
#5099=CARTESIAN_POINT('',(0.082531182435883,0.0576686665048659,0.003));
#5100=CARTESIAN_POINT('',(0.0825311824958244,0.0576686679939212,0.004));
#5101=CARTESIAN_POINT('',(0.082531182435883,0.0576686665048659,0.004));
#5102=CARTESIAN_POINT('',(0.116188993327235,0.0975327081349517,0.004));
#5103=CARTESIAN_POINT('',(0.0817050110415634,0.0583811419004483,0.004));
#5104=CARTESIAN_POINT('',(0.0817049701633451,0.0583811738890157,0.004));
#5105=CARTESIAN_POINT('',(0.0628332807489491,0.0974727268892697,0.004));
#5106=CARTESIAN_POINT('',(0.06283797713783,0.0974669155060547,0.00299999999999985));
#5107=CARTESIAN_POINT('',(0.0974184183005737,0.0584005197530635,0.003));
#5108=CARTESIAN_POINT('',(0.0965940066732516,0.0576860088500202,0.003));
#5109=CARTESIAN_POINT('',(0.0974184591000871,0.0584005518420843,0.004));
#5110=CARTESIAN_POINT('',(0.0974184183005737,0.0584005197530635,0.004));
#5111=CARTESIAN_POINT('',(0.06283797713783,0.0974669155060547,0.004));
#5112=CARTESIAN_POINT('',(0.0965940066732516,0.0576860088500202,0.004));
#5113=CARTESIAN_POINT('',(0.0965940066096378,0.0576860103389229,0.004));
#5114=CARTESIAN_POINT('',(0.116562603465844,0.0556723893528699,0.004));
#5115=CARTESIAN_POINT('',(0.116562603465844,0.0556723893528699,0.003));
#5116=CARTESIAN_POINT('',(0.08445303649638,0.0649469269012502,0.003));
#5117=CARTESIAN_POINT('',(0.083694659683001,0.0617339620195714,0.003));
#5118=CARTESIAN_POINT('',(0.08445303649638,0.0649469269012502,0.004));
#5119=CARTESIAN_POINT('',(0.08445303649638,0.0649469269012502,0.004));
#5120=CARTESIAN_POINT('',(0.116562603465844,0.0556723893528699,0.004));
#5121=CARTESIAN_POINT('',(0.083694659683001,0.0617339620195714,0.004));
#5122=CARTESIAN_POINT('',(0.0836946596829979,0.0617339620195696,0.004));
#5123=CARTESIAN_POINT('',(0.112318461196815,0.0568761058622076,0.004));
#5124=CARTESIAN_POINT('',(0.112318461196815,0.0568761058622076,0.003));
#5125=CARTESIAN_POINT('',(0.0837172133819311,0.0651310838670343,0.003));
#5126=CARTESIAN_POINT('',(0.0829906221504117,0.0619827876372299,0.003));
#5127=CARTESIAN_POINT('',(0.0829906221504117,0.0619827876372299,0.004));
#5128=CARTESIAN_POINT('',(0.0829906221504117,0.0619827876372299,0.004));
#5129=CARTESIAN_POINT('',(0.112318461196815,0.0568761058622076,0.004));
#5130=CARTESIAN_POINT('',(0.0837172133819311,0.0651310838670343,0.004));
#5131=CARTESIAN_POINT('',(0.0837172133819311,0.0651310838670343,0.004));
#5132=CARTESIAN_POINT('',(0.0625676127835575,0.0556058024606738,0.004));
#5133=CARTESIAN_POINT('',(0.0625676127835575,0.0556058024606738,0.003));
#5134=CARTESIAN_POINT('',(0.0946542073113159,0.0649595070360704,0.003));
#5135=CARTESIAN_POINT('',(0.0954205062946678,0.0617484223922021,0.003));
#5136=CARTESIAN_POINT('',(0.0954205062946709,0.0617484223922004,0.004));
#5137=CARTESIAN_POINT('',(0.0954205062946678,0.0617484223922021,0.004));
#5138=CARTESIAN_POINT('',(0.0625676127835575,0.0556058024606738,0.004));
#5139=CARTESIAN_POINT('',(0.0946542073113159,0.0649595070360704,0.004));
#5140=CARTESIAN_POINT('',(0.0946542073113159,0.0649595070360704,0.004));
#5141=CARTESIAN_POINT('',(0.0668087732893095,0.0568199830876843,0.004));
#5142=CARTESIAN_POINT('',(0.0668087732893095,0.0568199830876843,0.003));
#5143=CARTESIAN_POINT('',(0.0953895739818066,0.0651454782804482,0.003));
#5144=CARTESIAN_POINT('',(0.0961239279808078,0.0619989836956007,0.003));
#5145=CARTESIAN_POINT('',(0.0953895739818066,0.0651454782804482,0.004));
#5146=CARTESIAN_POINT('',(0.0953895739818066,0.0651454782804482,0.004));
#5147=CARTESIAN_POINT('',(0.0668087732893095,0.0568199830876843,0.004));
#5148=CARTESIAN_POINT('',(0.0961239279808078,0.0619989836956007,0.004));
#5149=CARTESIAN_POINT('',(0.0961239279808078,0.0619989836956007,0.004));
#5150=CARTESIAN_POINT('',(0.0916185969603466,0.0483524805216062,0.004));
#5151=CARTESIAN_POINT('',(0.0916185969603466,0.0483524805216062,0.003));
#5152=CARTESIAN_POINT('',(0.0926538278957218,0.0478916887126559,0.004));
#5153=CARTESIAN_POINT('',(0.0926538278957218,0.0478916887126559,0.003));
#5154=CARTESIAN_POINT('',(0.0937465839190727,0.0475295713564251,0.004));
#5155=CARTESIAN_POINT('',(0.0937465839190727,0.0475295713564251,0.003));
#5156=CARTESIAN_POINT('',(0.094851909039504,0.0472491935953778,0.004));
#5157=CARTESIAN_POINT('',(0.094851909039504,0.0472491935953778,0.003));
#5158=CARTESIAN_POINT('',(0.0916185969603466,0.0483524805216062,0.003));
#5159=CARTESIAN_POINT('',(0.0926538278957218,0.0478916887126559,0.003));
#5160=CARTESIAN_POINT('',(0.0937465839190727,0.0475295713564251,0.003));
#5161=CARTESIAN_POINT('',(0.094851909039504,0.0472491935953778,0.003));
#5162=CARTESIAN_POINT('',(0.0916185969603485,0.0483524805216188,0.003));
#5163=CARTESIAN_POINT('',(0.0948519090377768,0.0472491935894798,0.003));
#5164=CARTESIAN_POINT('',(0.0916185969603485,0.0483524805216188,0.004));
#5165=CARTESIAN_POINT('',(0.0916185969603485,0.0483524805216188,0.004));
#5166=CARTESIAN_POINT('',(0.0916185969603466,0.0483524805216062,0.004));
#5167=CARTESIAN_POINT('',(0.0926538278957218,0.0478916887126559,0.004));
#5168=CARTESIAN_POINT('',(0.0937465839190727,0.0475295713564251,0.004));
#5169=CARTESIAN_POINT('',(0.094851909039504,0.0472491935953778,0.004));
#5170=CARTESIAN_POINT('',(0.0948519090377768,0.0472491935894798,0.004));
#5171=CARTESIAN_POINT('',(0.0948519090377768,0.0472491935894798,0.004));
#5172=CARTESIAN_POINT('',(0.091494091382528,0.0475676023764859,0.004));
#5173=CARTESIAN_POINT('',(0.091494091382528,0.0475676023764859,0.003));
#5174=CARTESIAN_POINT('',(0.0923960685875427,0.0471817139134763,0.004));
#5175=CARTESIAN_POINT('',(0.0923960685875427,0.0471817139134763,0.003));
#5176=CARTESIAN_POINT('',(0.0937765144902374,0.0467925635015238,0.004));
#5177=CARTESIAN_POINT('',(0.0937765144902374,0.0467925635015238,0.003));
#5178=CARTESIAN_POINT('',(0.0946843780279402,0.0466795635005501,0.004));
#5179=CARTESIAN_POINT('',(0.0946843780279402,0.0466795635005501,0.003));
#5180=CARTESIAN_POINT('',(0.091494091382528,0.0475676023764859,0.003));
#5181=CARTESIAN_POINT('',(0.0923960685875427,0.0471817139134763,0.003));
#5182=CARTESIAN_POINT('',(0.0937765144902374,0.0467925635015238,0.003));
#5183=CARTESIAN_POINT('',(0.0946843780279402,0.0466795635005501,0.003));
#5184=CARTESIAN_POINT('',(0.091494091382528,0.047567602376486,0.003));
#5185=CARTESIAN_POINT('',(0.0946843780278564,0.0466795635002754,0.003));
#5186=CARTESIAN_POINT('',(0.0946843780278564,0.0466795635002754,0.004));
#5187=CARTESIAN_POINT('',(0.0946843780278564,0.0466795635002754,0.004));
#5188=CARTESIAN_POINT('',(0.091494091382528,0.0475676023764859,0.004));
#5189=CARTESIAN_POINT('',(0.0923960685875427,0.0471817139134763,0.004));
#5190=CARTESIAN_POINT('',(0.0937765144902374,0.0467925635015238,0.004));
#5191=CARTESIAN_POINT('',(0.0946843780279402,0.0466795635005501,0.004));
#5192=CARTESIAN_POINT('',(0.091494091382528,0.047567602376486,0.004));
#5193=CARTESIAN_POINT('',(0.091494091382528,0.047567602376486,0.004));
#5194=CARTESIAN_POINT('',(0.0875295972881452,0.0483474379467794,0.004));
#5195=CARTESIAN_POINT('',(0.0875295972881452,0.0483474379467794,0.003));
#5196=CARTESIAN_POINT('',(0.0864955060013225,0.0478840942393323,0.004));
#5197=CARTESIAN_POINT('',(0.0864955060013225,0.0478840942393323,0.003));
#5198=CARTESIAN_POINT('',(0.0854036464302073,0.0475192828042389,0.004));
#5199=CARTESIAN_POINT('',(0.0854036464302073,0.0475192828042389,0.003));
#5200=CARTESIAN_POINT('',(0.0842990161971936,0.0472361797152093,0.004));
#5201=CARTESIAN_POINT('',(0.0842990161971936,0.0472361797152093,0.003));
#5202=CARTESIAN_POINT('',(0.0875295972881452,0.0483474379467794,0.003));
#5203=CARTESIAN_POINT('',(0.0864955060013225,0.0478840942393323,0.003));
#5204=CARTESIAN_POINT('',(0.0854036464302073,0.0475192828042389,0.003));
#5205=CARTESIAN_POINT('',(0.0842990161971936,0.0472361797152093,0.003));
#5206=CARTESIAN_POINT('',(0.0875295972881452,0.0483474379467794,0.003));
#5207=CARTESIAN_POINT('',(0.0842990161971936,0.0472361797152093,0.003));
#5208=CARTESIAN_POINT('',(0.0842990161971936,0.0472361797152093,0.004));
#5209=CARTESIAN_POINT('',(0.0842990161971936,0.0472361797152093,0.004));
#5210=CARTESIAN_POINT('',(0.0875295972881452,0.0483474379467794,0.004));
#5211=CARTESIAN_POINT('',(0.0864955060013225,0.0478840942393323,0.004));
#5212=CARTESIAN_POINT('',(0.0854036464302073,0.0475192828042389,0.004));
#5213=CARTESIAN_POINT('',(0.0842990161971936,0.0472361797152093,0.004));
#5214=CARTESIAN_POINT('',(0.0875295972881452,0.0483474379467794,0.004));
#5215=CARTESIAN_POINT('',(0.0875295972881452,0.0483474379467794,0.004));
#5216=CARTESIAN_POINT('',(0.0876560383156261,0.0475628692702666,0.004));
#5217=CARTESIAN_POINT('',(0.0876560383156261,0.0475628692702666,0.003));
#5218=CARTESIAN_POINT('',(0.0867550156117654,0.0471747573387605,0.004));
#5219=CARTESIAN_POINT('',(0.0867550156117654,0.0471747573387605,0.003));
#5220=CARTESIAN_POINT('',(0.0853755337108187,0.0467822033700503,0.004));
#5221=CARTESIAN_POINT('',(0.0853755337108187,0.0467822033700503,0.003));
#5222=CARTESIAN_POINT('',(0.0844679516383673,0.0466669645524791,0.004));
#5223=CARTESIAN_POINT('',(0.0844679516383673,0.0466669645524791,0.003));
#5224=CARTESIAN_POINT('',(0.0876560383156261,0.0475628692702666,0.003));
#5225=CARTESIAN_POINT('',(0.0867550156117654,0.0471747573387605,0.003));
#5226=CARTESIAN_POINT('',(0.0853755337108187,0.0467822033700503,0.003));
#5227=CARTESIAN_POINT('',(0.0844679516383673,0.0466669645524791,0.003));
#5228=CARTESIAN_POINT('',(0.0876560383156261,0.0475628692702666,0.003));
#5229=CARTESIAN_POINT('',(0.0844679516383673,0.0466669645524791,0.003));
#5230=CARTESIAN_POINT('',(0.0876560383156261,0.0475628692702666,0.004));
#5231=CARTESIAN_POINT('',(0.0876560383156261,0.0475628692702666,0.004));
#5232=CARTESIAN_POINT('',(0.0876560383156261,0.0475628692702666,0.004));
#5233=CARTESIAN_POINT('',(0.0867550156117654,0.0471747573387605,0.004));
#5234=CARTESIAN_POINT('',(0.0853755337108187,0.0467822033700503,0.004));
#5235=CARTESIAN_POINT('',(0.0844679516383673,0.0466669645524791,0.004));
#5236=CARTESIAN_POINT('',(0.0844679516383673,0.0466669645524791,0.004));
#5237=CARTESIAN_POINT('',(0.0844679516383673,0.0466669645524791,0.004));
#5238=CARTESIAN_POINT('',(0.0612529632512357,0.0169058841176724,0.004));
#5239=CARTESIAN_POINT('',(0.0612529632512357,0.0169058841176724,0.003));
#5240=CARTESIAN_POINT('',(0.0979239495196047,0.0588540553966375,0.003));
#5241=CARTESIAN_POINT('',(0.100289623860544,0.0566646346473001,0.003));
#5242=CARTESIAN_POINT('',(0.0979239495196047,0.0588540553966375,0.004));
#5243=CARTESIAN_POINT('',(0.0979239495196047,0.0588540553966375,0.004));
#5244=CARTESIAN_POINT('',(0.0612529632512357,0.0169058841176724,0.004));
#5245=CARTESIAN_POINT('',(0.100289623860544,0.0566646346473001,0.004));
#5246=CARTESIAN_POINT('',(0.100289623860544,0.0566646346473001,0.004));
#5247=CARTESIAN_POINT('',(0.0761634340201477,0.0332629329823536,0.004));
#5248=CARTESIAN_POINT('',(0.0761634340201477,0.0332629329823536,0.003));
#5249=CARTESIAN_POINT('',(0.0998076678219308,0.0561676526054438,0.003));
#5250=CARTESIAN_POINT('',(0.0998076678219308,0.0561676526054438,0.004));
#5251=CARTESIAN_POINT('',(0.0998076678219308,0.0561676526054438,0.004));
#5252=CARTESIAN_POINT('',(0.0761634340201477,0.0332629329823536,0.004));
#5253=CARTESIAN_POINT('',(0.103021930174991,0.0332960550134308,0.004));
#5254=CARTESIAN_POINT('',(0.103021930174991,0.0332960550134308,0.003));
#5255=CARTESIAN_POINT('',(0.079321275945099,0.0561423886846187,0.003));
#5256=CARTESIAN_POINT('',(0.103021930174991,0.0332960550134308,0.004));
#5257=CARTESIAN_POINT('',(0.079321275945099,0.0561423886846187,0.004));
#5258=CARTESIAN_POINT('',(0.079321275945099,0.0561423886846187,0.004));
#5259=CARTESIAN_POINT('',(0.117972698683274,0.0169758312170343,0.004));
#5260=CARTESIAN_POINT('',(0.117972698683274,0.0169758312170343,0.003));
#5261=CARTESIAN_POINT('',(0.0811983627557079,0.0588334293209334,0.003));
#5262=CARTESIAN_POINT('',(0.0788380956105768,0.0566381805177906,0.003));
#5263=CARTESIAN_POINT('',(0.0788380956105768,0.0566381805177906,0.004));
#5264=CARTESIAN_POINT('',(0.0788380956105768,0.0566381805177906,0.004));
#5265=CARTESIAN_POINT('',(0.117972698683274,0.0169758312170343,0.004));
#5266=CARTESIAN_POINT('',(0.0811983627557079,0.0588334293209334,0.004));
#5267=CARTESIAN_POINT('',(0.0811983627557079,0.0588334293209334,0.004));
#5268=CARTESIAN_POINT('',(0.103577773221902,0.0801028326604506,0.004));
#5269=CARTESIAN_POINT('',(0.103577773221902,0.0801028326604506,0.003));
#5270=CARTESIAN_POINT('',(0.0827195185514864,0.052203567253435,0.003));
#5271=CARTESIAN_POINT('',(0.0788150910114576,0.0556056153715633,0.003));
#5272=CARTESIAN_POINT('',(0.0827195185514864,0.052203567253435,0.004));
#5273=CARTESIAN_POINT('',(0.0827195185514864,0.052203567253435,0.004));
#5274=CARTESIAN_POINT('',(0.103577773221902,0.0801028326604506,0.004));
#5275=CARTESIAN_POINT('',(0.0788150910114576,0.0556056153715633,0.004));
#5276=CARTESIAN_POINT('',(0.0788150910114576,0.0556056153715633,0.004));
#5277=CARTESIAN_POINT('',(0.105677412693405,0.0822673575271081,0.004));
#5278=CARTESIAN_POINT('',(0.105677412693405,0.0822673575271081,0.003));
#5279=CARTESIAN_POINT('',(0.0826260396342189,0.0531851962228937,0.003));
#5280=CARTESIAN_POINT('',(0.105677412693405,0.0822673575271081,0.004));
#5281=CARTESIAN_POINT('',(0.0826260396342189,0.0531851962228937,0.004));
#5282=CARTESIAN_POINT('',(0.0826263778668407,0.0531845492937039,0.004));
#5283=CARTESIAN_POINT('',(0.0754921481347307,0.0800681973272537,0.004));
#5284=CARTESIAN_POINT('',(0.0754921481347307,0.0800681973272537,0.003));
#5285=CARTESIAN_POINT('',(0.0964191502853514,0.0522204617077409,0.003));
#5286=CARTESIAN_POINT('',(0.100315175117019,0.0556321293827097,0.003));
#5287=CARTESIAN_POINT('',(0.100315175117019,0.0556321293827097,0.004));
#5288=CARTESIAN_POINT('',(0.100315175117019,0.0556321293827097,0.004));
#5289=CARTESIAN_POINT('',(0.0754921481347307,0.0800681973272537,0.004));
#5290=CARTESIAN_POINT('',(0.0964191502853514,0.0522204617077409,0.004));
#5291=CARTESIAN_POINT('',(0.0964191502853514,0.0522204617077409,0.004));
#5292=CARTESIAN_POINT('',(0.0733871764520241,0.0822275370461883,0.004));
#5293=CARTESIAN_POINT('',(0.0733871764520241,0.0822275370461883,0.003));
#5294=CARTESIAN_POINT('',(0.0965102078224769,0.0532023182484764,0.003));
#5295=CARTESIAN_POINT('',(0.0965098711864817,0.0532016704870421,0.004));
#5296=CARTESIAN_POINT('',(0.0965102078224769,0.0532023182484764,0.004));
#5297=CARTESIAN_POINT('',(0.0733871764520241,0.0822275370461883,0.004));
#5298=CARTESIAN_POINT('',(0.100555414681871,0.0368772729533066,0.004));
#5299=CARTESIAN_POINT('',(0.100555414681871,0.0368772729533066,0.003));
#5300=CARTESIAN_POINT('',(0.0854050519024754,0.0610891984102776,0.003));
#5301=CARTESIAN_POINT('',(0.0895557415953974,0.0632343692869174,0.003));
#5302=CARTESIAN_POINT('',(0.0895557408715067,0.0632349562863894,0.004));
#5303=CARTESIAN_POINT('',(0.0895557415953974,0.0632343692869174,0.004));
#5304=CARTESIAN_POINT('',(0.100555414681871,0.0368772729533066,0.004));
#5305=CARTESIAN_POINT('',(0.0854050519024754,0.0610891984102776,0.004));
#5306=CARTESIAN_POINT('',(0.0854050519024754,0.0610891984102776,0.004));
#5307=CARTESIAN_POINT('',(0.0886237162350891,0.0635972068808644,0.004));
#5308=CARTESIAN_POINT('',(0.0886237162350891,0.0635972068808644,0.003));
#5309=CARTESIAN_POINT('',(0.087147372506786,0.0629884453727528,0.004));
#5310=CARTESIAN_POINT('',(0.087147372506786,0.0629884453727528,0.003));
#5311=CARTESIAN_POINT('',(0.0857988244871511,0.0622428939935252,0.004));
#5312=CARTESIAN_POINT('',(0.0857988244871511,0.0622428939935252,0.003));
#5313=CARTESIAN_POINT('',(0.0845534839139366,0.0614163591819222,0.004));
#5314=CARTESIAN_POINT('',(0.0845534839139366,0.0614163591819222,0.003));
#5315=CARTESIAN_POINT('',(0.0886237162350891,0.0635972068808644,0.003));
#5316=CARTESIAN_POINT('',(0.087147372506786,0.0629884453727528,0.003));
#5317=CARTESIAN_POINT('',(0.0857988244871511,0.0622428939935252,0.003));
#5318=CARTESIAN_POINT('',(0.0845534839139366,0.0614163591819222,0.003));
#5319=CARTESIAN_POINT('',(0.0886237162350891,0.0635972068808644,0.003));
#5320=CARTESIAN_POINT('',(0.0845534839139356,0.0614163591819226,0.003));
#5321=CARTESIAN_POINT('',(0.0845534839139356,0.0614163591819226,0.004));
#5322=CARTESIAN_POINT('',(0.0845534839139356,0.0614163591819226,0.004));
#5323=CARTESIAN_POINT('',(0.0886237162350891,0.0635972068808644,0.004));
#5324=CARTESIAN_POINT('',(0.087147372506786,0.0629884453727528,0.004));
#5325=CARTESIAN_POINT('',(0.0857988244871511,0.0622428939935252,0.004));
#5326=CARTESIAN_POINT('',(0.0845534839139366,0.0614163591819222,0.004));
#5327=CARTESIAN_POINT('',(0.0886237162350891,0.0635972068808644,0.004));
#5328=CARTESIAN_POINT('',(0.0886237162350891,0.0635972068808644,0.004));
#5329=CARTESIAN_POINT('',(0.0786211092722936,0.0368502234582951,0.004));
#5330=CARTESIAN_POINT('',(0.0786211092722936,0.0368502234582951,0.003));
#5331=CARTESIAN_POINT('',(0.093711709530158,0.0610994422196881,0.003));
#5332=CARTESIAN_POINT('',(0.093711709530158,0.0610994422196881,0.004));
#5333=CARTESIAN_POINT('',(0.093711709530158,0.0610994422196881,0.004));
#5334=CARTESIAN_POINT('',(0.0786211092722936,0.0368502234582951,0.004));
#5335=CARTESIAN_POINT('',(0.0904868692159653,0.0635995045304298,0.004));
#5336=CARTESIAN_POINT('',(0.0904868692159653,0.0635995045304298,0.003));
#5337=CARTESIAN_POINT('',(0.0919647099070087,0.0629943861373129,0.004));
#5338=CARTESIAN_POINT('',(0.0919647099070087,0.0629943861373129,0.003));
#5339=CARTESIAN_POINT('',(0.0933150926574808,0.0622521630930078,0.004));
#5340=CARTESIAN_POINT('',(0.0933150926574808,0.0622521630930078,0.003));
#5341=CARTESIAN_POINT('',(0.0945624680134921,0.0614287023111566,0.004));
#5342=CARTESIAN_POINT('',(0.0945624680134921,0.0614287023111566,0.003));
#5343=CARTESIAN_POINT('',(0.0904868692159653,0.0635995045304298,0.003));
#5344=CARTESIAN_POINT('',(0.0919647099070087,0.0629943861373129,0.003));
#5345=CARTESIAN_POINT('',(0.0933150926574808,0.0622521630930078,0.003));
#5346=CARTESIAN_POINT('',(0.0945624680134921,0.0614287023111566,0.003));
#5347=CARTESIAN_POINT('',(0.0904868692159653,0.0635995045304298,0.003));
#5348=CARTESIAN_POINT('',(0.0945624680139603,0.0614287023112845,0.003));
#5349=CARTESIAN_POINT('',(0.0904868692159653,0.0635995045304298,0.004));
#5350=CARTESIAN_POINT('',(0.0904868692159653,0.0635995045304298,0.004));
#5351=CARTESIAN_POINT('',(0.0904868692159653,0.0635995045304298,0.004));
#5352=CARTESIAN_POINT('',(0.0919647099070087,0.0629943861373129,0.004));
#5353=CARTESIAN_POINT('',(0.0933150926574808,0.0622521630930078,0.004));
#5354=CARTESIAN_POINT('',(0.0945624680134921,0.0614287023111566,0.004));
#5355=CARTESIAN_POINT('',(0.0945624680139603,0.0614287023112845,0.004));
#5356=CARTESIAN_POINT('',(0.0945624680139603,0.0614287023112845,0.004));
#5357=CARTESIAN_POINT('',(0.090486869214348,0.0635995045298121,0.004));
#5358=CARTESIAN_POINT('',(0.090486869214348,0.0635995045298121,0.003));
#5359=CARTESIAN_POINT('',(0.091749508126419,0.0640817567557928,0.004));
#5360=CARTESIAN_POINT('',(0.091749508126419,0.0640817567557928,0.003));
#5361=CARTESIAN_POINT('',(0.0931476628779115,0.064560628433894,0.004));
#5362=CARTESIAN_POINT('',(0.0931476628779115,0.064560628433894,0.003));
#5363=CARTESIAN_POINT('',(0.0946542073113159,0.0649595070360704,0.004));
#5364=CARTESIAN_POINT('',(0.0946542073113159,0.0649595070360704,0.003));
#5365=CARTESIAN_POINT('',(0.090486869214348,0.0635995045298121,0.003));
#5366=CARTESIAN_POINT('',(0.0917495081287849,0.0640817567566965,0.003));
#5367=CARTESIAN_POINT('',(0.0931476628831513,0.0645606284356886,0.003));
#5368=CARTESIAN_POINT('',(0.0946542073197849,0.0649595070383127,0.003));
#5369=CARTESIAN_POINT('',(0.090486869214348,0.0635995045298121,0.004));
#5370=CARTESIAN_POINT('',(0.0917495081287849,0.0640817567566965,0.004));
#5371=CARTESIAN_POINT('',(0.0931476628831513,0.0645606284356886,0.004));
#5372=CARTESIAN_POINT('',(0.0946542073197849,0.0649595070383127,0.004));
#5373=CARTESIAN_POINT('',(0.089554880867916,0.0639323290614647,0.004));
#5374=CARTESIAN_POINT('',(0.089554880867916,0.0639323290614647,0.003));
#5375=CARTESIAN_POINT('',(0.0911633715986087,0.0645410190558058,0.004));
#5376=CARTESIAN_POINT('',(0.0911633715986087,0.0645410190558058,0.003));
#5377=CARTESIAN_POINT('',(0.0927986498058035,0.0651727133683091,0.004));
#5378=CARTESIAN_POINT('',(0.0927986498058035,0.0651727133683091,0.003));
#5379=CARTESIAN_POINT('',(0.0944748569171729,0.0655534129316105,0.004));
#5380=CARTESIAN_POINT('',(0.0944748569171729,0.0655534129316105,0.003));
#5381=CARTESIAN_POINT('',(0.089554880867916,0.0639323290614647,0.003));
#5382=CARTESIAN_POINT('',(0.0911633715986087,0.0645410190558058,0.003));
#5383=CARTESIAN_POINT('',(0.0927986498058035,0.0651727133683091,0.003));
#5384=CARTESIAN_POINT('',(0.0944748569171729,0.0655534129316105,0.003));
#5385=CARTESIAN_POINT('',(0.089554880867916,0.0639323290614647,0.003));
#5386=CARTESIAN_POINT('',(0.0944748569171729,0.0655534129316105,0.003));
#5387=CARTESIAN_POINT('',(0.089554880867916,0.0639323290614647,0.004));
#5388=CARTESIAN_POINT('',(0.089554880867916,0.0639323290614647,0.004));
#5389=CARTESIAN_POINT('',(0.089554880867916,0.0639323290614647,0.004));
#5390=CARTESIAN_POINT('',(0.0911633715986087,0.0645410190558058,0.004));
#5391=CARTESIAN_POINT('',(0.0927986498058035,0.0651727133683091,0.004));
#5392=CARTESIAN_POINT('',(0.0944748569171729,0.0655534129316105,0.004));
#5393=CARTESIAN_POINT('',(0.0944748569171729,0.0655534129316105,0.004));
#5394=CARTESIAN_POINT('',(0.0944748569171729,0.0655534129316105,0.004));
#5395=CARTESIAN_POINT('',(0.089554880867916,0.0639323290614647,0.004));
#5396=CARTESIAN_POINT('',(0.089554880867916,0.0639323290614647,0.003));
#5397=CARTESIAN_POINT('',(0.0879448937527822,0.0645370500128449,0.004));
#5398=CARTESIAN_POINT('',(0.0879448937527822,0.0645370500128449,0.003));
#5399=CARTESIAN_POINT('',(0.0863080625046286,0.0651647091436184,0.004));
#5400=CARTESIAN_POINT('',(0.0863080625046286,0.0651647091436184,0.003));
#5401=CARTESIAN_POINT('',(0.0846309215318054,0.0655412733413071,0.004));
#5402=CARTESIAN_POINT('',(0.0846309215318054,0.0655412733413071,0.003));
#5403=CARTESIAN_POINT('',(0.089554880867916,0.0639323290614647,0.003));
#5404=CARTESIAN_POINT('',(0.0879448937527822,0.0645370500128449,0.003));
#5405=CARTESIAN_POINT('',(0.0863080625046286,0.0651647091436184,0.003));
#5406=CARTESIAN_POINT('',(0.0846309215318054,0.0655412733413071,0.003));
#5407=CARTESIAN_POINT('',(0.0846309215318054,0.0655412733413071,0.003));
#5408=CARTESIAN_POINT('',(0.0846309215318054,0.0655412733413071,0.004));
#5409=CARTESIAN_POINT('',(0.0846309215318054,0.0655412733413071,0.004));
#5410=CARTESIAN_POINT('',(0.089554880867916,0.0639323290614647,0.004));
#5411=CARTESIAN_POINT('',(0.0879448937527822,0.0645370500128449,0.004));
#5412=CARTESIAN_POINT('',(0.0863080625046286,0.0651647091436184,0.004));
#5413=CARTESIAN_POINT('',(0.0846309215318054,0.0655412733413071,0.004));
#5414=CARTESIAN_POINT('',(0.0886237162351354,0.0635972068808468,0.004));
#5415=CARTESIAN_POINT('',(0.0886237162351354,0.0635972068808468,0.003));
#5416=CARTESIAN_POINT('',(0.087359891734065,0.0640763434592952,0.004));
#5417=CARTESIAN_POINT('',(0.087359891734065,0.0640763434592952,0.003));
#5418=CARTESIAN_POINT('',(0.0859605601436981,0.0645517652630056,0.004));
#5419=CARTESIAN_POINT('',(0.0859605601436981,0.0645517652630056,0.003));
#5420=CARTESIAN_POINT('',(0.0844530364966173,0.064946926901188,0.004));
#5421=CARTESIAN_POINT('',(0.0844530364966173,0.064946926901188,0.003));
#5422=CARTESIAN_POINT('',(0.0886237162351354,0.0635972068808468,0.003));
#5423=CARTESIAN_POINT('',(0.087359891734065,0.0640763434592952,0.003));
#5424=CARTESIAN_POINT('',(0.0859605601436981,0.0645517652630056,0.003));
#5425=CARTESIAN_POINT('',(0.0844530364966173,0.064946926901188,0.003));
#5426=CARTESIAN_POINT('',(0.0886237162351354,0.0635972068808468,0.004));
#5427=CARTESIAN_POINT('',(0.087359891734065,0.0640763434592952,0.004));
#5428=CARTESIAN_POINT('',(0.0859605601436981,0.0645517652630056,0.004));
#5429=CARTESIAN_POINT('',(0.0844530364966173,0.064946926901188,0.004));
#5430=CARTESIAN_POINT('',(0.0953895739818066,0.0651454782804482,0.004));
#5431=CARTESIAN_POINT('',(0.0953895739818066,0.0651454782804482,0.003));
#5432=CARTESIAN_POINT('',(0.0986022749453469,0.0659194200193445,0.004));
#5433=CARTESIAN_POINT('',(0.0986022749453469,0.0659194200193445,0.003));
#5434=CARTESIAN_POINT('',(0.102267287262059,0.0662919591044033,0.004));
#5435=CARTESIAN_POINT('',(0.102267287262059,0.0662919591044033,0.003));
#5436=CARTESIAN_POINT('',(0.106138669339159,0.065568481594535,0.004));
#5437=CARTESIAN_POINT('',(0.106138669339159,0.065568481594535,0.003));
#5438=CARTESIAN_POINT('',(0.0953895739818066,0.0651454782804482,0.003));
#5439=CARTESIAN_POINT('',(0.0986022749453469,0.0659194200193445,0.003));
#5440=CARTESIAN_POINT('',(0.102267287262059,0.0662919591044033,0.003));
#5441=CARTESIAN_POINT('',(0.106138669339159,0.065568481594535,0.003));
#5442=CARTESIAN_POINT('',(0.106138669339159,0.065568481594535,0.003));
#5443=CARTESIAN_POINT('',(0.106138669339159,0.065568481594535,0.004));
#5444=CARTESIAN_POINT('',(0.106138669339159,0.065568481594535,0.004));
#5445=CARTESIAN_POINT('',(0.0953895739818066,0.0651454782804482,0.004));
#5446=CARTESIAN_POINT('',(0.0986022749453469,0.0659194200193445,0.004));
#5447=CARTESIAN_POINT('',(0.102267287262059,0.0662919591044033,0.004));
#5448=CARTESIAN_POINT('',(0.106138669339159,0.065568481594535,0.004));
#5449=CARTESIAN_POINT('',(0.106138669339159,0.065568481594535,0.004));
#5450=CARTESIAN_POINT('',(0.106138669339159,0.065568481594535,0.003));
#5451=CARTESIAN_POINT('',(0.10521514299537,0.062781748213483,0.004));
#5452=CARTESIAN_POINT('',(0.10521514299537,0.062781748213483,0.003));
#5453=CARTESIAN_POINT('',(0.103050728248134,0.059566893709073,0.004));
#5454=CARTESIAN_POINT('',(0.103050728248134,0.059566893709073,0.003));
#5455=CARTESIAN_POINT('',(0.100289623860545,0.0566646346473,0.004));
#5456=CARTESIAN_POINT('',(0.100289623860545,0.0566646346473,0.003));
#5457=CARTESIAN_POINT('',(0.106138669339159,0.065568481594535,0.003));
#5458=CARTESIAN_POINT('',(0.105215142994769,0.0627817482116688,0.003));
#5459=CARTESIAN_POINT('',(0.103050728245315,0.0595668937048872,0.003));
#5460=CARTESIAN_POINT('',(0.100289623855152,0.0566646346416318,0.003));
#5461=CARTESIAN_POINT('',(0.106138669339159,0.065568481594535,0.004));
#5462=CARTESIAN_POINT('',(0.105215142994769,0.0627817482116688,0.004));
#5463=CARTESIAN_POINT('',(0.103050728245315,0.0595668937048872,0.004));
#5464=CARTESIAN_POINT('',(0.100289623855152,0.0566646346416318,0.004));
#5465=CARTESIAN_POINT('',(0.10598768009313,0.0467566308592843,0.004));
#5466=CARTESIAN_POINT('',(0.10598768009313,0.0467566308592843,0.003));
#5467=CARTESIAN_POINT('',(0.105016195832864,0.0494638384760511,0.004));
#5468=CARTESIAN_POINT('',(0.105016195832864,0.0494638384760511,0.003));
#5469=CARTESIAN_POINT('',(0.103065164745753,0.0526643355798547,0.004));
#5470=CARTESIAN_POINT('',(0.103065164745753,0.0526643355798547,0.003));
#5471=CARTESIAN_POINT('',(0.100315175117019,0.0556321293827097,0.004));
#5472=CARTESIAN_POINT('',(0.100315175117019,0.0556321293827097,0.003));
#5473=CARTESIAN_POINT('',(0.10598768009313,0.0467566308592843,0.003));
#5474=CARTESIAN_POINT('',(0.105016195832864,0.0494638384760511,0.003));
#5475=CARTESIAN_POINT('',(0.103065164745753,0.0526643355798547,0.003));
#5476=CARTESIAN_POINT('',(0.100315175117019,0.0556321293827097,0.003));
#5477=CARTESIAN_POINT('',(0.10598768009313,0.0467566308592843,0.003));
#5478=CARTESIAN_POINT('',(0.10598768009313,0.0467566308592843,0.004));
#5479=CARTESIAN_POINT('',(0.10598768009313,0.0467566308592843,0.004));
#5480=CARTESIAN_POINT('',(0.10598768009313,0.0467566308592843,0.004));
#5481=CARTESIAN_POINT('',(0.105016195832864,0.0494638384760511,0.004));
#5482=CARTESIAN_POINT('',(0.103065164745753,0.0526643355798547,0.004));
#5483=CARTESIAN_POINT('',(0.100315175117019,0.0556321293827097,0.004));
#5484=CARTESIAN_POINT('',(0.0954855931863838,0.0470975293516672,0.004));
#5485=CARTESIAN_POINT('',(0.0954855931863838,0.0470975293516672,0.003));
#5486=CARTESIAN_POINT('',(0.0998228462841587,0.0461200963151992,0.004));
#5487=CARTESIAN_POINT('',(0.0998228462841587,0.0461200963151992,0.003));
#5488=CARTESIAN_POINT('',(0.104221221770176,0.0463446182014419,0.004));
#5489=CARTESIAN_POINT('',(0.104221221770176,0.0463446182014419,0.003));
#5490=CARTESIAN_POINT('',(0.10598768009313,0.0467566308592843,0.004));
#5491=CARTESIAN_POINT('',(0.10598768009313,0.0467566308592843,0.003));
#5492=CARTESIAN_POINT('',(0.0954855931863838,0.0470975293516672,0.003));
#5493=CARTESIAN_POINT('',(0.0998228462841587,0.0461200963151992,0.003));
#5494=CARTESIAN_POINT('',(0.104221221770176,0.0463446182014419,0.003));
#5495=CARTESIAN_POINT('',(0.10598768009313,0.0467566308592843,0.003));
#5496=CARTESIAN_POINT('',(0.0954855931958674,0.0470975293515617,0.003));
#5497=CARTESIAN_POINT('',(0.0954855931958674,0.0470975293515617,0.004));
#5498=CARTESIAN_POINT('',(0.0954855931958674,0.0470975293515617,0.004));
#5499=CARTESIAN_POINT('',(0.0954855931863838,0.0470975293516672,0.004));
#5500=CARTESIAN_POINT('',(0.0998228462841587,0.0461200963151992,0.004));
#5501=CARTESIAN_POINT('',(0.104221221770176,0.0463446182014419,0.004));
#5502=CARTESIAN_POINT('',(0.10598768009313,0.0467566308592843,0.004));
#5503=CARTESIAN_POINT('',(0.0946843780278564,0.0466795635002754,0.004));
#5504=CARTESIAN_POINT('',(0.0946843780278564,0.0466795635002754,0.003));
#5505=CARTESIAN_POINT('',(0.0936567216073184,0.043313861076293,0.004));
#5506=CARTESIAN_POINT('',(0.0936567216073184,0.043313861076293,0.003));
#5507=CARTESIAN_POINT('',(0.0919929479832935,0.0400780238097592,0.004));
#5508=CARTESIAN_POINT('',(0.0919929479832935,0.0400780238097592,0.003));
#5509=CARTESIAN_POINT('',(0.0895878765663205,0.0371762759352798,0.004));
#5510=CARTESIAN_POINT('',(0.0895878765663205,0.0371762759352798,0.003));
#5511=CARTESIAN_POINT('',(0.0946843780278564,0.0466795635002754,0.003));
#5512=CARTESIAN_POINT('',(0.0936567216073184,0.0433138610762931,0.003));
#5513=CARTESIAN_POINT('',(0.0919929479832935,0.0400780238097592,0.003));
#5514=CARTESIAN_POINT('',(0.0895878765663205,0.0371762759352798,0.003));
#5515=CARTESIAN_POINT('',(0.0895878765663205,0.0371762759352798,0.003));
#5516=CARTESIAN_POINT('',(0.0895878765663205,0.0371762759352798,0.004));
#5517=CARTESIAN_POINT('',(0.0895878765663205,0.0371762759352798,0.004));
#5518=CARTESIAN_POINT('',(0.0946843780278564,0.0466795635002754,0.004));
#5519=CARTESIAN_POINT('',(0.0936567216073184,0.0433138610762931,0.004));
#5520=CARTESIAN_POINT('',(0.0919929479832935,0.0400780238097592,0.004));
#5521=CARTESIAN_POINT('',(0.0895878765663205,0.0371762759352798,0.004));
#5522=CARTESIAN_POINT('',(0.0844679516384519,0.0466669645522045,0.004));
#5523=CARTESIAN_POINT('',(0.0844679516384519,0.0466669645522045,0.003));
#5524=CARTESIAN_POINT('',(0.0855039061227542,0.0433038069835011,0.004));
#5525=CARTESIAN_POINT('',(0.0855039061227542,0.0433038069835011,0.003));
#5526=CARTESIAN_POINT('',(0.0871756555755043,0.0400720831006918,0.004));
#5527=CARTESIAN_POINT('',(0.0871756555755043,0.0400720831006918,0.003));
#5528=CARTESIAN_POINT('',(0.0895878765663205,0.0371762759352798,0.004));
#5529=CARTESIAN_POINT('',(0.0895878765663205,0.0371762759352798,0.003));
#5530=CARTESIAN_POINT('',(0.0844679516384519,0.0466669645522045,0.003));
#5531=CARTESIAN_POINT('',(0.0855039061227542,0.0433038069835011,0.003));
#5532=CARTESIAN_POINT('',(0.0871756555755043,0.0400720831006918,0.003));
#5533=CARTESIAN_POINT('',(0.0895878765663205,0.0371762759352798,0.003));
#5534=CARTESIAN_POINT('',(0.0844679516384519,0.0466669645522045,0.004));
#5535=CARTESIAN_POINT('',(0.0855039061227542,0.0433038069835011,0.004));
#5536=CARTESIAN_POINT('',(0.0871756555755043,0.0400720831006918,0.004));
#5537=CARTESIAN_POINT('',(0.0895878765663205,0.0371762759352798,0.004));
#5538=CARTESIAN_POINT('',(0.0836657080433032,0.0470829530102495,0.004));
#5539=CARTESIAN_POINT('',(0.0836657080433032,0.0470829530102495,0.003));
#5540=CARTESIAN_POINT('',(0.0793308788845927,0.0460948255186119,0.004));
#5541=CARTESIAN_POINT('',(0.0793308788845927,0.0460948255186119,0.003));
#5542=CARTESIAN_POINT('',(0.0749319630144244,0.0463084985411976,0.004));
#5543=CARTESIAN_POINT('',(0.0749319630144244,0.0463084985411976,0.003));
#5544=CARTESIAN_POINT('',(0.0731644938737113,0.0467161531420341,0.004));
#5545=CARTESIAN_POINT('',(0.0731644938737113,0.0467161531420341,0.003));
#5546=CARTESIAN_POINT('',(0.0836657080433032,0.0470829530102495,0.003));
#5547=CARTESIAN_POINT('',(0.0793308788845927,0.0460948255186119,0.003));
#5548=CARTESIAN_POINT('',(0.0749319630144244,0.0463084985411976,0.003));
#5549=CARTESIAN_POINT('',(0.0731644938737113,0.0467161531420341,0.003));
#5550=CARTESIAN_POINT('',(0.0836657080338199,0.0470829530101206,0.003));
#5551=CARTESIAN_POINT('',(0.0731644938737113,0.0467161531420341,0.003));
#5552=CARTESIAN_POINT('',(0.0731644938737113,0.0467161531420341,0.004));
#5553=CARTESIAN_POINT('',(0.0731644938737113,0.0467161531420341,0.004));
#5554=CARTESIAN_POINT('',(0.0836657080433032,0.0470829530102495,0.004));
#5555=CARTESIAN_POINT('',(0.0793308788845927,0.0460948255186119,0.004));
#5556=CARTESIAN_POINT('',(0.0749319630144244,0.0463084985411976,0.004));
#5557=CARTESIAN_POINT('',(0.0731644938737113,0.0467161531420341,0.004));
#5558=CARTESIAN_POINT('',(0.0836657080338199,0.0470829530101206,0.004));
#5559=CARTESIAN_POINT('',(0.0836657080338199,0.0470829530101206,0.004));
#5560=CARTESIAN_POINT('',(0.0731644938737113,0.0467161531420341,0.004));
#5561=CARTESIAN_POINT('',(0.0731644938737113,0.0467161531420341,0.003));
#5562=CARTESIAN_POINT('',(0.0741292981053609,0.0494257485994441,0.004));
#5563=CARTESIAN_POINT('',(0.0741292981053609,0.0494257485994441,0.003));
#5564=CARTESIAN_POINT('',(0.0760724295322103,0.0526310480039174,0.004));
#5565=CARTESIAN_POINT('',(0.0760724295322103,0.0526310480039174,0.003));
#5566=CARTESIAN_POINT('',(0.0788150910114576,0.0556056153715633,0.004));
#5567=CARTESIAN_POINT('',(0.0788150910114576,0.0556056153715633,0.003));
#5568=CARTESIAN_POINT('',(0.0731644938737113,0.0467161531420341,0.003));
#5569=CARTESIAN_POINT('',(0.0741292981053609,0.0494257485994441,0.003));
#5570=CARTESIAN_POINT('',(0.0760724295322103,0.0526310480039174,0.003));
#5571=CARTESIAN_POINT('',(0.0788150910114576,0.0556056153715633,0.003));
#5572=CARTESIAN_POINT('',(0.0731644938737113,0.0467161531420341,0.004));
#5573=CARTESIAN_POINT('',(0.0741292981053609,0.0494257485994441,0.004));
#5574=CARTESIAN_POINT('',(0.0760724295322103,0.0526310480039174,0.004));
#5575=CARTESIAN_POINT('',(0.0788150910114576,0.0556056153715633,0.004));
#5576=CARTESIAN_POINT('',(0.0729671074208459,0.0655275742586323,0.004));
#5577=CARTESIAN_POINT('',(0.0729671074208459,0.0655275742586323,0.003));
#5578=CARTESIAN_POINT('',(0.0738975041720105,0.0627431271455453,0.004));
#5579=CARTESIAN_POINT('',(0.0738975041720105,0.0627431271455453,0.003));
#5580=CARTESIAN_POINT('',(0.0760698414723066,0.0595336207463971,0.004));
#5581=CARTESIAN_POINT('',(0.0760698414723066,0.0595336207463971,0.003));
#5582=CARTESIAN_POINT('',(0.0788380956105768,0.0566381805177906,0.004));
#5583=CARTESIAN_POINT('',(0.0788380956105768,0.0566381805177906,0.003));
#5584=CARTESIAN_POINT('',(0.0729671074208459,0.0655275742586323,0.003));
#5585=CARTESIAN_POINT('',(0.0738975041720105,0.0627431271455453,0.003));
#5586=CARTESIAN_POINT('',(0.0760698414723066,0.0595336207463971,0.003));
#5587=CARTESIAN_POINT('',(0.0788380956105768,0.0566381805177906,0.003));
#5588=CARTESIAN_POINT('',(0.0729671074208459,0.0655275742586323,0.003));
#5589=CARTESIAN_POINT('',(0.0729671074208459,0.0655275742586323,0.004));
#5590=CARTESIAN_POINT('',(0.0729671074208459,0.0655275742586323,0.004));
#5591=CARTESIAN_POINT('',(0.0729671074208459,0.0655275742586323,0.004));
#5592=CARTESIAN_POINT('',(0.0738975041720105,0.0627431271455453,0.004));
#5593=CARTESIAN_POINT('',(0.0760698414723066,0.0595336207463971,0.004));
#5594=CARTESIAN_POINT('',(0.0788380956105768,0.0566381805177906,0.004));
#5595=CARTESIAN_POINT('',(0.0837172133819311,0.0651310838670343,0.004));
#5596=CARTESIAN_POINT('',(0.0837172133819311,0.0651310838670343,0.003));
#5597=CARTESIAN_POINT('',(0.0805026133353563,0.0658970994262103,0.004));
#5598=CARTESIAN_POINT('',(0.0805026133353563,0.0658970994262103,0.003));
#5599=CARTESIAN_POINT('',(0.0768366933333637,0.0662605979689039,0.004));
#5600=CARTESIAN_POINT('',(0.0768366933333637,0.0662605979689039,0.003));
#5601=CARTESIAN_POINT('',(0.0729671074208459,0.0655275742586323,0.004));
#5602=CARTESIAN_POINT('',(0.0729671074208459,0.0655275742586323,0.003));
#5603=CARTESIAN_POINT('',(0.0837172133819311,0.0651310838670343,0.003));
#5604=CARTESIAN_POINT('',(0.0805026133353563,0.0658970994262103,0.003));
#5605=CARTESIAN_POINT('',(0.0768366933333637,0.0662605979689039,0.003));
#5606=CARTESIAN_POINT('',(0.0729671074208459,0.0655275742586323,0.003));
#5607=CARTESIAN_POINT('',(0.0837172133819311,0.0651310838670343,0.004));
#5608=CARTESIAN_POINT('',(0.0805026133353563,0.0658970994262103,0.004));
#5609=CARTESIAN_POINT('',(0.0768366933333637,0.0662605979689039,0.004));
#5610=CARTESIAN_POINT('',(0.0729671074208459,0.0655275742586323,0.004));
#5611=CARTESIAN_POINT('',(0.0895411901844534,0.0750340384287938,0.004));
#5612=CARTESIAN_POINT('',(0.0895411901844534,0.0750340384287938,0.003));
#5613=CARTESIAN_POINT('',(0.0874325453378922,0.0724012593742529,0.004));
#5614=CARTESIAN_POINT('',(0.0874325453378922,0.0724012593742529,0.003));
#5615=CARTESIAN_POINT('',(0.0857435569344126,0.0691349700908159,0.004));
#5616=CARTESIAN_POINT('',(0.0857435569344126,0.0691349700908159,0.003));
#5617=CARTESIAN_POINT('',(0.0846309215318054,0.0655412733413071,0.004));
#5618=CARTESIAN_POINT('',(0.0846309215318054,0.0655412733413071,0.003));
#5619=CARTESIAN_POINT('',(0.0985000288441266,0.0592364327394494,0.003));
#5620=CARTESIAN_POINT('',(0.0895411901844534,0.0750340384287938,0.003));
#5621=CARTESIAN_POINT('',(0.0895411901844534,0.0750340384287938,0.004));
#5622=CARTESIAN_POINT('',(0.0895411901844534,0.0750340384287938,0.004));
#5623=CARTESIAN_POINT('',(0.0985000288441266,0.0592364327394494,0.004));
#5624=CARTESIAN_POINT('',(0.0895644498106575,0.0561729194192319,0.004));
#5625=CARTESIAN_POINT('',(0.0895644498106575,0.0561729194192319,0.003));
#5626=CARTESIAN_POINT('',(0.0981947211465684,0.0743672028617895,0.003));
#5627=CARTESIAN_POINT('',(0.0895644498106575,0.0763102860126962,0.003));
#5628=CARTESIAN_POINT('',(0.0895644498106575,0.0763102860126962,0.004));
#5629=CARTESIAN_POINT('',(0.0895644498106575,0.0763102860126962,0.004));
#5630=CARTESIAN_POINT('',(0.0895644498106575,0.0561729194192319,0.004));
#5631=CARTESIAN_POINT('',(0.0981947211465684,0.0743672028617895,0.004));
#5632=CARTESIAN_POINT('',(0.0981947211465684,0.0743672028617895,0.004));
#5633=CARTESIAN_POINT('',(0.0895644498106575,0.0561729194192319,0.004));
#5634=CARTESIAN_POINT('',(0.0895644498106575,0.0561729194192319,0.003));
#5635=CARTESIAN_POINT('',(0.0809341784747465,0.0743672028617895,0.003));
#5636=CARTESIAN_POINT('',(0.0809341784747465,0.0743672028617895,0.004));
#5637=CARTESIAN_POINT('',(0.0809341784747465,0.0743672028617895,0.004));
#5638=CARTESIAN_POINT('',(0.0895644498106575,0.0561729194192319,0.004));
#5639=CARTESIAN_POINT('',(0.0895644498106575,0.0561729194192319,0.004));
#5640=CARTESIAN_POINT('',(0.0895644498106575,0.0561729194192319,0.003));
#5641=CARTESIAN_POINT('',(0.0895644498106575,0.0561729194192319,0.004));
#5642=CARTESIAN_POINT('',(0.0895411901844534,0.0750340384287938,0.004));
#5643=CARTESIAN_POINT('',(0.0895411901844534,0.0750340384287938,0.003));
#5644=CARTESIAN_POINT('',(0.0916563221200879,0.0724064681568852,0.004));
#5645=CARTESIAN_POINT('',(0.0916563221200879,0.0724064681568852,0.003));
#5646=CARTESIAN_POINT('',(0.0933533613826444,0.0691443545396846,0.004));
#5647=CARTESIAN_POINT('',(0.0933533613826444,0.0691443545396846,0.003));
#5648=CARTESIAN_POINT('',(0.0944748569171729,0.0655534129316105,0.004));
#5649=CARTESIAN_POINT('',(0.0944748569171729,0.0655534129316105,0.003));
#5650=CARTESIAN_POINT('',(0.0806213420872202,0.0592143846537096,0.003));
#5651=CARTESIAN_POINT('',(0.0806213420872202,0.0592143846537096,0.004));
#5652=CARTESIAN_POINT('',(0.0832800210420205,0.0526804810251763,0.004));
#5653=CARTESIAN_POINT('',(0.0832800210420205,0.0526804810251763,0.003));
#5654=CARTESIAN_POINT('',(0.0845846624278376,0.0516984270099503,0.004));
#5655=CARTESIAN_POINT('',(0.0845846624278376,0.0516984270099503,0.003));
#5656=CARTESIAN_POINT('',(0.0859355732240678,0.0508291469824885,0.004));
#5657=CARTESIAN_POINT('',(0.0859355732240678,0.0508291469824885,0.003));
#5658=CARTESIAN_POINT('',(0.0872889026115609,0.0501228113253435,0.004));
#5659=CARTESIAN_POINT('',(0.0872889026115609,0.0501228113253435,0.003));
#5660=CARTESIAN_POINT('',(0.0832800210420205,0.0526804810251763,0.003));
#5661=CARTESIAN_POINT('',(0.0845846624278376,0.0516984270099503,0.003));
#5662=CARTESIAN_POINT('',(0.0859355732240678,0.0508291469824885,0.003));
#5663=CARTESIAN_POINT('',(0.0872889026115609,0.0501228113253435,0.003));
#5664=CARTESIAN_POINT('',(0.0832800210420205,0.0526804810251763,0.003));
#5665=CARTESIAN_POINT('',(0.0872889026115609,0.0501228113253435,0.003));
#5666=CARTESIAN_POINT('',(0.0832800210420205,0.0526804810251763,0.004));
#5667=CARTESIAN_POINT('',(0.0832800210420205,0.0526804810251763,0.004));
#5668=CARTESIAN_POINT('',(0.0832800210420205,0.0526804810251763,0.004));
#5669=CARTESIAN_POINT('',(0.0845846624278376,0.0516984270099503,0.004));
#5670=CARTESIAN_POINT('',(0.0859355732240678,0.0508291469824885,0.004));
#5671=CARTESIAN_POINT('',(0.0872889026115609,0.0501228113253435,0.004));
#5672=CARTESIAN_POINT('',(0.0872889026115609,0.0501228113253435,0.004));
#5673=CARTESIAN_POINT('',(0.0872889026115609,0.0501228113253435,0.004));
#5674=CARTESIAN_POINT('',(0.107648604925557,0.0856021518014989,0.004));
#5675=CARTESIAN_POINT('',(0.107648604925557,0.0856021518014989,0.003));
#5676=CARTESIAN_POINT('',(0.0874126731584598,0.0491654080581748,0.003));
#5677=CARTESIAN_POINT('',(0.0833867528850228,0.0517128541004289,0.003));
#5678=CARTESIAN_POINT('',(0.0874126731584598,0.0491654080581749,0.004));
#5679=CARTESIAN_POINT('',(0.0874126731584598,0.0491654080581748,0.004));
#5680=CARTESIAN_POINT('',(0.107648604925557,0.0856021518014989,0.004));
#5681=CARTESIAN_POINT('',(0.0833867452308283,0.0517130945284593,0.004));
#5682=CARTESIAN_POINT('',(0.0833866909686634,0.0517134320336075,0.004));
#5683=CARTESIAN_POINT('',(0.0714077652577923,0.0855574594169371,0.004));
#5684=CARTESIAN_POINT('',(0.0714077652577923,0.0855574594169371,0.003));
#5685=CARTESIAN_POINT('',(0.0917335032878057,0.0491707365274782,0.003));
#5686=CARTESIAN_POINT('',(0.0957531282792371,0.0517281043763427,0.003));
#5687=CARTESIAN_POINT('',(0.0957531887700014,0.0517286824604866,0.004));
#5688=CARTESIAN_POINT('',(0.0957531282792371,0.0517281043763427,0.004));
#5689=CARTESIAN_POINT('',(0.0714077652577923,0.0855574594169371,0.004));
#5690=CARTESIAN_POINT('',(0.0917335032878057,0.0491707365274782,0.004));
#5691=CARTESIAN_POINT('',(0.0917335032878057,0.0491707365274782,0.004));
#5692=CARTESIAN_POINT('',(0.0958574732365293,0.052695991602067,0.004));
#5693=CARTESIAN_POINT('',(0.0958574732365293,0.052695991602067,0.003));
#5694=CARTESIAN_POINT('',(0.0945552579630427,0.0517107227981834,0.004));
#5695=CARTESIAN_POINT('',(0.0945552579630427,0.0517107227981834,0.003));
#5696=CARTESIAN_POINT('',(0.0932064952734079,0.0508381135198896,0.004));
#5697=CARTESIAN_POINT('',(0.0932064952734079,0.0508381135198896,0.003));
#5698=CARTESIAN_POINT('',(0.0918549121128543,0.050128442151075,0.004));
#5699=CARTESIAN_POINT('',(0.0918549121128543,0.050128442151075,0.003));
#5700=CARTESIAN_POINT('',(0.0958574732365293,0.052695991602067,0.003));
#5701=CARTESIAN_POINT('',(0.0945552579630427,0.0517107227981834,0.003));
#5702=CARTESIAN_POINT('',(0.0932064952734079,0.0508381135198896,0.003));
#5703=CARTESIAN_POINT('',(0.0918549121128543,0.050128442151075,0.003));
#5704=CARTESIAN_POINT('',(0.0958574732370118,0.0526959916073075,0.003));
#5705=CARTESIAN_POINT('',(0.0918549121123953,0.0501284421473016,0.003));
#5706=CARTESIAN_POINT('',(0.0918549121123953,0.0501284421473016,0.004));
#5707=CARTESIAN_POINT('',(0.0918549121123953,0.0501284421473016,0.004));
#5708=CARTESIAN_POINT('',(0.0958574732365293,0.052695991602067,0.004));
#5709=CARTESIAN_POINT('',(0.0945552579630427,0.0517107227981834,0.004));
#5710=CARTESIAN_POINT('',(0.0932064952734079,0.0508381135198896,0.004));
#5711=CARTESIAN_POINT('',(0.0918549121128543,0.050128442151075,0.004));
#5712=CARTESIAN_POINT('',(0.0958574732370118,0.0526959916073075,0.004));
#5713=CARTESIAN_POINT('',(0.0958574732370118,0.0526959916073075,0.004));
#5714=CARTESIAN_POINT('',(0.0895604275875573,0.0594345207841902,0.004));
#5715=CARTESIAN_POINT('',(0.0895604275875573,0.0594345207841902,0.003));
#5716=CARTESIAN_POINT('',(0.0908808270750452,0.0599486149509088,0.004));
#5717=CARTESIAN_POINT('',(0.0908808270750452,0.0599486149509088,0.003));
#5718=CARTESIAN_POINT('',(0.0922717502934605,0.0605336334359746,0.004));
#5719=CARTESIAN_POINT('',(0.0922717502934605,0.0605336334359746,0.003));
#5720=CARTESIAN_POINT('',(0.093711709530158,0.0610994422196881,0.004));
#5721=CARTESIAN_POINT('',(0.093711709530158,0.0610994422196881,0.003));
#5722=CARTESIAN_POINT('',(0.0895604275875573,0.0594345207841902,0.003));
#5723=CARTESIAN_POINT('',(0.0908808270750452,0.0599486149509088,0.003));
#5724=CARTESIAN_POINT('',(0.0922717502934605,0.0605336334359746,0.003));
#5725=CARTESIAN_POINT('',(0.093711709530158,0.0610994422196881,0.003));
#5726=CARTESIAN_POINT('',(0.0895604275875573,0.0594345207841902,0.003));
#5727=CARTESIAN_POINT('',(0.0895604275875573,0.0594345207841902,0.004));
#5728=CARTESIAN_POINT('',(0.0895604275875573,0.0594345207841902,0.004));
#5729=CARTESIAN_POINT('',(0.0895604275875573,0.0594345207841902,0.004));
#5730=CARTESIAN_POINT('',(0.0908808270750452,0.0599486149509088,0.004));
#5731=CARTESIAN_POINT('',(0.0922717502934605,0.0605336334359746,0.004));
#5732=CARTESIAN_POINT('',(0.093711709530158,0.0610994422196881,0.004));
#5733=CARTESIAN_POINT('',(0.0895604275875573,0.0594345207841902,0.004));
#5734=CARTESIAN_POINT('',(0.0895604275875573,0.0594345207841902,0.003));
#5735=CARTESIAN_POINT('',(0.0882387641518499,0.0599453567454253,0.004));
#5736=CARTESIAN_POINT('',(0.0882387641518499,0.0599453567454253,0.003));
#5737=CARTESIAN_POINT('',(0.0868464022716164,0.0605269428690363,0.004));
#5738=CARTESIAN_POINT('',(0.0868464022716164,0.0605269428690363,0.003));
#5739=CARTESIAN_POINT('',(0.0854050519012175,0.0610891984070529,0.004));
#5740=CARTESIAN_POINT('',(0.0854050519012175,0.0610891984070529,0.003));
#5741=CARTESIAN_POINT('',(0.0895604275875573,0.0594345207841902,0.003));
#5742=CARTESIAN_POINT('',(0.0882387641511141,0.0599453567457097,0.003));
#5743=CARTESIAN_POINT('',(0.086846402270066,0.0605269428696839,0.003));
#5744=CARTESIAN_POINT('',(0.0854050518988101,0.061089198407992,0.003));
#5745=CARTESIAN_POINT('',(0.0895604275875573,0.0594345207841902,0.004));
#5746=CARTESIAN_POINT('',(0.0882387641511141,0.0599453567457097,0.004));
#5747=CARTESIAN_POINT('',(0.086846402270066,0.0605269428696839,0.004));
#5748=CARTESIAN_POINT('',(0.0854050518988101,0.061089198407992,0.004));
#5749=CARTESIAN_POINT('',(0.0831706658171674,0.057137354790114,0.004));
#5750=CARTESIAN_POINT('',(0.0831706658171674,0.057137354790114,0.003));
#5751=CARTESIAN_POINT('',(0.0843359288556446,0.0561847899135028,0.004));
#5752=CARTESIAN_POINT('',(0.0843359288556446,0.0561847899135028,0.003));
#5753=CARTESIAN_POINT('',(0.0855411502058707,0.0552840397363239,0.004));
#5754=CARTESIAN_POINT('',(0.0855411502058707,0.0552840397363239,0.003));
#5755=CARTESIAN_POINT('',(0.0867060762105992,0.0545086006696514,0.004));
#5756=CARTESIAN_POINT('',(0.0867060762105992,0.0545086006696514,0.003));
#5757=CARTESIAN_POINT('',(0.0831706658171674,0.057137354790114,0.003));
#5758=CARTESIAN_POINT('',(0.0843359288556446,0.0561847899135028,0.003));
#5759=CARTESIAN_POINT('',(0.0855411502058707,0.0552840397363239,0.003));
#5760=CARTESIAN_POINT('',(0.0867060762105992,0.0545086006696514,0.003));
#5761=CARTESIAN_POINT('',(0.0831706658171674,0.057137354790114,0.003));
#5762=CARTESIAN_POINT('',(0.0867060762105992,0.0545086006696514,0.003));
#5763=CARTESIAN_POINT('',(0.0867060762105992,0.0545086006696514,0.004));
#5764=CARTESIAN_POINT('',(0.0867060762105992,0.0545086006696514,0.004));
#5765=CARTESIAN_POINT('',(0.0831706658171674,0.057137354790114,0.004));
#5766=CARTESIAN_POINT('',(0.0843359288556446,0.0561847899135028,0.004));
#5767=CARTESIAN_POINT('',(0.0855411502058707,0.0552840397363239,0.004));
#5768=CARTESIAN_POINT('',(0.0867060762105992,0.0545086006696514,0.004));
#5769=CARTESIAN_POINT('',(0.0831706658171674,0.057137354790114,0.004));
#5770=CARTESIAN_POINT('',(0.0831706658171674,0.057137354790114,0.004));
#5771=CARTESIAN_POINT('',(0.0867060762105992,0.0545086006696514,0.004));
#5772=CARTESIAN_POINT('',(0.0867060762105992,0.0545086006696514,0.003));
#5773=CARTESIAN_POINT('',(0.0869480433448007,0.0530811391197881,0.004));
#5774=CARTESIAN_POINT('',(0.0869480433448007,0.0530811391197881,0.003));
#5775=CARTESIAN_POINT('',(0.087105170465353,0.0516026621689876,0.004));
#5776=CARTESIAN_POINT('',(0.087105170465353,0.0516026621689876,0.003));
#5777=CARTESIAN_POINT('',(0.0872889026120293,0.0501228113215712,0.004));
#5778=CARTESIAN_POINT('',(0.0872889026120293,0.0501228113215712,0.003));
#5779=CARTESIAN_POINT('',(0.0867060762105992,0.0545086006696514,0.003));
#5780=CARTESIAN_POINT('',(0.0869480433448007,0.0530811391197881,0.003));
#5781=CARTESIAN_POINT('',(0.087105170465353,0.0516026621689876,0.003));
#5782=CARTESIAN_POINT('',(0.0872889026120293,0.0501228113215712,0.003));
#5783=CARTESIAN_POINT('',(0.0867060762105992,0.0545086006696514,0.004));
#5784=CARTESIAN_POINT('',(0.0869480433448007,0.0530811391197881,0.004));
#5785=CARTESIAN_POINT('',(0.087105170465353,0.0516026621689876,0.004));
#5786=CARTESIAN_POINT('',(0.0872889026120293,0.0501228113215712,0.004));
#5787=CARTESIAN_POINT('',(0.140443345572189,0.0563264240196713,0.004));
#5788=CARTESIAN_POINT('',(0.140443345572189,0.0563264240196713,0.003));
#5789=CARTESIAN_POINT('',(0.140443345572189,0.0563264240196713,0.004));
#5790=CARTESIAN_POINT('',(0.0876560383156261,0.0475628692702666,0.004));
#5791=CARTESIAN_POINT('',(0.0876560383156261,0.0475628692702666,0.003));
#5792=CARTESIAN_POINT('',(0.08801172547535,0.045493734910988,0.004));
#5793=CARTESIAN_POINT('',(0.08801172547535,0.045493734910988,0.003));
#5794=CARTESIAN_POINT('',(0.088549129218383,0.0434791564731623,0.004));
#5795=CARTESIAN_POINT('',(0.088549129218383,0.0434791564731623,0.003));
#5796=CARTESIAN_POINT('',(0.0895823483936913,0.0416590445297494,0.004));
#5797=CARTESIAN_POINT('',(0.0895823483936913,0.0416590445297494,0.003));
#5798=CARTESIAN_POINT('',(0.0876560383156261,0.0475628692702666,0.003));
#5799=CARTESIAN_POINT('',(0.08801172547535,0.045493734910988,0.003));
#5800=CARTESIAN_POINT('',(0.088549129218383,0.0434791564731623,0.003));
#5801=CARTESIAN_POINT('',(0.0895823483936913,0.0416590445297494,0.003));
#5802=CARTESIAN_POINT('',(0.0895823483936913,0.0416590445297494,0.003));
#5803=CARTESIAN_POINT('',(0.0895823483936913,0.0416590445297494,0.004));
#5804=CARTESIAN_POINT('',(0.0895823483936913,0.0416590445297494,0.004));
#5805=CARTESIAN_POINT('',(0.0876560383156261,0.0475628692702666,0.004));
#5806=CARTESIAN_POINT('',(0.08801172547535,0.045493734910988,0.004));
#5807=CARTESIAN_POINT('',(0.088549129218383,0.0434791564731623,0.004));
#5808=CARTESIAN_POINT('',(0.0895823483936913,0.0416590445297494,0.004));
#5809=CARTESIAN_POINT('',(0.091494091382528,0.047567602376486,0.004));
#5810=CARTESIAN_POINT('',(0.091494091382528,0.047567602376486,0.003));
#5811=CARTESIAN_POINT('',(0.0911435086305566,0.0454975970416234,0.004));
#5812=CARTESIAN_POINT('',(0.0911435086305566,0.0454975970416234,0.003));
#5813=CARTESIAN_POINT('',(0.0906110752909171,0.0434816992753617,0.004));
#5814=CARTESIAN_POINT('',(0.0906110752909171,0.0434816992753617,0.003));
#5815=CARTESIAN_POINT('',(0.0895823483936913,0.0416590445297494,0.004));
#5816=CARTESIAN_POINT('',(0.0895823483936913,0.0416590445297494,0.003));
#5817=CARTESIAN_POINT('',(0.091494091382528,0.047567602376486,0.003));
#5818=CARTESIAN_POINT('',(0.0911435086305566,0.0454975970416234,0.003));
#5819=CARTESIAN_POINT('',(0.0906110752909171,0.0434816992753617,0.003));
#5820=CARTESIAN_POINT('',(0.0895823483936913,0.0416590445297494,0.003));
#5821=CARTESIAN_POINT('',(0.091494091382528,0.047567602376486,0.004));
#5822=CARTESIAN_POINT('',(0.0911435086305566,0.0454975970416234,0.004));
#5823=CARTESIAN_POINT('',(0.0906110752909171,0.0434816992753617,0.004));
#5824=CARTESIAN_POINT('',(0.0895823483936913,0.0416590445297494,0.004));
#5825=CARTESIAN_POINT('',(0.0386853302678492,0.0562009355165768,0.004));
#5826=CARTESIAN_POINT('',(0.0386853302678492,0.0562009355165768,0.003));
#5827=CARTESIAN_POINT('',(0.0386853302678492,0.0562009355165768,0.004));
#5828=CARTESIAN_POINT('',(0.0924269196028841,0.0545156556423075,0.004));
#5829=CARTESIAN_POINT('',(0.0924269196028841,0.0545156556423075,0.003));
#5830=CARTESIAN_POINT('',(0.0921884739047233,0.0530876016449389,0.004));
#5831=CARTESIAN_POINT('',(0.0921884739047233,0.0530876016449389,0.003));
#5832=CARTESIAN_POINT('',(0.092034993786867,0.0516087416517401,0.004));
#5833=CARTESIAN_POINT('',(0.092034993786867,0.0516087416517401,0.003));
#5834=CARTESIAN_POINT('',(0.0918549121123953,0.0501284421473016,0.004));
#5835=CARTESIAN_POINT('',(0.0918549121123953,0.0501284421473016,0.003));
#5836=CARTESIAN_POINT('',(0.0924269196028841,0.0545156556423075,0.003));
#5837=CARTESIAN_POINT('',(0.0921884739047233,0.0530876016449389,0.003));
#5838=CARTESIAN_POINT('',(0.092034993786867,0.0516087416517401,0.003));
#5839=CARTESIAN_POINT('',(0.0918549121123953,0.0501284421473016,0.003));
#5840=CARTESIAN_POINT('',(0.0924269196028841,0.0545156556423075,0.003));
#5841=CARTESIAN_POINT('',(0.0924269196028841,0.0545156556423075,0.004));
#5842=CARTESIAN_POINT('',(0.0924269196028841,0.0545156556423075,0.004));
#5843=CARTESIAN_POINT('',(0.0924269196028841,0.0545156556423075,0.004));
#5844=CARTESIAN_POINT('',(0.0921884739047233,0.0530876016449389,0.004));
#5845=CARTESIAN_POINT('',(0.092034993786867,0.0516087416517401,0.004));
#5846=CARTESIAN_POINT('',(0.0918549121123953,0.0501284421473016,0.004));
#5847=CARTESIAN_POINT('',(0.0895644498106605,0.0561729194192319,0.004));
#5848=CARTESIAN_POINT('',(0.0895644498106605,0.0561729194192319,0.003));
#5849=CARTESIAN_POINT('',(0.0869148377578167,0.0561663843796482,0.003));
#5850=CARTESIAN_POINT('',(0.0922140699225418,0.0561729194192319,0.003));
#5851=CARTESIAN_POINT('',(0.0869148377578167,0.0561663843796482,0.004));
#5852=CARTESIAN_POINT('',(0.0869148377578167,0.0561663843796482,0.004));
#5853=CARTESIAN_POINT('',(0.0895644498106605,0.0561729194192319,0.004));
#5854=CARTESIAN_POINT('',(0.0922140699225418,0.0561729194192319,0.004));
#5855=CARTESIAN_POINT('',(0.0922140699225418,0.0561729194192319,0.004));
#5856=CARTESIAN_POINT('',(0.0895644498106575,0.0561729194192319,0.004));
#5857=CARTESIAN_POINT('',(0.0895644498106575,0.0561729194192319,0.003));
#5858=CARTESIAN_POINT('',(0.0895644498106575,0.0561729194192319,0.004));
#5859=CARTESIAN_POINT('',(0.0959558356672274,0.0571531215252365,0.004));
#5860=CARTESIAN_POINT('',(0.0959558356672274,0.0571531215252365,0.003));
#5861=CARTESIAN_POINT('',(0.0947929255850369,0.0561976855339808,0.004));
#5862=CARTESIAN_POINT('',(0.0947929255850369,0.0561976855339808,0.003));
#5863=CARTESIAN_POINT('',(0.0935899295165482,0.055293965531127,0.004));
#5864=CARTESIAN_POINT('',(0.0935899295165482,0.055293965531127,0.003));
#5865=CARTESIAN_POINT('',(0.0924269196028841,0.0545156556423075,0.004));
#5866=CARTESIAN_POINT('',(0.0924269196028841,0.0545156556423075,0.003));
#5867=CARTESIAN_POINT('',(0.0959558356672274,0.0571531215252365,0.003));
#5868=CARTESIAN_POINT('',(0.0947929255850369,0.0561976855339808,0.003));
#5869=CARTESIAN_POINT('',(0.0935899295165482,0.055293965531127,0.003));
#5870=CARTESIAN_POINT('',(0.0924269196028841,0.0545156556423075,0.003));
#5871=CARTESIAN_POINT('',(0.0959558356672274,0.0571531215252365,0.003));
#5872=CARTESIAN_POINT('',(0.0959558356672274,0.0571531215252365,0.004));
#5873=CARTESIAN_POINT('',(0.0959558356672274,0.0571531215252365,0.004));
#5874=CARTESIAN_POINT('',(0.0959558356672274,0.0571531215252365,0.004));
#5875=CARTESIAN_POINT('',(0.0947929255850369,0.0561976855339808,0.004));
#5876=CARTESIAN_POINT('',(0.0935899295165482,0.055293965531127,0.004));
#5877=CARTESIAN_POINT('',(0.0924269196028841,0.0545156556423075,0.004));
#5878=CARTESIAN_POINT('',(0.0961239279808078,0.0619989836956007,0.004));
#5879=CARTESIAN_POINT('',(0.0961239279808078,0.0619989836956007,0.003));
#5880=CARTESIAN_POINT('',(0.0981145418669512,0.0626916740444535,0.004));
#5881=CARTESIAN_POINT('',(0.0981145418669512,0.0626916740444535,0.003));
#5882=CARTESIAN_POINT('',(0.100171863374105,0.0632613216542259,0.004));
#5883=CARTESIAN_POINT('',(0.100171863374105,0.0632613216542259,0.003));
#5884=CARTESIAN_POINT('',(0.10224437713623,0.0634918361902237,0.004));
#5885=CARTESIAN_POINT('',(0.10224437713623,0.0634918361902237,0.003));
#5886=CARTESIAN_POINT('',(0.0961239279808078,0.0619989836956007,0.003));
#5887=CARTESIAN_POINT('',(0.0981145418669512,0.0626916740444535,0.003));
#5888=CARTESIAN_POINT('',(0.100171863374105,0.0632613216542259,0.003));
#5889=CARTESIAN_POINT('',(0.10224437713623,0.0634918361902237,0.003));
#5890=CARTESIAN_POINT('',(0.10224437713623,0.0634918361902237,0.003));
#5891=CARTESIAN_POINT('',(0.0961239279808078,0.0619989836956007,0.004));
#5892=CARTESIAN_POINT('',(0.0981145418669512,0.0626916740444535,0.004));
#5893=CARTESIAN_POINT('',(0.100171863374105,0.0632613216542259,0.004));
#5894=CARTESIAN_POINT('',(0.10224437713623,0.0634918361902237,0.004));
#5895=CARTESIAN_POINT('',(0.10224437713623,0.0634918361902237,0.004));
#5896=CARTESIAN_POINT('',(0.10224437713623,0.0634918361902237,0.004));
#5897=CARTESIAN_POINT('',(0.10224437713623,0.0634918361902237,0.004));
#5898=CARTESIAN_POINT('',(0.10224437713623,0.0634918361902237,0.003));
#5899=CARTESIAN_POINT('',(0.101277308305409,0.0621410130552608,0.004));
#5900=CARTESIAN_POINT('',(0.101277308305409,0.0621410130552608,0.003));
#5901=CARTESIAN_POINT('',(0.0997179752720624,0.0604853895535653,0.004));
#5902=CARTESIAN_POINT('',(0.0997179752720624,0.0604853895535653,0.003));
#5903=CARTESIAN_POINT('',(0.0979239495196047,0.0588540553966375,0.004));
#5904=CARTESIAN_POINT('',(0.0979239495196047,0.0588540553966375,0.003));
#5905=CARTESIAN_POINT('',(0.10224437713623,0.0634918361902237,0.003));
#5906=CARTESIAN_POINT('',(0.101277308305409,0.0621410130552608,0.003));
#5907=CARTESIAN_POINT('',(0.0997179752720624,0.0604853895535653,0.003));
#5908=CARTESIAN_POINT('',(0.0979239495196047,0.0588540553966375,0.003));
#5909=CARTESIAN_POINT('',(0.10224437713623,0.0634918361902237,0.004));
#5910=CARTESIAN_POINT('',(0.101277308305409,0.0621410130552608,0.004));
#5911=CARTESIAN_POINT('',(0.0997179752720624,0.0604853895535653,0.004));
#5912=CARTESIAN_POINT('',(0.0979239495196047,0.0588540553966375,0.004));
#5913=CARTESIAN_POINT('',(0.082990622150415,0.0619827876372288,0.004));
#5914=CARTESIAN_POINT('',(0.082990622150415,0.0619827876372288,0.003));
#5915=CARTESIAN_POINT('',(0.0809983058630915,0.0626705662166905,0.004));
#5916=CARTESIAN_POINT('',(0.0809983058630915,0.0626705662166905,0.003));
#5917=CARTESIAN_POINT('',(0.0789395856310347,0.0632351379032239,0.004));
#5918=CARTESIAN_POINT('',(0.0789395856310347,0.0632351379032239,0.003));
#5919=CARTESIAN_POINT('',(0.0768665096301441,0.0634605400772121,0.004));
#5920=CARTESIAN_POINT('',(0.0768665096301441,0.0634605400772121,0.003));
#5921=CARTESIAN_POINT('',(0.082990622150415,0.0619827876372288,0.003));
#5922=CARTESIAN_POINT('',(0.0809983058630915,0.0626705662166905,0.003));
#5923=CARTESIAN_POINT('',(0.0789395856310347,0.0632351379032239,0.003));
#5924=CARTESIAN_POINT('',(0.0768665096301441,0.0634605400772121,0.003));
#5925=CARTESIAN_POINT('',(0.0768665096301441,0.0634605400772121,0.003));
#5926=CARTESIAN_POINT('',(0.0768665096301441,0.0634605400772121,0.004));
#5927=CARTESIAN_POINT('',(0.0768665096301441,0.0634605400772121,0.004));
#5928=CARTESIAN_POINT('',(0.082990622150415,0.0619827876372288,0.004));
#5929=CARTESIAN_POINT('',(0.0809983058630915,0.0626705662166905,0.004));
#5930=CARTESIAN_POINT('',(0.0789395856310347,0.0632351379032239,0.004));
#5931=CARTESIAN_POINT('',(0.0768665096301441,0.0634605400772121,0.004));
#5932=CARTESIAN_POINT('',(0.0768665096301441,0.0634605400772121,0.004));
#5933=CARTESIAN_POINT('',(0.0768665096301441,0.0634605400772121,0.003));
#5934=CARTESIAN_POINT('',(0.0778369071978659,0.062112106235897,0.004));
#5935=CARTESIAN_POINT('',(0.0778369071978659,0.062112106235897,0.003));
#5936=CARTESIAN_POINT('',(0.0794003189278624,0.0604603337192333,0.004));
#5937=CARTESIAN_POINT('',(0.0794003189278624,0.0604603337192333,0.003));
#5938=CARTESIAN_POINT('',(0.0811983627557079,0.0588334293209334,0.004));
#5939=CARTESIAN_POINT('',(0.0811983627557079,0.0588334293209334,0.003));
#5940=CARTESIAN_POINT('',(0.0768665096301441,0.0634605400772121,0.003));
#5941=CARTESIAN_POINT('',(0.0778369071978659,0.062112106235897,0.003));
#5942=CARTESIAN_POINT('',(0.0794003189278624,0.0604603337192333,0.003));
#5943=CARTESIAN_POINT('',(0.0811983627557079,0.0588334293209334,0.003));
#5944=CARTESIAN_POINT('',(0.0768665096301441,0.0634605400772121,0.004));
#5945=CARTESIAN_POINT('',(0.0778369071978659,0.062112106235897,0.004));
#5946=CARTESIAN_POINT('',(0.0794003189278624,0.0604603337192333,0.004));
#5947=CARTESIAN_POINT('',(0.0811983627557079,0.0588334293209334,0.004));
#5948=CARTESIAN_POINT('',(0.117238260291509,0.00188899672534917,0.004));
#5949=CARTESIAN_POINT('',(0.117238260291509,0.00188899672534917,0.003));
#5950=CARTESIAN_POINT('',(0.117238260291509,0.00188899672534917,0.004));
#5951=CARTESIAN_POINT('',(0.0620246097071462,0.00182090697371748,0.004));
#5952=CARTESIAN_POINT('',(0.0620246097071462,0.00182090697371748,0.003));
#5953=CARTESIAN_POINT('',(0.0620246097071462,0.00182090697371748,0.004));
#5954=CARTESIAN_POINT('',(0.119013265103138,0.0562000926976021,0.004));
#5955=CARTESIAN_POINT('',(0.119013265103138,0.0562000926976021,0.003));
#5956=CARTESIAN_POINT('',(0.119013265103138,0.0562000926976021,0.004));
#5957=CARTESIAN_POINT('',(0.115408456347516,0.0556953485592005,0.004));
#5958=CARTESIAN_POINT('',(0.115408456347516,0.0556953485592005,0.003));
#5959=CARTESIAN_POINT('',(0.115408456347516,0.0556953485592005,0.004));
#5960=CARTESIAN_POINT('',(0.113103409288934,0.055432783771854,0.004));
#5961=CARTESIAN_POINT('',(0.113103409288934,0.055432783771854,0.003));
#5962=CARTESIAN_POINT('',(0.113103409288934,0.055432783771854,0.004));
#5963=CARTESIAN_POINT('',(0.0827195185514864,0.052203567253435,0.004));
#5964=CARTESIAN_POINT('',(0.0827195185514864,0.052203567253435,0.003));
#5965=CARTESIAN_POINT('',(0.0828901529400567,0.0506302404313487,0.004));
#5966=CARTESIAN_POINT('',(0.0828901529400567,0.0506302404313487,0.003));
#5967=CARTESIAN_POINT('',(0.0832469539216951,0.0486986009155991,0.004));
#5968=CARTESIAN_POINT('',(0.0832469539216951,0.0486986009155991,0.003));
#5969=CARTESIAN_POINT('',(0.0835997878029688,0.0473109518321787,0.004));
#5970=CARTESIAN_POINT('',(0.0835997878029688,0.0473109518321787,0.003));
#5971=CARTESIAN_POINT('',(0.083650156472968,0.0470837982943151,0.004));
#5972=CARTESIAN_POINT('',(0.083650156472968,0.0470837982943151,0.003));
#5973=CARTESIAN_POINT('',(0.0836657080338199,0.0470829530101206,0.004));
#5974=CARTESIAN_POINT('',(0.0836657080338199,0.0470829530101206,0.003));
#5975=CARTESIAN_POINT('',(0.0827195185514864,0.052203567253435,0.003));
#5976=CARTESIAN_POINT('',(0.0830259144155117,0.0493784577600525,0.003));
#5977=CARTESIAN_POINT('',(0.0836168754934224,0.0472532203000609,0.003));
#5978=CARTESIAN_POINT('',(0.0836593514226475,0.0470832985151799,0.003));
#5979=CARTESIAN_POINT('',(0.0836657080338199,0.0470829530101206,0.003));
#5980=CARTESIAN_POINT('',(0.0827195185514864,0.052203567253435,0.004));
#5981=CARTESIAN_POINT('',(0.0830259144155117,0.0493784577600525,0.004));
#5982=CARTESIAN_POINT('',(0.0836168754934224,0.0472532203000609,0.004));
#5983=CARTESIAN_POINT('',(0.0836593514226475,0.0470832985151799,0.004));
#5984=CARTESIAN_POINT('',(0.0836657080338199,0.0470829530101206,0.004));
#5985=CARTESIAN_POINT('',(0.0895644498106575,0.0601729194192319,0.004));
#5986=CARTESIAN_POINT('',(0.0964191502853514,0.0522204617077409,0.004));
#5987=CARTESIAN_POINT('',(0.0961197232209446,0.0493946051104959,0.004));
#5988=CARTESIAN_POINT('',(0.0955340056394303,0.0472679165645041,0.004));
#5989=CARTESIAN_POINT('',(0.0954919489355497,0.0470978905335559,0.004));
#5990=CARTESIAN_POINT('',(0.0954855931958674,0.0470975293515617,0.004));
#5991=CARTESIAN_POINT('',(0.0601156570528827,0.0561274598737135,0.004));
#5992=CARTESIAN_POINT('',(0.063721699768434,0.0556316081926325,0.004));
#5993=CARTESIAN_POINT('',(0.0660273874049314,0.0553747293861661,0.004));
#5994=CARTESIAN_POINT('',(0.0895644498106575,0.0601729194192319,0.003));
#5995=CARTESIAN_POINT('',(0.0964191502853514,0.0522204617077409,0.003));
#5996=CARTESIAN_POINT('',(0.0961197232209446,0.0493946051104959,0.003));
#5997=CARTESIAN_POINT('',(0.0955340056394303,0.0472679165645041,0.003));
#5998=CARTESIAN_POINT('',(0.0954919489355497,0.0470978905335559,0.003));
#5999=CARTESIAN_POINT('',(0.0954855931958674,0.0470975293515617,0.003));
#6000=CARTESIAN_POINT('',(0.0601156570528827,0.0561274598737135,0.003));
#6001=CARTESIAN_POINT('',(0.063721699768434,0.0556316081926325,0.003));
#6002=CARTESIAN_POINT('',(0.0660273874049314,0.0553747293861661,0.003));
#6003=CARTESIAN_POINT('',(0.0601156570528827,0.0561274598737135,0.004));
#6004=CARTESIAN_POINT('',(0.063721699768434,0.0556316081926325,0.004));
#6005=CARTESIAN_POINT('',(0.0660273874049314,0.0553747293861661,0.004));
#6006=CARTESIAN_POINT('',(0.0964191502853514,0.0522204617077409,0.004));
#6007=CARTESIAN_POINT('',(0.0964191502853514,0.0522204617077409,0.003));
#6008=CARTESIAN_POINT('',(0.0962523968788754,0.0506467188173414,0.004));
#6009=CARTESIAN_POINT('',(0.0962523968788754,0.0506467188173414,0.003));
#6010=CARTESIAN_POINT('',(0.0959003611902372,0.0487142051606695,0.004));
#6011=CARTESIAN_POINT('',(0.0959003611902372,0.0487142051606695,0.003));
#6012=CARTESIAN_POINT('',(0.0955509508884991,0.0473256900662132,0.004));
#6013=CARTESIAN_POINT('',(0.0955509508884991,0.0473256900662132,0.003));
#6014=CARTESIAN_POINT('',(0.0955011426246035,0.0470984129896527,0.004));
#6015=CARTESIAN_POINT('',(0.0955011426246035,0.0470984129896527,0.003));
#6016=CARTESIAN_POINT('',(0.0954855931958674,0.0470975293515617,0.004));
#6017=CARTESIAN_POINT('',(0.0954855931958674,0.0470975293515617,0.003));
#6018=CARTESIAN_POINT('',(0.,0.,0.));
#6019=CARTESIAN_POINT('',(-0.0892430479128571,0.0700793419168133,0.004));
#6020=CARTESIAN_POINT('',(-0.0892430479128571,0.0700793419168133,0.003));
#6021=CARTESIAN_POINT('',(-0.089429108800415,0.0707439809566968,0.004));
#6022=CARTESIAN_POINT('',(-0.089429108800415,0.0707439809566968,0.003));
#6023=CARTESIAN_POINT('',(-0.0901256684787033,0.0725422574655709,0.004));
#6024=CARTESIAN_POINT('',(-0.0901256684787033,0.0725422574655709,0.003));
#6025=CARTESIAN_POINT('',(-0.0891286689348381,0.0729038493740766,0.004));
#6026=CARTESIAN_POINT('',(-0.0891286689348381,0.0729038493740766,0.003));
#6027=CARTESIAN_POINT('',(-0.0877606453800683,0.0732663138372302,0.004));
#6028=CARTESIAN_POINT('',(-0.0877606453800683,0.0732663138372302,0.003));
#6029=CARTESIAN_POINT('',(-0.0892430479128571,0.0700793419168133,0.003));
#6030=CARTESIAN_POINT('',(-0.0894270127443374,0.0707364935114996,0.003));
#6031=CARTESIAN_POINT('',(-0.0901207117669407,0.0725359473271522,0.003));
#6032=CARTESIAN_POINT('',(-0.0891440803097051,0.0728997660557023,0.003));
#6033=CARTESIAN_POINT('',(-0.0877606453800683,0.0732663138372302,0.003));
#6034=CARTESIAN_POINT('',(-0.0892430479128571,0.0700793419168133,0.003));
#6035=CARTESIAN_POINT('',(-0.0877606453800683,0.0732663138372302,0.003));
#6036=CARTESIAN_POINT('',(-0.0877606453800683,0.0732663138372302,0.004));
#6037=CARTESIAN_POINT('',(-0.0877606453800683,0.0732663138372302,0.004));
#6038=CARTESIAN_POINT('',(-0.0892430479128571,0.0700793419168133,0.004));
#6039=CARTESIAN_POINT('',(-0.0894270127443374,0.0707364935114996,0.004));
#6040=CARTESIAN_POINT('',(-0.0901207117669407,0.0725359473271522,0.004));
#6041=CARTESIAN_POINT('',(-0.0891440803097051,0.0728997660557023,0.004));
#6042=CARTESIAN_POINT('',(-0.0877606453800683,0.0732663138372302,0.004));
#6043=CARTESIAN_POINT('',(-0.0892430479128571,0.0700793419168133,0.004));
#6044=CARTESIAN_POINT('',(-0.0892430479128571,0.0700793419168133,0.004));
#6045=CARTESIAN_POINT('',(-0.0877606453800683,0.0732663138372302,0.004));
#6046=CARTESIAN_POINT('',(-0.0877606453800683,0.0732663138372302,0.003));
#6047=CARTESIAN_POINT('',(-0.0898984980030253,0.0741748654106558,0.004));
#6048=CARTESIAN_POINT('',(-0.0898984980030253,0.0741748654106558,0.003));
#6049=CARTESIAN_POINT('',(-0.0922196710271732,0.0726893010511877,0.004));
#6050=CARTESIAN_POINT('',(-0.0922196710271732,0.0726893010511877,0.003));
#6051=CARTESIAN_POINT('',(-0.0935747741111748,0.0709042933600517,0.004));
#6052=CARTESIAN_POINT('',(-0.0935747741111748,0.0709042933600517,0.003));
#6053=CARTESIAN_POINT('',(-0.0877606453800683,0.0732663138372302,0.003));
#6054=CARTESIAN_POINT('',(-0.0898984980030253,0.0741748654106558,0.003));
#6055=CARTESIAN_POINT('',(-0.0922196710271732,0.0726893010511877,0.003));
#6056=CARTESIAN_POINT('',(-0.0935747741111748,0.0709042933600517,0.003));
#6057=CARTESIAN_POINT('',(-0.0935747741111749,0.0709042933600517,0.003));
#6058=CARTESIAN_POINT('',(-0.0935747741111749,0.0709042933600517,0.004));
#6059=CARTESIAN_POINT('',(-0.0935747741111749,0.0709042933600517,0.004));
#6060=CARTESIAN_POINT('',(-0.0877606453800683,0.0732663138372302,0.004));
#6061=CARTESIAN_POINT('',(-0.0898984980030253,0.0741748654106558,0.004));
#6062=CARTESIAN_POINT('',(-0.0922196710271732,0.0726893010511877,0.004));
#6063=CARTESIAN_POINT('',(-0.0935747741111748,0.0709042933600517,0.004));
#6064=CARTESIAN_POINT('',(-0.0916138607195699,0.0694156500350849,0.004));
#6065=CARTESIAN_POINT('',(-0.0916138607195699,0.0694156500350849,0.003));
#6066=CARTESIAN_POINT('',(-0.0940593861186485,0.0696996320781883,0.003));
#6067=CARTESIAN_POINT('',(-0.0940593861186485,0.0696996320781883,0.004));
#6068=CARTESIAN_POINT('',(-0.0940593861186485,0.0696996320781883,0.004));
#6069=CARTESIAN_POINT('',(-0.0916138607195699,0.0694156500350849,0.004));
#6070=CARTESIAN_POINT('',(-0.0912507101893425,0.0561729194192319,0.004));
#6071=CARTESIAN_POINT('',(-0.0912507101893425,0.0561729194192319,0.003));
#6072=CARTESIAN_POINT('',(-0.103875767974211,0.0505632374529735,0.003));
#6073=CARTESIAN_POINT('',(-0.103875767974211,0.0505632374529735,0.004));
#6074=CARTESIAN_POINT('',(-0.103875767974211,0.0505632374529735,0.004));
#6075=CARTESIAN_POINT('',(-0.0912507101893425,0.0561729194192319,0.004));
#6076=CARTESIAN_POINT('',(-0.103875771515586,0.0505632454231397,0.004));
#6077=CARTESIAN_POINT('',(-0.103875771515586,0.0505632454231397,0.003));
#6078=CARTESIAN_POINT('',(-0.104325851170432,0.0500390513291473,0.004));
#6079=CARTESIAN_POINT('',(-0.104325851170432,0.0500390513291473,0.003));
#6080=CARTESIAN_POINT('',(-0.10543372474036,0.0484692686029345,0.004));
#6081=CARTESIAN_POINT('',(-0.10543372474036,0.0484692686029345,0.003));
#6082=CARTESIAN_POINT('',(-0.106287245917299,0.0491005139140919,0.004));
#6083=CARTESIAN_POINT('',(-0.106287245917299,0.0491005139140919,0.003));
#6084=CARTESIAN_POINT('',(-0.107345193308525,0.0500366502722178,0.004));
#6085=CARTESIAN_POINT('',(-0.107345193308525,0.0500366502722178,0.003));
#6086=CARTESIAN_POINT('',(-0.103875771515586,0.0505632454231397,0.003));
#6087=CARTESIAN_POINT('',(-0.104319953098048,0.050045920634784,0.003));
#6088=CARTESIAN_POINT('',(-0.105430826302984,0.0484780553137345,0.003));
#6089=CARTESIAN_POINT('',(-0.106273382037371,0.0490882463078076,0.003));
#6090=CARTESIAN_POINT('',(-0.107345193308525,0.0500366502722178,0.003));
#6091=CARTESIAN_POINT('',(-0.107345193308525,0.0500366502722178,0.003));
#6092=CARTESIAN_POINT('',(-0.107345193308525,0.0500366502722178,0.004));
#6093=CARTESIAN_POINT('',(-0.107345193308525,0.0500366502722178,0.004));
#6094=CARTESIAN_POINT('',(-0.103875771515586,0.0505632454231397,0.004));
#6095=CARTESIAN_POINT('',(-0.104319953098048,0.050045920634784,0.004));
#6096=CARTESIAN_POINT('',(-0.105430826302984,0.0484780553137345,0.004));
#6097=CARTESIAN_POINT('',(-0.106273382037371,0.0490882463078076,0.004));
#6098=CARTESIAN_POINT('',(-0.107345193308525,0.0500366502722178,0.004));
#6099=CARTESIAN_POINT('',(-0.107345193308525,0.0500366502722178,0.004));
#6100=CARTESIAN_POINT('',(-0.107345193308525,0.0500366502722178,0.003));
#6101=CARTESIAN_POINT('',(-0.106916650834907,0.0477536191407254,0.004));
#6102=CARTESIAN_POINT('',(-0.106916650834907,0.0477536191407254,0.003));
#6103=CARTESIAN_POINT('',(-0.104393693572877,0.0466448214458668,0.004));
#6104=CARTESIAN_POINT('',(-0.104393693572877,0.0466448214458668,0.003));
#6105=CARTESIAN_POINT('',(-0.102156883938769,0.0465061149700024,0.004));
#6106=CARTESIAN_POINT('',(-0.102156883938769,0.0465061149700024,0.003));
#6107=CARTESIAN_POINT('',(-0.107345193308525,0.0500366502722178,0.003));
#6108=CARTESIAN_POINT('',(-0.106916650834907,0.0477536191407254,0.003));
#6109=CARTESIAN_POINT('',(-0.104393693572877,0.0466448214458668,0.003));
#6110=CARTESIAN_POINT('',(-0.102156883938769,0.0465061149700024,0.003));
#6111=CARTESIAN_POINT('',(-0.102156883938769,0.0465061149700023,0.003));
#6112=CARTESIAN_POINT('',(-0.102156883938769,0.0465061149700023,0.004));
#6113=CARTESIAN_POINT('',(-0.102156883938769,0.0465061149700023,0.004));
#6114=CARTESIAN_POINT('',(-0.107345193308525,0.0500366502722178,0.004));
#6115=CARTESIAN_POINT('',(-0.106916650834907,0.0477536191407254,0.004));
#6116=CARTESIAN_POINT('',(-0.104393693572877,0.0466448214458668,0.004));
#6117=CARTESIAN_POINT('',(-0.102156883938769,0.0465061149700024,0.004));
#6118=CARTESIAN_POINT('',(-0.102004508468694,0.04896335366302,0.004));
#6119=CARTESIAN_POINT('',(-0.102004508468694,0.04896335366302,0.003));
#6120=CARTESIAN_POINT('',(-0.101235263281469,0.0466246569917357,0.003));
#6121=CARTESIAN_POINT('',(-0.101235263281469,0.0466246569917357,0.004));
#6122=CARTESIAN_POINT('',(-0.101235263281469,0.0466246569917357,0.004));
#6123=CARTESIAN_POINT('',(-0.102004508468694,0.04896335366302,0.004));
#6124=CARTESIAN_POINT('',(-0.0912507101893425,0.0561729194192319,0.004));
#6125=CARTESIAN_POINT('',(-0.0912507101893425,0.0561729194192319,0.003));
#6126=CARTESIAN_POINT('',(-0.0801069258326451,0.0480073400738787,0.003));
#6127=CARTESIAN_POINT('',(-0.0801069258326451,0.0480073400738787,0.004));
#6128=CARTESIAN_POINT('',(-0.0801069258326451,0.0480073400738787,0.004));
#6129=CARTESIAN_POINT('',(-0.0912507101893425,0.0561729194192319,0.004));
#6130=CARTESIAN_POINT('',(-0.0801069258326451,0.0480073400738788,0.004));
#6131=CARTESIAN_POINT('',(-0.0801069258326451,0.0480073400738788,0.003));
#6132=CARTESIAN_POINT('',(-0.0797857805523829,0.0478856940531547,0.004));
#6133=CARTESIAN_POINT('',(-0.0797857805523829,0.0478856940531547,0.003));
#6134=CARTESIAN_POINT('',(-0.0791025054741162,0.047624051201792,0.004));
#6135=CARTESIAN_POINT('',(-0.0791025054741162,0.047624051201792,0.003));
#6136=CARTESIAN_POINT('',(-0.0782086465220554,0.0470001564949498,0.004));
#6137=CARTESIAN_POINT('',(-0.0782086465220554,0.0470001564949498,0.003));
#6138=CARTESIAN_POINT('',(-0.0784981743393429,0.0462157449207449,0.004));
#6139=CARTESIAN_POINT('',(-0.0784981743393429,0.0462157449207449,0.003));
#6140=CARTESIAN_POINT('',(-0.0789888877595087,0.0450659656719995,0.004));
#6141=CARTESIAN_POINT('',(-0.0789888877595087,0.0450659656719995,0.003));
#6142=CARTESIAN_POINT('',(-0.0801069258326451,0.0480073400738788,0.003));
#6143=CARTESIAN_POINT('',(-0.0795576579398704,0.047799283914956,0.003));
#6144=CARTESIAN_POINT('',(-0.0781499587511941,0.0472601654551813,0.003));
#6145=CARTESIAN_POINT('',(-0.0784271045241379,0.0463822669586123,0.003));
#6146=CARTESIAN_POINT('',(-0.0789888877595087,0.0450659656719995,0.003));
#6147=CARTESIAN_POINT('',(-0.0789888877595087,0.0450659656719995,0.003));
#6148=CARTESIAN_POINT('',(-0.0789888877595087,0.0450659656719995,0.004));
#6149=CARTESIAN_POINT('',(-0.0789888877595087,0.0450659656719995,0.004));
#6150=CARTESIAN_POINT('',(-0.0801069258326451,0.0480073400738788,0.004));
#6151=CARTESIAN_POINT('',(-0.0795576579398704,0.047799283914956,0.004));
#6152=CARTESIAN_POINT('',(-0.0781499587511941,0.0472601654551813,0.004));
#6153=CARTESIAN_POINT('',(-0.0784271045241379,0.0463822669586123,0.004));
#6154=CARTESIAN_POINT('',(-0.0789888877595087,0.0450659656719995,0.004));
#6155=CARTESIAN_POINT('',(-0.0789888877595088,0.0450659656719995,0.004));
#6156=CARTESIAN_POINT('',(-0.0789888877595088,0.0450659656719995,0.003));
#6157=CARTESIAN_POINT('',(-0.076957687756026,0.0461929556208942,0.004));
#6158=CARTESIAN_POINT('',(-0.076957687756026,0.0461929556208942,0.003));
#6159=CARTESIAN_POINT('',(-0.0767015665769581,0.0489368848502634,0.004));
#6160=CARTESIAN_POINT('',(-0.0767015665769581,0.0489368848502634,0.003));
#6161=CARTESIAN_POINT('',(-0.0772756991820447,0.0511032016732285,0.004));
#6162=CARTESIAN_POINT('',(-0.0772756991820447,0.0511032016732285,0.003));
#6163=CARTESIAN_POINT('',(-0.0789888877595088,0.0450659656719995,0.003));
#6164=CARTESIAN_POINT('',(-0.076957687756026,0.0461929556208942,0.003));
#6165=CARTESIAN_POINT('',(-0.0767015665769581,0.0489368848502634,0.003));
#6166=CARTESIAN_POINT('',(-0.0772756991820447,0.0511032016732285,0.003));
#6167=CARTESIAN_POINT('',(-0.0772756991820446,0.0511032016732286,0.003));
#6168=CARTESIAN_POINT('',(-0.0772756991820446,0.0511032016732286,0.004));
#6169=CARTESIAN_POINT('',(-0.0772756991820446,0.0511032016732286,0.004));
#6170=CARTESIAN_POINT('',(-0.0789888877595088,0.0450659656719995,0.004));
#6171=CARTESIAN_POINT('',(-0.076957687756026,0.0461929556208942,0.004));
#6172=CARTESIAN_POINT('',(-0.0767015665769581,0.0489368848502634,0.004));
#6173=CARTESIAN_POINT('',(-0.0772756991820447,0.0511032016732285,0.004));
#6174=CARTESIAN_POINT('',(-0.0796554982662201,0.0504724904894829,0.004));
#6175=CARTESIAN_POINT('',(-0.0796554982662201,0.0504724904894829,0.003));
#6176=CARTESIAN_POINT('',(-0.077992885693321,0.0522882436970479,0.003));
#6177=CARTESIAN_POINT('',(-0.077992885693321,0.0522882436970479,0.004));
#6178=CARTESIAN_POINT('',(-0.077992885693321,0.0522882436970479,0.004));
#6179=CARTESIAN_POINT('',(-0.0796554982662201,0.0504724904894829,0.004));
#6180=CARTESIAN_POINT('',(-0.0912507101893425,0.0561729194192319,0.004));
#6181=CARTESIAN_POINT('',(-0.0912507101893425,0.0561729194192319,0.003));
#6182=CARTESIAN_POINT('',(-0.0891875739970832,0.0698332299898603,0.003));
#6183=CARTESIAN_POINT('',(-0.0891875739970832,0.0698332299898603,0.004));
#6184=CARTESIAN_POINT('',(-0.0891875739970832,0.0698332299898603,0.004));
#6185=CARTESIAN_POINT('',(-0.0912507101893425,0.0561729194192319,0.004));
#6186=CARTESIAN_POINT('',(-0.0916138607195697,0.0694156500350849,0.004));
#6187=CARTESIAN_POINT('',(-0.0916138607195697,0.0694156500350849,0.003));
#6188=CARTESIAN_POINT('',(-0.0940652062060475,0.0691872959585512,0.003));
#6189=CARTESIAN_POINT('',(-0.0891536845613923,0.0693219828098675,0.003));
#6190=CARTESIAN_POINT('',(-0.0891536845613923,0.0693219828098675,0.004));
#6191=CARTESIAN_POINT('',(-0.0891536845613923,0.0693219828098675,0.004));
#6192=CARTESIAN_POINT('',(-0.0916138607195697,0.0694156500350849,0.004));
#6193=CARTESIAN_POINT('',(-0.0940652062060475,0.0691872959585512,0.004));
#6194=CARTESIAN_POINT('',(-0.0940652062060475,0.0691872959585512,0.004));
#6195=CARTESIAN_POINT('',(-0.0912507101893425,0.0561729194192319,0.004));
#6196=CARTESIAN_POINT('',(-0.0912507101893425,0.0561729194192319,0.003));
#6197=CARTESIAN_POINT('',(-0.0784227940683556,0.0526036124097192,0.003));
#6198=CARTESIAN_POINT('',(-0.0784227940683556,0.0526036124097192,0.004));
#6199=CARTESIAN_POINT('',(-0.0784227940683556,0.0526036124097192,0.004));
#6200=CARTESIAN_POINT('',(-0.0912507101893425,0.0561729194192319,0.004));
#6201=CARTESIAN_POINT('',(-0.0796554982662201,0.0504724904894829,0.004));
#6202=CARTESIAN_POINT('',(-0.0796554982662201,0.0504724904894829,0.003));
#6203=CARTESIAN_POINT('',(-0.0805902153586503,0.0481948723837717,0.003));
#6204=CARTESIAN_POINT('',(-0.0805902153586503,0.0481948723837717,0.004));
#6205=CARTESIAN_POINT('',(-0.0805902153586503,0.0481948723837717,0.004));
#6206=CARTESIAN_POINT('',(-0.0796554982662201,0.0504724904894829,0.004));
#6207=CARTESIAN_POINT('',(-0.0912507101893425,0.0561729194192319,0.004));
#6208=CARTESIAN_POINT('',(-0.0912507101893425,0.0561729194192319,0.003));
#6209=CARTESIAN_POINT('',(-0.100751620548092,0.0468440348722867,0.003));
#6210=CARTESIAN_POINT('',(-0.100751620548092,0.0468440348722867,0.004));
#6211=CARTESIAN_POINT('',(-0.100751620548092,0.0468440348722867,0.004));
#6212=CARTESIAN_POINT('',(-0.0912507101893425,0.0561729194192319,0.004));
#6213=CARTESIAN_POINT('',(-0.102004508468694,0.0489633536630201,0.004));
#6214=CARTESIAN_POINT('',(-0.102004508468694,0.0489633536630201,0.003));
#6215=CARTESIAN_POINT('',(-0.103489132658019,0.0509273117315168,0.003));
#6216=CARTESIAN_POINT('',(-0.103489132658019,0.0509273117315168,0.004));
#6217=CARTESIAN_POINT('',(-0.103489132658019,0.0509273117315168,0.004));
#6218=CARTESIAN_POINT('',(-0.102004508468694,0.0489633536630201,0.004));
#6219=CARTESIAN_POINT('',(-0.0912507101893425,0.0561729194192319,0.004));
#6220=CARTESIAN_POINT('',(-0.0912507101893425,0.0561729194192319,0.003));
#6221=CARTESIAN_POINT('',(-0.0912507101893425,0.0561729194192319,0.004));
#6222=CARTESIAN_POINT('',(-0.0916138607195666,0.0694156500350855,0.004));
#6223=CARTESIAN_POINT('',(-0.0916138607195666,0.0694156500350855,0.003));
#6224=CARTESIAN_POINT('',(-0.0916138607195666,0.0694156500350855,0.004));
#6225=CARTESIAN_POINT('',(-0.0126939550335437,-0.00618580145407387,0.004));
#6226=CARTESIAN_POINT('',(-0.0126939550335437,-0.00618580145407387,0.003));
#6227=CARTESIAN_POINT('',(0.,0.,0.));
#6228=CARTESIAN_POINT('',(-0.0309789901893425,-0.0568823005807681,0.004));
#6229=CARTESIAN_POINT('',(-0.0309789901893425,-0.0568823005807681,0.003));
#6230=CARTESIAN_POINT('',(-0.0288767522395138,-0.0667417720774722,0.003));
#6231=CARTESIAN_POINT('',(-0.0213918554823564,-0.0537653420147741,0.003));
#6232=CARTESIAN_POINT('',(-0.0213918554823564,-0.0537653420147741,0.004));
#6233=CARTESIAN_POINT('',(-0.0213918554823564,-0.0537653420147741,0.004));
#6234=CARTESIAN_POINT('',(-0.0309789901893425,-0.0568823005807681,0.004));
#6235=CARTESIAN_POINT('',(-0.0288767522395138,-0.0667417720774722,0.004));
#6236=CARTESIAN_POINT('',(-0.0288767522395138,-0.0667417720774722,0.004));
#6237=CARTESIAN_POINT('',(-0.0309789901893425,-0.0568823005807681,0.004));
#6238=CARTESIAN_POINT('',(-0.0309789901893425,-0.0568823005807681,0.003));
#6239=CARTESIAN_POINT('',(-0.0234915563802226,-0.0501319733630646,0.003));
#6240=CARTESIAN_POINT('',(-0.0384719228435299,-0.0501380776580117,0.003));
#6241=CARTESIAN_POINT('',(-0.0384719228435299,-0.0501380776580117,0.004));
#6242=CARTESIAN_POINT('',(-0.0384719228435299,-0.0501380776580117,0.004));
#6243=CARTESIAN_POINT('',(-0.0309789901893425,-0.0568823005807681,0.004));
#6244=CARTESIAN_POINT('',(-0.0234915563802226,-0.0501319733630646,0.004));
#6245=CARTESIAN_POINT('',(-0.0234915563802226,-0.0501319733630646,0.004));
#6246=CARTESIAN_POINT('',(-0.0399876315405176,-0.062088337772925,0.004));
#6247=CARTESIAN_POINT('',(-0.0399876315405176,-0.062088337772925,0.003));
#6248=CARTESIAN_POINT('',(-0.0405686619482912,-0.0537731563017674,0.003));
#6249=CARTESIAN_POINT('',(-0.0330731922421412,-0.0667434820695185,0.003));
#6250=CARTESIAN_POINT('',(-0.0405686619482912,-0.0537731563017674,0.004));
#6251=CARTESIAN_POINT('',(-0.0405686619482912,-0.0537731563017674,0.004));
#6252=CARTESIAN_POINT('',(-0.0399876315405176,-0.062088337772925,0.004));
#6253=CARTESIAN_POINT('',(-0.0330731922421412,-0.0667434820695185,0.004));
#6254=CARTESIAN_POINT('',(-0.0330731922421412,-0.0667434820695185,0.004));
#6255=CARTESIAN_POINT('',(-0.0309832299752095,-0.046477569720989,0.004));
#6256=CARTESIAN_POINT('',(-0.0309832299752095,-0.046477569720989,0.003));
#6257=CARTESIAN_POINT('',(-0.0279424297462665,-0.0542385859689233,0.003));
#6258=CARTESIAN_POINT('',(-0.0238250116680069,-0.0507483717416251,0.003));
#6259=CARTESIAN_POINT('',(-0.0279424297462665,-0.0542385859689233,0.004));
#6260=CARTESIAN_POINT('',(-0.0279424297462665,-0.0542385859689233,0.004));
#6261=CARTESIAN_POINT('',(-0.0309832299752095,-0.046477569720989,0.004));
#6262=CARTESIAN_POINT('',(-0.0238250116680069,-0.0507483717416251,0.004));
#6263=CARTESIAN_POINT('',(-0.0238250116680069,-0.0507483717416251,0.004));
#6264=CARTESIAN_POINT('',(-0.0309789901893425,-0.0568823005807681,0.004));
#6265=CARTESIAN_POINT('',(-0.0309789901893425,-0.0568823005807681,0.003));
#6266=CARTESIAN_POINT('',(-0.0340177041789176,-0.0542410615603658,0.003));
#6267=CARTESIAN_POINT('',(-0.0340177041789176,-0.0542410615603658,0.004));
#6268=CARTESIAN_POINT('',(-0.0340177041789176,-0.0542410615603658,0.004));
#6269=CARTESIAN_POINT('',(-0.0309789901893425,-0.0568823005807681,0.004));
#6270=CARTESIAN_POINT('',(-0.0309832299752094,-0.046477569720989,0.004));
#6271=CARTESIAN_POINT('',(-0.0309832299752094,-0.046477569720989,0.003));
#6272=CARTESIAN_POINT('',(-0.0381379653187075,-0.050754204074957,0.003));
#6273=CARTESIAN_POINT('',(-0.0381379653187075,-0.050754204074957,0.004));
#6274=CARTESIAN_POINT('',(-0.0381379653187075,-0.050754204074957,0.004));
#6275=CARTESIAN_POINT('',(-0.0309832299752094,-0.046477569720989,0.004));
#6276=CARTESIAN_POINT('',(-0.0219661090523004,-0.0620809942483902,0.004));
#6277=CARTESIAN_POINT('',(-0.0219661090523004,-0.0620809942483902,0.003));
#6278=CARTESIAN_POINT('',(-0.0302077463966668,-0.0608338963705212,0.003));
#6279=CARTESIAN_POINT('',(-0.0292438412503065,-0.0661447921379444,0.003));
#6280=CARTESIAN_POINT('',(-0.0302077463966668,-0.0608338963705212,0.004));
#6281=CARTESIAN_POINT('',(-0.0302077463966668,-0.0608338963705212,0.004));
#6282=CARTESIAN_POINT('',(-0.0219661090523004,-0.0620809942483902,0.004));
#6283=CARTESIAN_POINT('',(-0.0292438412503065,-0.0661447921379444,0.004));
#6284=CARTESIAN_POINT('',(-0.0292438412503065,-0.0661447921379444,0.004));
#6285=CARTESIAN_POINT('',(-0.0309789901893425,-0.0568823005807681,0.004));
#6286=CARTESIAN_POINT('',(-0.0309789901893425,-0.0568823005807681,0.003));
#6287=CARTESIAN_POINT('',(-0.0271722531054198,-0.055571316581162,0.003));
#6288=CARTESIAN_POINT('',(-0.0271722531054198,-0.055571316581162,0.004));
#6289=CARTESIAN_POINT('',(-0.0271722531054198,-0.055571316581162,0.004));
#6290=CARTESIAN_POINT('',(-0.0309789901893425,-0.0568823005807681,0.004));
#6291=CARTESIAN_POINT('',(-0.0219661090523005,-0.0620809942483902,0.004));
#6292=CARTESIAN_POINT('',(-0.0219661090523005,-0.0620809942483902,0.003));
#6293=CARTESIAN_POINT('',(-0.022092415373785,-0.0537464945065826,0.003));
#6294=CARTESIAN_POINT('',(-0.022092415373785,-0.0537464945065826,0.004));
#6295=CARTESIAN_POINT('',(-0.022092415373785,-0.0537464945065826,0.004));
#6296=CARTESIAN_POINT('',(-0.0219661090523005,-0.0620809942483902,0.004));
#6297=CARTESIAN_POINT('',(-0.0399876315405176,-0.0620883377729249,0.004));
#6298=CARTESIAN_POINT('',(-0.0399876315405176,-0.0620883377729249,0.003));
#6299=CARTESIAN_POINT('',(-0.0347867944250942,-0.0555744194028597,0.003));
#6300=CARTESIAN_POINT('',(-0.0398681176497141,-0.0537537378627347,0.003));
#6301=CARTESIAN_POINT('',(-0.0347867944250942,-0.0555744194028597,0.004));
#6302=CARTESIAN_POINT('',(-0.0347867944250942,-0.0555744194028597,0.004));
#6303=CARTESIAN_POINT('',(-0.0399876315405176,-0.0620883377729249,0.004));
#6304=CARTESIAN_POINT('',(-0.0398681176497141,-0.0537537378627347,0.004));
#6305=CARTESIAN_POINT('',(-0.0398681176497141,-0.0537537378627347,0.004));
#6306=CARTESIAN_POINT('',(-0.0309789901893425,-0.0568823005807681,0.004));
#6307=CARTESIAN_POINT('',(-0.0309789901893425,-0.0568823005807681,0.003));
#6308=CARTESIAN_POINT('',(-0.0317470132836901,-0.0608345236007765,0.003));
#6309=CARTESIAN_POINT('',(-0.0317470132836901,-0.0608345236007765,0.004));
#6310=CARTESIAN_POINT('',(-0.0317470132836901,-0.0608345236007765,0.004));
#6311=CARTESIAN_POINT('',(-0.0309789901893425,-0.0568823005807681,0.004));
#6312=CARTESIAN_POINT('',(-0.0399876315405176,-0.062088337772925,0.004));
#6313=CARTESIAN_POINT('',(-0.0399876315405176,-0.062088337772925,0.003));
#6314=CARTESIAN_POINT('',(-0.032706589875535,-0.0661462031607647,0.003));
#6315=CARTESIAN_POINT('',(-0.032706589875535,-0.0661462031607647,0.004));
#6316=CARTESIAN_POINT('',(-0.032706589875535,-0.0661462031607647,0.004));
#6317=CARTESIAN_POINT('',(-0.0399876315405176,-0.062088337772925,0.004));
#6318=CARTESIAN_POINT('',(-0.0219661090523004,-0.0620809942483902,0.004));
#6319=CARTESIAN_POINT('',(-0.0219661090523004,-0.0620809942483902,0.003));
#6320=CARTESIAN_POINT('',(-0.0219661090523004,-0.0620809942483902,0.004));
#6321=CARTESIAN_POINT('',(-0.0309832299752094,-0.046477569720989,0.004));
#6322=CARTESIAN_POINT('',(-0.0309832299752094,-0.046477569720989,0.003));
#6323=CARTESIAN_POINT('',(-0.0309832299752094,-0.046477569720989,0.004));
#6324=CARTESIAN_POINT('',(-0.0309789901893425,-0.0568823005807681,0.004));
#6325=CARTESIAN_POINT('',(-0.0309789901893425,-0.0568823005807681,0.003));
#6326=CARTESIAN_POINT('',(-0.0309789901893425,-0.0568823005807681,0.004));
#6327=CARTESIAN_POINT('',(-0.0309789901893425,-0.0568823005807681,0.004));
#6328=CARTESIAN_POINT('',(-0.0309789901893425,-0.0568823005807681,0.003));
#6329=CARTESIAN_POINT('',(-0.0309789901893425,-0.0568823005807681,0.004));
#6330=CARTESIAN_POINT('',(-0.0309789901893425,-0.0568823005807681,0.004));
#6331=CARTESIAN_POINT('',(-0.0309789901893425,-0.0568823005807681,0.003));
#6332=CARTESIAN_POINT('',(-0.0309789901893425,-0.0568823005807681,0.004));
#6333=CARTESIAN_POINT('',(-0.0309789901893425,-0.0568823005807681,0.004));
#6334=CARTESIAN_POINT('',(-0.0309789901893425,-0.0568823005807681,0.003));
#6335=CARTESIAN_POINT('',(-0.0309789901893425,-0.0568823005807681,0.004));
#6336=CARTESIAN_POINT('',(-0.0309789901893425,-0.0568823005807681,0.004));
#6337=CARTESIAN_POINT('',(-0.0309789901893425,-0.0568823005807681,0.004));
#6338=CARTESIAN_POINT('',(-0.0108416235958782,-0.0568823005807681,0.004));
#6339=CARTESIAN_POINT('',(-0.0309789901893425,-0.0568823005807681,0.003));
#6340=CARTESIAN_POINT('',(-0.0108416235958782,-0.0568823005807681,0.003));
#6341=CARTESIAN_POINT('',(-0.0309789901893425,-0.0528823005807681,0.004));
#6342=CARTESIAN_POINT('',(-0.0309789901893425,-0.0528823005807681,0.003));
#6343=CARTESIAN_POINT('',(0.,0.,0.));
#6344=CARTESIAN_POINT('',(0.0993986470678607,-0.0649373387421317,0.004));
#6345=CARTESIAN_POINT('',(0.0993986470678607,-0.0649373387421317,0.003));
#6346=CARTESIAN_POINT('',(0.0975192630468915,-0.0647878753685912,0.003));
#6347=CARTESIAN_POINT('',(0.10127803108883,-0.0650868021156721,0.003));
#6348=CARTESIAN_POINT('',(0.10127803108883,-0.0650868021156721,0.004));
#6349=CARTESIAN_POINT('',(0.10127803108883,-0.0650868021156721,0.004));
#6350=CARTESIAN_POINT('',(0.0993986470678607,-0.0649373387421317,0.004));
#6351=CARTESIAN_POINT('',(0.0975192630468915,-0.0647878753685912,0.004));
#6352=CARTESIAN_POINT('',(0.0975192630468915,-0.0647878753685912,0.004));
#6353=CARTESIAN_POINT('',(0.0895644498106575,-0.0568823005807681,0.004));
#6354=CARTESIAN_POINT('',(0.0895644498106575,-0.0568823005807681,0.003));
#6355=CARTESIAN_POINT('',(0.077919105221465,-0.0651833716680171,0.003));
#6356=CARTESIAN_POINT('',(0.077919105221465,-0.0651833716680171,0.004));
#6357=CARTESIAN_POINT('',(0.077919105221465,-0.0651833716680171,0.004));
#6358=CARTESIAN_POINT('',(0.0895644498106575,-0.0568823005807681,0.004));
#6359=CARTESIAN_POINT('',(0.0797846504687053,-0.0650059252397273,0.004));
#6360=CARTESIAN_POINT('',(0.0797846504687053,-0.0650059252397273,0.003));
#6361=CARTESIAN_POINT('',(0.0816501957159456,-0.0648284788114375,0.003));
#6362=CARTESIAN_POINT('',(0.0816501957159456,-0.0648284788114375,0.004));
#6363=CARTESIAN_POINT('',(0.0816501957159456,-0.0648284788114375,0.004));
#6364=CARTESIAN_POINT('',(0.0797846504687053,-0.0650059252397273,0.004));
#6365=CARTESIAN_POINT('',(0.0895644498106575,-0.0568823005807681,0.004));
#6366=CARTESIAN_POINT('',(0.0895644498106575,-0.0568823005807681,0.003));
#6367=CARTESIAN_POINT('',(0.0774173325438954,-0.0652310991458577,0.003));
#6368=CARTESIAN_POINT('',(0.101782514438657,-0.0651269225926576,0.003));
#6369=CARTESIAN_POINT('',(0.101782514438657,-0.0651269225926576,0.004));
#6370=CARTESIAN_POINT('',(0.101782514438657,-0.0651269225926576,0.004));
#6371=CARTESIAN_POINT('',(0.0895644498106575,-0.0568823005807681,0.004));
#6372=CARTESIAN_POINT('',(0.0774173325438954,-0.0652310991458577,0.004));
#6373=CARTESIAN_POINT('',(0.0774173325438954,-0.0652310991458577,0.004));
#6374=CARTESIAN_POINT('',(0.103110849254145,-0.065232562206754,0.004));
#6375=CARTESIAN_POINT('',(0.103110849254145,-0.065232562206754,0.003));
#6376=CARTESIAN_POINT('',(0.104439184069633,-0.0653382018208504,0.003));
#6377=CARTESIAN_POINT('',(0.104439184069633,-0.0653382018208504,0.004));
#6378=CARTESIAN_POINT('',(0.104439184069633,-0.0653382018208504,0.004));
#6379=CARTESIAN_POINT('',(0.103110849254145,-0.065232562206754,0.004));
#6380=CARTESIAN_POINT('',(0.103663914064994,-0.0642614709237606,0.004));
#6381=CARTESIAN_POINT('',(0.103663914064994,-0.0642614709237606,0.003));
#6382=CARTESIAN_POINT('',(0.102888644060354,-0.0631847400266709,0.003));
#6383=CARTESIAN_POINT('',(0.102888644060354,-0.0631847400266709,0.004));
#6384=CARTESIAN_POINT('',(0.102888644060354,-0.0631847400266709,0.004));
#6385=CARTESIAN_POINT('',(0.103663914064994,-0.0642614709237606,0.004));
#6386=CARTESIAN_POINT('',(0.0895644498106575,-0.0568823005807681,0.004));
#6387=CARTESIAN_POINT('',(0.0895644498106575,-0.0568823005807681,0.003));
#6388=CARTESIAN_POINT('',(0.0907992555733777,-0.0421945454731533,0.003));
#6389=CARTESIAN_POINT('',(0.0907992555733777,-0.0421945454731533,0.004));
#6390=CARTESIAN_POINT('',(0.0907992555733777,-0.0421945454731533,0.004));
#6391=CARTESIAN_POINT('',(0.0895644498106575,-0.0568823005807681,0.004));
#6392=CARTESIAN_POINT('',(0.0902157492456961,-0.0409502145923649,0.004));
#6393=CARTESIAN_POINT('',(0.0902157492456961,-0.0409502145923649,0.003));
#6394=CARTESIAN_POINT('',(0.0896322429180145,-0.0397058837115764,0.003));
#6395=CARTESIAN_POINT('',(0.0896322429180145,-0.0397058837115764,0.004));
#6396=CARTESIAN_POINT('',(0.0896322429180145,-0.0397058837115764,0.004));
#6397=CARTESIAN_POINT('',(0.0902157492456961,-0.0409502145923649,0.004));
#6398=CARTESIAN_POINT('',(0.0890592098641514,-0.0409440543450861,0.004));
#6399=CARTESIAN_POINT('',(0.0890592098641514,-0.0409440543450861,0.003));
#6400=CARTESIAN_POINT('',(0.0884861768102882,-0.0421822249785957,0.003));
#6401=CARTESIAN_POINT('',(0.0884861768102882,-0.0421822249785957,0.004));
#6402=CARTESIAN_POINT('',(0.0884861768102882,-0.0421822249785957,0.004));
#6403=CARTESIAN_POINT('',(0.0890592098641514,-0.0409440543450861,0.004));
#6404=CARTESIAN_POINT('',(0.0895644498106575,-0.0568823005807681,0.004));
#6405=CARTESIAN_POINT('',(0.0895644498106575,-0.0568823005807681,0.003));
#6406=CARTESIAN_POINT('',(0.076302871008253,-0.0633154509008312,0.003));
#6407=CARTESIAN_POINT('',(0.076302871008253,-0.0633154509008312,0.004));
#6408=CARTESIAN_POINT('',(0.076302871008253,-0.0633154509008312,0.004));
#6409=CARTESIAN_POINT('',(0.0895644498106575,-0.0568823005807681,0.004));
#6410=CARTESIAN_POINT('',(0.0755538269378423,-0.064397524920125,0.004));
#6411=CARTESIAN_POINT('',(0.0755538269378423,-0.064397524920125,0.003));
#6412=CARTESIAN_POINT('',(0.0748047828674316,-0.0654795989394188,0.003));
#6413=CARTESIAN_POINT('',(0.0748047828674316,-0.0654795989394188,0.004));
#6414=CARTESIAN_POINT('',(0.0748047828674316,-0.0654795989394188,0.004));
#6415=CARTESIAN_POINT('',(0.0755538269378423,-0.064397524920125,0.004));
#6416=CARTESIAN_POINT('',(0.0918214278415103,-0.0443743342061677,0.004));
#6417=CARTESIAN_POINT('',(0.0918214278415103,-0.0443743342061677,0.003));
#6418=CARTESIAN_POINT('',(0.0910151576227697,-0.0426549579392039,0.003));
#6419=CARTESIAN_POINT('',(0.0926276980602509,-0.0460937104731317,0.003));
#6420=CARTESIAN_POINT('',(0.0910151576227697,-0.0426549579392039,0.004));
#6421=CARTESIAN_POINT('',(0.0910151576227697,-0.0426549579392039,0.004));
#6422=CARTESIAN_POINT('',(0.0918214278415103,-0.0443743342061677,0.004));
#6423=CARTESIAN_POINT('',(0.0926276980602509,-0.0460937104731317,0.004));
#6424=CARTESIAN_POINT('',(0.0926276980602509,-0.0460937104731317,0.004));
#6425=CARTESIAN_POINT('',(0.0895644498106575,-0.0568823005807681,0.004));
#6426=CARTESIAN_POINT('',(0.0895644498106575,-0.0568823005807681,0.003));
#6427=CARTESIAN_POINT('',(0.102594531768775,-0.062776263251275,0.003));
#6428=CARTESIAN_POINT('',(0.102594531768775,-0.062776263251275,0.004));
#6429=CARTESIAN_POINT('',(0.102594531768775,-0.062776263251275,0.004));
#6430=CARTESIAN_POINT('',(0.0895644498106575,-0.0568823005807681,0.004));
#6431=CARTESIAN_POINT('',(0.101501788373976,-0.0612586106028687,0.004));
#6432=CARTESIAN_POINT('',(0.101501788373976,-0.0612586106028687,0.003));
#6433=CARTESIAN_POINT('',(0.100409044979176,-0.0597409579544624,0.003));
#6434=CARTESIAN_POINT('',(0.100409044979176,-0.0597409579544624,0.004));
#6435=CARTESIAN_POINT('',(0.100409044979176,-0.0597409579544624,0.004));
#6436=CARTESIAN_POINT('',(0.101501788373976,-0.0612586106028687,0.004));
#6437=CARTESIAN_POINT('',(0.0895644498106575,-0.0568823005807681,0.004));
#6438=CARTESIAN_POINT('',(0.0895644498106575,-0.0568823005807681,0.003));
#6439=CARTESIAN_POINT('',(0.0882745575110099,-0.0426394774879994,0.003));
#6440=CARTESIAN_POINT('',(0.0765908121847377,-0.0628994891724538,0.003));
#6441=CARTESIAN_POINT('',(0.0882745575110099,-0.0426394774879994,0.004));
#6442=CARTESIAN_POINT('',(0.0882745575110099,-0.0426394774879994,0.004));
#6443=CARTESIAN_POINT('',(0.0895644498106575,-0.0568823005807681,0.004));
#6444=CARTESIAN_POINT('',(0.0765908121847377,-0.0628994891724538,0.004));
#6445=CARTESIAN_POINT('',(0.0765908121847377,-0.0628994891724538,0.004));
#6446=CARTESIAN_POINT('',(0.0874879219280411,-0.0443391858582922,0.004));
#6447=CARTESIAN_POINT('',(0.0874879219280411,-0.0443391858582922,0.003));
#6448=CARTESIAN_POINT('',(0.0867012863450722,-0.046038894228585,0.003));
#6449=CARTESIAN_POINT('',(0.0867012863450722,-0.046038894228585,0.004));
#6450=CARTESIAN_POINT('',(0.0867012863450722,-0.046038894228585,0.004));
#6451=CARTESIAN_POINT('',(0.0874879219280411,-0.0443391858582922,0.004));
#6452=CARTESIAN_POINT('',(0.0895644498106575,-0.0568823005807681,0.004));
#6453=CARTESIAN_POINT('',(0.0895644498106575,-0.0568823005807681,0.003));
#6454=CARTESIAN_POINT('',(0.0787358092580849,-0.0598008122104192,0.003));
#6455=CARTESIAN_POINT('',(0.0787358092580849,-0.0598008122104192,0.004));
#6456=CARTESIAN_POINT('',(0.0787358092580849,-0.0598008122104192,0.004));
#6457=CARTESIAN_POINT('',(0.0895644498106575,-0.0568823005807681,0.004));
#6458=CARTESIAN_POINT('',(0.0761110577056635,-0.0653553490426382,0.004));
#6459=CARTESIAN_POINT('',(0.0761110577056635,-0.0653553490426382,0.003));
#6460=CARTESIAN_POINT('',(0.0761110577056635,-0.0653553490426382,0.004));
#6461=CARTESIAN_POINT('',(0.0895644498106575,-0.0568823005807681,0.004));
#6462=CARTESIAN_POINT('',(0.0895644498106575,-0.0568823005807681,0.003));
#6463=CARTESIAN_POINT('',(0.0895644498106575,-0.0568823005807681,0.004));
#6464=CARTESIAN_POINT('',(0.0776633107214113,-0.0613501506914365,0.004));
#6465=CARTESIAN_POINT('',(0.0776633107214113,-0.0613501506914365,0.003));
#6466=CARTESIAN_POINT('',(0.0776633107214113,-0.0613501506914365,0.004));
#6467=CARTESIAN_POINT('',(0.0895644498106575,-0.0568823005807681,0.004));
#6468=CARTESIAN_POINT('',(0.0895644498106575,-0.0568823005807681,0.003));
#6469=CARTESIAN_POINT('',(0.0895644498106575,-0.0568823005807681,0.004));
#6470=CARTESIAN_POINT('',(0.0895644498106575,-0.0528823005807681,0.004));
#6471=CARTESIAN_POINT('',(0.0895644498106575,-0.0528823005807681,0.003));
#6472=CARTESIAN_POINT('',(0.,0.,0.));
#6473=CARTESIAN_POINT('',(0.0405362838982121,-0.0116794538971105,0.004));
#6474=CARTESIAN_POINT('',(0.0405362838982121,-0.0116794538971105,0.003));
#6475=CARTESIAN_POINT('',(0.0375903487018353,-0.00996424365841454,0.003));
#6476=CARTESIAN_POINT('',(0.0434822190945887,-0.0133946641358064,0.003));
#6477=CARTESIAN_POINT('',(0.0434822190945887,-0.0133946641358064,0.004));
#6478=CARTESIAN_POINT('',(0.0434822190945887,-0.0133946641358064,0.004));
#6479=CARTESIAN_POINT('',(0.0405362838982121,-0.0116794538971105,0.004));
#6480=CARTESIAN_POINT('',(0.0375903487018353,-0.00996424365841454,0.004));
#6481=CARTESIAN_POINT('',(0.0375903487018353,-0.00996424365841454,0.004));
#6482=CARTESIAN_POINT('',(0.0292927298106574,0.00032473941923203,0.004));
#6483=CARTESIAN_POINT('',(0.0292927298106574,0.00032473941923203,0.003));
#6484=CARTESIAN_POINT('',(0.0482840470283039,-0.00505052898183669,0.003));
#6485=CARTESIAN_POINT('',(0.0482840470283039,-0.00505052898183669,0.004));
#6486=CARTESIAN_POINT('',(0.0482840470283039,-0.00505052898183669,0.004));
#6487=CARTESIAN_POINT('',(0.0292927298106574,0.00032473941923203,0.004));
#6488=CARTESIAN_POINT('',(0.0453264298995953,-0.00332851717806628,0.004));
#6489=CARTESIAN_POINT('',(0.0453264298995953,-0.00332851717806628,0.003));
#6490=CARTESIAN_POINT('',(0.0423688127708868,-0.00160650537429586,0.003));
#6491=CARTESIAN_POINT('',(0.0423688127708868,-0.00160650537429586,0.004));
#6492=CARTESIAN_POINT('',(0.0423688127708868,-0.00160650537429586,0.004));
#6493=CARTESIAN_POINT('',(0.0453264298995953,-0.00332851717806628,0.004));
#6494=CARTESIAN_POINT('',(0.0292927298106575,0.000324739419231958,0.004));
#6495=CARTESIAN_POINT('',(0.0292927298106575,0.000324739419231958,0.003));
#6496=CARTESIAN_POINT('',(0.0341628676590404,0.0126127583552963,0.003));
#6497=CARTESIAN_POINT('',(0.0341628676590404,0.0126127583552963,0.004));
#6498=CARTESIAN_POINT('',(0.0341628676590404,0.0126127583552963,0.004));
#6499=CARTESIAN_POINT('',(0.0292927298106575,0.000324739419231958,0.004));
#6500=CARTESIAN_POINT('',(0.0341628676590404,0.0160322916066562,0.004));
#6501=CARTESIAN_POINT('',(0.0341628676590404,0.0160322916066562,0.003));
#6502=CARTESIAN_POINT('',(0.0341628676590404,0.0194518248580161,0.003));
#6503=CARTESIAN_POINT('',(0.0341628676590404,0.0194518248580161,0.004));
#6504=CARTESIAN_POINT('',(0.0341628676590404,0.0194518248580161,0.004));
#6505=CARTESIAN_POINT('',(0.0341628676590404,0.0160322916066562,0.004));
#6506=CARTESIAN_POINT('',(0.0292927298106575,0.000324739419231947,0.004));
#6507=CARTESIAN_POINT('',(0.0292927298106575,0.000324739419231947,0.003));
#6508=CARTESIAN_POINT('',(0.0245766598834075,0.019490394234189,0.003));
#6509=CARTESIAN_POINT('',(0.0245766598834075,0.019490394234189,0.004));
#6510=CARTESIAN_POINT('',(0.0245766598834075,0.019490394234189,0.004));
#6511=CARTESIAN_POINT('',(0.0292927298106575,0.000324739419231947,0.004));
#6512=CARTESIAN_POINT('',(0.0245766598834075,0.0160815512872638,0.004));
#6513=CARTESIAN_POINT('',(0.0245766598834075,0.0160815512872638,0.003));
#6514=CARTESIAN_POINT('',(0.0245766598834075,0.0126727083403386,0.003));
#6515=CARTESIAN_POINT('',(0.0245766598834075,0.0126727083403386,0.004));
#6516=CARTESIAN_POINT('',(0.0245766598834075,0.0126727083403386,0.004));
#6517=CARTESIAN_POINT('',(0.0245766598834075,0.0160815512872638,0.004));
#6518=CARTESIAN_POINT('',(0.0292927298106575,0.000324739419231954,0.004));
#6519=CARTESIAN_POINT('',(0.0292927298106575,0.000324739419231954,0.003));
#6520=CARTESIAN_POINT('',(0.0162254561480186,-0.00166523823416804,0.003));
#6521=CARTESIAN_POINT('',(0.0162254561480186,-0.00166523823416804,0.004));
#6522=CARTESIAN_POINT('',(0.0162254561480186,-0.00166523823416804,0.004));
#6523=CARTESIAN_POINT('',(0.0292927298106575,0.000324739419231954,0.004));
#6524=CARTESIAN_POINT('',(0.0132805673067308,-0.00341769569173388,0.004));
#6525=CARTESIAN_POINT('',(0.0132805673067308,-0.00341769569173388,0.003));
#6526=CARTESIAN_POINT('',(0.0103356784654431,-0.00517015314929972,0.003));
#6527=CARTESIAN_POINT('',(0.0103356784654431,-0.00517015314929972,0.004));
#6528=CARTESIAN_POINT('',(0.0103356784654431,-0.00517015314929972,0.004));
#6529=CARTESIAN_POINT('',(0.0132805673067308,-0.00341769569173388,0.004));
#6530=CARTESIAN_POINT('',(0.0292927298106575,0.000324739419231976,0.004));
#6531=CARTESIAN_POINT('',(0.0292927298106575,0.000324739419231976,0.003));
#6532=CARTESIAN_POINT('',(0.0151739555262772,-0.0134674269353159,0.003));
#6533=CARTESIAN_POINT('',(0.0151739555262772,-0.0134674269353159,0.004));
#6534=CARTESIAN_POINT('',(0.0151739555262772,-0.0134674269353159,0.004));
#6535=CARTESIAN_POINT('',(0.0292927298106575,0.000324739419231976,0.004));
#6536=CARTESIAN_POINT('',(0.0181448125608718,-0.011763870557984,0.004));
#6537=CARTESIAN_POINT('',(0.0181448125608718,-0.011763870557984,0.003));
#6538=CARTESIAN_POINT('',(0.0211156695954662,-0.0100603141806521,0.003));
#6539=CARTESIAN_POINT('',(0.0211156695954662,-0.0100603141806521,0.004));
#6540=CARTESIAN_POINT('',(0.0211156695954662,-0.0100603141806521,0.004));
#6541=CARTESIAN_POINT('',(0.0181448125608718,-0.011763870557984,0.004));
#6542=CARTESIAN_POINT('',(0.0292927298106575,0.000324739419231959,0.004));
#6543=CARTESIAN_POINT('',(0.0292927298106575,0.000324739419231959,0.003));
#6544=CARTESIAN_POINT('',(0.0292927298106575,0.000324739419231959,0.004));
#6545=CARTESIAN_POINT('',(0.0292927298106575,0.000324739419231956,0.004));
#6546=CARTESIAN_POINT('',(0.0292927298106575,0.000324739419231956,0.004));
#6547=CARTESIAN_POINT('',(0.0318139200367473,0.000324739419231956,0.004));
#6548=CARTESIAN_POINT('',(0.0292927298106575,0.000324739419231956,0.003));
#6549=CARTESIAN_POINT('',(0.0318139200367473,0.000324739419231956,0.003));
#6550=CARTESIAN_POINT('',(0.0292927298106575,0.00432473941923194,0.004));
#6551=CARTESIAN_POINT('',(0.0292927298106575,0.00432473941923194,0.003));
#6552=CARTESIAN_POINT('',(0.,0.,0.));
#6553=CARTESIAN_POINT('',(-0.0419663965621115,-0.0337187199627524,0.003));
#6554=CARTESIAN_POINT('',(-0.0419663965621115,-0.0337187199627524,0.));
#6555=CARTESIAN_POINT('',(-0.0396092615252535,-0.0386880171382105,0.));
#6556=CARTESIAN_POINT('',(-0.036472693375727,-0.0339818269750281,0.));
#6557=CARTESIAN_POINT('',(-0.0396092615252535,-0.0386880171382105,0.003));
#6558=CARTESIAN_POINT('',(-0.0396092615252535,-0.0386880171382105,0.003));
#6559=CARTESIAN_POINT('',(-0.0419663965621115,-0.0337187199627524,0.003));
#6560=CARTESIAN_POINT('',(-0.036472693375727,-0.0339818269750281,0.003));
#6561=CARTESIAN_POINT('',(-0.036472693375727,-0.0339818269750281,0.003));
#6562=CARTESIAN_POINT('',(-0.0309789901893425,-0.0568823005807681,0.003));
#6563=CARTESIAN_POINT('',(-0.0309789901893425,-0.0568823005807681,0.));
#6564=CARTESIAN_POINT('',(-0.0223487188534316,-0.0386880171382105,0.));
#6565=CARTESIAN_POINT('',(-0.0223487188534316,-0.0386880171382105,0.003));
#6566=CARTESIAN_POINT('',(-0.0223487188534316,-0.0386880171382105,0.003));
#6567=CARTESIAN_POINT('',(-0.0309789901893425,-0.0568823005807681,0.003));
#6568=CARTESIAN_POINT('',(-0.0199915838165735,-0.0337187199627524,0.003));
#6569=CARTESIAN_POINT('',(-0.0199915838165735,-0.0337187199627524,0.));
#6570=CARTESIAN_POINT('',(-0.025485287002958,-0.0339818269750281,0.));
#6571=CARTESIAN_POINT('',(-0.025485287002958,-0.0339818269750281,0.003));
#6572=CARTESIAN_POINT('',(-0.025485287002958,-0.0339818269750281,0.003));
#6573=CARTESIAN_POINT('',(-0.0199915838165735,-0.0337187199627524,0.003));
#6574=CARTESIAN_POINT('',(-0.0309789901893427,-0.0342449339873038,0.003));
#6575=CARTESIAN_POINT('',(-0.0309789901893427,-0.0342449339873038,0.));
#6576=CARTESIAN_POINT('',(-0.0309789901893427,-0.0342449339873038,0.003));
#6577=CARTESIAN_POINT('',(-0.0309789901893425,-0.0342449339873038,0.003));
#6578=CARTESIAN_POINT('',(-0.0309789901893425,-0.0342449339873038,0.003));
#6579=CARTESIAN_POINT('',(-0.0284789901893425,-0.0342449339873038,0.003));
#6580=CARTESIAN_POINT('',(-0.0309789901893425,-0.0342449339873038,0.));
#6581=CARTESIAN_POINT('',(-0.0284789901893425,-0.0342449339873038,0.));
#6582=CARTESIAN_POINT('',(0.,0.,0.003));
#6583=CARTESIAN_POINT('',(0.,0.,0.));
#6584=CARTESIAN_POINT('',(0.,0.,0.));
#6585=CARTESIAN_POINT('',(0.0402801361834266,0.0234883200372476,0.003));
#6586=CARTESIAN_POINT('',(0.0402801361834266,0.0234883200372476,0.));
#6587=CARTESIAN_POINT('',(0.034786432997042,0.023225213024972,0.));
#6588=CARTESIAN_POINT('',(0.0379230011465684,0.0185190228617895,0.));
#6589=CARTESIAN_POINT('',(0.034786432997042,0.023225213024972,0.003));
#6590=CARTESIAN_POINT('',(0.034786432997042,0.023225213024972,0.003));
#6591=CARTESIAN_POINT('',(0.0402801361834266,0.0234883200372476,0.003));
#6592=CARTESIAN_POINT('',(0.0379230011465684,0.0185190228617895,0.003));
#6593=CARTESIAN_POINT('',(0.0379230011465684,0.0185190228617895,0.003));
#6594=CARTESIAN_POINT('',(0.0292927298106574,0.0229621060126962,0.003));
#6595=CARTESIAN_POINT('',(0.0292927298106574,0.0229621060126962,0.));
#6596=CARTESIAN_POINT('',(0.023799026624273,0.023225213024972,0.));
#6597=CARTESIAN_POINT('',(0.023799026624273,0.023225213024972,0.003));
#6598=CARTESIAN_POINT('',(0.023799026624273,0.023225213024972,0.003));
#6599=CARTESIAN_POINT('',(0.0292927298106574,0.0229621060126962,0.003));
#6600=CARTESIAN_POINT('',(0.0183053234378885,0.0234883200372476,0.003));
#6601=CARTESIAN_POINT('',(0.0183053234378885,0.0234883200372476,0.));
#6602=CARTESIAN_POINT('',(0.0206624584747465,0.0185190228617895,0.));
#6603=CARTESIAN_POINT('',(0.0206624584747465,0.0185190228617895,0.003));
#6604=CARTESIAN_POINT('',(0.0206624584747465,0.0185190228617895,0.003));
#6605=CARTESIAN_POINT('',(0.0183053234378885,0.0234883200372476,0.003));
#6606=CARTESIAN_POINT('',(0.0292927298106575,0.0229621060126962,0.003));
#6607=CARTESIAN_POINT('',(0.0292927298106575,0.0229621060126962,0.003));
#6608=CARTESIAN_POINT('',(0.0317927298106575,0.0229621060126962,0.003));
#6609=CARTESIAN_POINT('',(0.0292927298106575,0.0229621060126962,0.));
#6610=CARTESIAN_POINT('',(0.0317927298106575,0.0229621060126962,0.));
#6611=CARTESIAN_POINT('',(0.0292927298106575,0.000324739419231956,0.003));
#6612=CARTESIAN_POINT('',(0.0292927298106575,0.000324739419231956,0.));
#6613=CARTESIAN_POINT('',(0.0292927298106575,0.000324739419231956,0.003));
#6614=CARTESIAN_POINT('',(0.,0.,0.003));
#6615=CARTESIAN_POINT('',(0.,0.,0.));
#6616=CARTESIAN_POINT('',(0.,0.,0.));
#6617=CARTESIAN_POINT('',(-0.0912507101893425,0.0561729194192319,0.003));
#6618=CARTESIAN_POINT('',(-0.0912507101893425,0.0561729194192319,0.));
#6619=CARTESIAN_POINT('',(-0.0998809815252534,0.0743672028617895,0.));
#6620=CARTESIAN_POINT('',(-0.0826204388534315,0.0743672028617895,0.));
#6621=CARTESIAN_POINT('',(-0.0826204388534315,0.0743672028617895,0.003));
#6622=CARTESIAN_POINT('',(-0.0826204388534315,0.0743672028617895,0.003));
#6623=CARTESIAN_POINT('',(-0.0912507101893425,0.0561729194192319,0.003));
#6624=CARTESIAN_POINT('',(-0.0998809815252534,0.0743672028617895,0.003));
#6625=CARTESIAN_POINT('',(-0.0998809815252534,0.0743672028617895,0.003));
#6626=CARTESIAN_POINT('',(-0.0802633038165735,0.0793365000372476,0.003));
#6627=CARTESIAN_POINT('',(-0.0802633038165735,0.0793365000372476,0.));
#6628=CARTESIAN_POINT('',(-0.085757007002958,0.0790733930249719,0.));
#6629=CARTESIAN_POINT('',(-0.085757007002958,0.0790733930249719,0.003));
#6630=CARTESIAN_POINT('',(-0.085757007002958,0.0790733930249719,0.003));
#6631=CARTESIAN_POINT('',(-0.0802633038165735,0.0793365000372476,0.003));
#6632=CARTESIAN_POINT('',(-0.0912507101893423,0.0788102860126962,0.003));
#6633=CARTESIAN_POINT('',(-0.0912507101893423,0.0788102860126962,0.));
#6634=CARTESIAN_POINT('',(-0.096744413375727,0.0790733930249719,0.));
#6635=CARTESIAN_POINT('',(-0.096744413375727,0.0790733930249719,0.003));
#6636=CARTESIAN_POINT('',(-0.096744413375727,0.0790733930249719,0.003));
#6637=CARTESIAN_POINT('',(-0.0912507101893423,0.0788102860126962,0.003));
#6638=CARTESIAN_POINT('',(-0.102238116562111,0.0793365000372476,0.003));
#6639=CARTESIAN_POINT('',(-0.102238116562111,0.0793365000372476,0.));
#6640=CARTESIAN_POINT('',(-0.102238116562111,0.0793365000372476,0.003));
#6641=CARTESIAN_POINT('',(-0.0912507101893425,0.0788102860126962,0.003));
#6642=CARTESIAN_POINT('',(-0.0912507101893425,0.0788102860126962,0.003));
#6643=CARTESIAN_POINT('',(-0.0887507101893425,0.0788102860126962,0.003));
#6644=CARTESIAN_POINT('',(-0.0912507101893425,0.0788102860126962,0.));
#6645=CARTESIAN_POINT('',(-0.0887507101893425,0.0788102860126962,0.));
#6646=CARTESIAN_POINT('',(0.,0.,0.003));
#6647=CARTESIAN_POINT('',(0.,0.,0.));
#6648=CARTESIAN_POINT('',(0.,0.,0.));
#6649=CARTESIAN_POINT('',(0.0785770434378885,-0.0337187199627524,0.003));
#6650=CARTESIAN_POINT('',(0.0785770434378885,-0.0337187199627524,0.));
#6651=CARTESIAN_POINT('',(0.0809341784747465,-0.0386880171382105,0.));
#6652=CARTESIAN_POINT('',(0.084070746624273,-0.0339818269750281,0.));
#6653=CARTESIAN_POINT('',(0.0809341784747465,-0.0386880171382105,0.003));
#6654=CARTESIAN_POINT('',(0.0809341784747465,-0.0386880171382105,0.003));
#6655=CARTESIAN_POINT('',(0.0785770434378885,-0.0337187199627524,0.003));
#6656=CARTESIAN_POINT('',(0.084070746624273,-0.0339818269750281,0.003));
#6657=CARTESIAN_POINT('',(0.084070746624273,-0.0339818269750281,0.003));
#6658=CARTESIAN_POINT('',(0.0895644498106575,-0.0568823005807681,0.003));
#6659=CARTESIAN_POINT('',(0.0895644498106575,-0.0568823005807681,0.));
#6660=CARTESIAN_POINT('',(0.0981947211465684,-0.0386880171382105,0.));
#6661=CARTESIAN_POINT('',(0.0981947211465684,-0.0386880171382105,0.003));
#6662=CARTESIAN_POINT('',(0.0981947211465684,-0.0386880171382105,0.003));
#6663=CARTESIAN_POINT('',(0.0895644498106575,-0.0568823005807681,0.003));
#6664=CARTESIAN_POINT('',(0.100551856183426,-0.0337187199627524,0.003));
#6665=CARTESIAN_POINT('',(0.100551856183426,-0.0337187199627524,0.));
#6666=CARTESIAN_POINT('',(0.095058152997042,-0.0339818269750281,0.));
#6667=CARTESIAN_POINT('',(0.095058152997042,-0.0339818269750281,0.003));
#6668=CARTESIAN_POINT('',(0.095058152997042,-0.0339818269750281,0.003));
#6669=CARTESIAN_POINT('',(0.100551856183426,-0.0337187199627524,0.003));
#6670=CARTESIAN_POINT('',(0.0895644498106574,-0.0342449339873038,0.003));
#6671=CARTESIAN_POINT('',(0.0895644498106574,-0.0342449339873038,0.));
#6672=CARTESIAN_POINT('',(0.0895644498106574,-0.0342449339873038,0.003));
#6673=CARTESIAN_POINT('',(0.0895644498106575,-0.0342449339873038,0.003));
#6674=CARTESIAN_POINT('',(0.0895644498106575,-0.0342449339873038,0.003));
#6675=CARTESIAN_POINT('',(0.0920644498106575,-0.0342449339873038,0.003));
#6676=CARTESIAN_POINT('',(0.0895644498106575,-0.0342449339873038,0.));
#6677=CARTESIAN_POINT('',(0.0920644498106575,-0.0342449339873038,0.));
#6678=CARTESIAN_POINT('',(0.,0.,0.003));
#6679=CARTESIAN_POINT('',(0.,0.,0.));
#6680=CARTESIAN_POINT('',(0.,0.,0.));
#6681=CARTESIAN_POINT('',(0.0785770434378885,0.0793365000372476,0.003));
#6682=CARTESIAN_POINT('',(0.0785770434378885,0.0793365000372476,0.));
#6683=CARTESIAN_POINT('',(0.0809341784747465,0.0743672028617895,0.));
#6684=CARTESIAN_POINT('',(0.084070746624273,0.0790733930249719,0.));
#6685=CARTESIAN_POINT('',(0.0809341784747465,0.0743672028617895,0.003));
#6686=CARTESIAN_POINT('',(0.0809341784747465,0.0743672028617895,0.003));
#6687=CARTESIAN_POINT('',(0.0785770434378885,0.0793365000372476,0.003));
#6688=CARTESIAN_POINT('',(0.084070746624273,0.0790733930249719,0.003));
#6689=CARTESIAN_POINT('',(0.084070746624273,0.0790733930249719,0.003));
#6690=CARTESIAN_POINT('',(0.0895644498106575,0.0561729194192319,0.003));
#6691=CARTESIAN_POINT('',(0.0895644498106575,0.0561729194192319,0.));
#6692=CARTESIAN_POINT('',(0.0981947211465684,0.0743672028617895,0.));
#6693=CARTESIAN_POINT('',(0.0981947211465684,0.0743672028617895,0.003));
#6694=CARTESIAN_POINT('',(0.0981947211465684,0.0743672028617895,0.003));
#6695=CARTESIAN_POINT('',(0.0895644498106575,0.0561729194192319,0.003));
#6696=CARTESIAN_POINT('',(0.100551856183426,0.0793365000372476,0.003));
#6697=CARTESIAN_POINT('',(0.100551856183426,0.0793365000372476,0.));
#6698=CARTESIAN_POINT('',(0.095058152997042,0.0790733930249719,0.));
#6699=CARTESIAN_POINT('',(0.095058152997042,0.0790733930249719,0.003));
#6700=CARTESIAN_POINT('',(0.095058152997042,0.0790733930249719,0.003));
#6701=CARTESIAN_POINT('',(0.100551856183426,0.0793365000372476,0.003));
#6702=CARTESIAN_POINT('',(0.0895644498106573,0.0788102860126962,0.003));
#6703=CARTESIAN_POINT('',(0.0895644498106573,0.0788102860126962,0.));
#6704=CARTESIAN_POINT('',(0.0895644498106573,0.0788102860126962,0.003));
#6705=CARTESIAN_POINT('',(0.0895644498106575,0.0788102860126962,0.003));
#6706=CARTESIAN_POINT('',(0.0895644498106575,0.0788102860126962,0.003));
#6707=CARTESIAN_POINT('',(0.0920644498106575,0.0788102860126962,0.003));
#6708=CARTESIAN_POINT('',(0.0895644498106575,0.0788102860126962,0.));
#6709=CARTESIAN_POINT('',(0.0920644498106575,0.0788102860126962,0.));
#6710=CARTESIAN_POINT('',(0.,0.,0.003));
#6711=CARTESIAN_POINT('',(0.,0.,0.));
#6712=CARTESIAN_POINT('',(0.,0.,0.));
#6713=CARTESIAN_POINT('',(0.0895644498106575,-0.0568823005807681,0.004));
#6714=CARTESIAN_POINT('',(0.0895644498106575,-0.0568823005807681,0.004));
#6715=CARTESIAN_POINT('',(0.108559788305038,-0.0568823005807681,0.004));
#6716=CARTESIAN_POINT('',(0.0895644498106575,-0.0568823005807681,0.003));
#6717=CARTESIAN_POINT('',(0.108559788305038,-0.0568823005807681,0.003));
#6718=CARTESIAN_POINT('',(0.0895644498106575,-0.0568823005807681,0.004));
#6719=CARTESIAN_POINT('',(0.0895644498106575,-0.0568823005807681,0.004));
#6720=CARTESIAN_POINT('',(0.109701816404122,-0.0568823005807681,0.004));
#6721=CARTESIAN_POINT('',(0.0895644498106575,-0.0568823005807681,0.003));
#6722=CARTESIAN_POINT('',(0.109701816404122,-0.0568823005807681,0.003));
#6723=CARTESIAN_POINT('',(0.0895644498106575,-0.0528823005807681,0.004));
#6724=CARTESIAN_POINT('',(0.0895644498106575,-0.0528823005807681,0.003));
#6725=CARTESIAN_POINT('',(0.,0.,0.));
#6726=CARTESIAN_POINT('',(-0.0912507101893425,0.0561729194192319,0.004));
#6727=CARTESIAN_POINT('',(-0.0912507101893425,0.0561729194192319,0.004));
#6728=CARTESIAN_POINT('',(-0.0721133435958782,0.0561729194192319,0.004));
#6729=CARTESIAN_POINT('',(-0.0912507101893425,0.0561729194192319,0.003));
#6730=CARTESIAN_POINT('',(-0.0721133435958782,0.0561729194192319,0.003));
#6731=CARTESIAN_POINT('',(-0.0912507101893425,0.0561729194192319,0.004));
#6732=CARTESIAN_POINT('',(-0.0912507101893425,0.0561729194192319,0.004));
#6733=CARTESIAN_POINT('',(-0.0711133435958782,0.0561729194192319,0.004));
#6734=CARTESIAN_POINT('',(-0.0912507101893425,0.0561729194192319,0.003));
#6735=CARTESIAN_POINT('',(-0.0711133435958782,0.0561729194192319,0.003));
#6736=CARTESIAN_POINT('',(-0.0126939550335437,-0.00618580145407387,0.004));
#6737=CARTESIAN_POINT('',(-0.0126939550335437,-0.00618580145407387,0.003));
#6738=MECHANICAL_DESIGN_GEOMETRIC_PRESENTATION_REPRESENTATION('',(#3576),
#6751);
#6739=MECHANICAL_DESIGN_GEOMETRIC_PRESENTATION_REPRESENTATION('',(#3577),
#6752);
#6740=MECHANICAL_DESIGN_GEOMETRIC_PRESENTATION_REPRESENTATION('',(#3578),
#6753);
#6741=MECHANICAL_DESIGN_GEOMETRIC_PRESENTATION_REPRESENTATION('',(#3579),
#6754);
#6742=MECHANICAL_DESIGN_GEOMETRIC_PRESENTATION_REPRESENTATION('',(#3580),
#6755);
#6743=MECHANICAL_DESIGN_GEOMETRIC_PRESENTATION_REPRESENTATION('',(#3581),
#6756);
#6744=MECHANICAL_DESIGN_GEOMETRIC_PRESENTATION_REPRESENTATION('',(#3582),
#6757);
#6745=MECHANICAL_DESIGN_GEOMETRIC_PRESENTATION_REPRESENTATION('',(#3583),
#6758);
#6746=MECHANICAL_DESIGN_GEOMETRIC_PRESENTATION_REPRESENTATION('',(#3584),
#6759);
#6747=MECHANICAL_DESIGN_GEOMETRIC_PRESENTATION_REPRESENTATION('',(#3585),
#6760);
#6748=MECHANICAL_DESIGN_GEOMETRIC_PRESENTATION_REPRESENTATION('',(#3586),
#6761);
#6749=MECHANICAL_DESIGN_GEOMETRIC_PRESENTATION_REPRESENTATION('',(#3587),
#6762);
#6750=MECHANICAL_DESIGN_GEOMETRIC_PRESENTATION_REPRESENTATION('',(#3588),
#6763);
#6751=(
GEOMETRIC_REPRESENTATION_CONTEXT(3)
GLOBAL_UNCERTAINTY_ASSIGNED_CONTEXT((#6764))
GLOBAL_UNIT_ASSIGNED_CONTEXT((#6803,#6790,#6777))
REPRESENTATION_CONTEXT('Part 8','TOP_LEVEL_ASSEMBLY_PART')
);
#6752=(
GEOMETRIC_REPRESENTATION_CONTEXT(3)
GLOBAL_UNCERTAINTY_ASSIGNED_CONTEXT((#6765))
GLOBAL_UNIT_ASSIGNED_CONTEXT((#6804,#6791,#6778))
REPRESENTATION_CONTEXT('Part 13','TOP_LEVEL_ASSEMBLY_PART')
);
#6753=(
GEOMETRIC_REPRESENTATION_CONTEXT(3)
GLOBAL_UNCERTAINTY_ASSIGNED_CONTEXT((#6766))
GLOBAL_UNIT_ASSIGNED_CONTEXT((#6805,#6792,#6779))
REPRESENTATION_CONTEXT('Part 7','TOP_LEVEL_ASSEMBLY_PART')
);
#6754=(
GEOMETRIC_REPRESENTATION_CONTEXT(3)
GLOBAL_UNCERTAINTY_ASSIGNED_CONTEXT((#6767))
GLOBAL_UNIT_ASSIGNED_CONTEXT((#6806,#6793,#6780))
REPRESENTATION_CONTEXT('Part 9','TOP_LEVEL_ASSEMBLY_PART')
);
#6755=(
GEOMETRIC_REPRESENTATION_CONTEXT(3)
GLOBAL_UNCERTAINTY_ASSIGNED_CONTEXT((#6768))
GLOBAL_UNIT_ASSIGNED_CONTEXT((#6807,#6794,#6781))
REPRESENTATION_CONTEXT('Part 11','TOP_LEVEL_ASSEMBLY_PART')
);
#6756=(
GEOMETRIC_REPRESENTATION_CONTEXT(3)
GLOBAL_UNCERTAINTY_ASSIGNED_CONTEXT((#6769))
GLOBAL_UNIT_ASSIGNED_CONTEXT((#6808,#6795,#6782))
REPRESENTATION_CONTEXT('Part 12','TOP_LEVEL_ASSEMBLY_PART')
);
#6757=(
GEOMETRIC_REPRESENTATION_CONTEXT(3)
GLOBAL_UNCERTAINTY_ASSIGNED_CONTEXT((#6770))
GLOBAL_UNIT_ASSIGNED_CONTEXT((#6809,#6796,#6783))
REPRESENTATION_CONTEXT('Part 4','TOP_LEVEL_ASSEMBLY_PART')
);
#6758=(
GEOMETRIC_REPRESENTATION_CONTEXT(3)
GLOBAL_UNCERTAINTY_ASSIGNED_CONTEXT((#6771))
GLOBAL_UNIT_ASSIGNED_CONTEXT((#6810,#6797,#6784))
REPRESENTATION_CONTEXT('Part 3','TOP_LEVEL_ASSEMBLY_PART')
);
#6759=(
GEOMETRIC_REPRESENTATION_CONTEXT(3)
GLOBAL_UNCERTAINTY_ASSIGNED_CONTEXT((#6772))
GLOBAL_UNIT_ASSIGNED_CONTEXT((#6811,#6798,#6785))
REPRESENTATION_CONTEXT('Part 1','TOP_LEVEL_ASSEMBLY_PART')
);
#6760=(
GEOMETRIC_REPRESENTATION_CONTEXT(3)
GLOBAL_UNCERTAINTY_ASSIGNED_CONTEXT((#6773))
GLOBAL_UNIT_ASSIGNED_CONTEXT((#6812,#6799,#6786))
REPRESENTATION_CONTEXT('Part 5','TOP_LEVEL_ASSEMBLY_PART')
);
#6761=(
GEOMETRIC_REPRESENTATION_CONTEXT(3)
GLOBAL_UNCERTAINTY_ASSIGNED_CONTEXT((#6774))
GLOBAL_UNIT_ASSIGNED_CONTEXT((#6813,#6800,#6787))
REPRESENTATION_CONTEXT('Part 2','TOP_LEVEL_ASSEMBLY_PART')
);
#6762=(
GEOMETRIC_REPRESENTATION_CONTEXT(3)
GLOBAL_UNCERTAINTY_ASSIGNED_CONTEXT((#6775))
GLOBAL_UNIT_ASSIGNED_CONTEXT((#6814,#6801,#6788))
REPRESENTATION_CONTEXT('Part 10','TOP_LEVEL_ASSEMBLY_PART')
);
#6763=(
GEOMETRIC_REPRESENTATION_CONTEXT(3)
GLOBAL_UNCERTAINTY_ASSIGNED_CONTEXT((#6776))
GLOBAL_UNIT_ASSIGNED_CONTEXT((#6815,#6802,#6789))
REPRESENTATION_CONTEXT('Part 6','TOP_LEVEL_ASSEMBLY_PART')
);
#6764=UNCERTAINTY_MEASURE_WITH_UNIT(LENGTH_MEASURE(1.E-8),#6803,
'DISTANCE_ACCURACY_VALUE','Maximum Tolerance applied to model');
#6765=UNCERTAINTY_MEASURE_WITH_UNIT(LENGTH_MEASURE(2.E-5),#6804,
'DISTANCE_ACCURACY_VALUE','Maximum Tolerance applied to model');
#6766=UNCERTAINTY_MEASURE_WITH_UNIT(LENGTH_MEASURE(2.E-5),#6805,
'DISTANCE_ACCURACY_VALUE','Maximum Tolerance applied to model');
#6767=UNCERTAINTY_MEASURE_WITH_UNIT(LENGTH_MEASURE(1.E-8),#6806,
'DISTANCE_ACCURACY_VALUE','Maximum Tolerance applied to model');
#6768=UNCERTAINTY_MEASURE_WITH_UNIT(LENGTH_MEASURE(1.E-8),#6807,
'DISTANCE_ACCURACY_VALUE','Maximum Tolerance applied to model');
#6769=UNCERTAINTY_MEASURE_WITH_UNIT(LENGTH_MEASURE(1.E-8),#6808,
'DISTANCE_ACCURACY_VALUE','Maximum Tolerance applied to model');
#6770=UNCERTAINTY_MEASURE_WITH_UNIT(LENGTH_MEASURE(1.E-8),#6809,
'DISTANCE_ACCURACY_VALUE','Maximum Tolerance applied to model');
#6771=UNCERTAINTY_MEASURE_WITH_UNIT(LENGTH_MEASURE(1.E-8),#6810,
'DISTANCE_ACCURACY_VALUE','Maximum Tolerance applied to model');
#6772=UNCERTAINTY_MEASURE_WITH_UNIT(LENGTH_MEASURE(1.E-8),#6811,
'DISTANCE_ACCURACY_VALUE','Maximum Tolerance applied to model');
#6773=UNCERTAINTY_MEASURE_WITH_UNIT(LENGTH_MEASURE(1.E-8),#6812,
'DISTANCE_ACCURACY_VALUE','Maximum Tolerance applied to model');
#6774=UNCERTAINTY_MEASURE_WITH_UNIT(LENGTH_MEASURE(1.E-8),#6813,
'DISTANCE_ACCURACY_VALUE','Maximum Tolerance applied to model');
#6775=UNCERTAINTY_MEASURE_WITH_UNIT(LENGTH_MEASURE(1.E-8),#6814,
'DISTANCE_ACCURACY_VALUE','Maximum Tolerance applied to model');
#6776=UNCERTAINTY_MEASURE_WITH_UNIT(LENGTH_MEASURE(1.E-8),#6815,
'DISTANCE_ACCURACY_VALUE','Maximum Tolerance applied to model');
#6777=(
NAMED_UNIT(*)
SI_UNIT($,.STERADIAN.)
SOLID_ANGLE_UNIT()
);
#6778=(
NAMED_UNIT(*)
SI_UNIT($,.STERADIAN.)
SOLID_ANGLE_UNIT()
);
#6779=(
NAMED_UNIT(*)
SI_UNIT($,.STERADIAN.)
SOLID_ANGLE_UNIT()
);
#6780=(
NAMED_UNIT(*)
SI_UNIT($,.STERADIAN.)
SOLID_ANGLE_UNIT()
);
#6781=(
NAMED_UNIT(*)
SI_UNIT($,.STERADIAN.)
SOLID_ANGLE_UNIT()
);
#6782=(
NAMED_UNIT(*)
SI_UNIT($,.STERADIAN.)
SOLID_ANGLE_UNIT()
);
#6783=(
NAMED_UNIT(*)
SI_UNIT($,.STERADIAN.)
SOLID_ANGLE_UNIT()
);
#6784=(
NAMED_UNIT(*)
SI_UNIT($,.STERADIAN.)
SOLID_ANGLE_UNIT()
);
#6785=(
NAMED_UNIT(*)
SI_UNIT($,.STERADIAN.)
SOLID_ANGLE_UNIT()
);
#6786=(
NAMED_UNIT(*)
SI_UNIT($,.STERADIAN.)
SOLID_ANGLE_UNIT()
);
#6787=(
NAMED_UNIT(*)
SI_UNIT($,.STERADIAN.)
SOLID_ANGLE_UNIT()
);
#6788=(
NAMED_UNIT(*)
SI_UNIT($,.STERADIAN.)
SOLID_ANGLE_UNIT()
);
#6789=(
NAMED_UNIT(*)
SI_UNIT($,.STERADIAN.)
SOLID_ANGLE_UNIT()
);
#6790=(
NAMED_UNIT(*)
PLANE_ANGLE_UNIT()
SI_UNIT($,.RADIAN.)
);
#6791=(
NAMED_UNIT(*)
PLANE_ANGLE_UNIT()
SI_UNIT($,.RADIAN.)
);
#6792=(
NAMED_UNIT(*)
PLANE_ANGLE_UNIT()
SI_UNIT($,.RADIAN.)
);
#6793=(
NAMED_UNIT(*)
PLANE_ANGLE_UNIT()
SI_UNIT($,.RADIAN.)
);
#6794=(
NAMED_UNIT(*)
PLANE_ANGLE_UNIT()
SI_UNIT($,.RADIAN.)
);
#6795=(
NAMED_UNIT(*)
PLANE_ANGLE_UNIT()
SI_UNIT($,.RADIAN.)
);
#6796=(
NAMED_UNIT(*)
PLANE_ANGLE_UNIT()
SI_UNIT($,.RADIAN.)
);
#6797=(
NAMED_UNIT(*)
PLANE_ANGLE_UNIT()
SI_UNIT($,.RADIAN.)
);
#6798=(
NAMED_UNIT(*)
PLANE_ANGLE_UNIT()
SI_UNIT($,.RADIAN.)
);
#6799=(
NAMED_UNIT(*)
PLANE_ANGLE_UNIT()
SI_UNIT($,.RADIAN.)
);
#6800=(
NAMED_UNIT(*)
PLANE_ANGLE_UNIT()
SI_UNIT($,.RADIAN.)
);
#6801=(
NAMED_UNIT(*)
PLANE_ANGLE_UNIT()
SI_UNIT($,.RADIAN.)
);
#6802=(
NAMED_UNIT(*)
PLANE_ANGLE_UNIT()
SI_UNIT($,.RADIAN.)
);
#6803=(
LENGTH_UNIT()
NAMED_UNIT(*)
SI_UNIT($,.METRE.)
);
#6804=(
LENGTH_UNIT()
NAMED_UNIT(*)
SI_UNIT($,.METRE.)
);
#6805=(
LENGTH_UNIT()
NAMED_UNIT(*)
SI_UNIT($,.METRE.)
);
#6806=(
LENGTH_UNIT()
NAMED_UNIT(*)
SI_UNIT($,.METRE.)
);
#6807=(
LENGTH_UNIT()
NAMED_UNIT(*)
SI_UNIT($,.METRE.)
);
#6808=(
LENGTH_UNIT()
NAMED_UNIT(*)
SI_UNIT($,.METRE.)
);
#6809=(
LENGTH_UNIT()
NAMED_UNIT(*)
SI_UNIT($,.METRE.)
);
#6810=(
LENGTH_UNIT()
NAMED_UNIT(*)
SI_UNIT($,.METRE.)
);
#6811=(
LENGTH_UNIT()
NAMED_UNIT(*)
SI_UNIT($,.METRE.)
);
#6812=(
LENGTH_UNIT()
NAMED_UNIT(*)
SI_UNIT($,.METRE.)
);
#6813=(
LENGTH_UNIT()
NAMED_UNIT(*)
SI_UNIT($,.METRE.)
);
#6814=(
LENGTH_UNIT()
NAMED_UNIT(*)
SI_UNIT($,.METRE.)
);
#6815=(
LENGTH_UNIT()
NAMED_UNIT(*)
SI_UNIT($,.METRE.)
);
#6816=PRODUCT_DEFINITION_SHAPE('','',#6829);
#6817=PRODUCT_DEFINITION_SHAPE('','',#6830);
#6818=PRODUCT_DEFINITION_SHAPE('','',#6831);
#6819=PRODUCT_DEFINITION_SHAPE('','',#6832);
#6820=PRODUCT_DEFINITION_SHAPE('','',#6833);
#6821=PRODUCT_DEFINITION_SHAPE('','',#6834);
#6822=PRODUCT_DEFINITION_SHAPE('','',#6835);
#6823=PRODUCT_DEFINITION_SHAPE('','',#6836);
#6824=PRODUCT_DEFINITION_SHAPE('','',#6837);
#6825=PRODUCT_DEFINITION_SHAPE('','',#6838);
#6826=PRODUCT_DEFINITION_SHAPE('','',#6839);
#6827=PRODUCT_DEFINITION_SHAPE('','',#6840);
#6828=PRODUCT_DEFINITION_SHAPE('','',#6841);
#6829=PRODUCT_DEFINITION('','',#6855,#6842);
#6830=PRODUCT_DEFINITION('','',#6856,#6843);
#6831=PRODUCT_DEFINITION('','',#6857,#6844);
#6832=PRODUCT_DEFINITION('','',#6858,#6845);
#6833=PRODUCT_DEFINITION('','',#6859,#6846);
#6834=PRODUCT_DEFINITION('','',#6860,#6847);
#6835=PRODUCT_DEFINITION('','',#6861,#6848);
#6836=PRODUCT_DEFINITION('','',#6862,#6849);
#6837=PRODUCT_DEFINITION('','',#6863,#6850);
#6838=PRODUCT_DEFINITION('','',#6864,#6851);
#6839=PRODUCT_DEFINITION('','',#6865,#6852);
#6840=PRODUCT_DEFINITION('','',#6866,#6853);
#6841=PRODUCT_DEFINITION('','',#6867,#6854);
#6842=PRODUCT_DEFINITION_CONTEXT('',#6933,'design');
#6843=PRODUCT_DEFINITION_CONTEXT('',#6934,'design');
#6844=PRODUCT_DEFINITION_CONTEXT('',#6935,'design');
#6845=PRODUCT_DEFINITION_CONTEXT('',#6936,'design');
#6846=PRODUCT_DEFINITION_CONTEXT('',#6937,'design');
#6847=PRODUCT_DEFINITION_CONTEXT('',#6938,'design');
#6848=PRODUCT_DEFINITION_CONTEXT('',#6939,'design');
#6849=PRODUCT_DEFINITION_CONTEXT('',#6940,'design');
#6850=PRODUCT_DEFINITION_CONTEXT('',#6941,'design');
#6851=PRODUCT_DEFINITION_CONTEXT('',#6942,'design');
#6852=PRODUCT_DEFINITION_CONTEXT('',#6943,'design');
#6853=PRODUCT_DEFINITION_CONTEXT('',#6944,'design');
#6854=PRODUCT_DEFINITION_CONTEXT('',#6945,'design');
#6855=PRODUCT_DEFINITION_FORMATION_WITH_SPECIFIED_SOURCE('','',#6881,
 .NOT_KNOWN.);
#6856=PRODUCT_DEFINITION_FORMATION_WITH_SPECIFIED_SOURCE('','',#6882,
 .NOT_KNOWN.);
#6857=PRODUCT_DEFINITION_FORMATION_WITH_SPECIFIED_SOURCE('','',#6883,
 .NOT_KNOWN.);
#6858=PRODUCT_DEFINITION_FORMATION_WITH_SPECIFIED_SOURCE('','',#6884,
 .NOT_KNOWN.);
#6859=PRODUCT_DEFINITION_FORMATION_WITH_SPECIFIED_SOURCE('','',#6885,
 .NOT_KNOWN.);
#6860=PRODUCT_DEFINITION_FORMATION_WITH_SPECIFIED_SOURCE('','',#6886,
 .NOT_KNOWN.);
#6861=PRODUCT_DEFINITION_FORMATION_WITH_SPECIFIED_SOURCE('','',#6887,
 .NOT_KNOWN.);
#6862=PRODUCT_DEFINITION_FORMATION_WITH_SPECIFIED_SOURCE('','',#6888,
 .NOT_KNOWN.);
#6863=PRODUCT_DEFINITION_FORMATION_WITH_SPECIFIED_SOURCE('','',#6889,
 .NOT_KNOWN.);
#6864=PRODUCT_DEFINITION_FORMATION_WITH_SPECIFIED_SOURCE('','',#6890,
 .NOT_KNOWN.);
#6865=PRODUCT_DEFINITION_FORMATION_WITH_SPECIFIED_SOURCE('','',#6891,
 .NOT_KNOWN.);
#6866=PRODUCT_DEFINITION_FORMATION_WITH_SPECIFIED_SOURCE('','',#6892,
 .NOT_KNOWN.);
#6867=PRODUCT_DEFINITION_FORMATION_WITH_SPECIFIED_SOURCE('','',#6893,
 .NOT_KNOWN.);
#6868=PRODUCT_RELATED_PRODUCT_CATEGORY('','',(#6881));
#6869=PRODUCT_RELATED_PRODUCT_CATEGORY('','',(#6882));
#6870=PRODUCT_RELATED_PRODUCT_CATEGORY('','',(#6883));
#6871=PRODUCT_RELATED_PRODUCT_CATEGORY('','',(#6884));
#6872=PRODUCT_RELATED_PRODUCT_CATEGORY('','',(#6885));
#6873=PRODUCT_RELATED_PRODUCT_CATEGORY('','',(#6886));
#6874=PRODUCT_RELATED_PRODUCT_CATEGORY('','',(#6887));
#6875=PRODUCT_RELATED_PRODUCT_CATEGORY('','',(#6888));
#6876=PRODUCT_RELATED_PRODUCT_CATEGORY('','',(#6889));
#6877=PRODUCT_RELATED_PRODUCT_CATEGORY('','',(#6890));
#6878=PRODUCT_RELATED_PRODUCT_CATEGORY('','',(#6891));
#6879=PRODUCT_RELATED_PRODUCT_CATEGORY('','',(#6892));
#6880=PRODUCT_RELATED_PRODUCT_CATEGORY('','',(#6893));
#6881=PRODUCT('Part 8','Part 8','Part 8',(#6907));
#6882=PRODUCT('Part 13','Part 13','Part 13',(#6908));
#6883=PRODUCT('Part 7','Part 7','Part 7',(#6909));
#6884=PRODUCT('Part 9','Part 9','Part 9',(#6910));
#6885=PRODUCT('Part 11','Part 11','Part 11',(#6911));
#6886=PRODUCT('Part 12','Part 12','Part 12',(#6912));
#6887=PRODUCT('Part 4','Part 4','Part 4',(#6913));
#6888=PRODUCT('Part 3','Part 3','Part 3',(#6914));
#6889=PRODUCT('Part 1','Part 1','Part 1',(#6915));
#6890=PRODUCT('Part 5','Part 5','Part 5',(#6916));
#6891=PRODUCT('Part 2','Part 2','Part 2',(#6917));
#6892=PRODUCT('Part 10','Part 10','Part 10',(#6918));
#6893=PRODUCT('Part 6','Part 6','Part 6',(#6919));
#6894=PRODUCT_CATEGORY('','');
#6895=PRODUCT_CATEGORY('','');
#6896=PRODUCT_CATEGORY('','');
#6897=PRODUCT_CATEGORY('','');
#6898=PRODUCT_CATEGORY('','');
#6899=PRODUCT_CATEGORY('','');
#6900=PRODUCT_CATEGORY('','');
#6901=PRODUCT_CATEGORY('','');
#6902=PRODUCT_CATEGORY('','');
#6903=PRODUCT_CATEGORY('','');
#6904=PRODUCT_CATEGORY('','');
#6905=PRODUCT_CATEGORY('','');
#6906=PRODUCT_CATEGORY('','');
#6907=PRODUCT_CONTEXT('',#6933,'mechanical');
#6908=PRODUCT_CONTEXT('',#6934,'mechanical');
#6909=PRODUCT_CONTEXT('',#6935,'mechanical');
#6910=PRODUCT_CONTEXT('',#6936,'mechanical');
#6911=PRODUCT_CONTEXT('',#6937,'mechanical');
#6912=PRODUCT_CONTEXT('',#6938,'mechanical');
#6913=PRODUCT_CONTEXT('',#6939,'mechanical');
#6914=PRODUCT_CONTEXT('',#6940,'mechanical');
#6915=PRODUCT_CONTEXT('',#6941,'mechanical');
#6916=PRODUCT_CONTEXT('',#6942,'mechanical');
#6917=PRODUCT_CONTEXT('',#6943,'mechanical');
#6918=PRODUCT_CONTEXT('',#6944,'mechanical');
#6919=PRODUCT_CONTEXT('',#6945,'mechanical');
#6920=APPLICATION_PROTOCOL_DEFINITION('international standard',
'ap242_managed_model_based_3d_engineering',2020,#6933);
#6921=APPLICATION_PROTOCOL_DEFINITION('international standard',
'ap242_managed_model_based_3d_engineering',2020,#6934);
#6922=APPLICATION_PROTOCOL_DEFINITION('international standard',
'ap242_managed_model_based_3d_engineering',2020,#6935);
#6923=APPLICATION_PROTOCOL_DEFINITION('international standard',
'ap242_managed_model_based_3d_engineering',2020,#6936);
#6924=APPLICATION_PROTOCOL_DEFINITION('international standard',
'ap242_managed_model_based_3d_engineering',2020,#6937);
#6925=APPLICATION_PROTOCOL_DEFINITION('international standard',
'ap242_managed_model_based_3d_engineering',2020,#6938);
#6926=APPLICATION_PROTOCOL_DEFINITION('international standard',
'ap242_managed_model_based_3d_engineering',2020,#6939);
#6927=APPLICATION_PROTOCOL_DEFINITION('international standard',
'ap242_managed_model_based_3d_engineering',2020,#6940);
#6928=APPLICATION_PROTOCOL_DEFINITION('international standard',
'ap242_managed_model_based_3d_engineering',2020,#6941);
#6929=APPLICATION_PROTOCOL_DEFINITION('international standard',
'ap242_managed_model_based_3d_engineering',2020,#6942);
#6930=APPLICATION_PROTOCOL_DEFINITION('international standard',
'ap242_managed_model_based_3d_engineering',2020,#6943);
#6931=APPLICATION_PROTOCOL_DEFINITION('international standard',
'ap242_managed_model_based_3d_engineering',2020,#6944);
#6932=APPLICATION_PROTOCOL_DEFINITION('international standard',
'ap242_managed_model_based_3d_engineering',2020,#6945);
#6933=APPLICATION_CONTEXT('managed model based 3d engineering');
#6934=APPLICATION_CONTEXT('managed model based 3d engineering');
#6935=APPLICATION_CONTEXT('managed model based 3d engineering');
#6936=APPLICATION_CONTEXT('managed model based 3d engineering');
#6937=APPLICATION_CONTEXT('managed model based 3d engineering');
#6938=APPLICATION_CONTEXT('managed model based 3d engineering');
#6939=APPLICATION_CONTEXT('managed model based 3d engineering');
#6940=APPLICATION_CONTEXT('managed model based 3d engineering');
#6941=APPLICATION_CONTEXT('managed model based 3d engineering');
#6942=APPLICATION_CONTEXT('managed model based 3d engineering');
#6943=APPLICATION_CONTEXT('managed model based 3d engineering');
#6944=APPLICATION_CONTEXT('managed model based 3d engineering');
#6945=APPLICATION_CONTEXT('managed model based 3d engineering');
ENDSEC;
END-ISO-10303-21;
